a,b,pair,P_score,target,fold,V4_score,V4_direction,V4_support,A_match_score,A_match_direction,A_match_support,A_rbf_score,A_rbf_direction,A_rbf_support,P_strength,P_strength_state,P_overlap,P_overlap_state,local_double_deviation,local_double_deviation_state,V4_vs_A_match,V4_vs_A_rbf
APQ12,CPR6,APQ12|CPR6,2.0853515382388066,1.0,0,0.4537835315675734,0.4537835315675734,0.0,0.4537835315675734,0.4537835315675734,0.0,0.3245602872052142,0.3245602872052142,0.0,2.0853515382388066,0,0.0975609756097561,1,0.0080785599999999,0,unchanged,unchanged
APQ12,GPH1,APQ12|GPH1,4.814681115215506,1.0,0,0.7348011957147824,0.7348011957147824,0.0,0.7348011957147824,0.7348011957147824,0.0,0.346970876192957,0.346970876192957,0.0,4.814681115215506,1,0.031914893617021274,1,0.0179271999999999,0,unchanged,unchanged
APQ12,HAP4,APQ12|HAP4,3.2637649046773665,1.0,0,0.4663416902088049,0.4663416902088049,0.0,0.4663416902088049,0.4663416902088049,0.0,0.2987178253942655,0.2987178253942655,0.0,3.2637649046773665,0,0.1,1,0.0131098,0,unchanged,unchanged
APQ12,RPN4,APQ12|RPN4,1.5089725191074768,1.0,0,0.236793921974827,0.236793921974827,0.0,0.236793921974827,0.236793921974827,0.0,0.2226438406707466,0.2226438406707466,0.0,1.5089725191074768,0,0.03125,1,0.01459524,0,unchanged,unchanged
ARG80,GPH1,ARG80|GPH1,5.093439051559881,1.0,0,0.5120204428232837,0.5120204428232837,0.0,0.5120204428232837,0.5120204428232837,0.0,0.1467749274954011,0.1467749274954011,0.0,5.093439051559881,1,0.0,0,0.0100161999999999,0,unchanged,unchanged
ARG80,RTF1,ARG80|RTF1,-1.2536909352979224,0.0,0,-0.3899625567819606,-0.3899625567819606,0.0,-0.3899625567819606,-0.3899625567819606,0.0,-0.255407212446654,-0.255407212446654,0.0,1.2536909352979224,0,0.2,1,0.04288905,1,unchanged,unchanged
ARG80,YVH1,ARG80|YVH1,1.278749814806028,0.0,0,0.1062917421198156,0.1062917421198156,0.0,0.1062917421198156,0.1062917421198156,0.0,0.079532132688284,0.079532132688284,0.0,1.278749814806028,0,0.0,0,0.0528579,1,unchanged,unchanged
ARX1,GPH1,ARX1|GPH1,3.52259967869856,1.0,0,0.5279250935986401,0.5279250935986401,0.0,0.5279250935986401,0.5279250935986401,0.0,0.3090621643588437,0.3090621643588437,0.0,3.52259967869856,0,0.08376963350785341,1,0.0026217999999999,0,unchanged,unchanged
ARX1,INO4,ARX1|INO4,-1.8169605571948628,0.0,0,-0.2733215112721147,-0.2733215112721147,0.0,-0.2733215112721147,-0.2733215112721147,0.0,-0.2379972128272565,-0.2379972128272565,0.0,1.8169605571948628,0,0.0,0,0.00334771,0,unchanged,unchanged
ARX1,RPN13,ARX1|RPN13,-2.620696444795085,0.0,0,-0.1197611391043019,-0.1197611391043019,0.0,-0.1197611391043019,-0.1197611391043019,0.0,-0.0360366576752871,-0.0360366576752871,0.0,2.620696444795085,0,0.0,0,0.01124329,0,unchanged,unchanged
ARX1,SWI3,ARX1|SWI3,-4.046201464728286,0.0,0,-0.6832355340903984,-0.6832355340903984,0.0,-0.6832355340903984,-0.6832355340903984,0.0,-0.3247562067150099,-0.3247562067150099,0.0,4.046201464728286,1,0.0,0,0.0007928499999999,0,unchanged,unchanged
ASH1,GPH1,ASH1|GPH1,4.008255256859499,1.0,0,0.4126688261922152,0.4126688261922152,0.0,0.4126688261922152,0.4126688261922152,0.0,0.1452486981409613,0.1452486981409613,0.0,4.008255256859499,1,0.04639175257731959,1,0.040257,1,unchanged,unchanged
ASH1,SNF5,ASH1|SNF5,-2.0291564479579804,0.0,0,-0.6357545819474205,-0.6357545819474205,0.0,-0.6357545819474205,-0.6357545819474205,0.0,-0.3041697570903505,-0.3041697570903505,0.0,2.0291564479579804,0,0.0,0,0.03535225,1,unchanged,unchanged
ASH1,SWI3,ASH1|SWI3,-3.849244135859704,0.0,0,-0.8202117339534925,-0.8202117339534925,0.0,-0.8202117339534925,-0.8202117339534925,0.0,-0.3633385633361052,-0.3633385633361052,0.0,3.849244135859704,1,0.0,0,0.00209025,0,unchanged,unchanged
ASH1,SWI6,ASH1|SWI6,-2.852872392215801,0.0,0,-0.689981284898997,-0.689981284898997,0.0,-0.689981284898997,-0.689981284898997,0.0,-0.3065381366377037,-0.3065381366377037,0.0,2.852872392215801,0,0.0,0,0.1336485,1,unchanged,unchanged
ASK10,CPR6,ASK10|CPR6,0.7887532777622743,1.0,0,0.2873635829620051,0.2873635829620051,0.0,0.2873635829620051,0.2873635829620051,0.0,0.2085496271787577,0.2085496271787577,0.0,0.7887532777622743,0,0.09259259259259259,1,0.0485383999999998,1,unchanged,unchanged
ASK10,DCC1,ASK10|DCC1,-3.438061526857888,0.0,0,-0.2455547305738785,-0.2455547305738785,0.0,-0.2455547305738785,-0.2455547305738785,0.0,-0.0657252889178077,-0.0657252889178077,0.0,3.438061526857888,0,0.041666666666666664,1,0.032602,1,unchanged,unchanged
ASK10,MRE11,ASK10|MRE11,-4.40326585023592,0.0,0,-0.4610927798445795,-0.4610927798445795,0.0,-0.4610927798445795,-0.4610927798445795,0.0,-0.1778013374557893,-0.1778013374557893,0.0,4.40326585023592,1,0.0,0,0.0107969999999999,0,unchanged,unchanged
ASK10,NAM7,ASK10|NAM7,-3.918351022480565,0.0,0,-0.2318365248252571,-0.2318365248252571,0.0,-0.2318365248252571,-0.2318365248252571,0.0,-0.0384024225222556,-0.0384024225222556,0.0,3.918351022480565,1,0.0,0,0.04375375,1,unchanged,unchanged
ASK10,NBP2,ASK10|NBP2,-3.344708655099221,0.0,0,-0.3182792963298597,-0.3182792963298597,0.0,-0.3182792963298597,-0.3182792963298597,0.0,-0.139780044893733,-0.139780044893733,0.0,3.344708655099221,0,0.0,0,0.11259185,1,unchanged,unchanged
ASK10,OPI3,ASK10|OPI3,2.129351145866918,0.0,0,0.1065071002295923,0.1065071002295923,0.0,0.1065071002295923,0.1065071002295923,0.0,0.0478889490057855,0.0478889490057855,0.0,2.129351145866918,0,0.04504504504504504,1,0.0158139999999999,0,unchanged,unchanged
ASK10,SWI3,ASK10|SWI3,-4.127483372224551,0.0,0,-0.6391634286997555,-0.6391634286997555,0.0,-0.6391634286997555,-0.6391634286997555,0.0,-0.3150565318791095,-0.3150565318791095,0.0,4.127483372224551,1,0.0,0,0.0019647499999999,0,unchanged,unchanged
AZF1,GPH1,AZF1|GPH1,5.442501732413606,1.0,0,0.6435632430245961,0.6435632430245961,0.0,0.6435632430245961,0.6435632430245961,0.0,0.2529070472675765,0.2529070472675765,0.0,5.442501732413606,1,0.0,0,0.072322,1,unchanged,unchanged
AZF1,YOR338W,AZF1|YOR338W,3.2926807201937347,1.0,0,0.4020915086246555,0.4020915086246555,0.0,0.4020915086246555,0.4020915086246555,0.0,0.2518817990576134,0.2518817990576134,0.0,3.2926807201937347,0,0.01694915254237288,1,0.0111575999999998,0,unchanged,unchanged
BRR1,NAM7,BRR1|NAM7,-0.5878557322284332,0.0,0,0.1631136115000286,0.1631136115000286,0.0,0.1631136115000286,0.1631136115000286,0.0,0.0256703275710954,0.0256703275710954,0.0,0.5878557322284332,0,0.0,0,0.1775424999999999,1,unchanged,unchanged
BUD13,OPI3,BUD13|OPI3,5.593888165272491,1.0,0,0.3868425992266639,0.3868425992266639,0.0,0.3868425992266639,0.3868425992266639,0.0,0.0762035978703419,0.0762035978703419,0.0,5.593888165272491,1,0.010752688172043012,0,0.0824164,1,unchanged,unchanged
CHL1,GPH1,CHL1|GPH1,7.942710929243812,1.0,0,0.911218081437004,0.911218081437004,0.0,0.911218081437004,0.911218081437004,0.0,0.2532028965330307,0.2532028965330307,0.0,7.942710929243812,1,0.0,0,0.134651,1,unchanged,unchanged
CPR6,DOA4,CPR6|DOA4,-2.364174366087608,0.0,0,-0.5912210782259718,-0.5912210782259718,0.0,-0.5912210782259718,-0.5912210782259718,0.0,-0.3360442946379139,-0.3360442946379139,0.0,2.364174366087608,0,0.023809523809523808,1,0.0171415999999999,0,unchanged,unchanged
CPR6,EST3,CPR6|EST3,-1.2725400460610907,0.0,0,-0.1674060478094279,-0.1674060478094279,0.0,-0.1674060478094279,-0.1674060478094279,0.0,-0.1655001133937417,-0.1655001133937417,0.0,1.2725400460610907,0,0.043478260869565216,1,0.0104459999999999,0,unchanged,unchanged
CPR6,INO4,CPR6|INO4,-2.5078387479676447,0.0,0,-0.4947063201170905,-0.4947063201170905,0.0,-0.4947063201170905,-0.4947063201170905,0.0,-0.3328291867294218,-0.3328291867294218,0.0,2.5078387479676447,0,0.05,1,0.0117162399999999,0,unchanged,unchanged
CPR6,IRE1,CPR6|IRE1,-4.437486927774116,0.0,0,-0.4994677382515957,-0.4994677382515957,0.0,-0.4994677382515957,-0.4994677382515957,0.0,-0.2444779677075407,-0.2444779677075407,0.0,4.437486927774116,1,0.0,0,0.0454597599999998,1,unchanged,unchanged
CPR6,NUP133,CPR6|NUP133,-3.797771746315479,0.0,0,-0.5354994428579265,-0.5354994428579265,0.0,-0.5354994428579265,-0.5354994428579265,0.0,-0.296447951056398,-0.296447951056398,0.0,3.797771746315479,1,0.0,0,0.0086460000000001,0,unchanged,unchanged
CPR6,OPI3,CPR6|OPI3,1.5805039624059969,0.0,0,-0.1484809545631993,-0.1484809545631993,0.0,-0.1484809545631993,-0.1484809545631993,0.0,-0.0314847918273771,-0.0314847918273771,0.0,1.5805039624059969,0,0.14285714285714285,1,0.0250063999999999,1,unchanged,unchanged
CPR6,RPN4,CPR6|RPN4,-0.5646594096261814,0.0,0,-0.2389469740860647,-0.2389469740860647,0.0,-0.2389469740860647,-0.2389469740860647,0.0,-0.1901020378345216,-0.1901020378345216,0.0,0.5646594096261814,0,0.2553191489361702,1,0.0166066400000001,0,unchanged,unchanged
CTF8,GPH1,CTF8|GPH1,5.9369873247898,1.0,0,0.7409872164458853,0.7409872164458853,0.0,0.7409872164458853,0.7409872164458853,0.0,0.2908498435453572,0.2908498435453572,0.0,5.9369873247898,1,0.010752688172043012,0,0.0270552,1,unchanged,unchanged
CTF8,RTF1,CTF8|RTF1,-0.159629645973275,0.0,0,-0.1589412195061465,-0.1589412195061465,0.0,-0.1589412195061465,-0.1589412195061465,0.0,-0.1366187323424089,-0.1366187323424089,0.0,0.159629645973275,0,0.16666666666666666,1,0.0361613,1,unchanged,unchanged
CUP9,OPI3,CUP9|OPI3,2.032011011268745,0.0,0,-0.028703318831004,-0.028703318831004,0.0,-0.028703318831004,-0.028703318831004,0.0,-0.0029793824349134,-0.0029793824349134,0.0,2.032011011268745,0,0.08333333333333333,1,0.0107604,0,unchanged,unchanged
DAL81,GPH1,DAL81|GPH1,6.941463958329154,1.0,0,0.9439513815345412,0.9439513815345412,0.0,0.9439513815345412,0.9439513815345412,0.0,0.3501357343361124,0.3501357343361124,0.0,6.941463958329154,1,0.005405405405405406,0,0.0162628,0,unchanged,unchanged
DCC1,GPH1,DCC1|GPH1,7.062885774843929,1.0,0,0.8518597092273857,0.8518597092273857,0.0,0.8518597092273857,0.8518597092273857,0.0,0.2866404791328962,0.2866404791328962,0.0,7.062885774843929,1,0.0,0,7.599999999985396e-05,0,unchanged,unchanged
DCC1,NAM7,DCC1|NAM7,-0.5468310669631568,0.0,0,0.0364324993587057,0.0364324993587057,0.0,0.0364324993587057,0.0364324993587057,0.0,0.0380515951828212,0.0380515951828212,0.0,0.5468310669631568,0,0.0,0,0.0142699999999998,0,unchanged,unchanged
DEG1,GPH1,DEG1|GPH1,5.493078654777628,1.0,0,0.7291593100469804,0.7291593100469804,0.0,0.7291593100469804,0.7291593100469804,0.0,0.3253775656722676,0.3253775656722676,0.0,5.493078654777628,1,0.0,0,0.0043440000000001,0,unchanged,unchanged
DLS1,NAM7,DLS1|NAM7,-1.841072221351208,0.0,0,-0.1586982951302757,-0.1586982951302757,0.0,-0.1586982951302757,-0.1586982951302757,0.0,-0.0984886545351438,-0.0984886545351438,0.0,1.841072221351208,0,0.0,0,0.046675,1,unchanged,unchanged
DOA4,HAP4,DOA4|HAP4,3.802764614479519,1.0,0,0.6386997858549368,0.6386997858549368,0.0,0.6386997858549368,0.6386997858549368,0.0,0.323473682701025,0.323473682701025,0.0,3.802764614479519,1,0.013513513513513514,1,0.0446092499999999,1,unchanged,unchanged
DOA4,PHO23,DOA4|PHO23,-2.473962234684104,0.0,0,-0.0262271320093599,-0.0262271320093599,0.0,-0.0262271320093599,-0.0262271320093599,0.0,-0.0206213948442837,-0.0206213948442837,0.0,2.473962234684104,0,0.0,0,0.0077834,0,unchanged,unchanged
EST3,GPH1,EST3|GPH1,4.31142313763865,1.0,0,0.4963605224648771,0.4963605224648771,0.0,0.4963605224648771,0.4963605224648771,0.0,0.237417095609066,0.237417095609066,0.0,4.31142313763865,1,0.010256410256410256,0,0.0090049999999998,0,unchanged,unchanged
EST3,HAP4,EST3|HAP4,2.740309584315235,1.0,0,0.1739769886112277,0.1739769886112277,0.0,0.1739769886112277,0.1739769886112277,0.0,0.0656901924680528,0.0656901924680528,0.0,2.740309584315235,0,0.03896103896103896,1,0.0060737500000001,0,unchanged,unchanged
EST3,NAM7,EST3|NAM7,-3.366609230234034,0.0,0,-0.3574509792970985,-0.3574509792970985,0.0,-0.3574509792970985,-0.3574509792970985,0.0,-0.1801884874405989,-0.1801884874405989,0.0,3.366609230234034,0,0.0,0,0.0129937499999999,0,unchanged,unchanged
EST3,PHO23,EST3|PHO23,-3.3736711189760142,0.0,0,-0.4570061713109787,-0.4570061713109787,0.0,-0.4570061713109787,-0.4570061713109787,0.0,-0.2750245343987524,-0.2750245343987524,0.0,3.3736711189760142,0,0.0,0,0.0640709999999999,1,unchanged,unchanged
EST3,PTP3,EST3|PTP3,0.0759172386426712,1.0,0,0.0456174066483682,0.0456174066483682,0.0,0.0456174066483682,0.0456174066483682,0.0,0.0675643289157421,0.0675643289157421,0.0,0.0759172386426712,0,0.11538461538461539,1,0.0231912500000001,1,unchanged,unchanged
EST3,RTF1,EST3|RTF1,-1.9435793197539084,0.0,0,-0.4405276663996121,-0.4405276663996121,0.0,-0.4405276663996121,-0.4405276663996121,0.0,-0.2992333454343551,-0.2992333454343551,0.0,1.9435793197539084,0,0.23076923076923078,1,0.06740125,1,unchanged,unchanged
GIS4,STP3,GIS4|STP3,3.372603860880341,1.0,0,0.4645226860126392,0.4645226860126392,0.0,0.4645226860126392,0.4645226860126392,0.0,0.2831448057792933,0.2831448057792933,0.0,3.372603860880341,0,0.0,0,0.00887424,0,unchanged,unchanged
GPH1,GTR1,GPH1|GTR1,-4.9068853453304655,0.0,0,-0.6739168735491818,-0.6739168735491818,0.0,-0.6739168735491818,-0.6739168735491818,0.0,-0.2904537582710205,-0.2904537582710205,0.0,4.9068853453304655,1,0.021052631578947368,1,0.0687218,1,unchanged,unchanged
GPH1,HOS4,GPH1|HOS4,-6.625140016253357,0.0,0,-0.7573938805686641,-0.7573938805686641,0.0,-0.7573938805686641,-0.7573938805686641,0.0,-0.2542562546807645,-0.2542562546807645,0.0,6.625140016253357,1,0.005376344086021506,0,0.0523899999999999,1,unchanged,unchanged
GPH1,INO4,GPH1|INO4,-5.372247110997734,0.0,0,-0.7988435506596636,-0.7988435506596636,0.0,-0.7988435506596636,-0.7988435506596636,0.0,-0.3125304575729363,-0.3125304575729363,0.0,5.372247110997734,1,0.026881720430107527,1,0.0973737999999999,1,unchanged,unchanged
GPH1,INP52,GPH1|INP52,-6.548176273167806,0.0,0,-0.7953723591223075,-0.7953723591223075,0.0,-0.7953723591223075,-0.7953723591223075,0.0,-0.2650904040156807,-0.2650904040156807,0.0,6.548176273167806,1,0.005376344086021506,0,0.0276779999999999,1,unchanged,unchanged
GPH1,IPK1,GPH1|IPK1,-5.429732961728955,0.0,0,-0.7049471523807129,-0.7049471523807129,0.0,-0.7049471523807129,-0.7049471523807129,0.0,-0.3091253815165817,-0.3091253815165817,0.0,5.429732961728955,1,0.015957446808510637,1,0.0143179999999999,0,unchanged,unchanged
GPH1,IRS4,GPH1|IRS4,-8.13931232946048,0.0,0,-0.9232094501598974,-0.9232094501598974,0.0,-0.9232094501598974,-0.9232094501598974,0.0,-0.2585991967807534,-0.2585991967807534,0.0,8.13931232946048,1,0.0,0,0.0161769999999999,0,unchanged,unchanged
GPH1,JNM1,GPH1|JNM1,-7.059369307195704,0.0,0,-0.853762192901131,-0.853762192901131,0.0,-0.853762192901131,-0.853762192901131,0.0,-0.2901316949335055,-0.2901316949335055,0.0,7.059369307195704,1,0.005405405405405406,0,0.006427,0,unchanged,unchanged
GPH1,LEU3,GPH1|LEU3,-6.71328357621576,0.0,0,-0.711134923186461,-0.711134923186461,0.0,-0.711134923186461,-0.711134923186461,0.0,-0.1876130942580031,-0.1876130942580031,0.0,6.71328357621576,1,0.005405405405405406,0,0.0019627999999999,0,unchanged,unchanged
GPH1,MOT3,GPH1|MOT3,-5.7515276217612215,0.0,0,-0.7129062721869227,-0.7129062721869227,0.0,-0.7129062721869227,-0.7129062721869227,0.0,-0.2802851746125352,-0.2802851746125352,0.0,5.7515276217612215,1,0.016129032258064516,1,0.0047997999999999,0,unchanged,unchanged
GPH1,MRE11,GPH1|MRE11,-8.040924320856924,0.0,0,-1.0629030073683898,-1.0629030073683898,0.0,-1.0629030073683898,-1.0629030073683898,0.0,-0.3308807441720166,-0.3308807441720166,0.0,8.040924320856924,1,0.0,0,0.012636,0,unchanged,unchanged
GPH1,MSH1,GPH1|MSH1,-5.013171668468045,0.0,0,-0.5347510673066129,-0.5347510673066129,0.0,-0.5347510673066129,-0.5347510673066129,0.0,-0.174239817747046,-0.174239817747046,0.0,5.013171668468045,1,0.026595744680851064,1,0.0568290000000001,1,unchanged,unchanged
GPH1,NCS6,GPH1|NCS6,-6.416962498954877,0.0,0,-0.8279630786171808,-0.8279630786171808,0.0,-0.8279630786171808,-0.8279630786171808,0.0,-0.3123723316917442,-0.3123723316917442,0.0,6.416962498954877,1,0.010810810810810811,0,0.0135191999999998,0,unchanged,unchanged
GPH1,NPR2,GPH1|NPR2,-5.894575761086887,0.0,0,-0.6805792343163859,-0.6805792343163859,0.0,-0.6805792343163859,-0.6805792343163859,0.0,-0.2211126921542199,-0.2211126921542199,0.0,5.894575761086887,1,0.010638297872340425,0,,-1,unchanged,unchanged
GPH1,NUP133,GPH1|NUP133,-6.512011553595582,0.0,0,-0.8288661295039962,-0.8288661295039962,0.0,-0.8288661295039962,-0.8288661295039962,0.0,-0.2938043885637814,-0.2938043885637814,0.0,6.512011553595582,1,0.010810810810810811,0,0.015795,0,unchanged,unchanged
GPH1,OPI3,GPH1|OPI3,-1.384277241380358,0.0,0,-0.4549289530465503,-0.4549289530465503,0.0,-0.4549289530465503,-0.4549289530465503,0.0,-0.2842820509697003,-0.2842820509697003,0.0,1.384277241380358,0,0.2096069868995633,1,0.0140679999999999,0,unchanged,unchanged
GPH1,PIH1,GPH1|PIH1,-7.01266346123585,0.0,0,-0.8727287887538752,-0.8727287887538752,0.0,-0.8727287887538752,-0.8727287887538752,0.0,-0.2732134490141676,-0.2732134490141676,0.0,7.01266346123585,1,0.0,0,0.0300237999999998,1,unchanged,unchanged
GPH1,RAD27,GPH1|RAD27,-5.278844125770361,0.0,0,-0.7221255149741486,-0.7221255149741486,0.0,-0.7221255149741486,-0.7221255149741486,0.0,-0.3021629980713105,-0.3021629980713105,0.0,5.278844125770361,1,0.0213903743315508,1,0.0170809999999999,0,unchanged,unchanged
GPH1,RCY1,GPH1|RCY1,-8.070153932955282,0.0,0,-1.2798796930224756,-1.2798796930224756,0.0,-1.2798796930224756,-1.2798796930224756,0.0,-0.3556717734119375,-0.3556717734119375,0.0,8.070153932955282,1,0.0,0,0.0248289999999999,1,unchanged,unchanged
GPH1,RPA14,GPH1|RPA14,-5.8448066838986446,0.0,0,-0.7406755815450929,-0.7406755815450929,0.0,-0.7406755815450929,-0.7406755815450929,0.0,-0.2985413673784278,-0.2985413673784278,0.0,5.8448066838986446,1,0.0,0,0.0101267999999999,0,unchanged,unchanged
GPH1,RPN13,GPH1|RPN13,-6.25776982108488,0.0,0,-0.6441479842005708,-0.6441479842005708,0.0,-0.6441479842005708,-0.6441479842005708,0.0,-0.1605814762541905,-0.1605814762541905,0.0,6.25776982108488,1,0.010810810810810811,0,0.0306561999999999,1,unchanged,unchanged
GPH1,RTG2,GPH1|RTG2,-7.229338378423358,0.0,0,-1.0019067366516257,-1.0019067366516257,0.0,-1.0019067366516257,-1.0019067366516257,0.0,-0.3282465198331716,-0.3282465198331716,0.0,7.229338378423358,1,0.0,0,0.03408,1,unchanged,unchanged
GPH1,SAM4,GPH1|SAM4,-4.092837595794778,0.0,0,-0.4404866755803321,-0.4404866755803321,0.0,-0.4404866755803321,-0.4404866755803321,0.0,-0.1931159687200043,-0.1931159687200043,0.0,4.092837595794778,1,0.05263157894736842,1,0.015956,0,unchanged,unchanged
GPH1,SET2,GPH1|SET2,-5.48229060520559,0.0,0,-0.6789603840753184,-0.6789603840753184,0.0,-0.6789603840753184,-0.6789603840753184,0.0,-0.2726051798110894,-0.2726051798110894,0.0,5.48229060520559,1,0.021505376344086023,1,0.0399399999999999,1,unchanged,unchanged
GPH1,SGS1,GPH1|SGS1,-5.745337570066023,0.0,0,-0.7268715685957551,-0.7268715685957551,0.0,-0.7268715685957551,-0.7268715685957551,0.0,-0.2814553413365078,-0.2814553413365078,0.0,5.745337570066023,1,0.016129032258064516,1,0.0700932,1,unchanged,unchanged
GPH1,SNF5,GPH1|SNF5,-5.827629882123692,0.0,0,-1.0270214351527147,-1.0270214351527147,0.0,-1.0270214351527147,-1.0270214351527147,0.0,-0.3508721974244599,-0.3508721974244599,0.0,5.827629882123692,1,0.005319148936170213,0,0.033537,1,unchanged,unchanged
GPH1,STP2,GPH1|STP2,-5.696910398362714,0.0,0,-0.5808922364403011,-0.5808922364403011,0.0,-0.5808922364403011,-0.5808922364403011,0.0,-0.1558254389196625,-0.1558254389196625,0.0,5.696910398362714,1,0.0106951871657754,0,0.0126501999999998,0,unchanged,unchanged
GPH1,SWI3,GPH1|SWI3,-7.672882874758781,0.0,0,-1.200998360838481,-1.200998360838481,0.0,-1.200998360838481,-1.200998360838481,0.0,-0.3645799499167205,-0.3645799499167205,0.0,7.672882874758781,1,0.0,0,0.002773,0,unchanged,unchanged
GPH1,SWI6,GPH1|SWI6,-6.738930124263278,0.0,0,-1.048240471150717,-1.048240471150717,0.0,-1.048240471150717,-1.048240471150717,0.0,-0.3173262878799217,-0.3173262878799217,0.0,6.738930124263278,1,0.005405405405405406,0,0.286642,1,unchanged,unchanged
GPH1,UBR2,GPH1|UBR2,-5.710304195092227,0.0,0,-0.7282483901169536,-0.7282483901169536,0.0,-0.7282483901169536,-0.7282483901169536,0.0,-0.2854443130505935,-0.2854443130505935,0.0,5.710304195092227,1,0.016129032258064516,1,0.0192099999999999,0,unchanged,unchanged
GPH1,YDR306C,GPH1|YDR306C,-6.236964268269281,0.0,0,-0.6687546057232362,-0.6687546057232362,0.0,-0.6687546057232362,-0.6687546057232362,0.0,-0.1992704684275202,-0.1992704684275202,0.0,6.236964268269281,1,0.010810810810810811,0,0.0068169999999999,0,unchanged,unchanged
GPH1,YKU80,GPH1|YKU80,-7.853024044116124,0.0,0,-0.8335701771530988,-0.8335701771530988,0.0,-0.8335701771530988,-0.8335701771530988,0.0,-0.1886896810799458,-0.1886896810799458,0.0,7.853024044116124,1,0.0,0,0.0768848,1,unchanged,unchanged
GTR1,OPI3,GTR1|OPI3,3.4315930532101366,1.0,0,0.1791412772886767,0.1791412772886767,0.0,0.1791412772886767,0.1791412772886767,0.0,0.0462533789958235,0.0462533789958235,0.0,3.4315930532101366,0,0.05154639175257732,1,0.0341844,1,unchanged,unchanged
GTR1,PHO23,GTR1|PHO23,-2.862326447652824,0.0,0,-0.2534697576004834,-0.2534697576004834,0.0,-0.2534697576004834,-0.2534697576004834,0.0,-0.1315308908377389,-0.1315308908377389,0.0,2.862326447652824,0,0.0,0,0.10165836,1,unchanged,unchanged
HAP4,INO4,HAP4|INO4,-3.921737586966751,0.0,0,-0.5304585458166189,-0.5304585458166189,0.0,-0.5304585458166189,-0.5304585458166189,0.0,-0.2973525640973291,-0.2973525640973291,0.0,3.921737586966751,1,0.05714285714285714,1,0.02773205,1,unchanged,unchanged
HAP4,IPK1,HAP4|IPK1,-3.897780686776659,0.0,0,-0.4270038145001689,-0.4270038145001689,0.0,-0.4270038145001689,-0.4270038145001689,0.0,-0.2029641596294279,-0.2029641596294279,0.0,3.897780686776659,1,0.04225352112676056,1,0.0415495,1,unchanged,unchanged
HAP4,IRE1,HAP4|IRE1,-5.638884721025919,0.0,0,-0.5186340346781815,-0.5186340346781815,0.0,-0.5186340346781815,-0.5186340346781815,0.0,-0.0912407226817878,-0.0912407226817878,0.0,5.638884721025919,1,0.014705882352941176,1,0.0178379499999999,0,unchanged,unchanged
HAP4,KSP1,HAP4|KSP1,-4.145045043557246,0.0,0,-0.3469368829623748,-0.3469368829623748,0.0,-0.3469368829623748,-0.3469368829623748,0.0,-0.1000528695006949,-0.1000528695006949,0.0,4.145045043557246,1,0.02857142857142857,1,0.1121844499999999,1,unchanged,unchanged
HAP4,SGS1,HAP4|SGS1,-4.2227795672426165,0.0,0,-0.4482096768429041,-0.4482096768429041,0.0,-0.4482096768429041,-0.4482096768429041,0.0,-0.1867007977400995,-0.1867007977400995,0.0,4.2227795672426165,1,0.043478260869565216,1,0.0122586999999999,0,unchanged,unchanged
HAP4,SNF5,HAP4|SNF5,-4.262985688681688,0.0,0,-0.7486337659070053,-0.7486337659070053,0.0,-0.7486337659070053,-0.7486337659070053,0.0,-0.3291055291098811,-0.3291055291098811,0.0,4.262985688681688,1,0.02857142857142857,1,0.0024892499999999,0,unchanged,unchanged
HAP4,SWI3,HAP4|SWI3,-6.1847536724339385,0.0,0,-0.941212300242632,-0.941212300242632,0.0,-0.941212300242632,-0.941212300242632,0.0,-0.3281109889140341,-0.3281109889140341,0.0,6.1847536724339385,1,0.0,0,0.0254867499999999,1,unchanged,unchanged
HAP4,SWI6,HAP4|SWI6,-5.235077496011716,0.0,0,-0.768581103847256,-0.768581103847256,0.0,-0.768581103847256,-0.768581103847256,0.0,-0.335587454290796,-0.335587454290796,0.0,5.235077496011716,1,0.014705882352941176,1,0.0189905,0,unchanged,unchanged
HAP5,NAM7,HAP5|NAM7,-1.2621542634079712,0.0,0,-0.0167651291093207,-0.0167651291093207,0.0,-0.0167651291093207,-0.0167651291093207,0.0,0.0107426976714452,0.0107426976714452,0.0,1.2621542634079712,0,0.0,0,0.02100875,1,unchanged,fixed
HAP5,SWI6,HAP5|SWI6,-0.3793135757125966,0.0,0,-0.2346064481396063,-0.2346064481396063,0.0,-0.2346064481396063,-0.2346064481396063,0.0,-0.1745070838539103,-0.1745070838539103,0.0,0.3793135757125966,0,0.3333333333333333,1,0.0087234999999999,0,unchanged,unchanged
HOS4,PUS9,HOS4|PUS9,1.7891713995636795,0.0,0,0.270439689085187,0.270439689085187,0.0,0.270439689085187,0.270439689085187,0.0,0.22673486195491,0.22673486195491,0.0,1.7891713995636795,0,0.09090909090909091,1,0.0154200000000001,0,unchanged,unchanged
INO4,NAM7,INO4|NAM7,-2.0563980660724903,0.0,0,-0.010618177017545,-0.010618177017545,0.0,-0.010618177017545,-0.010618177017545,0.0,0.00724722511289,0.00724722511289,0.0,2.0563980660724903,0,0.0,0,0.0105127499999999,0,unchanged,fixed
INO4,OPI3,INO4|OPI3,4.088291672102737,1.0,0,0.3393038458397401,0.3393038458397401,0.0,0.3393038458397401,0.3393038458397401,0.0,0.0991821202252785,0.0991821202252785,0.0,4.088291672102737,1,0.042105263157894736,1,0.0777004,1,unchanged,unchanged
INO4,RAS2,INO4|RAS2,1.4588660020769753,1.0,0,0.3877845181940399,0.3877845181940399,0.0,0.3877845181940399,0.3877845181940399,0.0,0.2826332643570896,0.2826332643570896,0.0,1.4588660020769753,0,0.038461538461538464,1,0.0303855499999999,1,unchanged,unchanged
INO4,RPN4,INO4|RPN4,2.101284547489809,1.0,0,0.3004781373253939,0.3004781373253939,0.0,0.3004781373253939,0.3004781373253939,0.0,0.2266299187934327,0.2266299187934327,0.0,2.101284547489809,0,0.0,0,0.14153271,1,unchanged,unchanged
INO4,SAM4,INO4|SAM4,1.3150624332473244,1.0,0,0.3562580946274352,0.3562580946274352,0.0,0.3562580946274352,0.3562580946274352,0.0,0.2889252351105995,0.2889252351105995,0.0,1.3150624332473244,0,0.0,0,0.0033931999999999,0,unchanged,unchanged
INO4,STP3,INO4|STP3,0.9043194902347343,1.0,0,0.3104214853846152,0.3104214853846152,0.0,0.3104214853846152,0.3104214853846152,0.0,0.2318456577854482,0.2318456577854482,0.0,0.9043194902347343,0,0.0,0,0.0229017599999999,1,unchanged,unchanged
INO4,YVH1,INO4|YVH1,1.761467680619559,1.0,0,0.4180177565445988,0.4180177565445988,0.0,0.4180177565445988,0.4180177565445988,0.0,0.3129187690815377,0.3129187690815377,0.0,1.761467680619559,0,0.07692307692307693,1,0.0178779,0,unchanged,unchanged
IPK1,PHO23,IPK1|PHO23,-2.3417757209096948,0.0,0,-0.2268431353515919,-0.2268431353515919,0.0,-0.2268431353515919,-0.2268431353515919,0.0,-0.1384743793713133,-0.1384743793713133,0.0,2.3417757209096948,0,0.0,0,0.1165164,1,unchanged,unchanged
IPK1,SAM4,IPK1|SAM4,1.2147134426093669,1.0,0,0.253611212270036,0.253611212270036,0.0,0.253611212270036,0.253611212270036,0.0,0.2333464160734372,0.2333464160734372,0.0,1.2147134426093669,0,0.0,0,0.0308979999999999,1,unchanged,unchanged
JHD2,YOR338W,JHD2|YOR338W,1.7101646486222597,1.0,0,0.1698542565317434,0.1698542565317434,0.0,0.1698542565317434,0.1698542565317434,0.0,0.1030409453663757,0.1030409453663757,0.0,1.7101646486222597,0,0.13636363636363635,1,0.0181926399999999,0,unchanged,unchanged
KKQ8,NAM7,KKQ8|NAM7,-0.9488283990806964,0.0,0,-0.1104548586036826,-0.1104548586036826,0.0,-0.1104548586036826,-0.1104548586036826,0.0,-0.1225482599245992,-0.1225482599245992,0.0,0.9488283990806964,0,0.0,0,0.021716,1,unchanged,unchanged
KSP1,OPI3,KSP1|OPI3,4.238688372403296,0.0,0,0.1752356354723992,0.1752356354723992,0.0,0.1752356354723992,0.1752356354723992,0.0,0.0196815207490963,0.0196815207490963,0.0,4.238688372403296,1,0.021052631578947368,1,0.0051516,0,unchanged,unchanged
KSP1,YOR338W,KSP1|YOR338W,3.46185585833446,1.0,0,0.4018846999156783,0.4018846999156783,0.0,0.4018846999156783,0.4018846999156783,0.0,0.220943691600288,0.220943691600288,0.0,3.46185585833446,0,0.017241379310344827,1,0.0499801599999999,1,unchanged,unchanged
KTI12,RPN13,KTI12|RPN13,-0.8035087503040386,0.0,0,0.0675718513517246,0.0675718513517246,0.0,0.0675718513517246,0.0675718513517246,0.0,0.0575974202275249,0.0575974202275249,0.0,0.8035087503040386,0,0.0,0,0.0109353999999999,0,unchanged,unchanged
MSH1,YOR338W,MSH1|YOR338W,2.914060765295148,1.0,0,0.2739339564294425,0.2739339564294425,0.0,0.2739339564294425,0.2739339564294425,0.0,0.1263558686434999,0.1263558686434999,0.0,2.914060765295148,0,0.06779661016949153,1,0.0067931999999999,0,unchanged,unchanged
NAM7,NPR2,NAM7|NPR2,1.641800549977432,1.0,0,0.1568257244603769,0.1568257244603769,0.0,0.1568257244603769,0.1568257244603769,0.0,0.1487847303295279,0.1487847303295279,0.0,1.641800549977432,0,0.0,0,,-1,unchanged,unchanged
NAM7,OPI3,NAM7|OPI3,6.090952042401231,0.0,0,0.352251264984676,0.352251264984676,0.0,0.352251264984676,0.352251264984676,0.0,0.0341693950029201,0.0341693950029201,0.0,6.090952042401231,1,0.0,0,0.04851,1,unchanged,unchanged
NAM7,REV3,NAM7|REV3,1.3159178644994594,1.0,0,0.1637386393644808,0.1637386393644808,0.0,0.1637386393644808,0.1637386393644808,0.0,0.146100865079282,0.146100865079282,0.0,1.3159178644994594,0,0.0,0,0.0134387499999998,0,unchanged,unchanged
NUP133,RPN4,NUP133|RPN4,3.151530401213136,1.0,0,0.2416215552082761,0.2416215552082761,0.0,0.2416215552082761,0.2416215552082761,0.0,0.1308844633962593,0.1308844633962593,0.0,3.151530401213136,0,0.04,1,0.1697902500000001,1,unchanged,unchanged
NUP133,UBP6,NUP133|UBP6,2.1369398924767484,1.0,0,0.1515478796411322,0.1515478796411322,0.0,0.1515478796411322,0.1515478796411322,0.0,0.0966581688994927,0.0966581688994927,0.0,2.1369398924767484,0,0.0,0,0.0637465,1,unchanged,unchanged
OPI3,PBA1,OPI3|PBA1,-5.067077646600483,1.0,0,-0.2067749036816907,-0.2067749036816907,0.0,-0.2067749036816907,-0.2067749036816907,0.0,-0.0456252155746202,-0.0456252155746202,0.0,5.067077646600483,1,0.010638297872340425,0,0.061556,1,unchanged,unchanged
OPI3,PHO23,OPI3|PHO23,-6.172196685516196,0.0,0,-0.4412507752397999,-0.4412507752397999,0.0,-0.4412507752397999,-0.4412507752397999,0.0,-0.0415493416319889,-0.0415493416319889,0.0,6.172196685516196,1,0.0,0,0.0177063999999999,0,unchanged,unchanged
OPI3,PIH1,OPI3|PIH1,-5.5425532933393455,0.0,0,-0.364051420086501,-0.364051420086501,0.0,-0.364051420086501,-0.364051420086501,0.0,-0.0390952377195349,-0.0390952377195349,0.0,5.5425532933393455,1,0.010752688172043012,0,0.0069003999999999,0,unchanged,unchanged
OPI3,RCE1,OPI3|RCE1,-4.090263205089997,1.0,0,-0.1460015722850231,-0.1460015722850231,0.0,-0.1460015722850231,-0.1460015722850231,0.0,-0.0150795377802258,-0.0150795377802258,0.0,4.090263205089997,1,0.020618556701030927,1,0.0183556,0,unchanged,unchanged
OPI3,RIC1,OPI3|RIC1,-4.922483786651565,0.0,0,-0.3653558755709211,-0.3653558755709211,0.0,-0.3653558755709211,-0.3653558755709211,0.0,-0.0661831740231735,-0.0661831740231735,0.0,4.922483786651565,1,0.0,0,0.0447159999999999,1,unchanged,unchanged
OPI3,RPN4,OPI3|RPN4,-2.0138741832748743,1.0,0,-0.0356456872675917,-0.0356456872675917,0.0,-0.0356456872675917,-0.0356456872675917,0.0,-0.0536348845916944,-0.0536348845916944,0.0,2.0138741832748743,0,0.08411214953271028,1,0.2582156,1,unchanged,unchanged
OPI3,RPS0B,OPI3|RPS0B,-4.337757012107056,0.0,0,-0.3956668598677052,-0.3956668598677052,0.0,-0.3956668598677052,-0.3956668598677052,0.0,-0.1210823557698508,-0.1210823557698508,0.0,4.337757012107056,1,0.031914893617021274,1,0.0669915999999999,1,unchanged,unchanged
OPI3,SAM4,OPI3|SAM4,-2.700495935351157,1.0,0,0.0224040043142723,0.0224040043142723,0.0,0.0224040043142723,0.0224040043142723,0.0,0.00041871147712,0.00041871147712,0.0,2.700495935351157,0,0.058823529411764705,1,0.022952,1,unchanged,unchanged
OPI3,SNF5,OPI3|SNF5,-4.510781872531054,0.0,0,-0.5707257512809709,-0.5707257512809709,0.0,-0.5707257512809709,-0.5707257512809709,0.0,-0.2744466039652301,-0.2744466039652301,0.0,4.510781872531054,1,0.0,0,0.017846,0,unchanged,unchanged
OPI3,STP2,OPI3|STP2,-4.304420450140037,1.0,0,-0.1234780170017175,-0.1234780170017175,0.0,-0.1234780170017175,-0.1234780170017175,0.0,-0.0188244866154534,-0.0188244866154534,0.0,4.304420450140037,1,0.0,0,0.0230915999999999,1,unchanged,unchanged
OPI3,SWI6,OPI3|SWI6,-5.334641880642367,1.0,0,-0.5712326918046202,-0.5712326918046202,0.0,-0.5712326918046202,-0.5712326918046202,0.0,-0.1936137174290162,-0.1936137174290162,0.0,5.334641880642367,1,0.0,0,0.0153359999999999,0,unchanged,unchanged
OPI3,UBP15,OPI3|UBP15,-3.488741039085477,0.0,0,-0.1479901844247096,-0.1479901844247096,0.0,-0.1479901844247096,-0.1479901844247096,0.0,-0.055099361715389,-0.055099361715389,0.0,3.488741039085477,0,0.041237113402061855,1,0.0637143999999999,1,unchanged,unchanged
OPI3,UBX3,OPI3|UBX3,-4.080002948090817,1.0,0,-0.166446427151008,-0.166446427151008,0.0,-0.166446427151008,-0.166446427151008,0.0,-0.0240362872009413,-0.0240362872009413,0.0,4.080002948090817,1,0.020833333333333332,1,0.0077475999999999,0,unchanged,unchanged
OPI3,UFD4,OPI3|UFD4,-4.145948043076279,1.0,0,-0.1394197131581812,-0.1394197131581812,0.0,-0.1394197131581812,-0.1394197131581812,0.0,-0.012061961429022,-0.012061961429022,0.0,4.145948043076279,1,0.031578947368421054,1,0.0166535999999999,0,unchanged,unchanged
OPI3,VPS27,OPI3|VPS27,-4.769669490850514,1.0,0,-0.34338455668312,-0.34338455668312,0.0,-0.34338455668312,-0.34338455668312,0.0,-0.0619365394016281,-0.0619365394016281,0.0,4.769669490850514,1,0.0,0,0.037484,1,unchanged,unchanged
OPI3,YAP1,OPI3|YAP1,-2.700010400164982,1.0,0,-0.0202489224232909,-0.0202489224232909,0.0,-0.0202489224232909,-0.0202489224232909,0.0,-0.0167980925736876,-0.0167980925736876,0.0,2.700010400164982,0,0.047619047619047616,1,0.0320919999999999,1,unchanged,unchanged
PHO23,PUS9,PHO23|PUS9,2.7326113687129228,1.0,0,0.4001678642740526,0.4001678642740526,0.0,0.4001678642740526,0.4001678642740526,0.0,0.2706484523312021,0.2706484523312021,0.0,2.7326113687129228,0,0.0,0,0.0677385999999999,1,unchanged,unchanged
PPG1,YOR338W,PPG1|YOR338W,4.849422931506152,1.0,0,0.585449572931567,0.585449572931567,0.0,0.585449572931567,0.585449572931567,0.0,0.2712962283196029,0.2712962283196029,0.0,4.849422931506152,1,0.0,0,0.0166368,0,unchanged,unchanged
PTP3,RTF1,PTP3|RTF1,-1.9631052509278104,0.0,0,-0.507743638601496,-0.507743638601496,0.0,-0.507743638601496,-0.507743638601496,0.0,-0.2814168494858964,-0.2814168494858964,0.0,1.9631052509278104,0,0.1111111111111111,1,0.06941575,1,unchanged,unchanged
PTP3,SNF5,PTP3|SNF5,-1.9797878783478964,0.0,0,-0.6414558625620277,-0.6414558625620277,0.0,-0.6414558625620277,-0.6414558625620277,0.0,-0.2988768133306555,-0.2988768133306555,0.0,1.9797878783478964,0,0.16666666666666666,1,0.02707975,1,unchanged,unchanged
PTP3,SWI3,PTP3|SWI3,-3.5723200335944787,0.0,0,-0.7913845563662746,-0.7913845563662746,0.0,-0.7913845563662746,-0.7913845563662746,0.0,-0.3604184874936132,-0.3604184874936132,0.0,3.5723200335944787,0,0.0,0,0.00118775,0,unchanged,unchanged
RAD27,YOR338W,RAD27|YOR338W,3.196248982731659,1.0,0,0.4636417798833642,0.4636417798833642,0.0,0.4636417798833642,0.4636417798833642,0.0,0.3126615338820583,0.3126615338820583,0.0,3.196248982731659,0,0.03389830508474576,1,0.0188852,0,unchanged,unchanged
RAS2,SAM4,RAS2|SAM4,-0.2972651677870166,0.0,0,-0.0388129769532604,-0.0388129769532604,0.0,-0.0388129769532604,-0.0388129769532604,0.0,-0.0413646931911967,-0.0413646931911967,0.0,0.2972651677870166,0,0.0,0,0.0573659999999999,1,unchanged,unchanged
RAS2,YVH1,RAS2|YVH1,-0.0066500033060795,0.0,0,0.0059065486962665,0.0059065486962665,0.0,0.0059065486962665,0.0059065486962665,0.0,0.0092997784845272,0.0092997784845272,0.0,0.0066500033060795,0,0.10526315789473684,1,0.0836895000000002,1,unchanged,unchanged
RCY1,YOR338W,RCY1|YOR338W,5.888119108379333,1.0,0,1.057079981067336,1.057079981067336,0.0,1.057079981067336,1.057079981067336,0.0,0.3165968739279866,0.3165968739279866,0.0,5.888119108379333,1,0.0,0,0.1279931999999999,1,unchanged,unchanged
RPN13,YVH1,RPN13|YVH1,2.58240809688984,1.0,0,0.2528909062727467,0.2528909062727467,0.0,0.2528909062727467,0.2528909062727467,0.0,0.1449900225926048,0.1449900225926048,0.0,2.58240809688984,0,0.043478260869565216,1,0.0759879000000001,1,unchanged,unchanged
RPN4,SWI6,RPN4|SWI6,-3.3131168700247624,0.0,0,-0.5169755885978998,-0.5169755885978998,0.0,-0.5169755885978998,-0.5169755885978998,0.0,-0.285639056050218,-0.285639056050218,0.0,3.3131168700247624,0,0.041666666666666664,1,0.0924810999999999,1,unchanged,unchanged
RPN4,YAP1,RPN4|YAP1,-0.6100598627045272,1.0,0,0.0427924290721156,0.0427924290721156,0.0,0.0427924290721156,0.0427924290721156,0.0,0.0587169370010634,0.0587169370010634,0.0,0.6100598627045272,0,0.1388888888888889,1,0.0033042,0,unchanged,unchanged
RPS0B,RTF1,RPS0B|RTF1,-0.293916286569669,0.0,0,-0.0277955872480131,-0.0277955872480131,0.0,-0.0277955872480131,-0.0277955872480131,0.0,-0.0255180791934311,-0.0255180791934311,0.0,0.293916286569669,0,0.0,0,0.02492255,1,unchanged,unchanged
SAM4,SWI3,SAM4|SWI3,-3.5687696674856952,0.0,0,-0.7574985213554754,-0.7574985213554754,0.0,-0.7574985213554754,-0.7574985213554754,0.0,-0.3586991224351376,-0.3586991224351376,0.0,3.5687696674856952,0,0.0,0,0.0010219999999999,0,unchanged,unchanged
SET2,SWI6,SET2|SWI6,-1.269227096089861,0.0,0,-0.3688284311537878,-0.3688284311537878,0.0,-0.3688284311537878,-0.3688284311537878,0.0,-0.2665431487986554,-0.2665431487986554,0.0,1.269227096089861,0,0.0,0,0.01613,0,unchanged,unchanged
UBR2,YAP1,UBR2|YAP1,1.60655923714367,1.0,0,0.2597417150787632,0.2597417150787632,0.0,0.2597417150787632,0.2597417150787632,0.0,0.1935616415595448,0.1935616415595448,0.0,1.60655923714367,0,0.1,1,0.1479399999999999,1,unchanged,unchanged
YAP1,YVH1,YAP1|YVH1,0.4958451467468664,0.0,0,0.100270893647648,0.100270893647648,0.0,0.100270893647648,0.100270893647648,0.0,0.1092458924534685,0.1092458924534685,0.0,0.4958451467468664,0,0.08333333333333333,1,0.0566579999999998,1,unchanged,unchanged
YDR306C,YOR338W,YDR306C|YOR338W,4.174660088810665,1.0,0,0.4003277752984607,0.4003277752984607,0.0,0.4003277752984607,0.4003277752984607,0.0,0.1343140805963813,0.1343140805963813,0.0,4.174660088810665,1,0.0,0,0.0212836,1,unchanged,unchanged
AIM1,RPD3,AIM1|RPD3,-1.0625242968848825,0.0,1,-0.205442381775385,-0.205442381775385,0.0,-0.2070777178589904,-0.2070777178589904,0.0,-0.0864266159613417,-0.0864266159613417,0.0,1.0625242968848825,0,0.0,0,,-1,unchanged,unchanged
ASC1,CDC40,ASC1|CDC40,-1.358661553450145,0.0,1,-0.5491201288094358,-0.5491201288094358,0.0,-0.4564489595537536,-0.4564489595537536,0.0,-0.2182310373582675,-0.2182310373582675,0.0,1.358661553450145,0,0.043478260869565216,1,0.0178497499999999,0,unchanged,unchanged
ASC1,CMK2,ASC1|CMK2,3.1547775715174704,1.0,1,0.9420698127000884,0.9420698127000884,0.0,0.953981511331312,0.953981511331312,0.0,0.3391172095063611,0.3391172095063611,0.0,3.1547775715174704,0,0.07,1,0.01409025,0,unchanged,unchanged
ASC1,IES1,ASC1|IES1,-2.1646518524451945,0.0,1,-0.307943745945742,-0.307943745945742,0.0,-0.2979454494987356,-0.2979454494987356,0.0,-0.170918948529493,-0.170918948529493,0.0,2.1646518524451945,0,0.05,1,0.001343,0,unchanged,unchanged
ASC1,IES5,ASC1|IES5,-0.235622406299071,1.0,1,0.0682440561236324,0.0682440561236324,0.0,0.059625425530996,0.059625425530996,0.0,0.017646991074504,0.017646991074504,0.0,0.235622406299071,0,0.06896551724137931,1,0.0153542,0,unchanged,unchanged
ASC1,SLX5,ASC1|SLX5,-3.631354124347211,0.0,1,-0.6191353595057411,-0.6191353595057411,0.0,-0.532214282484513,-0.532214282484513,0.0,-0.262624251936578,-0.262624251936578,0.0,3.631354124347211,1,0.0,0,0.0426679499999999,1,unchanged,unchanged
ASC1,TEC1,ASC1|TEC1,1.5758117525253723,1.0,1,0.8225032786706219,0.8225032786706219,0.0,0.8862785503748073,0.8862785503748073,0.0,0.2736826927429737,0.2736826927429737,0.0,1.5758117525253723,0,0.016129032258064516,1,0.0365764499999999,1,unchanged,unchanged
ASC1,YIL014C-A,ASC1|YIL014C-A,2.1901966395966666,1.0,1,0.8540789464874833,0.8540789464874833,0.0,0.8333372214937568,0.8333372214937568,0.0,0.3164836681188644,0.3164836681188644,0.0,2.1901966395966666,0,0.09090909090909091,1,0.0347923000000001,1,unchanged,unchanged
ASE1,RAD6,ASE1|RAD6,-2.180677780070744,0.0,1,-0.9240299812994992,-0.9240299812994992,0.0,-0.9128464199847126,-0.9128464199847126,0.0,-0.324256471942954,-0.324256471942954,0.0,2.180677780070744,0,0.05263157894736842,1,0.01384,0,unchanged,unchanged
ASE1,SLX5,ASE1|SLX5,-3.717839481888102,0.0,1,-0.8159610738899232,-0.8159610738899232,0.0,-0.8149463004153031,-0.8149463004153031,0.0,-0.3322762918921911,-0.3322762918921911,0.0,3.717839481888102,1,0.0,0,0.0366055999999999,1,unchanged,unchanged
CDC40,CLB2,CDC40|CLB2,1.4677765994793217,1.0,1,0.9143069951080064,0.9143069951080064,0.0,0.9553748836358688,0.9553748836358688,0.0,0.2789969638995025,0.2789969638995025,0.0,1.4677765994793217,0,0.047619047619047616,1,0.04726745,1,unchanged,unchanged
CDC40,CMK2,CDC40|CMK2,4.522111363696852,1.0,1,1.0603118611767064,1.0603118611767064,0.0,1.080349586118365,1.080349586118365,0.0,0.37319930657802,0.37319930657802,0.0,4.522111363696852,1,0.010752688172043012,0,0.00203775,0,unchanged,unchanged
CDC40,ISW2,CDC40|ISW2,-1.1616671375300454,1.0,1,0.2461768617041632,0.2461768617041632,0.0,0.2017772757480373,0.2017772757480373,0.0,-0.0259810958924685,-0.0259810958924685,0.0,1.1616671375300454,0,0.0,0,0.0213257499999999,1,unchanged,fixed
CDC40,TEC1,CDC40|TEC1,2.964634167381086,1.0,1,1.070774548141325,1.070774548141325,0.0,1.0992770342943032,1.0992770342943032,0.0,0.3592010317910903,0.3592010317910903,0.0,2.964634167381086,0,0.02040816326530612,1,0.00953805,0,unchanged,unchanged
CDC40,YIL014C-A,CDC40|YIL014C-A,3.5427161141979924,1.0,1,0.9624713936127508,0.9624713936127508,0.0,0.9589459341162374,0.9589459341162374,0.0,0.3608962832261058,0.3608962832261058,0.0,3.5427161141979924,0,0.014285714285714285,1,0.0019438999999999,0,unchanged,unchanged
CKB2,MUM2,CKB2|MUM2,2.772010579840431,1.0,1,0.6698631650164555,0.6698631650164555,0.0,0.6091283329382905,0.6091283329382905,0.0,0.280155492123073,0.280155492123073,0.0,2.772010579840431,0,0.0,0,0.03325566,1,unchanged,unchanged
CKB2,SAM3,CKB2|SAM3,5.663769869184213,1.0,1,0.9121315230363092,0.9121315230363092,0.0,0.8505332198346798,0.8505332198346798,0.0,0.3363375237538307,0.3363375237538307,0.0,5.663769869184213,1,0.0,0,0.0019627999999999,0,unchanged,unchanged
CLB2,SPT21,CLB2|SPT21,-1.7699519610057486,0.0,1,-0.9113725063220126,-0.9113725063220126,0.0,-0.9026234011898596,-0.9026234011898596,0.0,-0.3065853974417334,-0.3065853974417334,0.0,1.7699519610057486,0,0.16666666666666666,1,0.0145706499999997,0,unchanged,unchanged
CMK2,ELF1,CMK2|ELF1,-5.992893482285936,0.0,1,-0.7232367511434299,-0.7232367511434299,0.0,-0.7482889190782629,-0.7482889190782629,0.0,-0.3016772280635215,-0.3016772280635215,0.0,5.992893482285936,1,0.0,0,0.02786345,1,unchanged,unchanged
CMK2,HUR1,CMK2|HUR1,-6.677994208652236,0.0,1,-0.9564101366707528,-0.9564101366707528,0.0,-0.9676954771548693,-0.9676954771548693,0.0,-0.3558234940133584,-0.3558234940133584,0.0,6.677994208652236,1,0.0,0,0.0148896999999999,0,unchanged,unchanged
CMK2,IRC3,CMK2|IRC3,-4.142547939556969,0.0,1,-0.7195768526697327,-0.7195768526697327,0.0,-0.7358014945868004,-0.7358014945868004,0.0,-0.2984877489629396,-0.2984877489629396,0.0,4.142547939556969,1,0.03296703296703297,1,0.01718325,0,unchanged,unchanged
CMK2,KIN3,CMK2|KIN3,-3.5740552634254024,0.0,1,-0.792889322795444,-0.792889322795444,0.0,-0.7531584629592563,-0.7531584629592563,0.0,-0.3063240800754842,-0.3063240800754842,0.0,3.5740552634254024,0,0.010309278350515464,0,0.0097005499999999,0,unchanged,unchanged
CMK2,MMS22,CMK2|MMS22,-4.928657657171072,0.0,1,-0.9485781890281008,-0.9485781890281008,0.0,-0.9902205931219844,-0.9902205931219844,0.0,-0.3585592994457459,-0.3585592994457459,0.0,4.928657657171072,1,0.022222222222222223,1,0.0177345,0,unchanged,unchanged
CMK2,PTC1,CMK2|PTC1,-5.901428217510652,0.0,1,-0.9818554345412812,-0.9818554345412812,0.0,-0.9966859259247794,-0.9966859259247794,0.0,-0.3659635105424125,-0.3659635105424125,0.0,5.901428217510652,1,0.011235955056179775,0,0.0123845,0,unchanged,unchanged
CMK2,RAD6,CMK2|RAD6,-5.210011647261731,0.0,1,-1.08124906515006,-1.08124906515006,0.0,-1.163892402712719,-1.163892402712719,0.0,-0.363904885128851,-0.363904885128851,0.0,5.210011647261731,1,0.02247191011235955,1,0.03009875,1,unchanged,unchanged
CMK2,RNY1,CMK2|RNY1,-0.6860531116365991,0.0,1,-0.1387739300009634,-0.1387739300009634,0.0,-0.0952981316082171,-0.0952981316082171,0.0,-0.0591589776779633,-0.0591589776779633,0.0,0.6860531116365991,0,0.40336134453781514,1,0.0028588,0,unchanged,unchanged
CMK2,SLX5,CMK2|SLX5,-6.754972501349278,0.0,1,-0.9256079202935849,-0.9256079202935849,0.0,-1.0198066858291173,-1.0198066858291173,0.0,-0.3522795479385801,-0.3522795479385801,0.0,6.754972501349278,1,0.0,0,0.03596955,1,unchanged,unchanged
CMK2,VPS36,CMK2|VPS36,-3.4268337809367595,0.0,1,-1.0313051033036824,-1.0313051033036824,0.0,-1.1002824943656444,-1.1002824943656444,0.0,-0.3480236239757849,-0.3480236239757849,0.0,3.4268337809367595,0,0.08888888888888889,1,0.033366,1,unchanged,unchanged
CMK2,VPS4,CMK2|VPS4,-5.0684903937506345,0.0,1,-0.9760144949224808,-0.9760144949224808,0.0,-0.9838191974619012,-0.9838191974619012,0.0,-0.3629157919692272,-0.3629157919692272,0.0,5.0684903937506345,1,0.011111111111111112,0,0.0174735499999999,0,unchanged,unchanged
CMK2,YCK3,CMK2|YCK3,-6.261804294536986,0.0,1,-0.8604020640297805,-0.8604020640297805,0.0,-0.777230821581917,-0.777230821581917,0.0,-0.3172262630695129,-0.3172262630695129,0.0,6.261804294536986,1,0.0,0,0.00190745,0,unchanged,unchanged
CMK2,YPT6,CMK2|YPT6,-5.929574291885318,0.0,1,-0.9705166033868592,-0.9705166033868592,0.0,-0.9549247074028292,-0.9549247074028292,0.0,-0.3576442934515824,-0.3576442934515824,0.0,5.929574291885318,1,0.0,0,0.00221545,0,unchanged,unchanged
CTI6,YIL014C-A,CTI6|YIL014C-A,4.802500264301374,1.0,1,0.2581621800145911,0.2581621800145911,0.0,0.2368687816209734,0.2368687816209734,0.0,0.1939189807827279,0.1939189807827279,0.0,4.802500264301374,1,0.0,0,0.0246781799999999,1,unchanged,unchanged
DOA1,HUR1,DOA1|HUR1,-2.6687358631837097,0.0,1,-0.688778067808306,-0.688778067808306,0.0,-0.7130016012645808,-0.7130016012645808,0.0,-0.2972602185068717,-0.2972602185068717,0.0,2.6687358631837097,0,0.0,0,0.08956494,1,unchanged,unchanged
DOA1,RPD3,DOA1|RPD3,-2.7540150609180305,0.0,1,-0.3733346150805813,-0.3733346150805813,0.0,-0.3622723181925763,-0.3622723181925763,0.0,-0.1800688674470341,-0.1800688674470341,0.0,2.7540150609180305,0,0.0,0,,-1,unchanged,unchanged
DOA1,TEC1,DOA1|TEC1,2.4465934737724906,1.0,1,0.8214514091653646,0.8214514091653646,0.0,0.7774858709447765,0.7774858709447765,0.0,0.2930161892787676,0.2930161892787676,0.0,2.4465934737724906,0,0.0196078431372549,1,0.0048327099999999,0,unchanged,unchanged
DOA1,YPT6,DOA1|YPT6,-1.9345018902403424,0.0,1,-0.6455352635667784,-0.6455352635667784,0.0,-0.6321480182062521,-0.6321480182062521,0.0,-0.2730337316587583,-0.2730337316587583,0.0,1.9345018902403424,0,0.0,0,0.05759259,1,unchanged,unchanged
ELF1,YHR033W,ELF1|YHR033W,5.078565459976528,1.0,1,0.7257963627345986,0.7257963627345986,0.0,0.5986128543673706,0.5986128543673706,0.0,0.2834275324129934,0.2834275324129934,0.0,5.078565459976528,1,0.0,0,0.0395373999999999,1,unchanged,unchanged
ELF1,YIL014C-A,ELF1|YIL014C-A,4.981936648275274,1.0,1,0.6897779496574702,0.6897779496574702,0.0,0.6203372044404198,0.6203372044404198,0.0,0.2862407567809752,0.2862407567809752,0.0,4.981936648275274,1,0.0,0,0.0275513399999999,1,unchanged,unchanged
HMO1,SLX5,HMO1|SLX5,-3.209667373938832,0.0,1,-0.5391953134282528,-0.5391953134282528,0.0,-0.4168552640558825,-0.4168552640558825,0.0,-0.2131629767457417,-0.2131629767457417,0.0,3.209667373938832,0,0.0,0,0.0059918999999999,0,unchanged,unchanged
HMO1,TEC1,HMO1|TEC1,1.9576246540998845,1.0,1,0.9076778543580594,0.9076778543580594,0.0,1.007705532971541,1.007705532971541,0.0,0.3022195401006277,0.3022195401006277,0.0,1.9576246540998845,0,0.03773584905660377,1,0.0543889,1,unchanged,unchanged
HMO1,YHR033W,HMO1|YHR033W,2.606603996151128,1.0,1,0.9475873561567912,0.9475873561567912,0.0,0.9277116873067612,0.9277116873067612,0.0,0.3398300448012237,0.3398300448012237,0.0,2.606603996151128,0,0.0784313725490196,1,0.0086459999999999,0,unchanged,unchanged
HOG1,SAP30,HOG1|SAP30,-1.3691414357249667,0.0,1,-0.5515899569894365,-0.5515899569894365,0.0,-0.4517388915507013,-0.4517388915507013,0.0,-0.2079102529015165,-0.2079102529015165,0.0,1.3691414357249667,0,0.16666666666666666,1,0.0172266999999999,0,unchanged,unchanged
HOS3,SAP30,HOS3|SAP30,-0.6788415412856318,0.0,1,-0.470461388968925,-0.470461388968925,0.0,-0.4749691478988341,-0.4749691478988341,0.0,-0.1522357553435133,-0.1522357553435133,0.0,0.6788415412856318,0,0.0,0,0.029252,1,unchanged,unchanged
HUR1,RNY1,HUR1|RNY1,6.007951010626464,1.0,1,0.8430951961660418,0.8430951961660418,0.0,0.9833109545043106,0.9833109545043106,0.0,0.3343620559937743,0.3343620559937743,0.0,6.007951010626464,1,0.0,0,0.06274896,1,unchanged,unchanged
IES5,PAT1,IES5|PAT1,-1.5422581017139405,0.0,1,-0.2432766421302347,-0.2432766421302347,0.0,-0.2117686801946905,-0.2117686801946905,0.0,-0.1289690152565506,-0.1289690152565506,0.0,1.5422581017139405,0,0.06666666666666667,1,0.0522864,1,unchanged,unchanged
IES5,RAD6,IES5|RAD6,-1.894763144639308,0.0,1,-0.6755289408109828,-0.6755289408109828,0.0,-0.7299592270114703,-0.7299592270114703,0.0,-0.2757004441736486,-0.2757004441736486,0.0,1.894763144639308,0,0.15384615384615385,1,0.1135089999999999,1,unchanged,unchanged
IES5,RXT2,IES5|RXT2,-3.3286619425112227,0.0,1,-0.4198169954756262,-0.4198169954756262,0.0,-0.3538804602911536,-0.3538804602911536,0.0,-0.1953246461916481,-0.1953246461916481,0.0,3.3286619425112227,0,0.0,0,0.0749503599999998,1,unchanged,unchanged
IES5,RXT3,IES5|RXT3,-3.366539834778703,0.0,1,-0.2856626931787319,-0.2856626931787319,0.0,-0.2381937012153831,-0.2381937012153831,0.0,-0.165551327695826,-0.165551327695826,0.0,3.366539834778703,0,0.0,0,0.0527365999999999,1,unchanged,unchanged
IRC3,YIL014C-A,IRC3|YIL014C-A,3.220268747663311,1.0,1,0.7317450743910177,0.7317450743910177,0.0,0.597519200226559,0.597519200226559,0.0,0.277195035179324,0.277195035179324,0.0,3.220268747663311,0,0.028985507246376812,1,0.0103319,0,unchanged,unchanged
ISW2,ITC1,ISW2|ITC1,0.6983401545800371,1.0,1,0.3257906512315259,0.3257906512315259,0.0,0.3012549941248299,0.3012549941248299,0.0,0.1234246349244934,0.1234246349244934,0.0,0.6983401545800371,0,0.0,0,0.0306701499999999,1,unchanged,unchanged
ISW2,YHR033W,ISW2|YHR033W,4.785915943905602,1.0,1,0.683344117800287,0.683344117800287,0.0,0.5312395085727777,0.5312395085727777,0.0,0.2625618381928305,0.2625618381928305,0.0,4.785915943905602,1,0.021739130434782608,1,0.0122089999999999,0,unchanged,unchanged
ISW2,YIL014C-A,ISW2|YIL014C-A,4.681697096935855,1.0,1,0.5631575311671184,0.5631575311671184,0.0,0.4802171349472571,0.4802171349472571,0.0,0.243987731539617,0.243987731539617,0.0,4.681697096935855,1,0.014925373134328358,1,0.0714286999999999,1,unchanged,unchanged
ITC1,TEC1,ITC1|TEC1,3.344036858345606,1.0,1,0.6641556325277982,0.6641556325277982,0.0,0.6298893307177126,0.6298893307177126,0.0,0.2794464416385165,0.2794464416385165,0.0,3.344036858345606,0,0.0,0,0.02275461,1,unchanged,unchanged
ITC1,YHR033W,ITC1|YHR033W,4.008937778454671,1.0,1,0.5174312196680102,0.5174312196680102,0.0,0.4078076346716378,0.4078076346716378,0.0,0.2218639979984892,0.2218639979984892,0.0,4.008937778454671,1,0.020833333333333332,1,0.0173546,0,unchanged,unchanged
ITC1,YIL014C-A,ITC1|YIL014C-A,3.939192734056499,1.0,1,0.5169390762740199,0.5169390762740199,0.0,0.4220860600368653,0.4220860600368653,0.0,0.2252754178328589,0.2252754178328589,0.0,3.939192734056499,1,0.029411764705882353,1,0.0147141399999999,0,unchanged,unchanged
KIN3,RAD6,KIN3|RAD6,-1.638310749991485,0.0,1,-0.855917422744332,-0.855917422744332,0.0,-0.8494089089713565,-0.8494089089713565,0.0,-0.2878113506687235,-0.2878113506687235,0.0,1.638310749991485,0,0.0,0,0.0208452499999999,0,unchanged,unchanged
LOC1,TEC1,LOC1|TEC1,0.9610949523186086,1.0,1,1.0056903876977716,1.0056903876977716,0.0,0.9868106414226656,0.9868106414226656,0.0,0.2483731590981764,0.2483731590981764,0.0,0.9610949523186086,0,0.030303030303030304,1,0.0083987999999999,0,unchanged,unchanged
LOC1,YPT6,LOC1|YPT6,-3.425192062059629,0.0,1,-0.1795690394353373,-0.1795690394353373,0.0,-0.1712084545224504,-0.1712084545224504,0.0,-0.1498624551396625,-0.1498624551396625,0.0,3.425192062059629,0,0.0,0,0.0135147999999999,0,unchanged,unchanged
MED1,YHR033W,MED1|YHR033W,4.250542064448497,1.0,1,0.8233337932409064,0.8233337932409064,0.0,0.8351572465038906,0.8351572465038906,0.0,0.3359082533570351,0.3359082533570351,0.0,4.250542064448497,1,0.0,0,0.0613546,1,unchanged,unchanged
MED1,YIL014C-A,MED1|YIL014C-A,4.165584078344437,1.0,1,0.8794565175347169,0.8794565175347169,0.0,0.8363764839072956,0.8363764839072956,0.0,0.3451540959248045,0.3451540959248045,0.0,4.165584078344437,1,0.0,0,0.0099758599999999,0,unchanged,unchanged
MMS22,RNY1,MMS22|RNY1,4.287590026064425,1.0,1,1.0272075343474945,1.0272075343474945,0.0,1.0220627998482732,1.0220627998482732,0.0,0.3676203450180064,0.3676203450180064,0.0,4.287590026064425,1,0.025,1,0.0023904,0,unchanged,unchanged
MMS22,YHR033W,MMS22|YHR033W,4.082850389294728,1.0,1,0.9350883153298656,0.9350883153298656,0.0,0.9008306283223408,0.9008306283223408,0.0,0.3593627368895679,0.3593627368895679,0.0,4.082850389294728,1,0.02127659574468085,1,0.0145259999999999,0,unchanged,unchanged
MSG5,PTC1,MSG5|PTC1,-0.8652400077369649,0.0,1,-0.5954982765537413,-0.5954982765537413,0.0,-0.6429543961837237,-0.6429543961837237,0.0,-0.1879638827144507,-0.1879638827144507,0.0,0.8652400077369649,0,0.0,0,0.2887894,1,unchanged,unchanged
MSH2,TEC1,MSH2|TEC1,3.674490453325207,1.0,1,0.8200605207598339,0.8200605207598339,0.0,0.7789848389783744,0.7789848389783744,0.0,0.3041584717764662,0.3041584717764662,0.0,3.674490453325207,1,0.021739130434782608,1,0.00887849,0,unchanged,unchanged
MSH2,YIL014C-A,MSH2|YIL014C-A,4.307281991351706,1.0,1,0.7700129175391102,0.7700129175391102,0.0,0.6236658457050018,0.6236658457050018,0.0,0.2888694866421399,0.2888694866421399,0.0,4.307281991351706,1,0.0,0,0.01638474,0,unchanged,unchanged
PAT1,RNY1,PAT1|RNY1,4.275355802181688,1.0,1,0.8672550383250931,0.8672550383250931,0.0,0.8221473565175528,0.8221473565175528,0.0,0.3216213791666238,0.3216213791666238,0.0,4.275355802181688,1,0.025,1,0.0127903999999999,0,unchanged,unchanged
PAT1,SLX5,PAT1|SLX5,-1.7694438425201902,0.0,1,-0.6632807221712502,-0.6632807221712502,0.0,-0.6755878293020492,-0.6755878293020492,0.0,-0.2663218365275642,-0.2663218365275642,0.0,1.7694438425201902,0,0.0,0,0.0709889,1,unchanged,unchanged
PAT1,YHR033W,PAT1|YHR033W,4.074234416196703,1.0,1,0.7950645805440726,0.7950645805440726,0.0,0.6943089915990937,0.6943089915990937,0.0,0.3108418593406618,0.3108418593406618,0.0,4.074234416196703,1,0.02127659574468085,1,0.018874,0,unchanged,unchanged
PTC1,RNY1,PTC1|RNY1,5.273231873980636,1.0,1,0.9635090104446828,0.9635090104446828,0.0,1.021686114693921,1.021686114693921,0.0,0.359093737794116,0.359093737794116,0.0,5.273231873980636,1,0.012658227848101266,1,0.0239904,1,unchanged,unchanged
PTC1,TEC1,PTC1|TEC1,4.338918682453208,1.0,1,1.0274175050483711,1.0274175050483711,0.0,1.032135829386325,1.032135829386325,0.0,0.3651010223234268,0.3651010223234268,0.0,4.338918682453208,1,0.0,0,0.0048959,0,unchanged,unchanged
RAD6,RNY1,RAD6|RNY1,4.540757972275116,1.0,1,1.1426982998617872,1.1426982998617872,0.0,1.1848683855657698,1.1848683855657698,0.0,0.3688226789515422,0.3688226789515422,0.0,4.540757972275116,1,0.0,0,0.0076259999999999,0,unchanged,unchanged
RAD6,RTS1,RAD6|RTS1,-0.3725286774524851,1.0,1,0.2940120138582303,0.2940120138582303,0.0,0.2365580095223307,0.2365580095223307,0.0,0.0262475487742626,0.0262475487742626,0.0,0.3725286774524851,0,0.3333333333333333,1,0.11797375,1,unchanged,unchanged
RAD6,VID28,RAD6|VID28,1.7408057970826507,1.0,1,0.8825808081321703,0.8825808081321703,0.0,0.9087751804569466,0.9087751804569466,0.0,0.2958401748474514,0.2958401748474514,0.0,1.7408057970826507,0,0.0,0,0.027555,1,unchanged,unchanged
RAD6,YHR033W,RAD6|YHR033W,4.320902080514748,1.0,1,1.021390968038328,1.021390968038328,0.0,1.062262078714821,1.062262078714821,0.0,0.3613196142625321,0.3613196142625321,0.0,4.320902080514748,1,0.0,0,0.014735,0,unchanged,unchanged
RNY1,RPD3,RNY1|RPD3,-6.0969345127990815,0.0,1,-0.7764162676217584,-0.7764162676217584,0.0,-0.758888348120633,-0.758888348120633,0.0,-0.283268020741892,-0.283268020741892,0.0,6.0969345127990815,1,0.0,0,,-1,unchanged,unchanged
RNY1,RXT2,RNY1|RXT2,-6.044255625034755,0.0,1,-0.8571046936177356,-0.8571046936177356,0.0,-0.8450515309458793,-0.8450515309458793,0.0,-0.32480724459206,-0.32480724459206,0.0,6.044255625034755,1,0.0,0,0.0190850399999999,0,unchanged,unchanged
RNY1,RXT3,RNY1|RXT3,-6.059253274074388,0.0,1,-0.8342642400259008,-0.8342642400259008,0.0,-0.7607669293646404,-0.7607669293646404,0.0,-0.3091587982238427,-0.3091587982238427,0.0,6.059253274074388,1,0.0,0,0.0083123999999999,0,unchanged,unchanged
RNY1,SAM3,RNY1|SAM3,-0.5378298416000783,1.0,1,-0.2304037632436154,-0.2304037632436154,0.0,-0.1886230781046324,-0.1886230781046324,0.0,-0.0839282332390188,-0.0839282332390188,0.0,0.5378298416000783,0,0.24107142857142858,1,0.0191247999999999,0,unchanged,unchanged
RNY1,SAP30,RNY1|SAP30,-5.012118935966027,0.0,1,-0.7838472432053927,-0.7838472432053927,0.0,-0.8193338898066926,-0.8193338898066926,0.0,-0.3175386454705809,-0.3175386454705809,0.0,5.012118935966027,1,0.012658227848101266,1,0.0335854399999999,1,unchanged,unchanged
RNY1,SLX5,RNY1|SLX5,-6.064033286903385,0.0,1,-1.0286869843987243,-1.0286869843987243,0.0,-1.0566241495351751,-1.0566241495351751,0.0,-0.3680636848376214,-0.3680636848376214,0.0,6.064033286903385,1,0.0,0,0.01014856,0,unchanged,unchanged
RNY1,SPT21,RNY1|SPT21,-4.059723119623136,0.0,1,-1.021636867778401,-1.021636867778401,0.0,-1.0136672475620252,-1.0136672475620252,0.0,-0.3664445837642703,-0.3664445837642703,0.0,4.059723119623136,1,0.012195121951219513,1,0.0038804,0,unchanged,unchanged
RNY1,URM1,RNY1|URM1,-3.67427451302496,0.0,1,-0.8742660354093914,-0.8742660354093914,0.0,-0.83554311470248,-0.83554311470248,0.0,-0.321869762641001,-0.321869762641001,0.0,3.67427451302496,1,0.05,1,0.0123556,0,unchanged,unchanged
RNY1,YPT6,RNY1|YPT6,-5.256354437628943,0.0,1,-0.938724672210186,-0.938724672210186,0.0,-0.98574016277432,-0.98574016277432,0.0,-0.3524520278078835,-0.3524520278078835,0.0,5.256354437628943,1,0.012658227848101266,1,0.0210365599999998,0,unchanged,unchanged
RPD3,TEC1,RPD3|TEC1,5.167467821220916,1.0,1,0.7322874556034824,0.7322874556034824,0.0,0.7841359112469061,0.7841359112469061,0.0,0.2827455460484916,0.2827455460484916,0.0,5.167467821220916,1,0.0,0,,-1,unchanged,unchanged
RPD3,TRM10,RPD3|TRM10,2.8454593646150204,1.0,1,0.3532198121845717,0.3532198121845717,0.0,0.4010368676177436,0.4010368676177436,0.0,0.1941388597129062,0.1941388597129062,0.0,2.8454593646150204,0,0.0,0,,-1,unchanged,unchanged
RPD3,YIL014C-A,RPD3|YIL014C-A,5.787755855015544,1.0,1,0.518000997932082,0.518000997932082,0.0,0.5033178109355797,0.5033178109355797,0.0,0.221340251801954,0.221340251801954,0.0,5.787755855015544,1,0.0,0,,-1,unchanged,unchanged
RRP6,YHR033W,RRP6|YHR033W,2.5559848505330427,1.0,1,0.9677758425461668,0.9677758425461668,0.0,0.9936566371456304,0.9936566371456304,0.0,0.3321153390548837,0.3321153390548837,0.0,2.5559848505330427,0,0.09433962264150944,1,0.036535,1,unchanged,unchanged
RTS1,SAM3,RTS1|SAM3,4.385105964570598,1.0,1,0.9017187174223248,0.9017187174223248,0.0,0.8959874275162851,0.8959874275162851,0.0,0.3434291874413762,0.3434291874413762,0.0,4.385105964570598,1,0.0,0,0.0182440000000001,0,unchanged,unchanged
RXT2,YIL014C-A,RXT2|YIL014C-A,5.77100751532037,1.0,1,0.8130612865450371,0.8130612865450371,0.0,0.7360910498756217,0.7360910498756217,0.0,0.3211446243218058,0.3211446243218058,0.0,5.77100751532037,1,0.0,0,0.01052066,0,unchanged,unchanged
SAM3,SPT21,SAM3|SPT21,-3.595579256244036,0.0,1,-0.9805724901912548,-0.9805724901912548,0.0,-0.9778249702325118,-0.9778249702325118,0.0,-0.3592522026642151,-0.3592522026642151,0.0,3.595579256244036,0,0.015625,1,0.012412,0,unchanged,unchanged
SAM3,VPS36,SAM3|VPS36,-2.2678885890715383,0.0,1,-0.9817644499487662,-0.9817644499487662,0.0,-1.0494079797637754,-1.0494079797637754,0.0,-0.3238979970179703,-0.3238979970179703,0.0,2.2678885890715383,0,0.09375,1,0.0247359999999999,1,unchanged,unchanged
SAM3,VPS4,SAM3|VPS4,-3.784309568100272,0.0,1,-0.915151512699768,-0.915151512699768,0.0,-0.9651724676183384,-0.9651724676183384,0.0,-0.3474828481914267,-0.3474828481914267,0.0,3.784309568100272,1,0.0,0,0.0396592000000001,1,unchanged,unchanged
SAP30,TEC1,SAP30|TEC1,4.134237278075196,1.0,1,0.8826023297407791,0.8826023297407791,0.0,0.8397853527535497,0.8397853527535497,0.0,0.3188656432255417,0.3188656432255417,0.0,4.134237278075196,1,0.0,0,0.0012022599999999,0,unchanged,unchanged
SAP30,YIL014C-A,SAP30|YIL014C-A,4.770084420075023,1.0,1,0.6762818648021331,0.6762818648021331,0.0,0.71648948748392,0.71648948748392,0.0,0.3024059305596075,0.3024059305596075,0.0,4.770084420075023,1,0.015151515151515152,1,0.0353647599999999,1,unchanged,unchanged
SGF29,YIL014C-A,SGF29|YIL014C-A,2.330295204556755,1.0,1,0.7282454433524574,0.7282454433524574,0.0,0.7988931713365024,0.7988931713365024,0.0,0.301303596990438,0.301303596990438,0.0,2.330295204556755,0,0.0136986301369863,1,0.062885,1,unchanged,unchanged
SLX5,VID28,SLX5|VID28,3.2871147881459737,1.0,1,0.90357273794369,0.90357273794369,0.0,0.8751953399904828,0.8751953399904828,0.0,0.3439512564736939,0.3439512564736939,0.0,3.2871147881459737,0,0.0,0,0.0126581999999999,0,unchanged,unchanged
SLX5,YBR285W,SLX5|YBR285W,4.57974565801773,1.0,1,0.8572807661194893,0.8572807661194893,0.0,0.9469271788743164,0.9469271788743164,0.0,0.3412561343278277,0.3412561343278277,0.0,4.57974565801773,1,0.0,0,0.08736415,1,unchanged,unchanged
SLX5,YHR033W,SLX5|YHR033W,5.866121361936856,1.0,1,0.9199506185993384,0.9199506185993384,0.0,0.9344358947425844,0.9344358947425844,0.0,0.3576358850314924,0.3576358850314924,0.0,5.866121361936856,1,0.0,0,0.0021013999999999,0,unchanged,unchanged
SNT1,YIL014C-A,SNT1|YIL014C-A,4.63645605442922,1.0,1,0.4569220749931434,0.4569220749931434,0.0,0.4444894851942673,0.4444894851942673,0.0,0.2283476248312421,0.2283476248312421,0.0,4.63645605442922,1,0.0,0,0.0993134,1,unchanged,unchanged
SPT21,TRM1,SPT21|TRM1,0.3412516813047132,1.0,1,0.5780191293683556,0.5780191293683556,0.0,0.5269002183691325,0.5269002183691325,0.0,0.1598825826425142,0.1598825826425142,0.0,0.3412516813047132,0,0.1111111111111111,1,0.0067635,0,unchanged,unchanged
SPT3,TIP41,SPT3|TIP41,0.745209076836155,1.0,1,0.6003159607150181,0.6003159607150181,0.0,0.5894117700530488,0.5894117700530488,0.0,0.1936887511777843,0.1936887511777843,0.0,0.745209076836155,0,0.0,0,0.03193066,1,unchanged,unchanged
SWC5,YIL014C-A,SWC5|YIL014C-A,5.549039285329736,1.0,1,0.7090731272371945,0.7090731272371945,0.0,0.8128049019855649,0.8128049019855649,0.0,0.3039901150743054,0.3039901150743054,0.0,5.549039285329736,1,0.0,0,0.136235,1,unchanged,unchanged
TEC1,VPS36,TEC1|VPS36,-1.8441803982255256,0.0,1,-1.0393813409590344,-1.0393813409590344,0.0,-1.078417061752022,-1.078417061752022,0.0,-0.3153917355879239,-0.3153917355879239,0.0,1.8441803982255256,0,0.018867924528301886,1,0.0212051999999999,0,unchanged,unchanged
VID28,YPT6,VID28|YPT6,-2.4652113249437377,0.0,1,-0.8416465133367022,-0.8416465133367022,0.0,-0.772794031395442,-0.772794031395442,0.0,-0.3222183267807692,-0.3222183267807692,0.0,2.4652113249437377,0,0.0,0,0.0106681999999999,0,unchanged,unchanged
VPS72,YIL014C-A,VPS72|YIL014C-A,5.731720907367876,1.0,1,0.8450692514635745,0.8450692514635745,0.0,0.7334453085104236,0.7334453085104236,0.0,0.3229517228995425,0.3229517228995425,0.0,5.731720907367876,1,0.0,0,0.0078275,0,unchanged,unchanged
ARP6,SYC1,ARP6|SYC1,2.016819557939674,1.0,2,0.6963982228470053,0.6963982228470053,0.0,0.663838203173061,0.663838203173061,0.0,0.2463712263333641,0.2463712263333641,0.0,2.016819557939674,0,0.18181818181818182,1,0.0690481499999999,1,unchanged,unchanged
ARP6,TSL1,ARP6|TSL1,7.283174096737191,1.0,2,0.8604712491087352,0.8604712491087352,0.0,0.7769722157043168,0.7769722157043168,0.0,0.2957534692033147,0.2957534692033147,0.0,7.283174096737191,1,0.005747126436781609,0,0.0071786599999998,0,unchanged,unchanged
BAS1,STM1,BAS1|STM1,-0.9649710809850874,1.0,2,-0.2754230111671644,-0.2754230111671644,0.0,-0.2046661425759884,-0.2046661425759884,0.0,-0.0703159228608515,-0.0703159228608515,0.0,0.9649710809850874,0,0.16666666666666666,1,0.0325539599999999,1,unchanged,unchanged
BRE5,EUG1,BRE5|EUG1,1.2289731680178313,1.0,2,0.7267525849171037,0.7267525849171037,0.0,0.7082862050359684,0.7082862050359684,0.0,0.2350088062322668,0.2350088062322668,0.0,1.2289731680178313,0,0.045454545454545456,1,0.0224875000000001,1,unchanged,unchanged
BRE5,RNR4,BRE5|RNR4,3.640272893628453,1.0,2,0.5400423154305969,0.5400423154305969,0.0,0.4036137301935085,0.4036137301935085,0.0,0.1371105449233535,0.1371105449233535,0.0,3.640272893628453,0,0.05,1,0.0205625,0,unchanged,unchanged
BRE5,TSL1,BRE5|TSL1,5.57421026826581,1.0,2,0.8626106670258161,0.8626106670258161,0.0,0.8000803723389973,0.8000803723389973,0.0,0.3001979163868395,0.3001979163868395,0.0,5.57421026826581,1,0.028735632183908046,1,0.0345235,1,unchanged,unchanged
CAF130,TSL1,CAF130|TSL1,7.170671748055051,1.0,2,0.4712619392259347,0.4712619392259347,0.0,0.3428223549533243,0.3428223549533243,0.0,0.1290085308410203,0.1290085308410203,0.0,7.170671748055051,1,0.011560693641618497,1,0.0039004599999999,0,unchanged,unchanged
CDH1,TSL1,CDH1|TSL1,8.521565110323236,1.0,2,0.9605160682884798,0.9605160682884798,0.0,0.9474099264897822,0.9474099264897822,0.0,0.3475588257237955,0.3475588257237955,0.0,8.521565110323236,1,0.0,0,0.0110254,0,unchanged,unchanged
CGI121,HFM1,CGI121|HFM1,4.038236847969734,1.0,2,1.0087540159728832,1.0087540159728832,0.0,0.975687462560425,0.975687462560425,0.0,0.3421466712101899,0.3421466712101899,0.0,4.038236847969734,1,0.0196078431372549,1,0.002488,0,unchanged,unchanged
CHD1,TSL1,CHD1|TSL1,7.955439716659373,1.0,2,0.7608462860763989,0.7608462860763989,0.0,0.653090217257092,0.653090217257092,0.0,0.2516555566989868,0.2516555566989868,0.0,7.955439716659373,1,0.0,0,0.0010555999999999,0,unchanged,unchanged
CHK1,TSL1,CHK1|TSL1,7.169494375791224,1.0,2,0.6986731213707031,0.6986731213707031,0.0,0.6788154356111511,0.6788154356111511,0.0,0.2517752561246241,0.2517752561246241,0.0,7.169494375791224,1,0.005780346820809248,0,0.0347843399999999,1,unchanged,unchanged
CKA2,TSL1,CKA2|TSL1,8.540386000519373,1.0,2,0.6543331201929816,0.6543331201929816,0.0,0.5203637317896366,0.5203637317896366,0.0,0.1995455606762672,0.1995455606762672,0.0,8.540386000519373,1,0.0,0,0.0118985999999999,0,unchanged,unchanged
CST6,HHF1,CST6|HHF1,2.482901064761905,1.0,2,0.6881528831102817,0.6881528831102817,0.0,0.5488499988927829,0.5488499988927829,0.0,0.2165776115576074,0.2165776115576074,0.0,2.482901064761905,0,0.030303030303030304,1,0.0217481999999998,1,unchanged,unchanged
CST6,LRP1,CST6|LRP1,1.94720882024958,1.0,2,0.2125278492365461,0.2125278492365461,0.0,0.219622726737493,0.219622726737493,0.0,0.0694189012672645,0.0694189012672645,0.0,1.94720882024958,0,0.045454545454545456,1,0.0587159999999999,1,unchanged,unchanged
CST6,MRT4,CST6|MRT4,2.13787278342612,1.0,2,0.3471379903044009,0.3471379903044009,0.0,0.285303348601475,0.285303348601475,0.0,0.0957006834191749,0.0957006834191749,0.0,2.13787278342612,0,0.038461538461538464,1,0.0539298,1,unchanged,unchanged
CST6,NRG1,CST6|NRG1,3.91186264830449,1.0,2,0.7367238753779675,0.7367238753779675,0.0,0.5919690954306867,0.5919690954306867,0.0,0.2298088674606764,0.2298088674606764,0.0,3.91186264830449,1,0.061224489795918366,1,0.0332419999999999,1,unchanged,unchanged
CST6,PTK2,CST6|PTK2,1.657660181954275,1.0,2,0.5302857185279679,0.5302857185279679,0.0,0.4502217248310963,0.4502217248310963,0.0,0.1731485016418955,0.1731485016418955,0.0,1.657660181954275,0,0.0625,1,0.06267,1,unchanged,unchanged
CST6,RNR4,CST6|RNR4,4.419225062219003,1.0,2,0.4314779341884804,0.4314779341884804,0.0,0.3089867099342291,0.3089867099342291,0.0,0.0935019278742595,0.0935019278742595,0.0,4.419225062219003,1,0.01694915254237288,1,0.0111700000000001,0,unchanged,unchanged
CST6,TMA23,CST6|TMA23,1.9452171030207657,1.0,2,0.217567958329899,0.217567958329899,0.0,0.1626372960056139,0.1626372960056139,0.0,0.0372167126177168,0.0372167126177168,0.0,1.9452171030207657,0,0.045454545454545456,1,0.0136129999999999,0,unchanged,unchanged
CST6,TSL1,CST6|TSL1,6.296735842200213,1.0,2,0.8286516665039213,0.8286516665039213,0.0,0.7198898719100545,0.7198898719100545,0.0,0.2716113069347464,0.2716113069347464,0.0,6.296735842200213,1,0.017341040462427744,1,0.0002668,0,unchanged,unchanged
CST6,YPL199C,CST6|YPL199C,1.3264055563591923,1.0,2,0.6860179122352219,0.6860179122352219,0.0,0.6523861897347074,0.6523861897347074,0.0,0.2233137514752193,0.2233137514752193,0.0,1.3264055563591923,0,0.058823529411764705,1,0.0175722,0,unchanged,unchanged
DID4,PIN4,DID4|PIN4,3.2911938419009177,1.0,2,0.7556564358183773,0.7556564358183773,0.0,0.7310402499467406,0.7310402499467406,0.0,0.2860003576200177,0.2860003576200177,0.0,3.2911938419009177,0,0.0,0,0.0418689999999999,1,unchanged,unchanged
DID4,TSL1,DID4|TSL1,7.234873898833493,1.0,2,0.950552168122864,0.950552168122864,0.0,0.9226521169142616,0.9226521169142616,0.0,0.3438973101272422,0.3438973101272422,0.0,7.234873898833493,1,0.005780346820809248,0,0.0100154,0,unchanged,unchanged
EAF5,TSL1,EAF5|TSL1,7.383048103956256,1.0,2,0.6718033923512196,0.6718033923512196,0.0,0.6267927207450614,0.6267927207450614,0.0,0.1743388882668072,0.1743388882668072,0.0,7.383048103956256,1,0.005780346820809248,0,,-1,unchanged,unchanged
EAF7,TSL1,EAF7|TSL1,7.264578589854957,1.0,2,0.8587105087955229,0.8587105087955229,0.0,0.7678758040148798,0.7678758040148798,0.0,0.2921115056311077,0.2921115056311077,0.0,7.264578589854957,1,0.0,0,0.0263763999999999,1,unchanged,unchanged
ELP4,HFM1,ELP4|HFM1,3.743182777366151,1.0,2,0.9534753496286884,0.9534753496286884,0.0,0.8803876376888109,0.8803876376888109,0.0,0.3113919156007116,0.3113919156007116,0.0,3.743182777366151,1,0.019230769230769232,1,0.0037489,0,unchanged,unchanged
ELP4,HSC82,ELP4|HSC82,2.1577433299665536,1.0,2,0.8363231465234964,0.8363231465234964,0.0,0.7971793766159754,0.7971793766159754,0.0,0.2780608681712732,0.2780608681712732,0.0,2.1577433299665536,0,0.058823529411764705,1,0.0160691599999998,0,unchanged,unchanged
ELP4,TSL1,ELP4|TSL1,6.53105033493573,1.0,2,0.8722772407039361,0.8722772407039361,0.0,0.7917313759691609,0.7917313759691609,0.0,0.2992185294898127,0.2992185294898127,0.0,6.53105033493573,1,0.017241379310344827,1,0.02217764,1,unchanged,unchanged
ELP6,HFM1,ELP6|HFM1,2.763374974758793,1.0,2,0.9028882242705428,0.9028882242705428,0.0,0.9016491772683486,0.9016491772683486,0.0,0.3075960467860302,0.3075960467860302,0.0,2.763374974758793,0,0.09615384615384616,1,0.0192078999999999,0,unchanged,unchanged
ELP6,HSC82,ELP6|HSC82,1.2465311770576546,1.0,2,0.7429218512912037,0.7429218512912037,0.0,0.726629541153362,0.726629541153362,0.0,0.2380999469205336,0.2380999469205336,0.0,1.2465311770576546,0,0.15789473684210525,1,0.0154312399999999,0,unchanged,unchanged
ELP6,SIS2,ELP6|SIS2,-2.2608824535559147,0.0,2,-0.2252042169843388,-0.2252042169843388,0.0,-0.1891743786736521,-0.1891743786736521,0.0,-0.0617125915149651,-0.0617125915149651,0.0,2.2608824535559147,0,0.0,0,0.0423166,1,unchanged,unchanged
ELP6,TSL1,ELP6|TSL1,5.5944326524724834,1.0,2,0.8957173566739502,0.8957173566739502,0.0,0.8471173950343216,0.8471173950343216,0.0,0.3155320091762502,0.3155320091762502,0.0,5.5944326524724834,1,0.046242774566473986,1,0.0296639599999999,1,unchanged,unchanged
ELP6,YPL199C,ELP6|YPL199C,0.5383600130240983,1.0,2,0.6029642378850648,0.6029642378850648,0.0,0.5852164844791397,0.5852164844791397,0.0,0.1859337152620621,0.1859337152620621,0.0,0.5383600130240983,0,0.045454545454545456,1,0.0303906599999999,1,unchanged,unchanged
ESC2,TSL1,ESC2|TSL1,7.86806880152817,1.0,2,0.821358592618373,0.821358592618373,0.0,0.7297659395559359,0.7297659395559359,0.0,0.2779156525173756,0.2779156525173756,0.0,7.86806880152817,1,0.0,0,0.0255916999999998,1,unchanged,unchanged
EUG1,LRP1,EUG1|LRP1,-0.097417267844176,0.0,2,-0.5335179964323686,-0.5335179964323686,0.0,-0.4975370462906248,-0.4975370462906248,0.0,-0.1564827845283631,-0.1564827845283631,0.0,0.097417267844176,0,0.09090909090909091,1,0.01841,0,unchanged,unchanged
EUG1,MGA2,EUG1|MGA2,-1.1078409678451695,0.0,2,-0.6620205198928348,-0.6620205198928348,0.0,-0.6486172145000948,-0.6486172145000948,0.0,-0.2126871056781573,-0.2126871056781573,0.0,1.1078409678451695,0,0.041666666666666664,1,0.0225880000000001,1,unchanged,unchanged
EUG1,SDS3,EUG1|SDS3,-2.318859939859752,0.0,2,-0.7755607455985729,-0.7755607455985729,0.0,-0.8431112419319031,-0.8431112419319031,0.0,-0.2717835664173916,-0.2717835664173916,0.0,2.318859939859752,0,0.0,0,0.0716299999999999,1,unchanged,unchanged
EUG1,STB5,EUG1|STB5,-1.9711262400798248,0.0,2,-0.818197682749751,-0.818197682749751,0.0,-0.8754281958180012,-0.8754281958180012,0.0,-0.2716046799665351,-0.2716046799665351,0.0,1.9711262400798248,0,0.09523809523809523,1,0.054502,1,unchanged,unchanged
EUG1,URN1,EUG1|URN1,1.869189577758814,1.0,2,0.2680189233547208,0.2680189233547208,0.0,0.2042552741902067,0.2042552741902067,0.0,0.0775590947701918,0.0775590947701918,0.0,1.869189577758814,0,0.03773584905660377,1,0.0143729999999999,0,unchanged,unchanged
HDA1,RNR4,HDA1|RNR4,5.635114865284553,1.0,2,0.6438262389026104,0.6438262389026104,0.0,0.5526318303643781,0.5526318303643781,0.0,0.2143251070681791,0.2143251070681791,0.0,5.635114865284553,1,0.017543859649122806,1,0.0825599999999999,1,unchanged,unchanged
HFI1,HFM1,HFI1|HFM1,3.528181169788536,1.0,2,1.1906914542254232,1.1906914542254232,0.0,1.2315476153354137,1.2315476153354137,0.0,0.3494605456860021,0.3494605456860021,0.0,3.528181169788536,0,0.018518518518518517,1,0.0116947499999999,0,unchanged,unchanged
HFI1,MET13,HFI1|MET13,2.845400660464711,1.0,2,1.187932461679236,1.187932461679236,0.0,1.2110432032578782,1.2110432032578782,0.0,0.3445410876015932,0.3445410876015932,0.0,2.845400660464711,0,0.08108108108108109,1,0.0050755,0,unchanged,unchanged
HFI1,RAD26,HFI1|RAD26,-0.3813044578330563,1.0,2,0.6843647045098334,0.6843647045098334,0.0,0.6110792769436086,0.6110792769436086,0.0,0.1313370853961094,0.1313370853961094,0.0,0.3813044578330563,0,0.1111111111111111,1,0.018737,0,unchanged,unchanged
HFI1,STB5,HFI1|STB5,0.0540495731258093,1.0,2,0.4180102506427727,0.4180102506427727,0.0,0.3602017869920185,0.3602017869920185,0.0,0.1338272654535857,0.1338272654535857,0.0,0.0540495731258093,0,0.18181818181818182,1,0.0054326,0,unchanged,unchanged
HFI1,STM1,HFI1|STM1,0.1544213768959463,1.0,2,0.6098568633960235,0.6098568633960235,0.0,0.5584395941501764,0.5584395941501764,0.0,0.1461036046642946,0.1461036046642946,0.0,0.1544213768959463,0,0.2222222222222222,1,0.0415908999999999,1,unchanged,unchanged
HFI1,SWM1,HFI1|SWM1,2.134539761793805,1.0,2,1.1316181940350225,1.1316181940350225,0.0,1.1395534579989413,1.1395534579989413,0.0,0.325648250889236,0.325648250889236,0.0,2.134539761793805,0,0.12,1,0.0104577499999999,0,unchanged,unchanged
HFI1,TIF2,HFI1|TIF2,-0.5516439571682455,1.0,2,0.3804638832274723,0.3804638832274723,0.0,0.3249246138920284,0.3249246138920284,0.0,0.0866373195356086,0.0866373195356086,0.0,0.5516439571682455,0,0.0,0,0.00785415,0,unchanged,unchanged
HFI1,TPK3,HFI1|TPK3,-0.4167474188149116,1.0,2,0.6462257231799524,0.6462257231799524,0.0,0.5749092463885693,0.5749092463885693,0.0,0.1313210189919846,0.1313210189919846,0.0,0.4167474188149116,0,0.1111111111111111,1,0.0126546,0,unchanged,unchanged
HFI1,TSL1,HFI1|TSL1,6.148276495745778,1.0,2,1.1315018772575491,1.1315018772575491,0.0,1.158925990003672,1.158925990003672,0.0,0.3554495061870255,0.3554495061870255,0.0,6.148276495745778,1,0.011299435028248588,1,0.0139950999999999,0,unchanged,unchanged
HFI1,URA7,HFI1|URA7,1.6865093390248962,1.0,2,1.021297678183108,1.021297678183108,0.0,0.9914440493644578,0.9914440493644578,0.0,0.2995949428312637,0.2995949428312637,0.0,1.6865093390248962,0,0.10526315789473684,1,0.0089353999999999,0,unchanged,unchanged
HFI1,YJL206C,HFI1|YJL206C,-0.2086558220876258,1.0,2,0.6496128446094831,0.6496128446094831,0.0,0.583546117731502,0.583546117731502,0.0,0.1484415952686149,0.1484415952686149,0.0,0.2086558220876258,0,0.1,1,0.0005128999999999,0,unchanged,unchanged
HFM1,LSM6,HFM1|LSM6,-5.33202236772652,0.0,2,-0.862102821280945,-0.862102821280945,0.0,-0.9364884863782358,-0.9364884863782358,0.0,-0.3059464318468721,-0.3059464318468721,0.0,5.33202236772652,1,0.0,0,0.0470436499999999,1,unchanged,unchanged
HFM1,SAS2,HFM1|SAS2,-3.581912095403062,0.0,2,-0.6746086327403276,-0.6746086327403276,0.0,-0.526236912229146,-0.526236912229146,0.0,-0.1989077230682966,-0.1989077230682966,0.0,3.581912095403062,0,0.061224489795918366,1,0.0057175999999998,0,unchanged,unchanged
HFM1,TSL1,HFM1|TSL1,2.6780023595913027,1.0,2,0.3311264841330769,0.3311264841330769,0.0,0.2434191035918436,0.2434191035918436,0.0,0.0933433017405971,0.0933433017405971,0.0,2.6780023595913027,0,0.11616161616161616,1,0.0068308999999999,0,unchanged,unchanged
HHF1,HPC2,HHF1|HPC2,-1.3074168125351082,0.0,2,-0.1913244735657683,-0.1913244735657683,0.0,-0.2255951212875268,-0.2255951212875268,0.0,-0.0767699167771423,-0.0767699167771423,0.0,1.3074168125351082,0,0.027777777777777776,1,0.1653062599999999,1,unchanged,unchanged
HHF1,SLX8,HHF1|SLX8,-1.99626849566084,0.0,2,-0.8488191900305446,-0.8488191900305446,0.0,-0.8030982337178244,-0.8030982337178244,0.0,-0.3026684490162735,-0.3026684490162735,0.0,1.99626849566084,0,0.030303030303030304,1,0.0094762999999999,0,unchanged,unchanged
HHT1,HPC2,HHT1|HPC2,-0.1430753529256897,0.0,2,-0.1014363459062275,-0.1014363459062275,0.0,-0.0891619707770551,-0.0891619707770551,0.0,-0.0425073840438257,-0.0425073840438257,0.0,0.1430753529256897,0,0.0,0,0.1515947999999999,1,unchanged,unchanged
HHT1,RNR4,HHT1|RNR4,3.049803484612856,0.0,2,0.0720192248939834,0.0720192248939834,0.0,0.0927312848786046,0.0927312848786046,0.0,0.0373787734579826,0.0373787734579826,0.0,3.049803484612856,0,0.09523809523809523,1,0.0338699999999999,1,unchanged,unchanged
HPC2,HSE1,HPC2|HSE1,-2.254978126874489,0.0,2,-0.4910527330711806,-0.4910527330711806,0.0,-0.3572458189393722,-0.3572458189393722,0.0,-0.1285126728461841,-0.1285126728461841,0.0,2.254978126874489,0,0.0,0,0.0213869,1,unchanged,unchanged
HPC2,RPB9,HPC2|RPB9,-2.167420389543952,0.0,2,-1.084581855578913,-1.084581855578913,0.0,-1.1024719366887152,-1.1024719366887152,0.0,-0.3156630735174729,-0.3156630735174729,0.0,2.167420389543952,0,0.0,0,0.0187444,0,unchanged,unchanged
HPC2,TSL1,HPC2|TSL1,5.133302382171797,0.0,2,0.6767323728343314,0.6767323728343314,0.0,0.5277095512905787,0.5277095512905787,0.0,0.1990842802645178,0.1990842802645178,0.0,5.133302382171797,1,0.022857142857142857,1,0.0020267600000001,0,unchanged,unchanged
HSC82,MGA2,HSC82|MGA2,-1.0589884518238948,0.0,2,-0.5995758847316273,-0.5995758847316273,0.0,-0.6057640145857439,-0.6057640145857439,0.0,-0.1967068452123457,-0.1967068452123457,0.0,1.0589884518238948,0,0.1,1,0.0484922399999999,1,unchanged,unchanged
HSC82,OPI1,HSC82|OPI1,-2.083744546014139,0.0,2,-0.8429821373802613,-0.8429821373802613,0.0,-0.7746854549582953,-0.7746854549582953,0.0,-0.2692384355405334,-0.2692384355405334,0.0,2.083744546014139,0,0.125,1,0.0042531,0,unchanged,unchanged
HSC82,RPB9,HSC82|RPB9,-2.9262546651455863,0.0,2,-1.211404006054706,-1.211404006054706,0.0,-1.2610590007785754,-1.2610590007785754,0.0,-0.3386981470844211,-0.3386981470844211,0.0,2.9262546651455863,0,0.07142857142857142,1,0.0167524,0,unchanged,unchanged
HSC82,TSL1,HSC82|TSL1,4.35250881539082,1.0,2,0.4218945220205706,0.4218945220205706,0.0,0.3144656652619249,0.3144656652619249,0.0,0.1181711904133178,0.1181711904133178,0.0,4.35250881539082,1,0.05084745762711865,1,0.0055800400000001,0,unchanged,unchanged
HSE1,PIN4,HSE1|PIN4,3.470743548431272,1.0,2,0.3485215185213567,0.3485215185213567,0.0,0.2459494146903064,0.2459494146903064,0.0,0.0875280967819013,0.0875280967819013,0.0,3.470743548431272,0,0.0,0,0.0202565,0,unchanged,unchanged
HSE1,SWA2,HSE1|SWA2,0.5059858673546016,0.0,2,-0.37533796328332,-0.37533796328332,0.0,-0.3212798046055469,-0.3212798046055469,0.0,-0.0873826680821662,-0.0873826680821662,0.0,0.5059858673546016,0,0.3333333333333333,1,0.089102,1,unchanged,unchanged
HSE1,TSL1,HSE1|TSL1,7.38552524987372,1.0,2,0.6304932848611988,0.6304932848611988,0.0,0.4795104240822706,0.4795104240822706,0.0,0.1770377879877138,0.1770377879877138,0.0,7.38552524987372,1,0.005780346820809248,0,0.0160571,0,unchanged,unchanged
IES3,NHP10,IES3|NHP10,1.3515397737337178,1.0,2,0.2137452849772932,0.2137452849772932,0.0,0.2561350386560435,0.2561350386560435,0.0,0.0821546737662882,0.0821546737662882,0.0,1.3515397737337178,0,0.0,0,0.4254759999999999,1,unchanged,unchanged
IES3,TSL1,IES3|TSL1,8.784274443398477,1.0,2,0.8531313644465288,0.8531313644465288,0.0,0.8404987647241327,0.8404987647241327,0.0,0.3072246027572095,0.3072246027572095,0.0,8.784274443398477,1,0.0,0,0.0542095999999999,1,unchanged,unchanged
KAR3,TSL1,KAR3|TSL1,6.402027118217613,1.0,2,0.9247625944908706,0.9247625944908706,0.0,0.9533264063824464,0.9533264063824464,0.0,0.3388051262840251,0.3388051262840251,0.0,6.402027118217613,1,0.005681818181818182,0,0.0227599599999999,1,unchanged,unchanged
LRP1,RIM1,LRP1|RIM1,-3.270940996165913,0.0,2,-0.5863838283194631,-0.5863838283194631,0.0,-0.4365089013688801,-0.4365089013688801,0.0,-0.1568597673896735,-0.1568597673896735,0.0,3.270940996165913,0,0.0,0,0.0079439999999999,0,unchanged,unchanged
LSM6,MGA2,LSM6|MGA2,2.632009661552988,1.0,2,0.684361331075211,0.684361331075211,0.0,0.5829212408150246,0.5829212408150246,0.0,0.2336562668075441,0.2336562668075441,0.0,2.632009661552988,0,0.0,0,0.03485344,1,unchanged,unchanged
MET13,NGG1,MET13|NGG1,-3.0780167218940844,0.0,2,-1.0872913654733365,-1.0872913654733365,0.0,-1.175243482259741,-1.175243482259741,0.0,-0.32549042711588,-0.32549042711588,0.0,3.0780167218940844,0,0.0,0,0.0335549999999999,1,unchanged,unchanged
MET13,OPI1,MET13|OPI1,-3.0577555233054383,0.0,2,-0.781305923628214,-0.781305923628214,0.0,-0.836858078375635,-0.836858078375635,0.0,-0.2772591785286218,-0.2772591785286218,0.0,3.0577555233054383,0,0.05555555555555555,1,0.0452254999999999,1,unchanged,unchanged
MET13,SDS3,MET13|SDS3,-3.3694969101026016,0.0,2,-0.9624706951204792,-0.9624706951204792,0.0,-0.9131155990404332,-0.9131155990404332,0.0,-0.3216277494526407,-0.3216277494526407,0.0,3.3694969101026016,0,0.0,0,0.000758,0,unchanged,unchanged
MET13,SNF6,MET13|SNF6,-3.3215910295418127,0.0,2,-0.9778144811541952,-0.9778144811541952,0.0,-1.0546905053885145,-1.0546905053885145,0.0,-0.3238485118314,-0.3238485118314,0.0,3.3215910295418127,0,0.05714285714285714,1,0.0381209999999999,1,unchanged,unchanged
MGA2,PTK2,MGA2|PTK2,0.8009663490944504,1.0,2,0.3684450624990557,0.3684450624990557,0.0,0.3269357357266557,0.3269357357266557,0.0,0.1374995270704425,0.1374995270704425,0.0,0.8009663490944504,0,0.15789473684210525,1,0.0587760000000001,1,unchanged,unchanged
MGA2,RNR4,MGA2|RNR4,3.537243243040387,1.0,2,0.4341152387825499,0.4341152387825499,0.0,0.3620393348163755,0.3620393348163755,0.0,0.119325366641081,0.119325366641081,0.0,3.537243243040387,0,0.015625,1,0.0579159999999999,1,unchanged,unchanged
MGA2,SLX8,MGA2|SLX8,-0.34013730587589,0.0,2,-0.3633903777169346,-0.3633903777169346,0.0,-0.3421154361938832,-0.3421154361938832,0.0,-0.135810406826353,-0.135810406826353,0.0,0.34013730587589,0,0.0,0,0.0802128000000001,1,unchanged,unchanged
MGA2,SWA2,MGA2|SWA2,-1.4981771859184203,1.0,2,-0.6494438063150532,-0.6494438063150532,0.0,-0.5609577682071989,-0.5609577682071989,0.0,-0.2349418000354627,-0.2349418000354627,0.0,1.4981771859184203,0,0.0,0,0.0199047999999999,0,unchanged,unchanged
MGA2,TSL1,MGA2|TSL1,5.409084671101285,1.0,2,0.743921318180802,0.743921318180802,0.0,0.7507566018802434,0.7507566018802434,0.0,0.2748617312810268,0.2748617312810268,0.0,5.409084671101285,1,0.028409090909090908,1,0.04013296,1,unchanged,unchanged
MRN1,TSL1,MRN1|TSL1,6.03034875829998,1.0,2,0.7490474909898033,0.7490474909898033,0.0,0.7075175361655928,0.7075175361655928,0.0,0.2650049280287744,0.2650049280287744,0.0,6.03034875829998,1,0.017045454545454544,1,0.03071274,1,unchanged,unchanged
MRT4,OPI1,MRT4|OPI1,-2.277679571145059,0.0,2,-0.4444837510130491,-0.4444837510130491,0.0,-0.3601318181775947,-0.3601318181775947,0.0,-0.1266726798088202,-0.1266726798088202,0.0,2.277679571145059,0,0.07692307692307693,1,0.07207485,1,unchanged,unchanged
MRT4,RIM1,MRT4|RIM1,-3.4891775171366173,0.0,2,-0.6462124015071811,-0.6462124015071811,0.0,-0.5295101985283035,-0.5295101985283035,0.0,-0.2049371938070483,-0.2049371938070483,0.0,3.4891775171366173,0,0.041666666666666664,1,0.0486518,1,unchanged,unchanged
MRT4,RPB9,MRT4|RPB9,-3.1635405491944915,0.0,2,-0.9786317339766016,-0.9786317339766016,0.0,-0.9706510985732628,-0.9706510985732628,0.0,-0.3169412506011131,-0.3169412506011131,0.0,3.1635405491944915,0,0.041666666666666664,1,0.0032394,0,unchanged,unchanged
MRT4,STB5,MRT4|STB5,-2.0106432533029386,0.0,2,-0.554675159142747,-0.554675159142747,0.0,-0.5172460553209266,-0.5172460553209266,0.0,-0.2029407006701893,-0.2029407006701893,0.0,2.0106432533029386,0,0.07142857142857142,1,0.0872652399999999,1,unchanged,unchanged
NGG1,TSL1,NGG1|TSL1,6.372027819060701,1.0,2,1.0658910557943928,1.0658910557943928,0.0,1.118269302341931,1.118269302341931,0.0,0.3410017831548649,0.3410017831548649,0.0,6.372027819060701,1,0.017142857142857144,1,0.0282089999999999,1,unchanged,unchanged
NHP10,TSL1,NHP10|TSL1,7.416692874762626,1.0,2,0.8847993208111848,0.8847993208111848,0.0,0.8808574761774182,0.8808574761774182,0.0,0.3197199453349135,0.3197199453349135,0.0,7.416692874762626,1,0.005780346820809248,0,0.0457995999999999,1,unchanged,unchanged
NRG1,RPB9,NRG1|RPB9,-4.9525004891044,0.0,2,-1.1289115451956242,-1.1289115451956242,0.0,-1.144553280092571,-1.144553280092571,0.0,-0.3409100862025536,-0.3409100862025536,0.0,4.9525004891044,1,0.02040816326530612,1,0.0097259999999999,0,unchanged,unchanged
NRG1,SLX8,NRG1|SLX8,-3.498436446721123,0.0,2,-0.8976208385896748,-0.8976208385896748,0.0,-0.8746506202708464,-0.8746506202708464,0.0,-0.3210498860563904,-0.3210498860563904,0.0,3.498436446721123,0,0.0196078431372549,1,0.0297469999999998,1,unchanged,unchanged
NRG1,SWA2,NRG1|SWA2,-4.586318987531954,0.0,2,-0.893202417224342,-0.893202417224342,0.0,-0.8406144249444691,-0.8406144249444691,0.0,-0.3205453186976766,-0.3205453186976766,0.0,4.586318987531954,1,0.04081632653061224,1,0.0247519999999999,1,unchanged,unchanged
NRG1,TMA23,NRG1|TMA23,-2.0261245883336008,0.0,2,-0.6570142297462584,-0.6570142297462584,0.0,-0.6810129662139719,-0.6810129662139719,0.0,-0.2550670008894291,-0.2550670008894291,0.0,2.0261245883336008,0,0.11475409836065574,1,0.0534735,1,unchanged,unchanged
OPI1,TSL1,OPI1|TSL1,6.394985430594462,1.0,2,0.8198421367112061,0.8198421367112061,0.0,0.7655334215889591,0.7655334215889591,0.0,0.287396386698899,0.287396386698899,0.0,6.394985430594462,1,0.023121387283236993,1,0.0144650999999998,0,unchanged,unchanged
PIN4,SIS2,PIN4|SIS2,-3.7868763653564654,0.0,2,-0.5516140890056518,-0.5516140890056518,0.0,-0.4391712415891384,-0.4391712415891384,0.0,-0.1583039842659551,-0.1583039842659551,0.0,3.7868763653564654,1,0.0,0,0.0378709999999998,1,unchanged,unchanged
PIN4,YPL199C,PIN4|YPL199C,-0.9903566255243385,0.0,2,0.0412682900212652,0.0412682900212652,0.0,0.0642917090340674,0.0642917090340674,0.0,0.0083510815287121,0.0083510815287121,0.0,0.9903566255243385,0,0.02857142857142857,1,0.0085171,0,unchanged,unchanged
POL32,RNR4,POL32|RNR4,5.873000174987038,1.0,2,0.3233592542253905,0.3233592542253905,0.0,0.3588041912030716,0.3588041912030716,0.0,0.1412390031530024,0.1412390031530024,0.0,5.873000174987038,1,0.017543859649122806,1,0.4398014999999999,1,unchanged,unchanged
PPH3,RPB9,PPH3|RPB9,-0.8652730188467255,0.0,2,-0.9850939813161363,-0.9850939813161363,0.0,-0.9577294591074924,-0.9577294591074924,0.0,-0.2530601707174443,-0.2530601707174443,0.0,0.8652730188467255,0,0.0,0,0.0099269999999999,0,unchanged,unchanged
PTK2,STB5,PTK2|STB5,-1.5550057101082424,0.0,2,-0.6981183533957299,-0.6981183533957299,0.0,-0.639271150135301,-0.639271150135301,0.0,-0.2463412110425444,-0.2463412110425444,0.0,1.5550057101082424,0,0.05263157894736842,1,0.0401459999999999,1,unchanged,unchanged
RAD1,RNR4,RAD1|RNR4,4.545649220178191,1.0,2,0.4813054400805863,0.4813054400805863,0.0,0.3671209665634527,0.3671209665634527,0.0,0.1217744125701946,0.1217744125701946,0.0,4.545649220178191,1,0.01694915254237288,1,0.0445999999999999,1,unchanged,unchanged
RAD1,TSL1,RAD1|TSL1,6.463350574277516,1.0,2,0.8657731474506027,0.8657731474506027,0.0,0.7742616308274612,0.7742616308274612,0.0,0.2939626721498515,0.2939626721498515,0.0,6.463350574277516,1,0.005714285714285714,0,0.0225919999999998,1,unchanged,unchanged
RAD26,TSL1,RAD26|TSL1,6.732154126023139,1.0,2,0.5002329598351111,0.5002329598351111,0.0,0.3832029016972004,0.3832029016972004,0.0,0.1426849114340103,0.1426849114340103,0.0,6.732154126023139,1,0.017341040462427744,1,0.0114907999999999,0,unchanged,unchanged
RAD57,TSL1,RAD57|TSL1,5.91944542226823,1.0,2,0.8666282158362878,0.8666282158362878,0.0,0.759187846555455,0.759187846555455,0.0,0.2884151498667011,0.2884151498667011,0.0,5.91944542226823,1,0.005714285714285714,0,0.0012710999999999,0,unchanged,unchanged
RCO1,TSL1,RCO1|TSL1,6.67848011954673,1.0,2,0.7801650897470168,0.7801650897470168,0.0,0.661108510013596,0.661108510013596,0.0,0.2535409863034471,0.2535409863034471,0.0,6.67848011954673,1,0.017341040462427744,1,0.0182289999999999,0,unchanged,unchanged
RIM1,RRP8,RIM1|RRP8,3.415021610090605,1.0,2,0.5541365761657971,0.5541365761657971,0.0,0.4179412801500844,0.4179412801500844,0.0,0.1460599629709237,0.1460599629709237,0.0,3.415021610090605,0,0.0,0,0.0230589999999999,1,unchanged,unchanged
RIM1,TMA23,RIM1|TMA23,3.2616863726631866,1.0,2,0.5299064329581198,0.5299064329581198,0.0,0.3946902345508382,0.3946902345508382,0.0,0.1325600511518141,0.1325600511518141,0.0,3.2616863726631866,0,0.05,1,0.0036669999999999,0,unchanged,unchanged
RIM1,TSL1,RIM1|TSL1,7.510058303796706,1.0,2,0.9252066663072986,0.9252066663072986,0.0,0.8588134188666405,0.8588134188666405,0.0,0.3217824437602998,0.3217824437602998,0.0,7.510058303796706,1,0.005780346820809248,0,0.0071811999999999,0,unchanged,unchanged
RIM1,URA7,RIM1|URA7,2.8884149964267163,1.0,2,0.8653959690119473,0.8653959690119473,0.0,0.7800843435458524,0.7800843435458524,0.0,0.3011867425297185,0.3011867425297185,0.0,2.8884149964267163,0,0.0,0,0.0109347999999999,0,unchanged,unchanged
RNR4,SGF73,RNR4|SGF73,-6.611174475555916,0.0,2,-0.5762609682737021,-0.5762609682737021,0.0,-0.499078369836079,-0.499078369836079,0.0,-0.1878710554032331,-0.1878710554032331,0.0,6.611174475555916,1,0.0,0,0.1212475,1,unchanged,unchanged
RNR4,SKN7,RNR4|SKN7,-4.063630406642673,0.0,2,-0.3585276220322447,-0.3585276220322447,0.0,-0.2528291316526701,-0.2528291316526701,0.0,-0.073805553633712,-0.073805553633712,0.0,4.063630406642673,1,0.05084745762711865,1,0.0067589999999999,0,unchanged,unchanged
RNR4,TSL1,RNR4|TSL1,1.883238427948967,1.0,2,0.777200726531796,0.777200726531796,0.0,0.7212430182364014,0.7212430182364014,0.0,0.2755168286733379,0.2755168286733379,0.0,1.883238427948967,0,0.15656565656565657,1,0.013911,0,unchanged,unchanged
RNR4,URA7,RNR4|URA7,-2.694755135952267,0.0,2,-0.1740345981829238,-0.1740345981829238,0.0,-0.1259461834219397,-0.1259461834219397,0.0,-0.032049068946747,-0.032049068946747,0.0,2.694755135952267,0,0.05970149253731343,1,0.0196939999999999,0,unchanged,unchanged
RPB9,RRP8,RPB9|RRP8,3.099914560961756,1.0,2,0.9083076803602788,0.9083076803602788,0.0,0.8944673741049045,0.8944673741049045,0.0,0.3122767022086411,0.3122767022086411,0.0,3.099914560961756,0,0.03571428571428571,1,0.006053,0,unchanged,unchanged
RPB9,SIS2,RPB9|SIS2,-0.6056290384782851,1.0,2,0.5528859366390889,0.5528859366390889,0.0,0.4750180242749608,0.4750180242749608,0.0,0.0726485146745871,0.0726485146745871,0.0,0.6056290384782851,0,0.0,0,0.057566,1,unchanged,unchanged
RPB9,STM1,RPB9|STM1,1.1079082805161458,1.0,2,0.8849552237175897,0.8849552237175897,0.0,0.848814679875185,0.848814679875185,0.0,0.247624897932407,0.247624897932407,0.0,1.1079082805161458,0,0.2,1,0.0098435999999999,0,unchanged,unchanged
RRP8,SIS2,RRP8|SIS2,-3.670505392875522,0.0,2,-0.2626486638604555,-0.2626486638604555,0.0,-0.2180152494043625,-0.2180152494043625,0.0,-0.0617532962560352,-0.0617532962560352,0.0,3.670505392875522,0,0.0,0,0.0317144999999999,1,unchanged,unchanged
RRP8,STB5,RRP8|STB5,-1.9553952153629184,0.0,2,-0.5169718126768674,-0.5169718126768674,0.0,-0.4033757882591836,-0.4033757882591836,0.0,-0.1517217588099968,-0.1517217588099968,0.0,1.9553952153629184,0,0.1724137931034483,1,0.0060061999999999,0,unchanged,unchanged
RRP8,TSL1,RRP8|TSL1,4.156637957761481,0.0,2,0.8837991466984407,0.8837991466984407,0.0,0.8553539166274708,0.8553539166274708,0.0,0.3122559978356226,0.3122559978356226,0.0,4.156637957761481,1,0.11731843575418995,1,0.0351062999999999,1,unchanged,unchanged
SDS3,SWM1,SDS3|SWM1,2.4671557539022344,1.0,2,0.7445231814342355,0.7445231814342355,0.0,0.8317741838758181,0.8317741838758181,0.0,0.2698463297491003,0.2698463297491003,0.0,2.4671557539022344,0,0.09090909090909091,1,0.135149,1,unchanged,unchanged
SGF73,TSL1,SGF73|TSL1,8.447803143599547,1.0,2,0.9246835438630328,0.9246835438630328,0.0,0.8583145527494342,0.8583145527494342,0.0,0.3265700649453839,0.3265700649453839,0.0,8.447803143599547,1,0.0,0,8.690000000000087e-05,0,unchanged,unchanged
SIS2,TSL1,SIS2|TSL1,7.705187712835865,1.0,2,0.8029494952032589,0.8029494952032589,0.0,0.6738421101889087,0.6738421101889087,0.0,0.2590151593546403,0.2590151593546403,0.0,7.705187712835865,1,0.0,0,0.0009585999999999,0,unchanged,unchanged
SLX8,TSL1,SLX8|TSL1,5.826910683150103,1.0,2,0.9055837273458498,0.9055837273458498,0.0,0.9528815200370728,0.9528815200370728,0.0,0.3348657654143595,0.3348657654143595,0.0,5.826910683150103,1,0.005714285714285714,0,0.0342538000000001,1,unchanged,unchanged
SLX8,URN1,SLX8|URN1,3.5286398393727345,1.0,2,0.9522437737148812,0.9522437737148812,0.0,0.9456029146713332,0.9456029146713332,0.0,0.3422672693138949,0.3422672693138949,0.0,3.5286398393727345,0,0.0,0,0.0161538000000001,0,unchanged,unchanged
SNF6,SWM1,SNF6|SWM1,2.551190684737306,1.0,2,0.9149233734283349,0.9149233734283349,0.0,0.9960042466887128,0.9960042466887128,0.0,0.3024528871271066,0.3024528871271066,0.0,2.551190684737306,0,0.041666666666666664,1,0.0470994999999999,1,unchanged,unchanged
SNF6,TSL1,SNF6|TSL1,6.671486105300643,1.0,2,0.9580066842939198,0.9580066842939198,0.0,0.9794368861386732,0.9794368861386732,0.0,0.3423939548968169,0.3423939548968169,0.0,6.671486105300643,1,0.005714285714285714,0,0.0156541999999999,0,unchanged,unchanged
STB5,TSL1,STB5|TSL1,6.099574159250359,1.0,2,0.9031668124788804,0.9031668124788804,0.0,0.8790770149217828,0.8790770149217828,0.0,0.3257176578051581,0.3257176578051581,0.0,6.099574159250359,1,0.03468208092485549,1,0.01287584,0,unchanged,unchanged
STM1,TSL1,STM1|TSL1,6.10557984744618,1.0,2,0.7501038958699862,0.7501038958699862,0.0,0.7214001643462387,0.7214001643462387,0.0,0.2680221030758815,0.2680221030758815,0.0,6.10557984744618,1,0.023121387283236993,1,0.0323815599999999,1,unchanged,unchanged
SWA2,TSL1,SWA2|TSL1,6.861352324748086,1.0,2,0.961680818914282,0.961680818914282,0.0,0.931407371239844,0.931407371239844,0.0,0.3396176057258901,0.3396176057258901,0.0,6.861352324748086,1,0.011560693641618497,1,0.0215391999999999,1,unchanged,unchanged
SWD1,TSL1,SWD1|TSL1,6.555619609856573,1.0,2,0.879499095707803,0.879499095707803,0.0,0.7707320221890395,0.7707320221890395,0.0,0.2938460802614618,0.2938460802614618,0.0,6.555619609856573,1,0.005714285714285714,0,0.0107491,0,unchanged,unchanged
SWD3,TSL1,SWD3|TSL1,7.283006820183386,1.0,2,0.8320015276735405,0.8320015276735405,0.0,0.7944962512654172,0.7944962512654172,0.0,0.2948040952120317,0.2948040952120317,0.0,7.283006820183386,1,0.0,0,0.0487337999999999,1,unchanged,unchanged
SWM1,TSL1,SWM1|TSL1,4.170443295075691,1.0,2,0.423530292228702,0.423530292228702,0.0,0.3412531973276193,0.3412531973276193,0.0,0.126684935692336,0.126684935692336,0.0,4.170443295075691,1,0.05434782608695652,1,0.0150400999999997,0,unchanged,unchanged
TPK3,URN1,TPK3|URN1,4.28511706987382,1.0,2,0.4652429492228796,0.4652429492228796,0.0,0.4254113097393532,0.4254113097393532,0.0,0.1552173350643758,0.1552173350643758,0.0,4.28511706987382,1,0.024390243902439025,1,0.0710093599999999,1,unchanged,unchanged
TSL1,UBA4,TSL1|UBA4,-7.390913054550023,0.0,2,-0.8684423120036797,-0.8684423120036797,0.0,-0.7666568799512175,-0.7666568799512175,0.0,-0.2904377970873611,-0.2904377970873611,0.0,7.390913054550023,1,0.0,0,0.00239356,0,unchanged,unchanged
TSL1,URN1,TSL1|URN1,-2.4013908174876644,0.0,2,-0.5301025792149757,-0.5301025792149757,0.0,-0.4055212717055693,-0.4055212717055693,0.0,-0.1506526297760634,-0.1506526297760634,0.0,2.4013908174876644,0,0.12234042553191489,1,0.01988916,0,unchanged,unchanged
TSL1,VAM3,TSL1|VAM3,-6.941684712851286,1.0,2,-0.9098200332710747,-0.9098200332710747,0.0,-0.869977462258543,-0.869977462258543,0.0,-0.3251992069829144,-0.3251992069829144,0.0,6.941684712851286,1,0.011560693641618497,1,0.0081261999999999,0,unchanged,unchanged
TSL1,VPS8,TSL1|VPS8,-7.085511229624794,0.0,2,-0.774610362390957,-0.774610362390957,0.0,-0.821216543456034,-0.821216543456034,0.0,-0.2966078502267611,-0.2966078502267611,0.0,7.085511229624794,1,0.0,0,0.0490092,1,unchanged,unchanged
TSL1,YAF9,TSL1|YAF9,-7.591318037422518,0.0,2,-0.7841195278584767,-0.7841195278584767,0.0,-0.67399269466707,-0.67399269466707,0.0,-0.2588398418782698,-0.2588398418782698,0.0,7.591318037422518,1,0.005780346820809248,0,0.0296640999999999,1,unchanged,unchanged
UBA4,YPL199C,UBA4|YPL199C,2.413881409476081,1.0,2,0.8747326739616865,0.8747326739616865,0.0,0.8015725447088835,0.8015725447088835,0.0,0.2867947341272301,0.2867947341272301,0.0,2.413881409476081,0,0.0,0,0.0038872599999999,0,unchanged,unchanged
ATG32,CTR9,ATG32|CTR9,-2.5649295095637568,0.0,3,-1.09178329018046,-1.09178329018046,0.0,-1.1159302631681192,-1.1159302631681192,0.0,-0.3593192812421968,-0.3593192812421968,0.0,2.5649295095637568,0,0.0,0,0.009076,0,unchanged,unchanged
ATG32,URE2,ATG32|URE2,-1.7506811909638502,0.0,3,-0.4995639423167816,-0.4995639423167816,0.0,-0.4725899835144735,-0.4725899835144735,0.0,-0.1746205787808696,-0.1746205787808696,0.0,1.7506811909638502,0,0.0,0,,-1,unchanged,unchanged
BCY1,BMH1,BCY1|BMH1,0.4138274783314984,1.0,3,0.0291462865447414,0.0291462865447414,0.0,0.0206482439652516,0.0206482439652516,0.0,0.0308875067170627,0.0308875067170627,0.0,0.4138274783314984,0,0.06451612903225806,1,0.1327911,1,unchanged,unchanged
BCY1,CHO2,BCY1|CHO2,-0.5731552341901299,0.0,3,-0.5910144803603808,-0.5910144803603808,0.0,-0.5854654479502298,-0.5854654479502298,0.0,-0.1763277503898055,-0.1763277503898055,0.0,0.5731552341901299,0,0.043478260869565216,1,0.0795545999999999,1,unchanged,unchanged
BCY1,CLN3,BCY1|CLN3,-0.4993995876946691,1.0,3,-0.1180512268113005,-0.1180512268113005,0.0,-0.075770461416529,-0.075770461416529,0.0,-0.0475983131835363,-0.0475983131835363,0.0,0.4993995876946691,0,0.0,0,0.0234475,1,unchanged,unchanged
BCY1,DDR48,BCY1|DDR48,3.69775351502121,1.0,3,0.6923599187047111,0.6923599187047111,0.0,0.6918553846093656,0.6918553846093656,0.0,0.2962841890786949,0.2962841890786949,0.0,3.69775351502121,1,0.047619047619047616,1,0.0401861,1,unchanged,unchanged
BCY1,DEP1,BCY1|DEP1,-1.813474183821686,0.0,3,-0.6275411738177479,-0.6275411738177479,0.0,-0.5179777022895242,-0.5179777022895242,0.0,-0.253380319006697,-0.253380319006697,0.0,1.813474183821686,0,0.0,0,0.025556,1,unchanged,unchanged
BCY1,GSY1,BCY1|GSY1,3.6670845765298594,1.0,3,0.7029325139635724,0.7029325139635724,0.0,0.7439978930097049,0.7439978930097049,0.0,0.2948325761421334,0.2948325761421334,0.0,3.6670845765298594,1,0.06622516556291391,1,0.0448538999999998,1,unchanged,unchanged
BCY1,RME1,BCY1|RME1,1.908599082992736,1.0,3,0.7160578996504836,0.7160578996504836,0.0,0.6365457644824375,0.6365457644824375,0.0,0.2727567514832503,0.2727567514832503,0.0,1.908599082992736,0,0.10526315789473684,1,0.002658,0,unchanged,unchanged
BCY1,RPS21A,BCY1|RPS21A,0.0168977773729188,1.0,3,-0.1092026443186672,-0.1092026443186672,0.0,-0.0996564090692621,-0.0996564090692621,0.0,-0.0412559704638528,-0.0412559704638528,0.0,0.0168977773729188,0,0.0,0,0.0593340999999998,1,unchanged,unchanged
BCY1,TPS2,BCY1|TPS2,3.6047122367155424,1.0,3,0.1279523865391389,0.1279523865391389,0.0,0.2078734090317401,0.2078734090317401,0.0,0.1578778020121905,0.1578778020121905,0.0,3.6047122367155424,1,0.04666666666666667,1,0.0738209999999999,1,unchanged,unchanged
BCY1,YTA7,BCY1|YTA7,-0.668897154350438,0.0,3,-0.4170210944477565,-0.4170210944477565,0.0,-0.3761461890015489,-0.3761461890015489,0.0,-0.1606679926920377,-0.1606679926920377,0.0,0.668897154350438,0,0.09523809523809523,1,0.0459976,1,unchanged,unchanged
BMH1,CTR9,BMH1|CTR9,-4.026216282283624,0.0,3,-1.017844202200589,-1.017844202200589,0.0,-1.0397561685971564,-1.0397561685971564,0.0,-0.3637852320129945,-0.3637852320129945,0.0,4.026216282283624,1,0.0,0,0.0229287,1,unchanged,unchanged
BMH1,DEF1,BMH1|DEF1,-2.064260049933766,0.0,3,-0.5569064797325773,-0.5569064797325773,0.0,-0.4446608044867779,-0.4446608044867779,0.0,-0.2308863652570983,-0.2308863652570983,0.0,2.064260049933766,0,0.0,0,0.039305,1,unchanged,unchanged
BMH1,DIG1,BMH1|DIG1,-0.7811605418258561,0.0,3,-0.2710568951494181,-0.2710568951494181,0.0,-0.2390290899129956,-0.2390290899129956,0.0,-0.1228873871560632,-0.1228873871560632,0.0,0.7811605418258561,0,0.18518518518518517,1,0.0889754499999999,1,unchanged,unchanged
BMH1,HXK2,BMH1|HXK2,0.5808292805526769,1.0,3,0.1684303656376678,0.1684303656376678,0.0,0.1267220916307925,0.1267220916307925,0.0,0.0698150495537343,0.0698150495537343,0.0,0.5808292805526769,0,0.11904761904761904,1,0.0491797399999999,1,unchanged,unchanged
BMH1,INO2,BMH1|INO2,-0.6725976084479548,0.0,3,-0.4277050387952083,-0.4277050387952083,0.0,-0.3920737100491576,-0.3920737100491576,0.0,-0.1649527069993022,-0.1649527069993022,0.0,0.6725976084479548,0,0.0967741935483871,1,0.05341585,1,unchanged,unchanged
BMH1,RGP1,BMH1|RGP1,-4.213738566112408,0.0,3,-0.621601211213477,-0.621601211213477,0.0,-0.6310148841055592,-0.6310148841055592,0.0,-0.3120065018506162,-0.3120065018506162,0.0,4.213738566112408,1,0.0,0,0.0883498999999999,1,unchanged,unchanged
CAC2,DDR48,CAC2|DDR48,7.425839655163179,1.0,3,0.8193221690533149,0.8193221690533149,0.0,0.7218430736351975,0.7218430736351975,0.0,0.3298223948037628,0.3298223948037628,0.0,7.425839655163179,1,0.0,0,0.00047595,0,unchanged,unchanged
CAC2,TPS2,CAC2|TPS2,7.281082043203943,1.0,3,0.3305674824365607,0.3305674824365607,0.0,0.2443818176962354,0.2443818176962354,0.0,0.1667708362637904,0.1667708362637904,0.0,7.281082043203943,1,0.0,0,0.0098795,0,unchanged,unchanged
CHO2,DDR48,CHO2|DDR48,4.266656713412209,1.0,3,0.9345167077770148,0.9345167077770148,0.0,0.9834043182395018,0.9834043182395018,0.0,0.3590510780010009,0.3590510780010009,0.0,4.266656713412209,1,0.06338028169014084,1,0.02139354,1,unchanged,unchanged
CHO2,GSY1,CHO2|GSY1,4.210088933150814,1.0,3,0.9775892756321388,0.9775892756321388,0.0,1.0615868109925746,1.0615868109925746,0.0,0.3683321029563123,0.3683321029563123,0.0,4.210088933150814,1,0.01282051282051282,1,0.05066754,1,unchanged,unchanged
CHO2,INO2,CHO2|INO2,0.2537240623103386,0.0,3,0.2778072627433762,0.2778072627433762,0.0,0.2636612464220098,0.2636612464220098,0.0,0.0937881757455439,0.0937881757455439,0.0,0.2537240623103386,0,0.0,0,0.2459830999999999,1,unchanged,unchanged
CHO2,IRA2,CHO2|IRA2,-0.2491847718163634,1.0,3,0.2698899070133803,0.2698899070133803,0.0,0.2342351294464132,0.2342351294464132,0.0,0.0615869204734313,0.0615869204734313,0.0,0.2491847718163634,0,0.058823529411764705,1,0.03404694,1,unchanged,unchanged
CHO2,NCS2,CHO2|NCS2,-0.2441229659832286,1.0,3,0.2288687697713101,0.2288687697713101,0.0,0.1996510021058128,0.1996510021058128,0.0,0.0613380881781059,0.0613380881781059,0.0,0.2441229659832286,0,0.11764705882352941,1,1.2100000000014877e-05,0,unchanged,unchanged
CHO2,NRP1,CHO2|NRP1,1.1318147405412935,1.0,3,0.712579353835561,0.712579353835561,0.0,0.6695386741644694,0.6695386741644694,0.0,0.262273813259988,0.262273813259988,0.0,1.1318147405412935,0,0.06060606060606061,1,0.0103672999999999,0,unchanged,unchanged
CHO2,RIM101,CHO2|RIM101,0.6440238890588267,1.0,3,0.4391267493584004,0.4391267493584004,0.0,0.3853339585785834,0.3853339585785834,0.0,0.1723141410513975,0.1723141410513975,0.0,0.6440238890588267,0,0.041666666666666664,1,0.0168778,0,unchanged,unchanged
CHO2,RPL16A,CHO2|RPL16A,0.1204033008381152,1.0,3,0.4528814682102033,0.4528814682102033,0.0,0.4135268716751633,0.4135268716751633,0.0,0.1243300523003697,0.1243300523003697,0.0,0.1204033008381152,0,0.15,1,0.021415,1,unchanged,unchanged
CHO2,SLT2,CHO2|SLT2,3.185782253997135,1.0,3,0.7838768403385041,0.7838768403385041,0.0,0.8593614256094676,0.8593614256094676,0.0,0.329009186377421,0.329009186377421,0.0,3.185782253997135,0,0.0410958904109589,1,0.1124921599999999,1,unchanged,unchanged
CHO2,SRP40,CHO2|SRP40,0.9824764588338644,1.0,3,0.6714928503925142,0.6714928503925142,0.0,0.6333187839466592,0.6333187839466592,0.0,0.2392347888145941,0.2392347888145941,0.0,0.9824764588338644,0,0.13793103448275862,1,0.00270286,0,unchanged,unchanged
CHO2,TPS2,CHO2|TPS2,4.157453299430087,1.0,3,0.6700041820193074,0.6700041820193074,0.0,0.6300057274827433,0.6300057274827433,0.0,0.3066882652291135,0.3066882652291135,0.0,4.157453299430087,1,0.03355704697986577,1,0.0674806,1,unchanged,unchanged
CIN8,DDR48,CIN8|DDR48,5.652659550581998,1.0,3,0.6928493841844034,0.6928493841844034,0.0,0.6503879863434041,0.6503879863434041,0.0,0.2556490223240691,0.2556490223240691,0.0,5.652659550581998,1,0.006993006993006993,0,,-1,unchanged,unchanged
CIN8,GSY1,CIN8|GSY1,5.558614413231848,1.0,3,0.782139993187898,0.782139993187898,0.0,0.7510114655594836,0.7510114655594836,0.0,0.2855596750384933,0.2855596750384933,0.0,5.558614413231848,1,0.006666666666666667,0,,-1,unchanged,unchanged
CIN8,IRA2,CIN8|IRA2,1.1454907318514504,0.0,3,0.186780398790053,0.186780398790053,0.0,0.1946750636897149,0.1946750636897149,0.0,0.082466271863296,0.082466271863296,0.0,1.1454907318514504,0,0.0,0,,-1,unchanged,unchanged
CIN8,SLT2,CIN8|SLT2,4.568521262386844,1.0,3,0.4430743307077575,0.4430743307077575,0.0,0.4355017345305564,0.4355017345305564,0.0,0.1999515508465804,0.1999515508465804,0.0,4.568521262386844,1,0.0,0,,-1,unchanged,unchanged
CLN3,DDR48,CLN3|DDR48,4.2683818449015,1.0,3,0.7089000658815079,0.7089000658815079,0.0,0.637221723315593,0.637221723315593,0.0,0.2977797485810132,0.2977797485810132,0.0,4.2683818449015,1,0.04195804195804196,1,0.0151277499999999,0,unchanged,unchanged
CLN3,GSY1,CLN3|GSY1,4.12253760011753,1.0,3,0.6901370443807671,0.6901370443807671,0.0,0.6490919273964737,0.6490919273964737,0.0,0.300325229780423,0.300325229780423,0.0,4.12253760011753,1,0.033112582781456956,1,0.01932775,0,unchanged,unchanged
CTF18,GSY1,CTF18|GSY1,6.440791343727522,1.0,3,0.8907202571211987,0.8907202571211987,0.0,0.8941973966784474,0.8941973966784474,0.0,0.3587319323453267,0.3587319323453267,0.0,6.440791343727522,1,0.006756756756756757,0,0.0208665,1,unchanged,unchanged
CTF18,SLT2,CTF18|SLT2,5.4010205827485125,1.0,3,0.714209805812544,0.714209805812544,0.0,0.6278985655367039,0.6278985655367039,0.0,0.3143440628728349,0.3143440628728349,0.0,5.4010205827485125,1,0.0,0,0.0416339999999999,1,unchanged,unchanged
CTF18,TPS2,CTF18|TPS2,6.364555522194354,1.0,3,0.5418810222029616,0.5418810222029616,0.0,0.4020911800794081,0.4020911800794081,0.0,0.2198683744694736,0.2198683744694736,0.0,6.364555522194354,1,0.006944444444444444,0,0.004335,0,unchanged,unchanged
CTF4,GSY1,CTF4|GSY1,7.505068225863294,1.0,3,0.8999505407714495,0.8999505407714495,0.0,0.8795276769615701,0.8795276769615701,0.0,0.3611280046530412,0.3611280046530412,0.0,7.505068225863294,1,0.0,0,0.01535764,0,unchanged,unchanged
CTF4,SLT2,CTF4|SLT2,6.502840847136378,1.0,3,0.7635679199996536,0.7635679199996536,0.0,0.6357540689885286,0.6357540689885286,0.0,0.3187945764543127,0.3187945764543127,0.0,6.502840847136378,1,0.0,0,0.0129174399999999,0,unchanged,unchanged
CTF4,TPS2,CTF4|TPS2,7.483784171944034,1.0,3,0.4970367332854763,0.4970367332854763,0.0,0.4000523122528214,0.4000523122528214,0.0,0.2184706856897245,0.2184706856897245,0.0,7.483784171944034,1,0.0,0,0.0487804,1,unchanged,unchanged
CTR9,DDR48,CTR9|DDR48,7.283896407408864,1.0,3,1.1649606939546755,1.1649606939546755,0.0,1.2029699867032415,1.2029699867032415,0.0,0.3905624152797603,0.3905624152797603,0.0,7.283896407408864,1,0.0,0,0.0086436999999999,0,unchanged,unchanged
CTR9,ELP2,CTR9|ELP2,2.159705945717459,1.0,3,0.9021312409902796,0.9021312409902796,0.0,0.8985300510390414,0.8985300510390414,0.0,0.3252079203292921,0.3252079203292921,0.0,2.159705945717459,0,0.0,0,0.0080903,0,unchanged,unchanged
CTR9,FZF1,CTR9|FZF1,2.9502073196863874,1.0,3,1.133787421265254,1.133787421265254,0.0,1.1601958504448455,1.1601958504448455,0.0,0.3728521854251311,0.3728521854251311,0.0,2.9502073196863874,0,0.0,0,0.001412,0,unchanged,unchanged
CTR9,LOS1,CTR9|LOS1,1.4422869068315265,1.0,3,0.9245300780762368,0.9245300780762368,0.0,0.9413757107050884,0.9413757107050884,0.0,0.2855514469270831,0.2855514469270831,0.0,1.4422869068315265,0,0.0,0,0.024179,1,unchanged,unchanged
CTR9,LSM12,CTR9|LSM12,0.855879416305994,1.0,3,0.9370220323432386,0.9370220323432386,0.0,0.9254286542984094,0.9254286542984094,0.0,0.2439135535525343,0.2439135535525343,0.0,0.855879416305994,0,0.0,0,0.0055351999999999,0,unchanged,unchanged
CTR9,PPT1,CTR9|PPT1,4.357706500227132,1.0,3,1.2065733987081766,1.2065733987081766,0.0,1.2542289538454563,1.2542289538454563,0.0,0.388361698389045,0.388361698389045,0.0,4.357706500227132,1,0.0,0,0.0098055,0,unchanged,unchanged
CTR9,SNF11,CTR9|SNF11,3.232497147147808,1.0,3,1.1785605831477584,1.1785605831477584,0.0,1.248552691975347,1.248552691975347,0.0,0.3700810393772081,0.3700810393772081,0.0,3.232497147147808,0,0.0,0,0.0196822999999999,0,unchanged,unchanged
DAT1,DEF1,DAT1|DEF1,1.9220787426421675,0.0,3,-0.0673912414904328,-0.0673912414904328,0.0,0.0191311820393407,0.0191311820393407,0.0,0.1335668584230049,0.1335668584230049,0.0,1.9220787426421675,0,0.0,0,0.068945,1,fixed,fixed
DDR48,DEF1,DDR48|DEF1,-5.358642717813943,0.0,3,-0.8652393787362962,-0.8652393787362962,0.0,-0.7673339780229402,-0.7673339780229402,0.0,-0.3451017729756789,-0.3451017729756789,0.0,5.358642717813943,1,0.013986013986013986,1,0.0086549999999999,0,unchanged,unchanged
DDR48,DIG1,DDR48|DIG1,-4.127596644673614,0.0,3,-0.7521597214470215,-0.7521597214470215,0.0,-0.7599087604789057,-0.7599087604789057,0.0,-0.3211214414640723,-0.3211214414640723,0.0,4.127596644673614,1,0.0625,1,0.04082205,1,unchanged,unchanged
DDR48,GIS1,DDR48|GIS1,-3.736671432548499,0.0,3,-0.6172263338040991,-0.6172263338040991,0.0,-0.5038949064006427,-0.5038949064006427,0.0,-0.2565716266093298,-0.2565716266093298,0.0,3.736671432548499,1,0.06206896551724138,1,0.0175858899999999,0,unchanged,unchanged
DDR48,HAL9,DDR48|HAL9,-7.28494519138308,0.0,3,-0.6757522478916482,-0.6757522478916482,0.0,-0.545979303400061,-0.545979303400061,0.0,-0.2769200176655375,-0.2769200176655375,0.0,7.28494519138308,1,0.0,0,0.00992994,0,unchanged,unchanged
DDR48,INO2,DDR48|INO2,-3.977498916086673,0.0,3,-0.8972835658709182,-0.8972835658709182,0.0,-0.8675160908159373,-0.8675160908159373,0.0,-0.3585113327382268,-0.3585113327382268,0.0,3.977498916086673,1,0.06896551724137931,1,0.0135016499999999,0,unchanged,unchanged
DDR48,LSM12,DDR48|LSM12,-6.484717838811235,0.0,3,-0.648873979787075,-0.648873979787075,0.0,-0.4916258502716738,-0.4916258502716738,0.0,-0.2592916929390813,-0.2592916929390813,0.0,6.484717838811235,1,0.0070921985815602835,0,0.03215544,1,unchanged,unchanged
DDR48,MDS3,DDR48|MDS3,-7.587500775230432,0.0,3,-0.75628121389317,-0.75628121389317,0.0,-0.6222468151894888,-0.6222468151894888,0.0,-0.3033895114530712,-0.3033895114530712,0.0,7.587500775230432,1,0.0,0,0.0130151099999999,0,unchanged,unchanged
DDR48,MSN2,DDR48|MSN2,-7.006946987323524,0.0,3,-0.6403397191996805,-0.6403397191996805,0.0,-0.4993310356950832,-0.4993310356950832,0.0,-0.2608840214541076,-0.2608840214541076,0.0,7.006946987323524,1,0.0,0,0.00090935,0,unchanged,unchanged
DDR48,RGP1,DDR48|RGP1,-7.526928375669592,0.0,3,-0.9209078812215388,-0.9209078812215388,0.0,-0.8775547209691081,-0.8775547209691081,0.0,-0.3722821129471413,-0.3722821129471413,0.0,7.526928375669592,1,0.0,0,0.0127048999999999,0,unchanged,unchanged
DDR48,RIM101,DDR48|RIM101,-3.586449571124069,0.0,3,-0.7941229499811271,-0.7941229499811271,0.0,-0.8129027361852206,-0.8129027361852206,0.0,-0.3348684414238162,-0.3348684414238162,0.0,3.586449571124069,1,0.08391608391608392,1,0.0394427,1,unchanged,unchanged
DDR48,SCS2,DDR48|SCS2,-7.34443125856764,0.0,3,-0.734694705704986,-0.734694705704986,0.0,-0.6537142782871914,-0.6537142782871914,0.0,-0.3067400192867194,-0.3067400192867194,0.0,7.34443125856764,1,0.0,0,0.0153297900000001,0,unchanged,unchanged
DDR48,SEM1,DDR48|SEM1,-4.476008618548734,0.0,3,-0.6800777345157334,-0.6800777345157334,0.0,-0.5281951987827888,-0.5281951987827888,0.0,-0.2721873233013796,-0.2721873233013796,0.0,4.476008618548734,1,0.02054794520547945,1,0.0208215899999999,1,unchanged,unchanged
DEF1,EBS1,DEF1|EBS1,-0.0833655570676037,1.0,3,0.318446054778111,0.318446054778111,0.0,0.3139775002242631,0.3139775002242631,0.0,0.0847535555754893,0.0847535555754893,0.0,0.0833655570676037,0,0.0,0,0.0019500000000001,0,unchanged,unchanged
DEF1,GAL80,DEF1|GAL80,0.1140444693045746,1.0,3,0.2207089297357588,0.2207089297357588,0.0,0.205702886874666,0.205702886874666,0.0,0.0809755944897806,0.0809755944897806,0.0,0.1140444693045746,0,0.0,0,0.0080249999999999,0,unchanged,unchanged
DEF1,GSY1,DEF1|GSY1,5.30846864331272,1.0,3,0.8074841459667249,0.8074841459667249,0.0,0.8266239898866546,0.8266239898866546,0.0,0.3352998509624249,0.3352998509624249,0.0,5.30846864331272,1,0.013333333333333334,1,0.0308549999999999,1,unchanged,unchanged
DEF1,HOM2,DEF1|HOM2,1.5442869065986906,1.0,3,0.414786241606872,0.414786241606872,0.0,0.373391828245781,0.373391828245781,0.0,0.1895740230350966,0.1895740230350966,0.0,1.5442869065986906,0,0.0,0,0.1873499999999999,1,unchanged,unchanged
DEF1,NRP1,DEF1|NRP1,2.139726770854396,1.0,3,0.6280806102830497,0.6280806102830497,0.0,0.4961303153397581,0.4961303153397581,0.0,0.2531952211760944,0.2531952211760944,0.0,2.139726770854396,0,0.0,0,0.0147749999999999,0,unchanged,unchanged
DEF1,RIM11,DEF1|RIM11,-0.5787212322590863,1.0,3,0.1594280114995917,0.1594280114995917,0.0,0.1420572760834846,0.1420572760834846,0.0,-0.0023309982288919,-0.0023309982288919,0.0,0.5787212322590863,0,0.0,0,0.04038,1,unchanged,fixed
DEF1,RME1,DEF1|RME1,3.637005905120676,1.0,3,0.738680652259903,0.738680652259903,0.0,0.7967994589316192,0.7967994589316192,0.0,0.3238432389283478,0.3238432389283478,0.0,3.637005905120676,1,0.038461538461538464,1,0.0760999999999999,1,unchanged,unchanged
DEF1,RTT107,DEF1|RTT107,0.7684111536819045,1.0,3,0.401312650349119,0.401312650349119,0.0,0.3355600161105972,0.3355600161105972,0.0,0.1594135945646837,0.1594135945646837,0.0,0.7684111536819045,0,0.0,0,0.0109949999999999,0,unchanged,unchanged
DEF1,SLT2,DEF1|SLT2,4.269141208895155,1.0,3,0.5763845909779894,0.5763845909779894,0.0,0.5582848236523017,0.5582848236523017,0.0,0.2742178026532557,0.2742178026532557,0.0,4.269141208895155,1,0.0,0,0.2176800000000001,1,unchanged,unchanged
DEF1,TPS2,DEF1|TPS2,5.251725091812907,1.0,3,0.2554171200018378,0.2554171200018378,0.0,0.3243140232861655,0.3243140232861655,0.0,0.1928744941677346,0.1928744941677346,0.0,5.251725091812907,1,0.020689655172413793,1,0.11895,1,unchanged,unchanged
DEF1,YTA7,DEF1|YTA7,0.9510599147836049,1.0,3,0.1833528383939568,0.1833528383939568,0.0,0.171223718740904,0.171223718740904,0.0,0.0954978807414755,0.0954978807414755,0.0,0.9510599147836049,0,0.0,0,0.10798,1,unchanged,unchanged
DEP1,NPT1,DEP1|NPT1,0.9650508755267084,1.0,3,0.6047505507088984,0.6047505507088984,0.0,0.5572360657030302,0.5572360657030302,0.0,0.2242462242082653,0.2242462242082653,0.0,0.9650508755267084,0,0.0,0,0.008836,0,unchanged,unchanged
DEP1,RME1,DEP1|RME1,3.779307949200247,1.0,3,0.8269754152777078,0.8269754152777078,0.0,0.8376511390981984,0.8376511390981984,0.0,0.335409358715689,0.335409358715689,0.0,3.779307949200247,1,0.019230769230769232,1,0.0045819999999999,0,unchanged,unchanged
DIG1,GSY1,DIG1|GSY1,4.029399733205089,1.0,3,0.7725744240303388,0.7725744240303388,0.0,0.8302364450672519,0.8302364450672519,0.0,0.3251192886809781,0.3251192886809781,0.0,4.029399733205089,1,0.01910828025477707,1,0.0516479499999998,1,unchanged,unchanged
DIG1,RME1,DIG1|RME1,2.289448650149752,1.0,3,0.7853674833602385,0.7853674833602385,0.0,0.7391128361375241,0.7391128361375241,0.0,0.3036030150716102,0.3036030150716102,0.0,2.289448650149752,0,0.19230769230769232,1,0.011749,0,unchanged,unchanged
DIG1,TPS2,DIG1|TPS2,3.9924377380180935,1.0,3,0.3840556306783934,0.3840556306783934,0.0,0.2901893601775935,0.2901893601775935,0.0,0.1770307322696949,0.1770307322696949,0.0,3.9924377380180935,1,0.02631578947368421,1,0.0291995,1,unchanged,unchanged
DPB4,GSY1,DPB4|GSY1,4.307777790498268,1.0,3,0.624375416918628,0.624375416918628,0.0,0.4743038784713752,0.4743038784713752,0.0,0.2485728439482225,0.2485728439482225,0.0,4.307777790498268,1,0.053691275167785234,1,0.01593544,0,unchanged,unchanged
EDE1,SLT2,EDE1|SLT2,5.195509800777225,1.0,3,0.1473543197640332,0.1473543197640332,0.0,0.1948854722619931,0.1948854722619931,0.0,0.1985066084497079,0.1985066084497079,0.0,5.195509800777225,1,0.0,0,0.4080576,1,unchanged,unchanged
EDE1,TPS2,EDE1|TPS2,6.180116109715674,1.0,3,0.1284063178563633,0.1284063178563633,0.0,0.1099470593126435,0.1099470593126435,0.0,0.1370437219879514,0.1370437219879514,0.0,6.180116109715674,1,0.0,0,0.0190839999999999,0,unchanged,unchanged
ELP2,SEM1,ELP2|SEM1,0.7104126237533025,1.0,3,0.5138810304313588,0.5138810304313588,0.0,0.4753320409435716,0.4753320409435716,0.0,0.1888501781241912,0.1888501781241912,0.0,0.7104126237533025,0,0.0,0,0.0335922099999999,1,unchanged,unchanged
ERG2,IRA2,ERG2|IRA2,-0.4005584990774586,0.0,3,-0.0366658060520297,-0.0366658060520297,0.0,-0.0166906422894865,-0.0166906422894865,0.0,-0.0190470882111126,-0.0190470882111126,0.0,0.4005584990774586,0,0.058823529411764705,1,0.0387467,1,unchanged,unchanged
ERG2,SET4,ERG2|SET4,0.0821898208632491,1.0,3,0.3471164450833133,0.3471164450833133,0.0,0.327841078100943,0.327841078100943,0.0,0.1124881694591747,0.1124881694591747,0.0,0.0821898208632491,0,0.0,0,0.01992,1,unchanged,unchanged
ERG2,SLT2,ERG2|SLT2,3.0254933914594555,1.0,3,0.7244389450085311,0.7244389450085311,0.0,0.5997525859569254,0.5997525859569254,0.0,0.3019608011047033,0.3019608011047033,0.0,3.0254933914594555,0,0.02702702702702703,1,0.0199287999999999,1,unchanged,unchanged
ERG2,TPS2,ERG2|TPS2,4.002741184196329,1.0,3,0.4968881049614126,0.4968881049614126,0.0,0.371702567229236,0.371702567229236,0.0,0.2045034040349604,0.2045034040349604,0.0,4.002741184196329,1,0.02666666666666667,1,0.0082829999999999,0,unchanged,unchanged
FZF1,GSY1,FZF1|GSY1,4.258749435138835,1.0,3,0.5378444815837515,0.5378444815837515,0.0,0.544819929199879,0.544819929199879,0.0,0.2820156299887697,0.2820156299887697,0.0,4.258749435138835,1,0.026143790849673203,1,0.0624263999999999,1,unchanged,unchanged
GAL80,IRA2,GAL80|IRA2,0.7315506394703446,0.0,3,0.002234946986483,0.002234946986483,0.0,-0.0141424323992493,-0.0141424323992493,0.0,0.0345641541299185,0.0345641541299185,0.0,0.7315506394703446,0,0.0,0,0.06265125,1,broken,unchanged
GIS1,GSY1,GIS1|GSY1,3.65795184926732,1.0,3,0.6675728972162245,0.6675728972162245,0.0,0.5562581750502822,0.5562581750502822,0.0,0.2731886088947978,0.2731886088947978,0.0,3.65795184926732,1,0.07333333333333333,1,0.00396989,0,unchanged,unchanged
GIS1,YTA7,GIS1|YTA7,-0.6396752663121544,0.0,3,-0.5318189504203231,-0.5318189504203231,0.0,-0.490777614646039,-0.490777614646039,0.0,-0.192810678721972,-0.192810678721972,0.0,0.6396752663121544,0,0.0,0,0.0114177599999999,0,unchanged,unchanged
GSY1,HXK2,GSY1|HXK2,-2.64396659716943,0.0,3,-0.7670646727345736,-0.7670646727345736,0.0,-0.7193091617438717,-0.7193091617438717,0.0,-0.3033482514133345,-0.3033482514133345,0.0,2.64396659716943,0,0.06707317073170732,1,0.01302674,0,unchanged,unchanged
GSY1,INO2,GSY1|INO2,-3.9038594242153297,0.0,3,-0.8880847489034476,-0.8880847489034476,0.0,-0.9120372705887276,-0.9120372705887276,0.0,-0.349445624171018,-0.349445624171018,0.0,3.9038594242153297,1,0.04516129032258064,1,0.0146916499999999,0,unchanged,unchanged
GSY1,IRA2,GSY1|IRA2,-4.426022139544625,0.0,3,-0.7783136833588542,-0.7783136833588542,0.0,-0.8205019923984921,-0.8205019923984921,0.0,-0.3238992090028374,-0.3238992090028374,0.0,4.426022139544625,1,0.026490066225165563,1,0.0260937899999999,1,unchanged,unchanged
GSY1,MDS3,GSY1|MDS3,-7.519489228709833,0.0,3,-0.6516854962084397,-0.6516854962084397,0.0,-0.6484364534979503,-0.6484364534979503,0.0,-0.3051183006126367,-0.3051183006126367,0.0,7.519489228709833,1,0.0,0,0.03886889,1,unchanged,unchanged
GSY1,MSN2,GSY1|MSN2,-6.929136934911069,0.0,3,-0.7188534255521113,-0.7188534255521113,0.0,-0.6024180144365106,-0.6024180144365106,0.0,-0.2935826825465165,-0.2935826825465165,0.0,6.929136934911069,1,0.0,0,0.0132193499999998,0,unchanged,unchanged
GSY1,NUP120,GSY1|NUP120,-7.425694620106537,0.0,3,-0.8461651021424379,-0.8461651021424379,0.0,-0.758345261609481,-0.758345261609481,0.0,-0.3321869704789049,-0.3321869704789049,0.0,7.425694620106537,1,0.0,0,0.0044793999999999,0,unchanged,unchanged
GSY1,RAD18,GSY1|RAD18,-5.158683537167249,0.0,3,-0.7681670792740847,-0.7681670792740847,0.0,-0.7435643683235486,-0.7435643683235486,0.0,-0.2815757117040376,-0.2815757117040376,0.0,5.158683537167249,1,0.020134228187919462,1,,-1,unchanged,unchanged
GSY1,RAD50,GSY1|RAD50,-5.013233066400368,0.0,3,-0.7703172912531986,-0.7703172912531986,0.0,-0.7430979101959359,-0.7430979101959359,0.0,-0.2815113770390616,-0.2815113770390616,0.0,5.013233066400368,1,0.020134228187919462,1,,-1,unchanged,unchanged
GSY1,RGP1,GSY1|RGP1,-7.393088460825868,0.0,3,-0.9476594994515508,-0.9476594994515508,0.0,-0.9218671263418744,-0.9218671263418744,0.0,-0.3759689073255006,-0.3759689073255006,0.0,7.393088460825868,1,0.0,0,0.0057448999999999,0,unchanged,unchanged
GSY1,RIM11,GSY1|RIM11,-5.862030025697191,0.0,3,-0.6899979652002985,-0.6899979652002985,0.0,-0.5903650950390378,-0.5903650950390378,0.0,-0.2899595793457235,-0.2899595793457235,0.0,5.862030025697191,1,0.013513513513513514,1,0.01746076,0,unchanged,unchanged
GSY1,ROX1,GSY1|ROX1,-2.838262684046281,0.0,3,-0.6290149575676075,-0.6290149575676075,0.0,-0.5185615093512902,-0.5185615093512902,0.0,-0.2559358448914093,-0.2559358448914093,0.0,2.838262684046281,0,0.05521472392638037,1,0.0240456599999998,1,unchanged,unchanged
GSY1,RPS21A,GSY1|RPS21A,-3.5958878982091984,0.0,3,-0.7963139466944493,-0.7963139466944493,0.0,-0.806613150318891,-0.806613150318891,0.0,-0.3254015265135329,-0.3254015265135329,0.0,3.5958878982091984,1,0.0379746835443038,1,0.0296220899999999,1,unchanged,unchanged
GSY1,RTT107,GSY1|RTT107,-4.553379260317249,0.0,3,-0.724677867721934,-0.724677867721934,0.0,-0.7314297145799354,-0.7314297145799354,0.0,-0.3086649601463879,-0.3086649601463879,0.0,4.553379260317249,1,0.0196078431372549,1,0.0212435899999999,1,unchanged,unchanged
GSY1,SBP1,GSY1|SBP1,-6.273828710707676,0.0,3,-0.8038933956602066,-0.8038933956602066,0.0,-0.7403604788794245,-0.7403604788794245,0.0,-0.3251910425987914,-0.3251910425987914,0.0,6.273828710707676,1,0.0,0,0.01114899,0,unchanged,unchanged
GSY1,SET4,GSY1|SET4,-3.8428770298760986,0.0,3,-0.6932569237732558,-0.6932569237732558,0.0,-0.6075424783838397,-0.6075424783838397,0.0,-0.2863800936735873,-0.2863800936735873,0.0,3.8428770298760986,1,0.046357615894039736,1,0.0054159999999999,0,unchanged,unchanged
GSY1,SNF11,GSY1|SNF11,-4.007737573733537,0.0,3,-0.5887557421449503,-0.5887557421449503,0.0,-0.4342397318623148,-0.4342397318623148,0.0,-0.2367920152758474,-0.2367920152758474,0.0,4.007737573733537,1,0.00641025641025641,0,0.0020246900000001,0,unchanged,unchanged
GSY1,TPS2,GSY1|TPS2,-0.0422331140791159,0.0,3,-0.4927250573917676,-0.4927250573917676,0.0,-0.477258397854686,-0.477258397854686,0.0,-0.1006750282489843,-0.1006750282489843,0.0,0.0422331140791159,0,0.4264705882352941,1,0.0476871,1,unchanged,unchanged
GSY1,UBA3,GSY1|UBA3,-5.560116021416731,0.0,3,-0.8014380342685632,-0.8014380342685632,0.0,-0.8095012235684864,-0.8095012235684864,0.0,-0.3315895361438427,-0.3315895361438427,0.0,5.560116021416731,1,0.02027027027027027,1,0.0264035499999998,1,unchanged,unchanged
GSY1,YTA7,GSY1|YTA7,-4.285440398819391,0.0,3,-0.8987406044661866,-0.8987406044661866,0.0,-0.8597383899030567,-0.8597383899030567,0.0,-0.3510068446662201,-0.3510068446662201,0.0,4.285440398819391,1,0.03289473684210526,1,0.00509824,0,unchanged,unchanged
HOM2,LOS1,HOM2|LOS1,-2.055169298672033,0.0,3,-0.3426259914974789,-0.3426259914974789,0.0,-0.2428046894329219,-0.2428046894329219,0.0,-0.1542713243173467,-0.1542713243173467,0.0,2.055169298672033,0,0.0,0,0.0367809999999999,1,unchanged,unchanged
HOM2,SLT2,HOM2|SLT2,2.681881216910336,1.0,3,0.6137366938084488,0.6137366938084488,0.0,0.4755463050666635,0.4755463050666635,0.0,0.2482059219086988,0.2482059219086988,0.0,2.681881216910336,0,0.02666666666666667,1,0.0146371999999999,0,unchanged,unchanged
HXK2,RPS21A,HXK2|RPS21A,-0.9054032030669468,0.0,3,-0.333554443306181,-0.333554443306181,0.0,-0.2584640583172842,-0.2584640583172842,0.0,-0.1335287196580679,-0.1335287196580679,0.0,0.9054032030669468,0,0.07317073170731707,1,0.0124459399999999,0,unchanged,unchanged
HXK2,SEM1,HXK2|SEM1,-1.7527893035026962,0.0,3,-0.228806472465603,-0.228806472465603,0.0,-0.1443687004856556,-0.1443687004856556,0.0,-0.1210552717093354,-0.1210552717093354,0.0,1.7527893035026962,0,0.02857142857142857,1,0.0143230599999999,0,unchanged,unchanged
INO2,NRP1,INO2|NRP1,0.766396582655649,1.0,3,0.4964098415643169,0.4964098415643169,0.0,0.4493430765031919,0.4493430765031919,0.0,0.1901583677532924,0.1901583677532924,0.0,0.766396582655649,0,0.14705882352941177,1,0.0352957499999999,1,unchanged,unchanged
INO2,PPT1,INO2|PPT1,1.0353332500318404,1.0,3,0.6874341067651987,0.6874341067651987,0.0,0.7025253473443539,0.7025253473443539,0.0,0.2327684128330731,0.2327684128330731,0.0,1.0353332500318404,0,0.25,1,0.0470997499999999,1,unchanged,unchanged
INO2,RIM101,INO2|RIM101,0.3504374839712707,1.0,3,0.1778867086325711,0.1778867086325711,0.0,0.1434572349135805,0.1434572349135805,0.0,0.0716688501282833,0.0716688501282833,0.0,0.3504374839712707,0,0.03571428571428571,1,0.0051904999999999,0,unchanged,unchanged
INO2,RME1,INO2|RME1,2.221119469419219,1.0,3,0.7690281563674799,0.7690281563674799,0.0,0.856098812996438,0.856098812996438,0.0,0.2999695031646779,0.2999695031646779,0.0,2.221119469419219,0,0.10344827586206896,1,0.0421869999999999,1,unchanged,unchanged
INO2,RPL16A,INO2|RPL16A,-0.2614253610973533,1.0,3,0.1904258759513586,0.1904258759513586,0.0,0.1641451012919795,0.1641451012919795,0.0,0.0489134603795277,0.0489134603795277,0.0,0.2614253610973533,0,0.22727272727272727,1,0.0528124999999999,1,unchanged,unchanged
INO2,SLT2,INO2|SLT2,2.8696235701224992,1.0,3,0.7577299093826271,0.7577299093826271,0.0,0.6628695209619981,0.6628695209619981,0.0,0.3157413476916749,0.3157413476916749,0.0,2.8696235701224992,0,0.05263157894736842,1,0.0035883999999999,0,unchanged,unchanged
INO2,SRP40,INO2|SRP40,0.6282679242017878,1.0,3,0.4562518152595533,0.4562518152595533,0.0,0.4037522496499491,0.4037522496499491,0.0,0.1760292363411403,0.1760292363411403,0.0,0.6282679242017878,0,0.08823529411764706,1,0.0196373499999999,0,unchanged,unchanged
INO2,UBC4,INO2|UBC4,-0.6305913600070336,1.0,3,0.0957386124690612,0.0957386124690612,0.0,0.0826674694498208,0.0826674694498208,0.0,-0.0126140337701017,-0.0126140337701017,0.0,0.6305913600070336,0,0.0,0,0.0757371,1,unchanged,fixed
IRA2,RTT107,IRA2|RTT107,-0.0869094412576125,1.0,3,0.1246233107472513,0.1246233107472513,0.0,0.113442506860024,0.113442506860024,0.0,0.0416227933132114,0.0416227933132114,0.0,0.0869094412576125,0,0.06666666666666667,1,0.0546365099999999,1,unchanged,unchanged
IRA2,SEM1,IRA2|SEM1,0.0207434970503484,1.0,3,0.2959713334401911,0.2959713334401911,0.0,0.2853415414624021,0.2853415414624021,0.0,0.0782970172628424,0.0782970172628424,0.0,0.0207434970503484,0,0.0,0,0.08721549,1,unchanged,unchanged
IRA2,SNF11,IRA2|SNF11,0.4434279907496419,1.0,3,0.4573886834283811,0.4573886834283811,0.0,0.4552708087609336,0.4552708087609336,0.0,0.1405765485930314,0.1405765485930314,0.0,0.4434279907496419,0,0.0,0,0.0358344100000001,1,unchanged,unchanged
IRA2,TPS2,IRA2|TPS2,4.3995852298204765,1.0,3,0.2643135131634648,0.2643135131634648,0.0,0.3059180027666187,0.3059180027666187,0.0,0.1855988676851668,0.1855988676851668,0.0,4.3995852298204765,1,0.041379310344827586,1,0.0835680999999999,1,unchanged,unchanged
IRA2,URE2,IRA2|URE2,-2.008427214915993,1.0,3,-0.3022990568588646,-0.3022990568588646,0.0,-0.316870631248677,-0.316870631248677,0.0,-0.1474580241024261,-0.1474580241024261,0.0,2.008427214915993,0,0.0,0,,-1,unchanged,unchanged
IXR1,RME1,IXR1|RME1,4.560216274887423,1.0,3,0.7878935819918752,0.7878935819918752,0.0,0.8811527400016537,0.8811527400016537,0.0,0.3314018320775657,0.3314018320775657,0.0,4.560216274887423,1,0.02,1,0.155853,1,unchanged,unchanged
LSM12,TPS2,LSM12|TPS2,6.381238324435743,1.0,3,0.0927606799094596,0.0927606799094596,0.0,0.0601405758880542,0.0601405758880542,0.0,0.1317228752707689,0.1317228752707689,0.0,6.381238324435743,1,0.006944444444444444,0,0.0096284,0,unchanged,unchanged
MDS3,TPS2,MDS3|TPS2,7.489476349292395,1.0,3,0.2111882105866057,0.2111882105866057,0.0,0.1612681851691557,0.1612681851691557,0.0,0.1462362028615396,0.1462362028615396,0.0,7.489476349292395,1,0.0,0,0.0142929,0,unchanged,unchanged
MSN2,TPS2,MSN2|TPS2,6.912189202505505,1.0,3,-0.0505994762539377,-0.0505994762539377,0.0,0.0953100987981615,0.0953100987981615,0.0,0.163704962551967,0.163704962551967,0.0,6.912189202505505,1,0.0,0,0.0806465,1,broken,broken
NKP2,TOM1,NKP2|TOM1,0.8102431148570769,1.0,3,0.2890136148692965,0.2890136148692965,0.0,0.2235419898446755,0.2235419898446755,0.0,0.1140613799039884,0.1140613799039884,0.0,0.8102431148570769,0,0.0,0,0.0025334999999999,0,unchanged,unchanged
NOP6,TPS2,NOP6|TPS2,3.695227924930072,1.0,3,0.0578886538040377,0.0578886538040377,0.0,0.1124308198411516,0.1124308198411516,0.0,0.1552226344277129,0.1552226344277129,0.0,3.695227924930072,1,0.06802721088435375,1,0.1050101,1,unchanged,unchanged
NPT1,RGP1,NPT1|RGP1,-2.935618810076399,0.0,3,-0.8147315675751878,-0.8147315675751878,0.0,-0.8597931152752443,-0.8597931152752443,0.0,-0.3386364315090338,-0.3386364315090338,0.0,2.935618810076399,0,0.0,0,0.0482059999999999,1,unchanged,unchanged
NRP1,YTA7,NRP1|YTA7,-1.234430419229631,0.0,3,-0.5446526235523779,-0.5446526235523779,0.0,-0.4559569238293885,-0.4559569238293885,0.0,-0.2210444765798018,-0.2210444765798018,0.0,1.234430419229631,0,0.1724137931034483,1,0.0057612,0,unchanged,unchanged
NUP120,TPS2,NUP120|TPS2,7.407896184482129,1.0,3,0.2956660099469771,0.2956660099469771,0.0,0.2176049617293151,0.2176049617293151,0.0,0.1585436536013358,0.1585436536013358,0.0,7.407896184482129,1,0.0,0,0.010534,0,unchanged,unchanged
PHO85,PPT1,PHO85|PPT1,3.210291288913164,1.0,3,1.1823450219402607,1.1823450219402607,0.0,1.2115115456287695,1.2115115456287695,0.0,0.3839138457914524,0.3839138457914524,0.0,3.210291288913164,0,0.03125,1,0.0057764999999999,0,unchanged,unchanged
PHO85,RPS21A,PHO85|RPS21A,2.5667514007464445,1.0,3,0.9396924097559376,0.9396924097559376,0.0,0.929196762108093,0.929196762108093,0.0,0.3458845073311404,0.3458845073311404,0.0,2.5667514007464445,0,0.0,0,0.0096631,0,unchanged,unchanged
PHO85,SLT2,PHO85|SLT2,5.016540628790532,1.0,3,0.9351858676187936,0.9351858676187936,0.0,1.0554036492194163,1.0554036492194163,0.0,0.3462393044223492,0.3462393044223492,0.0,5.016540628790532,1,0.014925373134328358,1,0.1055496,1,unchanged,unchanged
PPT1,RGP1,PPT1|RGP1,-4.511286107634021,0.0,3,-0.9026957007948048,-0.9026957007948048,0.0,-0.9131295548806662,-0.9131295548806662,0.0,-0.3635525130262016,-0.3635525130262016,0.0,4.511286107634021,1,0.0,0,0.0190234999999998,0,unchanged,unchanged
RAD18,TPS2,RAD18|TPS2,5.134707590358521,1.0,3,0.2189835401293717,0.2189835401293717,0.0,0.3090018995745849,0.3090018995745849,0.0,0.1790613798470072,0.1790613798470072,0.0,5.134707590358521,1,0.020689655172413793,1,,-1,unchanged,unchanged
RAD50,SLT2,RAD50|SLT2,4.040305031947653,1.0,3,0.4419520793642557,0.4419520793642557,0.0,0.431160995269067,0.431160995269067,0.0,0.197497754856245,0.197497754856245,0.0,4.040305031947653,1,0.0,0,,-1,unchanged,unchanged
RAD50,TPS2,RAD50|TPS2,4.9818792988721246,1.0,3,0.264623543375824,0.264623543375824,0.0,0.3090091918614466,0.3090091918614466,0.0,0.1721060714882629,0.1721060714882629,0.0,4.9818792988721246,1,0.006802721088435374,0,,-1,unchanged,unchanged
RGP1,SLT2,RGP1|SLT2,6.415682971953244,1.0,3,0.571894458831499,0.571894458831499,0.0,0.6363121598083256,0.6363121598083256,0.0,0.3032337385320146,0.3032337385320146,0.0,6.415682971953244,1,0.0,0,0.1813496,1,unchanged,unchanged
RGP1,SRP40,RGP1|SRP40,4.109764537903692,1.0,3,0.7195234047078833,0.7195234047078833,0.0,0.7268723109807466,0.7268723109807466,0.0,0.3234999661723204,0.3234999661723204,0.0,4.109764537903692,1,0.0,0,0.0826708999999999,1,unchanged,unchanged
RIM11,TPS2,RIM11|TPS2,5.831471180896848,1.0,3,0.091868066593976,0.091868066593976,0.0,0.0587158264060094,0.0587158264060094,0.0,0.1311457025895052,0.1311457025895052,0.0,5.831471180896848,1,0.013888888888888888,1,0.0087936,0,unchanged,unchanged
RME1,YTA7,RME1|YTA7,-2.615980151294493,0.0,3,-0.8128684485376998,-0.8128684485376998,0.0,-0.835916074347691,-0.835916074347691,0.0,-0.3238724881554187,-0.3238724881554187,0.0,2.615980151294493,0,0.09259259259259259,1,0.0291027999999999,1,unchanged,unchanged
ROX1,SET5,ROX1|SET5,-4.254938877731124,1.0,3,-0.4817287799896471,-0.4817287799896471,0.0,-0.4303393555321931,-0.4303393555321931,0.0,-0.223204678446131,-0.223204678446131,0.0,4.254938877731124,1,0.0,0,0.0416044999999998,1,unchanged,unchanged
ROX1,TPS2,ROX1|TPS2,2.8161736332850915,1.0,3,-0.0225127293128116,-0.0225127293128116,0.0,0.0008603402051563,0.0008603402051563,0.0,0.1108324626851387,0.1108324626851387,0.0,2.8161736332850915,0,0.06329113924050633,1,0.0142673999999999,0,broken,broken
RPL16A,SEM1,RPL16A|SEM1,-0.2623918641767798,1.0,3,0.0877004926340802,0.0877004926340802,0.0,0.0989711432603156,0.0989711432603156,0.0,0.0218672176062063,0.0218672176062063,0.0,0.2623918641767798,0,0.0,0,0.0283025,1,unchanged,unchanged
SEM1,SRP40,SEM1|SRP40,1.1131191705296997,0.0,3,0.1249185451249169,0.1249185451249169,0.0,0.0888313119540437,0.0888313119540437,0.0,0.0873816513290841,0.0873816513290841,0.0,1.1131191705296997,0,0.0,0,0.0152621899999998,0,unchanged,unchanged
SET4,TPS2,SET4|TPS2,3.8335081364213752,1.0,3,0.1038806216100159,0.1038806216100159,0.0,0.0846974841475748,0.0846974841475748,0.0,0.1340411024859188,0.1340411024859188,0.0,3.8335081364213752,1,0.019867549668874173,1,0.0313899999999999,1,unchanged,unchanged
SLT2,THR4,SLT2|THR4,-5.513190590615267,0.0,3,-0.6873100268113754,-0.6873100268113754,0.0,-0.6969426411694102,-0.6969426411694102,0.0,-0.3319881490997522,-0.3319881490997522,0.0,5.513190590615267,1,0.0,0,0.0733059999999999,1,unchanged,unchanged
SLT2,VAM6,SLT2|VAM6,-5.397037903089078,0.0,3,-0.6611217018681569,-0.6611217018681569,0.0,-0.6812902404381806,-0.6812902404381806,0.0,-0.3249748104293668,-0.3249748104293668,0.0,5.397037903089078,1,0.0,0,0.0652313599999999,1,unchanged,unchanged
SLT2,VPS41,SLT2|VPS41,-5.632997337701063,0.0,3,-0.7580589054948592,-0.7580589054948592,0.0,-0.7411019518775954,-0.7411019518775954,0.0,-0.3418590619886091,-0.3418590619886091,0.0,5.632997337701063,1,0.0,0,0.0452977599999999,1,unchanged,unchanged
SRP40,TPS2,SRP40|TPS2,3.149459435567356,1.0,3,0.1429546203618114,0.1429546203618114,0.0,0.1461833041729698,0.1461833041729698,0.0,0.1431313955175453,0.1431313955175453,0.0,3.149459435567356,0,0.136986301369863,1,0.0556589,1,unchanged,unchanged
SRP40,YTA7,SRP40|YTA7,-1.084345268783342,0.0,3,-0.4555042608811511,-0.4555042608811511,0.0,-0.4224334536956069,-0.4224334536956069,0.0,-0.2013743267577001,-0.2013743267577001,0.0,1.084345268783342,0,0.10344827586206896,1,0.0466458399999999,1,unchanged,unchanged
TPS2,UBC4,TPS2|UBC4,-4.530347702321746,0.0,3,-0.2076178431860486,-0.2076178431860486,0.0,-0.2062981558362274,-0.2062981558362274,0.0,-0.1688995474413242,-0.1688995474413242,0.0,4.530347702321746,1,0.041379310344827586,1,0.0621346,1,unchanged,unchanged
TPS2,YTA7,TPS2|YTA7,-4.2526633520785335,0.0,3,-0.4628429373253666,-0.4628429373253666,0.0,-0.3606211072542876,-0.3606211072542876,0.0,-0.1998518684864242,-0.1998518684864242,0.0,4.2526633520785335,1,0.04794520547945205,1,0.0324463999999999,1,unchanged,unchanged
ADD66,GSY2,ADD66|GSY2,4.839491617470396,1.0,4,0.3665402332618426,0.3665402332618426,0.0,0.3196561298367966,0.3196561298367966,0.0,0.2101438546801012,0.2101438546801012,0.0,4.839491617470396,1,0.024539877300613498,1,0.0111154399999998,0,unchanged,unchanged
APN2,NMD2,APN2|NMD2,-1.91127440486027,0.0,4,-0.5368590229270072,-0.5368590229270072,0.0,-0.5685588538040924,-0.5685588538040924,0.0,-0.2421146326841415,-0.2421146326841415,0.0,1.91127440486027,0,0.0,0,0.0680783,1,unchanged,unchanged
ASF1,DUN1,ASF1|DUN1,1.3259095862800625,1.0,4,0.5695977390084971,0.5695977390084971,0.0,0.5838325038911777,0.5838325038911777,0.0,0.2353197548766514,0.2353197548766514,0.0,1.3259095862800625,0,0.04,1,0.10043515,1,unchanged,unchanged
ASF1,GPG1,ASF1|GPG1,4.656883743658264,1.0,4,0.8634297957100648,0.8634297957100648,0.0,0.9409997030215352,0.9409997030215352,0.0,0.3463927047716397,0.3463927047716397,0.0,4.656883743658264,1,0.02027027027027027,1,0.05831685,1,unchanged,unchanged
ASF1,GSY2,ASF1|GSY2,4.500322488672378,1.0,4,0.8864427307353069,0.8864427307353069,0.0,0.8568039068222228,0.8568039068222228,0.0,0.3555241470198544,0.3555241470198544,0.0,4.500322488672378,1,0.03048780487804878,1,0.03337456,1,unchanged,unchanged
ASF1,RAD54,ASF1|RAD54,0.7299947657873811,1.0,4,0.4203253802051357,0.4203253802051357,0.0,0.3409196173656529,0.3409196173656529,0.0,0.1595964539445231,0.1595964539445231,0.0,0.7299947657873811,0,0.0,0,0.0212111099999999,1,unchanged,unchanged
ATG10,HTZ1,ATG10|HTZ1,-3.0780680293693203,0.0,4,-0.7878614876311154,-0.7878614876311154,0.0,-0.8147257398387522,-0.8147257398387522,0.0,-0.3343268786678853,-0.3343268786678853,0.0,3.0780680293693203,0,0.027777777777777776,1,0.06407225,1,unchanged,unchanged
ATG10,OCA1,ATG10|OCA1,-4.146947396993509,0.0,4,-0.7412846720801831,-0.7412846720801831,0.0,-0.5963211730527023,-0.5963211730527023,0.0,-0.2892415367023593,-0.2892415367023593,0.0,4.146947396993509,1,0.0,0,0.0170359999999999,0,unchanged,unchanged
ATG10,SIW14,ATG10|SIW14,-3.6151016838284726,0.0,4,-0.4021600893625546,-0.4021600893625546,0.0,-0.3265141495146221,-0.3265141495146221,0.0,-0.2006531035777156,-0.2006531035777156,0.0,3.6151016838284726,1,0.0,0,0.0202995,0,unchanged,unchanged
ATG10,SWR1,ATG10|SWR1,-1.8961806208265488,0.0,4,-0.6824858566154086,-0.6824858566154086,0.0,-0.5701420058136644,-0.5701420058136644,0.0,-0.2635311342382744,-0.2635311342382744,0.0,1.8961806208265488,0,0.16216216216216217,1,0.02158975,1,unchanged,unchanged
CBF1,GAT2,CBF1|GAT2,2.681867253257624,1.0,4,0.82040856379558,0.82040856379558,0.0,0.961780376302472,0.961780376302472,0.0,0.3227837895215455,0.3227837895215455,0.0,2.681867253257624,0,0.0,0,0.11101,1,unchanged,unchanged
CBF1,GPG1,CBF1|GPG1,5.156074226193382,1.0,4,0.7447790016301366,0.7447790016301366,0.0,0.8896229512547297,0.8896229512547297,0.0,0.3294291136089427,0.3294291136089427,0.0,5.156074226193382,1,0.020689655172413793,1,0.0890092499999999,1,unchanged,unchanged
CBF1,GSY2,CBF1|GSY2,5.042403061848327,1.0,4,0.8857922289401843,0.8857922289401843,0.0,0.8128679663739474,0.8128679663739474,0.0,0.3552210001571235,0.3552210001571235,0.0,5.042403061848327,1,0.012195121951219513,0,0.0145772,0,unchanged,unchanged
CBF1,KAP123,CBF1|KAP123,1.91206120063601,1.0,4,0.5157856633232714,0.5157856633232714,0.0,0.4241054726584977,0.4241054726584977,0.0,0.2152353378550826,0.2152353378550826,0.0,1.91206120063601,0,0.041666666666666664,1,0.0806590000000001,1,unchanged,unchanged
CBF1,PUS7,CBF1|PUS7,1.5458333886608284,1.0,4,0.7492650997588648,0.7492650997588648,0.0,0.6506058648913895,0.6506058648913895,0.0,0.2875881667247922,0.2875881667247922,0.0,1.5458333886608284,0,0.047619047619047616,1,0.01558525,0,unchanged,unchanged
CBF1,RIM15,CBF1|RIM15,0.4860847361026328,1.0,4,0.42666261696002,0.42666261696002,0.0,0.3707171587318938,0.3707171587318938,0.0,0.1501675547640936,0.1501675547640936,0.0,0.4860847361026328,0,0.09090909090909091,1,0.0535334999999999,1,unchanged,unchanged
CCR4,GPG1,CCR4|GPG1,5.506091545386703,1.0,4,1.0359351319987335,1.0359351319987335,0.0,1.1087853227184898,1.1087853227184898,0.0,0.3773080217998181,0.3773080217998181,0.0,5.506091545386703,1,0.013793103448275862,1,0.0233269999999999,1,unchanged,unchanged
CCR4,GSY2,CCR4|GSY2,5.396232193170793,1.0,4,0.982650394009766,0.982650394009766,0.0,1.0261934087246278,1.0261934087246278,0.0,0.3774311204163822,0.3774311204163822,0.0,5.396232193170793,1,0.012269938650306749,0,0.0235951999999999,1,unchanged,unchanged
CCR4,NMD2,CCR4|NMD2,-2.0093782340947057,1.0,4,0.2418224528461806,0.2418224528461806,0.0,0.1618267829973369,0.1618267829973369,0.0,-0.0845098701291721,-0.0845098701291721,0.0,2.0093782340947057,0,0.0,0,0.0454738,1,unchanged,fixed
CCR4,RIF1,CCR4|RIF1,-0.8162924743972085,1.0,4,0.4107616193990355,0.4107616193990355,0.0,0.3566616204581354,0.3566616204581354,0.0,0.0237693146915883,0.0237693146915883,0.0,0.8162924743972085,0,0.25,1,0.0053822,0,unchanged,unchanged
CCR4,SWI4,CCR4|SWI4,0.1373145486269691,1.0,4,0.5388176818953634,0.5388176818953634,0.0,0.4821138443896801,0.4821138443896801,0.0,0.137058128203927,0.137058128203927,0.0,0.1373145486269691,0,0.0,0,0.0048817999999999,0,unchanged,unchanged
CCR4,VHR1,CCR4|VHR1,1.543889234077814,1.0,4,0.8597777434921581,0.8597777434921581,0.0,0.8425674933868244,0.8425674933868244,0.0,0.2998003068154359,0.2998003068154359,0.0,1.543889234077814,0,0.0,0,0.0248562,1,unchanged,unchanged
CHA4,NMD2,CHA4|NMD2,-2.2228363493071046,0.0,4,-0.5817278372491217,-0.5817278372491217,0.0,-0.4821314210907655,-0.4821314210907655,0.0,-0.2366836855821404,-0.2366836855821404,0.0,2.2228363493071046,0,0.0,0,0.00550194,0,unchanged,unchanged
DUN1,GPG1,DUN1|GPG1,3.320604692030528,1.0,4,0.7748013686439998,0.7748013686439998,0.0,0.7155831183008914,0.7155831183008914,0.0,0.2990819632591389,0.2990819632591389,0.0,3.320604692030528,0,0.0728476821192053,1,0.01012975,0,unchanged,unchanged
DUN1,RAD52,DUN1|RAD52,-3.048744988598417,0.0,4,-0.7017920682187563,-0.7017920682187563,0.0,-0.6863127909544827,-0.6863127909544827,0.0,-0.307932554734831,-0.307932554734831,0.0,3.048744988598417,0,0.0,0,0.0675024999999999,1,unchanged,unchanged
DUN1,RRM3,DUN1|RRM3,-1.9018623745373533,0.0,4,-0.4609772847908761,-0.4609772847908761,0.0,-0.3559645691369582,-0.3559645691369582,0.0,-0.1890321948221119,-0.1890321948221119,0.0,1.9018623745373533,0,0.15,1,0.0463767499999999,1,unchanged,unchanged
DUN1,RTT109,DUN1|RTT109,-2.884079708026716,0.0,4,-0.7030113369479947,-0.7030113369479947,0.0,-0.6658955511436284,-0.6658955511436284,0.0,-0.3026253357802708,-0.3026253357802708,0.0,2.884079708026716,0,0.0,0,0.06545625,1,unchanged,unchanged
DUN1,SWI4,DUN1|SWI4,-2.0626509291191364,0.0,4,-0.5327522533143126,-0.5327522533143126,0.0,-0.4103556976491523,-0.4103556976491523,0.0,-0.2123659905585164,-0.2123659905585164,0.0,2.0626509291191364,0,0.047619047619047616,1,0.0323413499999999,1,unchanged,unchanged
EAF6,NMD2,EAF6|NMD2,-1.6869224222242718,0.0,4,-0.3344076243805602,-0.3344076243805602,0.0,-0.2729095788908478,-0.2729095788908478,0.0,-0.1532245925179426,-0.1532245925179426,0.0,1.6869224222242718,0,0.0,0,0.03376429,1,unchanged,unchanged
ELA1,GPG1,ELA1|GPG1,5.523315203936003,1.0,4,0.8252663813757866,0.8252663813757866,0.0,0.8264335546913271,0.8264335546913271,0.0,0.2845706200374741,0.2845706200374741,0.0,5.523315203936003,1,0.013793103448275862,1,,-1,unchanged,unchanged
ELA1,GSY2,ELA1|GSY2,5.379517785608592,1.0,4,0.7039710292780343,0.7039710292780343,0.0,0.6619852355672375,0.6619852355672375,0.0,0.2411254825300993,0.2411254825300993,0.0,5.379517785608592,1,0.006097560975609756,0,,-1,unchanged,unchanged
ELA1,NMD2,ELA1|NMD2,-2.0539750156037893,0.0,4,-0.2563406563945197,-0.2563406563945197,0.0,-0.2196288827801595,-0.2196288827801595,0.0,-0.2145055651702744,-0.2145055651702744,0.0,2.0539750156037893,0,0.0,0,,-1,unchanged,unchanged
ELC1,GPG1,ELC1|GPG1,5.246197161930903,1.0,4,0.5950909210251127,0.5950909210251127,0.0,0.4384427046648433,0.4384427046648433,0.0,0.2353725786334993,0.2353725786334993,0.0,5.246197161930903,1,0.020689655172413793,1,0.01979585,0,unchanged,unchanged
ELM1,GPG1,ELM1|GPG1,6.0621738109511485,1.0,4,0.8625985281332456,0.8625985281332456,0.0,0.8557753057464664,0.8557753057464664,0.0,0.338712272187053,0.338712272187053,0.0,6.0621738109511485,1,0.013888888888888888,1,0.01982575,0,unchanged,unchanged
ELM1,GSY2,ELM1|GSY2,5.911569949027949,1.0,4,0.8736327346375652,0.8736327346375652,0.0,0.7762198380926163,0.7762198380926163,0.0,0.3447742384729568,0.3447742384729568,0.0,5.911569949027949,1,0.012345679012345678,0,0.0010567999999999,0,unchanged,unchanged
ERF2,GCR2,ERF2|GCR2,-3.0108988869271807,0.0,4,-0.6476802575412965,-0.6476802575412965,0.0,-0.6164394049944766,-0.6164394049944766,0.0,-0.2205649556022202,-0.2205649556022202,0.0,3.0108988869271807,0,0.0,0,,-1,unchanged,unchanged
FKS1,GPG1,FKS1|GPG1,4.612338701435849,1.0,4,0.9677756096780078,0.9677756096780078,0.0,0.9467590651015791,0.9467590651015791,0.0,0.3680264892878539,0.3680264892878539,0.0,4.612338701435849,1,0.03424657534246575,1,0.0079401499999999,0,unchanged,unchanged
FKS1,PPZ1,FKS1|PPZ1,0.4221762823980602,1.0,4,0.620236868028203,0.620236868028203,0.0,0.6045373591158871,0.6045373591158871,0.0,0.1490155339793304,0.1490155339793304,0.0,0.4221762823980602,0,0.125,1,0.0727557099999998,1,unchanged,unchanged
GAT2,IES2,GAT2|IES2,-3.847484018685596,0.0,4,-0.8746826233647775,-0.8746826233647775,0.0,-0.8794680731935041,-0.8794680731935041,0.0,-0.2932815905530574,-0.2932815905530574,0.0,3.847484018685596,1,0.03125,1,,-1,unchanged,unchanged
GAT2,MSN5,GAT2|MSN5,-3.968750352172293,0.0,4,-0.8682151994017644,-0.8682151994017644,0.0,-0.8012212475789737,-0.8012212475789737,0.0,-0.3269922047168809,-0.3269922047168809,0.0,3.968750352172293,1,0.03125,1,0.0084997000000001,0,unchanged,unchanged
GAT2,PFK27,GAT2|PFK27,-0.3350518229529651,0.0,4,-0.2884981045337443,-0.2884981045337443,0.0,-0.2748872230664763,-0.2748872230664763,0.0,-0.0923469594722665,-0.0923469594722665,0.0,0.3350518229529651,0,0.14,1,0.0228961999999999,1,unchanged,unchanged
GAT2,RTT109,GAT2|RTT109,-3.7300127577875615,0.0,4,-0.972343664078114,-0.972343664078114,0.0,-0.9260326393090672,-0.9260326393090672,0.0,-0.3595030939000476,-0.3595030939000476,0.0,3.7300127577875615,1,0.0,0,0.0043125,0,unchanged,unchanged
GCR2,GPG1,GCR2|GPG1,7.212339839959818,1.0,4,0.8471917860250866,0.8471917860250866,0.0,0.8239528421364255,0.8239528421364255,0.0,0.2843193189516967,0.2843193189516967,0.0,7.212339839959818,1,0.0,0,,-1,unchanged,unchanged
GCR2,GSY2,GCR2|GSY2,7.102131360252341,1.0,4,0.6876250024866566,0.6876250024866566,0.0,0.6569561984128811,0.6569561984128811,0.0,0.2388075193784874,0.2388075193784874,0.0,7.102131360252341,1,0.0,0,,-1,unchanged,unchanged
GPG1,GPR1,GPG1|GPR1,-5.224923222696392,0.0,4,-0.8642643696631943,-0.8642643696631943,0.0,-0.8515737238974956,-0.8515737238974956,0.0,-0.3425561211670579,-0.3425561211670579,0.0,5.224923222696392,1,0.020689655172413793,1,0.0198366499999999,0,unchanged,unchanged
GPG1,HTZ1,GPG1|HTZ1,-5.485579721681246,0.0,4,-0.97681655358514,-0.97681655358514,0.0,-0.9645474626334236,-0.9645474626334236,0.0,-0.371215941025569,-0.371215941025569,0.0,5.485579721681246,1,0.020833333333333332,1,0.00899575,0,unchanged,unchanged
GPG1,IES2,GPG1|IES2,-6.3951128129379775,0.0,4,-0.8542574343652568,-0.8542574343652568,0.0,-0.8302235172889219,-0.8302235172889219,0.0,-0.2876298442466016,-0.2876298442466016,0.0,6.3951128129379775,1,0.006944444444444444,0,,-1,unchanged,unchanged
GPG1,MRC1,GPG1|MRC1,-7.203531298795754,0.0,4,-0.8959592804579439,-0.8959592804579439,0.0,-0.8177683384228702,-0.8177683384228702,0.0,-0.3385225255530276,-0.3385225255530276,0.0,7.203531298795754,1,0.0,0,0.00250175,0,unchanged,unchanged
GPG1,NUP60,GPG1|NUP60,-7.965319585153116,0.0,4,-0.7546561020418634,-0.7546561020418634,0.0,-0.6411236737957589,-0.6411236737957589,0.0,-0.2977988547927037,-0.2977988547927037,0.0,7.965319585153116,1,0.0,0,8.049999999992785e-05,0,unchanged,unchanged
GPG1,PFK27,GPG1|PFK27,-2.883045034468462,0.0,4,-0.6551072691566875,-0.6551072691566875,0.0,-0.5888085906749093,-0.5888085906749093,0.0,-0.2643765784022824,-0.2643765784022824,0.0,2.883045034468462,0,0.07643312101910828,1,0.0051981,0,unchanged,unchanged
GPG1,PUS1,GPG1|PUS1,-7.196570743610916,0.0,4,-0.8353360845490976,-0.8353360845490976,0.0,-0.7786053460530145,-0.7786053460530145,0.0,-0.3261655646777343,-0.3261655646777343,0.0,7.196570743610916,1,0.0,0,0.0096242499999998,0,unchanged,unchanged
GPG1,RAD52,GPG1|RAD52,-6.371020732933661,0.0,4,-0.9366503612843768,-0.9366503612843768,0.0,-0.9164512434130734,-0.9164512434130734,0.0,-0.3641713844832227,-0.3641713844832227,0.0,6.371020732933661,1,0.0,0,0.0106024999999998,0,unchanged,unchanged
GPG1,RPN10,GPG1|RPN10,-5.976570177771842,0.0,4,-0.8938807032590328,-0.8938807032590328,0.0,-0.8491964173852641,-0.8491964173852641,0.0,-0.3410584736361924,-0.3410584736361924,0.0,5.976570177771842,1,0.0,0,0.00635525,0,unchanged,unchanged
GPG1,RTT109,GPG1|RTT109,-6.197326291137279,0.0,4,-0.8772912356285153,-0.8772912356285153,0.0,-0.9006738928280951,-0.9006738928280951,0.0,-0.3522392884121199,-0.3522392884121199,0.0,6.197326291137279,1,0.0,0,0.0199062499999999,0,unchanged,unchanged
GPG1,SOK2,GPG1|SOK2,-4.790355390343968,0.0,4,-0.7770203497275254,-0.7770203497275254,0.0,-0.7499153999597736,-0.7499153999597736,0.0,-0.3137822555263541,-0.3137822555263541,0.0,4.790355390343968,1,0.027210884353741496,1,0.0170844,0,unchanged,unchanged
GPG1,SWI4,GPG1|SWI4,-5.408405992218777,0.0,4,-0.7809393863193113,-0.7809393863193113,0.0,-0.7417081079860388,-0.7417081079860388,0.0,-0.313764996874757,-0.313764996874757,0.0,5.408405992218777,1,0.020833333333333332,1,0.01532665,0,unchanged,unchanged
GPG1,VPS3,GPG1|VPS3,-7.332099385294909,0.0,4,-1.0655439843872123,-1.0655439843872123,0.0,-1.1338477700085423,-1.1338477700085423,0.0,-0.375752670997337,-0.375752670997337,0.0,7.332099385294909,1,0.0,0,0.0261589999999999,1,unchanged,unchanged
GPG1,VPS9,GPG1|VPS9,-7.485867862719695,0.0,4,-0.9592192761841508,-0.9592192761841508,0.0,-0.916739469640194,-0.916739469640194,0.0,-0.3665739637844869,-0.3665739637844869,0.0,7.485867862719695,1,0.0,0,0.0022075999999999,0,unchanged,unchanged
GPG1,YLR352W,GPG1|YLR352W,-5.950995787067175,0.0,4,-0.7136946999752714,-0.7136946999752714,0.0,-0.6433837477356129,-0.6433837477356129,0.0,-0.293552472485409,-0.293552472485409,0.0,5.950995787067175,1,0.006896551724137931,0,0.0096608500000001,0,unchanged,unchanged
GPR1,GSY2,GPR1|GSY2,5.053547130430312,1.0,4,0.8593557169904226,0.8593557169904226,0.0,0.7546890681144498,0.7546890681144498,0.0,0.3352473938818826,0.3352473938818826,0.0,5.053547130430312,1,0.024691358024691357,1,0.01077296,0,unchanged,unchanged
GSY2,IES2,GSY2|IES2,-6.232027717439206,0.0,4,-0.7039461659009001,-0.7039461659009001,0.0,-0.662663360684526,-0.662663360684526,0.0,-0.2414737510700698,-0.2414737510700698,0.0,6.232027717439206,1,0.006172839506172839,0,,-1,unchanged,unchanged
GSY2,KAP122,GSY2|KAP122,-3.399773527284617,0.0,4,-0.7733972898704702,-0.7733972898704702,0.0,-0.6571961195051399,-0.6571961195051399,0.0,-0.2985713142090068,-0.2985713142090068,0.0,3.399773527284617,0,0.10429447852760736,1,0.00297296,0,unchanged,unchanged
GSY2,NFI1,GSY2|NFI1,-7.238361158247616,0.0,4,-0.6331089163838117,-0.6331089163838117,0.0,-0.4767198280404476,-0.4767198280404476,0.0,-0.2478119883770039,-0.2478119883770039,0.0,7.238361158247616,1,0.0,0,0.0069507999999999,0,unchanged,unchanged
GSY2,NUP188,GSY2|NUP188,-6.401719646747875,0.0,4,-0.8536195193220508,-0.8536195193220508,0.0,-0.7746529268436906,-0.7746529268436906,0.0,-0.3413715863898283,-0.3413715863898283,0.0,6.401719646747875,1,0.006172839506172839,0,0.0322726399999999,1,unchanged,unchanged
GSY2,NUP60,GSY2|NUP60,-7.823101076455798,0.0,4,-0.6347523308040662,-0.6347523308040662,0.0,-0.4870875805366571,-0.4870875805366571,0.0,-0.2514777788597337,-0.2514777788597337,0.0,7.823101076455798,1,0.0,0,0.0189267999999999,0,unchanged,unchanged
GSY2,PBP1,GSY2|PBP1,-7.052069080519918,0.0,4,-0.4193820269252156,-0.4193820269252156,0.0,-0.3646600924473581,-0.3646600924473581,0.0,-0.214204312917812,-0.214204312917812,0.0,7.052069080519918,1,0.0,0,0.02083344,0,unchanged,unchanged
GSY2,PCL8,GSY2|PCL8,-6.458033819310896,0.0,4,-0.4000697929124324,-0.4000697929124324,0.0,-0.3981268051467238,-0.3981268051467238,0.0,-0.2249912322856785,-0.2249912322856785,0.0,6.458033819310896,1,0.006172839506172839,0,0.0590156,1,unchanged,unchanged
GSY2,PUF6,GSY2|PUF6,-3.098638078191456,0.0,4,-0.8298417723009017,-0.8298417723009017,0.0,-0.7455548061132662,-0.7455548061132662,0.0,-0.323551079132667,-0.323551079132667,0.0,3.098638078191456,0,0.10240963855421686,1,0.00906464,0,unchanged,unchanged
GSY2,PUS1,GSY2|PUS1,-7.097098728745167,0.0,4,-0.7750395386636205,-0.7750395386636205,0.0,-0.6705957724005804,-0.6705957724005804,0.0,-0.310898530212174,-0.310898530212174,0.0,7.097098728745167,1,0.0,0,0.0094768,0,unchanged,unchanged
GSY2,PUS7,GSY2|PUS7,-3.46661159051573,0.0,4,-0.6387020942138748,-0.6387020942138748,0.0,-0.4993690594368484,-0.4993690594368484,0.0,-0.2493459440885683,-0.2493459440885683,0.0,3.46661159051573,0,0.10493827160493827,1,0.0024591999999999,0,unchanged,unchanged
GSY2,RAD52,GSY2|RAD52,-6.255137967603492,0.0,4,-0.8524619261732165,-0.8524619261732165,0.0,-0.8267295609768476,-0.8267295609768476,0.0,-0.3550032240979865,-0.3550032240979865,0.0,6.255137967603492,1,0.0,0,0.0262439999999999,1,unchanged,unchanged
GSY2,RAD54,GSY2|RAD54,-3.7841986042588767,0.0,4,-0.8287450251255295,-0.8287450251255295,0.0,-0.7348437411997502,-0.7348437411997502,0.0,-0.3242993365033214,-0.3242993365033214,0.0,3.7841986042588767,1,0.03571428571428571,1,0.0028673599999999,0,unchanged,unchanged
GSY2,RPN10,GSY2|RPN10,-5.836120528689319,0.0,4,-0.844360800526442,-0.844360800526442,0.0,-0.770733766855433,-0.770733766855433,0.0,-0.3412192816295405,-0.3412192816295405,0.0,5.836120528689319,1,0.006134969325153374,0,0.0062075999999999,0,unchanged,unchanged
GSY2,RTT109,GSY2|RTT109,-6.091251675038173,0.0,4,-0.8202220275235782,-0.8202220275235782,0.0,-0.8327875754913637,-0.8327875754913637,0.0,-0.3441496264676847,-0.3441496264676847,0.0,6.091251675038173,1,0.006134969325153374,0,0.08216,1,unchanged,unchanged
GSY2,SAS4,GSY2|SAS4,-3.909353091406214,0.0,4,-0.4016863727389162,-0.4016863727389162,0.0,-0.3309305019439579,-0.3309305019439579,0.0,-0.2075171642222231,-0.2075171642222231,0.0,3.909353091406214,1,0.03048780487804878,1,0.0080953599999998,0,unchanged,unchanged
GSY2,SHR5,GSY2|SHR5,-5.186257875748347,0.0,4,-0.6997683608796498,-0.6997683608796498,0.0,-0.5508671326823107,-0.5508671326823107,0.0,-0.2731122845299706,-0.2731122845299706,0.0,5.186257875748347,1,0.018404907975460124,1,0.0034856,0,unchanged,unchanged
GSY2,SWI4,GSY2|SWI4,-5.26320735582759,0.0,4,-0.7598193730477711,-0.7598193730477711,0.0,-0.6479648371561177,-0.6479648371561177,0.0,-0.3041601149267868,-0.3041601149267868,0.0,5.26320735582759,1,0.018518518518518517,1,0.0322910399999999,1,unchanged,unchanged
GSY2,TRX2,GSY2|TRX2,-3.1765816874040307,0.0,4,-0.6278009075747706,-0.6278009075747706,0.0,-0.5211821144248169,-0.5211821144248169,0.0,-0.2569316501322997,-0.2569316501322997,0.0,3.1765816874040307,0,0.0718562874251497,1,0.0427613599999999,1,unchanged,unchanged
GSY2,VPS16,GSY2|VPS16,-7.493042493139302,0.0,4,-1.19415939862211,-1.19415939862211,0.0,-1.2343961606129756,-1.2343961606129756,0.0,-0.3791126641967326,-0.3791126641967326,0.0,7.493042493139302,1,0.0,0,0.0003623999999999,0,unchanged,unchanged
GSY2,VPS3,GSY2|VPS3,-7.19385283866791,0.0,4,-0.9897200439275252,-0.9897200439275252,0.0,-1.0430187467012697,-1.0430187467012697,0.0,-0.3759835173711627,-0.3759835173711627,0.0,7.19385283866791,1,0.0,0,0.0238816,1,unchanged,unchanged
HTZ1,SWR1,HTZ1|SWR1,1.2575842765861334,1.0,4,0.3964194982843118,0.3964194982843118,0.0,0.4178293341534999,0.4178293341534999,0.0,0.1966135442604672,0.1966135442604672,0.0,1.2575842765861334,0,0.08333333333333333,1,0.2912102499999999,1,unchanged,unchanged
IES2,PUS7,IES2|PUS7,2.728589817965568,0.0,4,0.6147704248305882,0.6147704248305882,0.0,0.5818767188434928,0.5818767188434928,0.0,0.2098980037458867,0.2098980037458867,0.0,2.728589817965568,0,0.0,0,,-1,unchanged,unchanged
IRC25,NMD2,IRC25|NMD2,-1.9234235730423512,0.0,4,-0.3711635238080192,-0.3711635238080192,0.0,-0.272007264781363,-0.272007264781363,0.0,-0.160088195878707,-0.160088195878707,0.0,1.9234235730423512,0,0.0,0,0.00837151,0,unchanged,unchanged
IRC25,PRE9,IRC25|PRE9,0.343414548934534,1.0,4,-0.0749827335958496,-0.0749827335958496,0.0,-0.0670523257805992,-0.0670523257805992,0.0,-0.0101731892161259,-0.0101731892161259,0.0,0.343414548934534,0,0.0,0,0.0460712099999999,1,unchanged,unchanged
IRC25,SSM4,IRC25|SSM4,-1.6366289488073478,1.0,4,-0.0576652213302719,-0.0576652213302719,0.0,-0.1223642207593095,-0.1223642207593095,0.0,-0.1378220035493329,-0.1378220035493329,0.0,1.6366289488073478,0,0.0,0,0.1166966400000001,1,unchanged,unchanged
KAP122,NUP60,KAP122|NUP60,-4.368775468298464,0.0,4,-0.3497709705694971,-0.3497709705694971,0.0,-0.2676906300464909,-0.2676906300464909,0.0,-0.1816507869631644,-0.1816507869631644,0.0,4.368775468298464,1,0.0,0,0.0065537999999999,0,unchanged,unchanged
KAP123,RAD52,KAP123|RAD52,-3.103617900263705,0.0,4,-0.6111434038928445,-0.6111434038928445,0.0,-0.6523588370508296,-0.6523588370508296,0.0,-0.3023201484314994,-0.3023201484314994,0.0,3.103617900263705,0,0.0,0,0.0992149999999999,1,unchanged,unchanged
KAP123,RTT109,KAP123|RTT109,-2.969143862803474,0.0,4,-0.5500310611647273,-0.5500310611647273,0.0,-0.6159172745298311,-0.6159172745298311,0.0,-0.2852298713351259,-0.2852298713351259,0.0,2.969143862803474,0,0.0,0,0.1570875,1,unchanged,unchanged
MAK31,NMD2,MAK31|NMD2,-2.7280043444710005,0.0,4,-0.5839214403296179,-0.5839214403296179,0.0,-0.6060568304011225,-0.6060568304011225,0.0,-0.2741358386586743,-0.2741358386586743,0.0,2.7280043444710005,0,0.0,0,0.04401985,1,unchanged,unchanged
MBP1,RAD54,MBP1|RAD54,2.808601189368136,1.0,4,0.1097299556743723,0.1097299556743723,0.0,0.1351620165344993,0.1351620165344993,0.0,0.1528955056220646,0.1528955056220646,0.0,2.808601189368136,0,0.0,0,0.0527182100000001,1,unchanged,unchanged
MED2,UBR1,MED2|UBR1,1.1852170436596343,0.0,4,0.8411717704056292,0.8411717704056292,0.0,0.8013479233460938,0.8013479233460938,0.0,0.2655459120477094,0.2655459120477094,0.0,1.1852170436596343,0,0.0,0,0.0124219999999999,0,unchanged,unchanged
MRC1,UBR1,MRC1|UBR1,1.765548745595965,0.0,4,0.5627933324314716,0.5627933324314716,0.0,0.5050544276155835,0.5050544276155835,0.0,0.2382640324566605,0.2382640324566605,0.0,1.765548745595965,0,0.0,0,0.02176475,1,unchanged,unchanged
MUB1,PRE9,MUB1|PRE9,-0.7678685673736458,1.0,4,-0.2694511661332763,-0.2694511661332763,0.0,-0.2099750340699181,-0.2099750340699181,0.0,-0.1052966134432758,-0.1052966134432758,0.0,0.7678685673736458,0,0.0,0,0.0446808,1,unchanged,unchanged
NMD2,RAD54,NMD2|RAD54,3.615934167973168,1.0,4,0.2741861391862083,0.2741861391862083,0.0,0.1995631873103463,0.1995631873103463,0.0,0.1601365959574974,0.1601365959574974,0.0,3.615934167973168,1,0.0,0,0.02620059,1,unchanged,unchanged
NMD2,SIW14,NMD2|SIW14,1.493991453176985,1.0,4,0.4513123162925978,0.4513123162925978,0.0,0.3739125323425601,0.3739125323425601,0.0,0.1854717514104999,0.1854717514104999,0.0,1.493991453176985,0,0.0,0,0.0372790999999999,1,unchanged,unchanged
PBS2,PFK27,PBS2|PFK27,3.740730108697496,1.0,4,0.6134802211748696,0.6134802211748696,0.0,0.6385861091004066,0.6385861091004066,0.0,0.2920278492088649,0.2920278492088649,0.0,3.740730108697496,1,0.0,0,0.1301900999999999,1,unchanged,unchanged
PEP3,PFK27,PEP3|PFK27,3.680625963009588,1.0,4,1.1634746792682644,1.1634746792682644,0.0,1.1929228896145658,1.1929228896145658,0.0,0.3766308492292261,0.3766308492292261,0.0,3.680625963009588,1,0.0,0,0.0119981,0,unchanged,unchanged
PEP3,SWI4,PEP3|SWI4,1.0520060826291018,1.0,4,0.9238421123043844,0.9238421123043844,0.0,0.8863349676044263,0.8863349676044263,0.0,0.2500263092305947,0.2500263092305947,0.0,1.0520060826291018,0,0.0,0,0.0076516499999999,0,unchanged,unchanged
PFK27,VPS16,PFK27|VPS16,-4.771767540659819,0.0,4,-1.1975569138203128,-1.1975569138203128,0.0,-1.2270891031136195,-1.2270891031136195,0.0,-0.378585899548522,-0.378585899548522,0.0,4.771767540659819,1,0.0,0,0.0006124,0,unchanged,unchanged
PRE9,RAD52,PRE9|RAD52,-1.1053201933060444,1.0,4,-0.4552593780778241,-0.4552593780778241,0.0,-0.4079181810573279,-0.4079181810573279,0.0,-0.1882764313687353,-0.1882764313687353,0.0,1.1053201933060444,0,0.0,0,0.0797814999999999,1,unchanged,unchanged
PRE9,RAD54,PRE9|RAD54,1.3537900453567115,1.0,4,0.4010970628765481,0.4010970628765481,0.0,0.294613807294091,0.294613807294091,0.0,0.1543100306244062,0.1543100306244062,0.0,1.3537900453567115,0,0.0,0,0.01376211,0,unchanged,unchanged
PRE9,RPN10,PRE9|RPN10,-0.6968035899545629,1.0,4,-0.2489462248157568,-0.2489462248157568,0.0,-0.2240500845659047,-0.2240500845659047,0.0,-0.107958810505051,-0.107958810505051,0.0,0.6968035899545629,0,0.0,0,0.14974885,1,unchanged,unchanged
PUF6,RTT109,PUF6|RTT109,-2.9509064035086534,0.0,4,-0.6299318459593128,-0.6299318459593128,0.0,-0.4971084508684495,-0.4971084508684495,0.0,-0.2529636009705209,-0.2529636009705209,0.0,2.9509064035086534,0,0.0,0,0.0395775000000001,1,unchanged,unchanged
RTT109,UBC8,RTT109|UBC8,3.668559566120442,1.0,4,0.5492507332284304,0.5492507332284304,0.0,0.5603942420294405,0.5603942420294405,0.0,0.3174745873880064,0.3174745873880064,0.0,3.668559566120442,1,0.0,0,,-1,unchanged,unchanged
SWI4,UBR1,SWI4|UBR1,-0.0866658064543379,0.0,4,0.02169258307414,0.02169258307414,0.0,0.022578033662214,0.022578033662214,0.0,0.0048600660993489,0.0048600660993489,0.0,0.0866658064543379,0,0.0,0,0.03313395,1,unchanged,unchanged
SWR1,VPS16,SWR1|VPS16,-3.351041349538132,0.0,4,-1.0380077110839203,-1.0380077110839203,0.0,-1.0485422645943197,-1.0485422645943197,0.0,-0.3537668989596846,-0.3537668989596846,0.0,3.351041349538132,0,0.0,0,0.0035769999999999,0,unchanged,unchanged
