method,deleted_gene,n_remaining,PD_net_correct
PD_frozen,ADD66,656,0
PD_frozen,AIM1,656,0
PD_frozen,APN2,656,0
PD_frozen,APQ12,653,0
PD_frozen,ARG80,654,0
PD_frozen,ARP6,655,0
PD_frozen,ARX1,653,0
PD_frozen,ASC1,650,0
PD_frozen,ASE1,655,0
PD_frozen,ASF1,653,0
PD_frozen,ASH1,653,0
PD_frozen,ASK10,650,0
PD_frozen,ATG10,653,0
PD_frozen,ATG32,655,0
PD_frozen,AZF1,655,0
PD_frozen,BAS1,656,0
PD_frozen,BCY1,647,0
PD_frozen,BMH1,650,0
PD_frozen,BRE5,654,0
PD_frozen,BRR1,656,0
PD_frozen,BUD13,656,0
PD_frozen,CAC2,655,0
PD_frozen,CAF130,656,0
PD_frozen,CBF1,651,0
PD_frozen,CCR4,651,0
PD_frozen,CDC40,651,0
PD_frozen,CDH1,656,0
PD_frozen,CGI121,656,0
PD_frozen,CHA4,656,0
PD_frozen,CHD1,656,0
PD_frozen,CHK1,656,0
PD_frozen,CHL1,656,0
PD_frozen,CHO2,645,0
PD_frozen,CIN8,653,0
PD_frozen,CKA2,656,0
PD_frozen,CKB2,655,0
PD_frozen,CLB2,655,0
PD_frozen,CLN3,654,0
PD_frozen,CMK2,642,0
PD_frozen,CPR6,648,0
PD_frozen,CST6,648,0
PD_frozen,CTF18,654,0
PD_frozen,CTF4,654,0
PD_frozen,CTF8,655,0
PD_frozen,CTI6,656,0
PD_frozen,CTR9,648,0
PD_frozen,CUP9,656,0
PD_frozen,DAL81,656,0
PD_frozen,DAT1,656,0
PD_frozen,DCC1,654,0
PD_frozen,DDR48,639,0
PD_frozen,DEF1,643,0
PD_frozen,DEG1,656,0
PD_frozen,DEP1,654,0
PD_frozen,DID4,655,0
PD_frozen,DIG1,652,0
PD_frozen,DLS1,656,0
PD_frozen,DOA1,653,0
PD_frozen,DOA4,654,0
PD_frozen,DPB4,656,0
PD_frozen,DUN1,651,0
PD_frozen,EAF5,656,0
PD_frozen,EAF6,656,0
PD_frozen,EAF7,656,0
PD_frozen,EBS1,656,0
PD_frozen,EDE1,655,0
PD_frozen,ELA1,654,0
PD_frozen,ELC1,656,0
PD_frozen,ELF1,654,0
PD_frozen,ELM1,655,0
PD_frozen,ELP2,655,0
PD_frozen,ELP4,654,0
PD_frozen,ELP6,652,0
PD_frozen,ERF2,656,0
PD_frozen,ERG2,653,0
PD_frozen,ESC2,656,0
PD_frozen,EST3,650,0
PD_frozen,EUG1,651,0
PD_frozen,FKS1,655,0
PD_frozen,FZF1,655,0
PD_frozen,GAL80,655,0
PD_frozen,GAT2,652,0
PD_frozen,GCR2,654,0
PD_frozen,GIS1,654,0
PD_frozen,GIS4,656,0
PD_frozen,GPG1,633,0
PD_frozen,GPH1,615,0
PD_frozen,GPR1,655,0
PD_frozen,GSY1,627,0
PD_frozen,GSY2,629,0
PD_frozen,GTR1,654,0
PD_frozen,HAL9,656,0
PD_frozen,HAP4,646,0
PD_frozen,HAP5,655,0
PD_frozen,HDA1,656,0
PD_frozen,HFI1,646,0
PD_frozen,HFM1,650,0
PD_frozen,HHF1,654,0
PD_frozen,HHT1,655,0
PD_frozen,HMO1,654,0
PD_frozen,HOG1,656,0
PD_frozen,HOM2,654,0
PD_frozen,HOS3,656,0
PD_frozen,HOS4,655,0
PD_frozen,HPC2,652,0
PD_frozen,HSC82,651,0
PD_frozen,HSE1,653,0
PD_frozen,HTZ1,654,0
PD_frozen,HUR1,654,0
PD_frozen,HXK2,653,0
PD_frozen,IES1,656,0
PD_frozen,IES2,653,0
PD_frozen,IES3,655,0
PD_frozen,IES5,652,0
PD_frozen,INO2,645,0
PD_frozen,INO4,646,0
PD_frozen,INP52,656,0
PD_frozen,IPK1,653,0
PD_frozen,IRA2,647,0
PD_frozen,IRC25,654,0
PD_frozen,IRC3,655,0
PD_frozen,IRE1,655,0
PD_frozen,IRS4,656,0
PD_frozen,ISW2,653,0
PD_frozen,ITC1,653,0
PD_frozen,IXR1,656,0
PD_frozen,JHD2,656,0
PD_frozen,JNM1,656,0
PD_frozen,KAP122,655,0
PD_frozen,KAP123,654,0
PD_frozen,KAR3,656,0
PD_frozen,KIN3,655,0
PD_frozen,KKQ8,656,0
PD_frozen,KSP1,654,0
PD_frozen,KTI12,656,0
PD_frozen,LEU3,656,0
PD_frozen,LOC1,655,0
PD_frozen,LOS1,655,0
PD_frozen,LRP1,654,0
PD_frozen,LSM12,654,0
PD_frozen,LSM6,655,0
PD_frozen,MAK31,656,0
PD_frozen,MBP1,656,0
PD_frozen,MDS3,654,0
PD_frozen,MED1,655,0
PD_frozen,MED2,656,0
PD_frozen,MET13,652,0
PD_frozen,MGA2,649,0
PD_frozen,MMS22,654,0
PD_frozen,MOT3,656,0
PD_frozen,MRC1,655,0
PD_frozen,MRE11,655,0
PD_frozen,MRN1,656,0
PD_frozen,MRT4,652,0
PD_frozen,MSG5,656,0
PD_frozen,MSH1,655,0
PD_frozen,MSH2,655,0
PD_frozen,MSN2,654,0
PD_frozen,MSN5,656,0
PD_frozen,MUB1,656,0
PD_frozen,MUM2,656,0
PD_frozen,NAM7,646,0
PD_frozen,NBP2,656,0
PD_frozen,NCS2,656,0
PD_frozen,NCS6,656,0
PD_frozen,NFI1,656,0
PD_frozen,NGG1,655,0
PD_frozen,NHP10,655,0
PD_frozen,NKP2,656,0
PD_frozen,NMD2,648,0
PD_frozen,NOP6,656,0
PD_frozen,NPR2,655,0
PD_frozen,NPT1,655,0
PD_frozen,NRG1,652,0
PD_frozen,NRP1,653,0
PD_frozen,NUP120,655,0
PD_frozen,NUP133,653,0
PD_frozen,NUP188,656,0
PD_frozen,NUP60,654,0
PD_frozen,OCA1,656,0
PD_frozen,OPI1,653,0
PD_frozen,OPI3,632,0
PD_frozen,PAT1,653,0
PD_frozen,PBA1,656,0
PD_frozen,PBP1,656,0
PD_frozen,PBS2,656,0
PD_frozen,PCL8,656,0
PD_frozen,PEP3,655,0
PD_frozen,PFK27,652,0
PD_frozen,PHO23,651,0
PD_frozen,PHO85,654,0
PD_frozen,PIH1,655,0
PD_frozen,PIN4,653,0
PD_frozen,POL32,656,0
PD_frozen,PPG1,656,0
PD_frozen,PPH3,656,0
PD_frozen,PPT1,653,0
PD_frozen,PPZ1,656,0
PD_frozen,PRE9,652,0
PD_frozen,PTC1,653,0
PD_frozen,PTK2,654,0
PD_frozen,PTP3,653,0
PD_frozen,PUF6,655,0
PD_frozen,PUS1,655,0
PD_frozen,PUS7,654,0
PD_frozen,PUS9,655,0
PD_frozen,RAD1,655,0
PD_frozen,RAD18,655,0
PD_frozen,RAD26,655,0
PD_frozen,RAD27,655,0
PD_frozen,RAD50,654,0
PD_frozen,RAD52,652,0
PD_frozen,RAD54,652,0
PD_frozen,RAD57,656,0
PD_frozen,RAD6,649,0
PD_frozen,RAS2,654,0
PD_frozen,RCE1,656,0
PD_frozen,RCO1,656,0
PD_frozen,RCY1,655,0
PD_frozen,REV3,656,0
PD_frozen,RGP1,650,0
PD_frozen,RIC1,656,0
PD_frozen,RIF1,656,0
PD_frozen,RIM1,651,0
PD_frozen,RIM101,654,0
PD_frozen,RIM11,654,0
PD_frozen,RIM15,656,0
PD_frozen,RME1,650,0
PD_frozen,RNR4,646,0
PD_frozen,RNY1,642,0
PD_frozen,ROX1,654,0
PD_frozen,RPA14,656,0
PD_frozen,RPB9,649,0
PD_frozen,RPD3,651,0
PD_frozen,RPL16A,654,0
PD_frozen,RPN10,654,0
PD_frozen,RPN13,653,0
PD_frozen,RPN4,650,0
PD_frozen,RPS0B,655,0
PD_frozen,RPS21A,653,0
PD_frozen,RRM3,656,0
PD_frozen,RRP6,656,0
PD_frozen,RRP8,652,0
PD_frozen,RTF1,652,0
PD_frozen,RTG2,656,0
PD_frozen,RTS1,655,0
PD_frozen,RTT107,654,0
PD_frozen,RTT109,650,0
PD_frozen,RXT2,654,0
PD_frozen,RXT3,655,0
PD_frozen,SAM3,651,0
PD_frozen,SAM4,651,0
PD_frozen,SAP30,652,0
PD_frozen,SAS2,656,0
PD_frozen,SAS4,656,0
PD_frozen,SBP1,656,0
PD_frozen,SCS2,656,0
PD_frozen,SDS3,654,0
PD_frozen,SEM1,651,0
PD_frozen,SET2,655,0
PD_frozen,SET4,654,0
PD_frozen,SET5,656,0
PD_frozen,SGF29,656,0
PD_frozen,SGF73,655,0
PD_frozen,SGS1,655,0
PD_frozen,SHR5,656,0
PD_frozen,SIS2,652,0
PD_frozen,SIW14,655,0
PD_frozen,SKN7,656,0
PD_frozen,SLT2,642,0
PD_frozen,SLX5,648,0
PD_frozen,SLX8,652,0
PD_frozen,SNF11,654,0
PD_frozen,SNF5,652,0
PD_frozen,SNF6,654,0
PD_frozen,SNT1,656,0
PD_frozen,SOK2,656,0
PD_frozen,SPT21,653,0
PD_frozen,SPT3,656,0
PD_frozen,SRP40,651,0
PD_frozen,SSM4,656,0
PD_frozen,STB5,651,0
PD_frozen,STM1,653,0
PD_frozen,STP2,655,0
PD_frozen,STP3,655,0
PD_frozen,SWA2,653,0
PD_frozen,SWC5,656,0
PD_frozen,SWD1,656,0
PD_frozen,SWD3,656,0
PD_frozen,SWI3,650,0
PD_frozen,SWI4,651,0
PD_frozen,SWI6,650,0
PD_frozen,SWM1,653,0
PD_frozen,SWR1,654,0
PD_frozen,SYC1,656,0
PD_frozen,TEC1,646,0
PD_frozen,THR4,656,0
PD_frozen,TIF2,656,0
PD_frozen,TIP41,656,0
PD_frozen,TMA23,654,0
PD_frozen,TOM1,656,0
PD_frozen,TPK3,655,0
PD_frozen,TPS2,633,0
PD_frozen,TRM1,656,0
PD_frozen,TRM10,656,0
PD_frozen,TRX2,656,0
PD_frozen,TSL1,609,0
PD_frozen,UBA3,656,0
PD_frozen,UBA4,655,0
PD_frozen,UBC4,655,0
PD_frozen,UBC8,656,0
PD_frozen,UBP15,656,0
PD_frozen,UBP6,656,0
PD_frozen,UBR1,654,0
PD_frozen,UBR2,655,0
PD_frozen,UBX3,656,0
PD_frozen,UFD4,656,0
PD_frozen,URA7,654,0
PD_frozen,URE2,655,0
PD_frozen,URM1,656,0
PD_frozen,URN1,653,0
PD_frozen,VAM3,656,0
PD_frozen,VAM6,656,0
PD_frozen,VHR1,656,0
PD_frozen,VID28,654,0
PD_frozen,VPS16,654,0
PD_frozen,VPS27,656,0
PD_frozen,VPS3,655,0
PD_frozen,VPS36,654,0
PD_frozen,VPS4,655,0
PD_frozen,VPS41,656,0
PD_frozen,VPS72,656,0
PD_frozen,VPS8,656,0
PD_frozen,VPS9,656,0
PD_frozen,YAF9,656,0
PD_frozen,YAP1,653,0
PD_frozen,YBR285W,656,0
PD_frozen,YCK3,656,0
PD_frozen,YDR306C,655,0
PD_frozen,YHR033W,647,0
PD_frozen,YIL014C-A,641,0
PD_frozen,YJL206C,656,0
PD_frozen,YKU80,656,0
PD_frozen,YLR352W,656,0
PD_frozen,YOR338W,649,0
PD_frozen,YPL199C,653,0
PD_frozen,YPT6,652,0
PD_frozen,YTA7,649,0
PD_frozen,YVH1,652,0
P_frozen,ADD66,656,14
P_frozen,AIM1,656,14
P_frozen,APN2,656,14
P_frozen,APQ12,653,14
P_frozen,ARG80,654,14
P_frozen,ARP6,655,14
P_frozen,ARX1,653,14
P_frozen,ASC1,650,13
P_frozen,ASE1,655,14
P_frozen,ASF1,653,14
P_frozen,ASH1,653,14
P_frozen,ASK10,650,14
P_frozen,ATG10,653,14
P_frozen,ATG32,655,14
P_frozen,AZF1,655,14
P_frozen,BAS1,656,14
P_frozen,BCY1,647,15
P_frozen,BMH1,650,14
P_frozen,BRE5,654,14
P_frozen,BRR1,656,15
P_frozen,BUD13,656,14
P_frozen,CAC2,655,14
P_frozen,CAF130,656,14
P_frozen,CBF1,651,14
P_frozen,CCR4,651,12
P_frozen,CDC40,651,13
P_frozen,CDH1,656,14
P_frozen,CGI121,656,14
P_frozen,CHA4,656,14
P_frozen,CHD1,656,14
P_frozen,CHK1,656,14
P_frozen,CHL1,656,14
P_frozen,CHO2,645,12
P_frozen,CIN8,653,14
P_frozen,CKA2,656,14
P_frozen,CKB2,655,14
P_frozen,CLB2,655,14
P_frozen,CLN3,654,14
P_frozen,CMK2,642,14
P_frozen,CPR6,648,13
P_frozen,CST6,648,14
P_frozen,CTF18,654,14
P_frozen,CTF4,654,14
P_frozen,CTF8,655,14
P_frozen,CTI6,656,14
P_frozen,CTR9,648,14
P_frozen,CUP9,656,13
P_frozen,DAL81,656,14
P_frozen,DAT1,656,13
P_frozen,DCC1,654,15
P_frozen,DDR48,639,14
P_frozen,DEF1,643,11
P_frozen,DEG1,656,14
P_frozen,DEP1,654,14
P_frozen,DID4,655,14
P_frozen,DIG1,652,14
P_frozen,DLS1,656,14
P_frozen,DOA1,653,14
P_frozen,DOA4,654,14
P_frozen,DPB4,656,14
P_frozen,DUN1,651,14
P_frozen,EAF5,656,14
P_frozen,EAF6,656,14
P_frozen,EAF7,656,14
P_frozen,EBS1,656,13
P_frozen,EDE1,655,14
P_frozen,ELA1,654,14
P_frozen,ELC1,656,14
P_frozen,ELF1,654,14
P_frozen,ELM1,655,14
P_frozen,ELP2,655,14
P_frozen,ELP4,654,14
P_frozen,ELP6,652,14
P_frozen,ERF2,656,14
P_frozen,ERG2,653,14
P_frozen,ESC2,656,14
P_frozen,EST3,650,14
P_frozen,EUG1,651,14
P_frozen,FKS1,655,14
P_frozen,FZF1,655,14
P_frozen,GAL80,655,14
P_frozen,GAT2,652,14
P_frozen,GCR2,654,14
P_frozen,GIS1,654,14
P_frozen,GIS4,656,14
P_frozen,GPG1,633,14
P_frozen,GPH1,615,14
P_frozen,GPR1,655,14
P_frozen,GSY1,627,14
P_frozen,GSY2,629,14
P_frozen,GTR1,654,14
P_frozen,HAL9,656,14
P_frozen,HAP4,646,14
P_frozen,HAP5,655,14
P_frozen,HDA1,656,14
P_frozen,HFI1,646,10
P_frozen,HFM1,650,14
P_frozen,HHF1,654,14
P_frozen,HHT1,655,14
P_frozen,HMO1,654,14
P_frozen,HOG1,656,14
P_frozen,HOM2,654,14
P_frozen,HOS3,656,14
P_frozen,HOS4,655,14
P_frozen,HPC2,652,14
P_frozen,HSC82,651,14
P_frozen,HSE1,653,13
P_frozen,HTZ1,654,14
P_frozen,HUR1,654,14
P_frozen,HXK2,653,14
P_frozen,IES1,656,14
P_frozen,IES2,653,14
P_frozen,IES3,655,14
P_frozen,IES5,652,13
P_frozen,INO2,645,12
P_frozen,INO4,646,14
P_frozen,INP52,656,14
P_frozen,IPK1,653,14
P_frozen,IRA2,647,12
P_frozen,IRC25,654,15
P_frozen,IRC3,655,14
P_frozen,IRE1,655,14
P_frozen,IRS4,656,14
P_frozen,ISW2,653,13
P_frozen,ITC1,653,14
P_frozen,IXR1,656,14
P_frozen,JHD2,656,14
P_frozen,JNM1,656,14
P_frozen,KAP122,655,14
P_frozen,KAP123,654,14
P_frozen,KAR3,656,14
P_frozen,KIN3,655,14
P_frozen,KKQ8,656,14
P_frozen,KSP1,654,14
P_frozen,KTI12,656,15
P_frozen,LEU3,656,14
P_frozen,LOC1,655,14
P_frozen,LOS1,655,14
P_frozen,LRP1,654,14
P_frozen,LSM12,654,14
P_frozen,LSM6,655,14
P_frozen,MAK31,656,14
P_frozen,MBP1,656,14
P_frozen,MDS3,654,14
P_frozen,MED1,655,14
P_frozen,MED2,656,14
P_frozen,MET13,652,14
P_frozen,MGA2,649,14
P_frozen,MMS22,654,14
P_frozen,MOT3,656,14
P_frozen,MRC1,655,14
P_frozen,MRE11,655,14
P_frozen,MRN1,656,14
P_frozen,MRT4,652,14
P_frozen,MSG5,656,14
P_frozen,MSH1,655,14
P_frozen,MSH2,655,14
P_frozen,MSN2,654,15
P_frozen,MSN5,656,14
P_frozen,MUB1,656,14
P_frozen,MUM2,656,14
P_frozen,NAM7,646,16
P_frozen,NBP2,656,14
P_frozen,NCS2,656,13
P_frozen,NCS6,656,14
P_frozen,NFI1,656,14
P_frozen,NGG1,655,14
P_frozen,NHP10,655,14
P_frozen,NKP2,656,14
P_frozen,NMD2,648,13
P_frozen,NOP6,656,14
P_frozen,NPR2,655,14
P_frozen,NPT1,655,14
P_frozen,NRG1,652,14
P_frozen,NRP1,653,14
P_frozen,NUP120,655,14
P_frozen,NUP133,653,14
P_frozen,NUP188,656,14
P_frozen,NUP60,654,14
P_frozen,OCA1,656,14
P_frozen,OPI1,653,14
P_frozen,OPI3,632,11
P_frozen,PAT1,653,14
P_frozen,PBA1,656,14
P_frozen,PBP1,656,14
P_frozen,PBS2,656,14
P_frozen,PCL8,656,14
P_frozen,PEP3,655,14
P_frozen,PFK27,652,14
P_frozen,PHO23,651,14
P_frozen,PHO85,654,14
P_frozen,PIH1,655,14
P_frozen,PIN4,653,15
P_frozen,POL32,656,14
P_frozen,PPG1,656,14
P_frozen,PPH3,656,14
P_frozen,PPT1,653,14
P_frozen,PPZ1,656,14
P_frozen,PRE9,652,15
P_frozen,PTC1,653,14
P_frozen,PTK2,654,14
P_frozen,PTP3,653,14
P_frozen,PUF6,655,14
P_frozen,PUS1,655,14
P_frozen,PUS7,654,14
P_frozen,PUS9,655,14
P_frozen,RAD1,655,14
P_frozen,RAD18,655,14
P_frozen,RAD26,655,13
P_frozen,RAD27,655,14
P_frozen,RAD50,654,14
P_frozen,RAD52,652,14
P_frozen,RAD54,652,14
P_frozen,RAD57,656,14
P_frozen,RAD6,649,13
P_frozen,RAS2,654,15
P_frozen,RCE1,656,14
P_frozen,RCO1,656,14
P_frozen,RCY1,655,14
P_frozen,REV3,656,14
P_frozen,RGP1,650,14
P_frozen,RIC1,656,14
P_frozen,RIF1,656,13
P_frozen,RIM1,651,14
P_frozen,RIM101,654,14
P_frozen,RIM11,654,13
P_frozen,RIM15,656,14
P_frozen,RME1,650,14
P_frozen,RNR4,646,14
P_frozen,RNY1,642,14
P_frozen,ROX1,654,15
P_frozen,RPA14,656,14
P_frozen,RPB9,649,13
P_frozen,RPD3,651,14
P_frozen,RPL16A,654,12
P_frozen,RPN10,654,14
P_frozen,RPN13,653,15
P_frozen,RPN4,650,13
P_frozen,RPS0B,655,14
P_frozen,RPS21A,653,15
P_frozen,RRM3,656,14
P_frozen,RRP6,656,14
P_frozen,RRP8,652,14
P_frozen,RTF1,652,14
P_frozen,RTG2,656,14
P_frozen,RTS1,655,13
P_frozen,RTT107,654,13
P_frozen,RTT109,650,14
P_frozen,RXT2,654,14
P_frozen,RXT3,655,14
P_frozen,SAM3,651,14
P_frozen,SAM4,651,13
P_frozen,SAP30,652,14
P_frozen,SAS2,656,14
P_frozen,SAS4,656,14
P_frozen,SBP1,656,14
P_frozen,SCS2,656,14
P_frozen,SDS3,654,14
P_frozen,SEM1,651,13
P_frozen,SET2,655,14
P_frozen,SET4,654,14
P_frozen,SET5,656,14
P_frozen,SGF29,656,14
P_frozen,SGF73,655,14
P_frozen,SGS1,655,14
P_frozen,SHR5,656,14
P_frozen,SIS2,652,13
P_frozen,SIW14,655,14
P_frozen,SKN7,656,14
P_frozen,SLT2,642,14
P_frozen,SLX5,648,14
P_frozen,SLX8,652,14
P_frozen,SNF11,654,14
P_frozen,SNF5,652,14
P_frozen,SNF6,654,14
P_frozen,SNT1,656,14
P_frozen,SOK2,656,14
P_frozen,SPT21,653,14
P_frozen,SPT3,656,14
P_frozen,SRP40,651,14
P_frozen,SSM4,656,14
P_frozen,STB5,651,14
P_frozen,STM1,653,14
P_frozen,STP2,655,14
P_frozen,STP3,655,14
P_frozen,SWA2,653,13
P_frozen,SWC5,656,14
P_frozen,SWD1,656,14
P_frozen,SWD3,656,14
P_frozen,SWI3,650,14
P_frozen,SWI4,651,15
P_frozen,SWI6,650,14
P_frozen,SWM1,653,14
P_frozen,SWR1,654,14
P_frozen,SYC1,656,14
P_frozen,TEC1,646,14
P_frozen,THR4,656,14
P_frozen,TIF2,656,13
P_frozen,TIP41,656,14
P_frozen,TMA23,654,14
P_frozen,TOM1,656,14
P_frozen,TPK3,655,13
P_frozen,TPS2,633,16
P_frozen,TRM1,656,14
P_frozen,TRM10,656,14
P_frozen,TRX2,656,14
P_frozen,TSL1,609,14
P_frozen,UBA3,656,14
P_frozen,UBA4,655,14
P_frozen,UBC4,655,13
P_frozen,UBC8,656,14
P_frozen,UBP15,656,14
P_frozen,UBP6,656,14
P_frozen,UBR1,654,15
P_frozen,UBR2,655,14
P_frozen,UBX3,656,14
P_frozen,UFD4,656,14
P_frozen,URA7,654,14
P_frozen,URE2,655,14
P_frozen,URM1,656,14
P_frozen,URN1,653,14
P_frozen,VAM3,656,14
P_frozen,VAM6,656,14
P_frozen,VHR1,656,14
P_frozen,VID28,654,14
P_frozen,VPS16,654,14
P_frozen,VPS27,656,14
P_frozen,VPS3,655,14
P_frozen,VPS36,654,14
P_frozen,VPS4,655,14
P_frozen,VPS41,656,14
P_frozen,VPS72,656,14
P_frozen,VPS8,656,14
P_frozen,VPS9,656,14
P_frozen,YAF9,656,14
P_frozen,YAP1,653,13
P_frozen,YBR285W,656,14
P_frozen,YCK3,656,14
P_frozen,YDR306C,655,14
P_frozen,YHR033W,647,14
P_frozen,YIL014C-A,641,14
P_frozen,YJL206C,656,13
P_frozen,YKU80,656,14
P_frozen,YLR352W,656,14
P_frozen,YOR338W,649,14
P_frozen,YPL199C,653,15
P_frozen,YPT6,652,14
P_frozen,YTA7,649,14
P_frozen,YVH1,652,15
svm_17,ADD66,656,9
svm_17,AIM1,656,8
svm_17,APN2,656,9
svm_17,APQ12,653,9
svm_17,ARG80,654,9
svm_17,ARP6,655,9
svm_17,ARX1,653,9
svm_17,ASC1,650,8
svm_17,ASE1,655,9
svm_17,ASF1,653,9
svm_17,ASH1,653,9
svm_17,ASK10,650,9
svm_17,ATG10,653,9
svm_17,ATG32,655,9
svm_17,AZF1,655,9
svm_17,BAS1,656,9
svm_17,BCY1,647,10
svm_17,BMH1,650,9
svm_17,BRE5,654,9
svm_17,BRR1,656,9
svm_17,BUD13,656,9
svm_17,CAC2,655,9
svm_17,CAF130,656,9
svm_17,CBF1,651,9
svm_17,CCR4,651,9
svm_17,CDC40,651,9
svm_17,CDH1,656,9
svm_17,CGI121,656,9
svm_17,CHA4,656,9
svm_17,CHD1,656,9
svm_17,CHK1,656,9
svm_17,CHL1,656,9
svm_17,CHO2,645,9
svm_17,CIN8,653,9
svm_17,CKA2,656,9
svm_17,CKB2,655,9
svm_17,CLB2,655,9
svm_17,CLN3,654,9
svm_17,CMK2,642,9
svm_17,CPR6,648,9
svm_17,CST6,648,9
svm_17,CTF18,654,9
svm_17,CTF4,654,9
svm_17,CTF8,655,9
svm_17,CTI6,656,9
svm_17,CTR9,648,9
svm_17,CUP9,656,9
svm_17,DAL81,656,9
svm_17,DAT1,656,9
svm_17,DCC1,654,9
svm_17,DDR48,639,9
svm_17,DEF1,643,6
svm_17,DEG1,656,9
svm_17,DEP1,654,9
svm_17,DID4,655,9
svm_17,DIG1,652,9
svm_17,DLS1,656,9
svm_17,DOA1,653,9
svm_17,DOA4,654,8
svm_17,DPB4,656,9
svm_17,DUN1,651,9
svm_17,EAF5,656,9
svm_17,EAF6,656,9
svm_17,EAF7,656,9
svm_17,EBS1,656,8
svm_17,EDE1,655,9
svm_17,ELA1,654,8
svm_17,ELC1,656,9
svm_17,ELF1,654,9
svm_17,ELM1,655,9
svm_17,ELP2,655,9
svm_17,ELP4,654,9
svm_17,ELP6,652,9
svm_17,ERF2,656,9
svm_17,ERG2,653,9
svm_17,ESC2,656,9
svm_17,EST3,650,9
svm_17,EUG1,651,9
svm_17,FKS1,655,9
svm_17,FZF1,655,9
svm_17,GAL80,655,8
svm_17,GAT2,652,9
svm_17,GCR2,654,9
svm_17,GIS1,654,9
svm_17,GIS4,656,9
svm_17,GPG1,633,9
svm_17,GPH1,615,9
svm_17,GPR1,655,9
svm_17,GSY1,627,9
svm_17,GSY2,629,9
svm_17,GTR1,654,9
svm_17,HAL9,656,9
svm_17,HAP4,646,9
svm_17,HAP5,655,8
svm_17,HDA1,656,9
svm_17,HFI1,646,9
svm_17,HFM1,650,9
svm_17,HHF1,654,9
svm_17,HHT1,655,9
svm_17,HMO1,654,9
svm_17,HOG1,656,9
svm_17,HOM2,654,9
svm_17,HOS3,656,9
svm_17,HOS4,655,9
svm_17,HPC2,652,8
svm_17,HSC82,651,9
svm_17,HSE1,653,9
svm_17,HTZ1,654,8
svm_17,HUR1,654,9
svm_17,HXK2,653,9
svm_17,IES1,656,8
svm_17,IES2,653,9
svm_17,IES3,655,9
svm_17,IES5,652,9
svm_17,INO2,645,9
svm_17,INO4,646,9
svm_17,INP52,656,9
svm_17,IPK1,653,9
svm_17,IRA2,647,9
svm_17,IRC25,654,10
svm_17,IRC3,655,9
svm_17,IRE1,655,9
svm_17,IRS4,656,9
svm_17,ISW2,653,8
svm_17,ITC1,653,8
svm_17,IXR1,656,9
svm_17,JHD2,656,9
svm_17,JNM1,656,9
svm_17,KAP122,655,9
svm_17,KAP123,654,9
svm_17,KAR3,656,9
svm_17,KIN3,655,9
svm_17,KKQ8,656,9
svm_17,KSP1,654,9
svm_17,KTI12,656,9
svm_17,LEU3,656,9
svm_17,LOC1,655,8
svm_17,LOS1,655,9
svm_17,LRP1,654,9
svm_17,LSM12,654,9
svm_17,LSM6,655,9
svm_17,MAK31,656,9
svm_17,MBP1,656,9
svm_17,MDS3,654,9
svm_17,MED1,655,9
svm_17,MED2,656,9
svm_17,MET13,652,9
svm_17,MGA2,649,9
svm_17,MMS22,654,9
svm_17,MOT3,656,9
svm_17,MRC1,655,9
svm_17,MRE11,655,9
svm_17,MRN1,656,9
svm_17,MRT4,652,9
svm_17,MSG5,656,9
svm_17,MSH1,655,9
svm_17,MSH2,655,9
svm_17,MSN2,654,10
svm_17,MSN5,656,9
svm_17,MUB1,656,9
svm_17,MUM2,656,9
svm_17,NAM7,646,8
svm_17,NBP2,656,9
svm_17,NCS2,656,9
svm_17,NCS6,656,9
svm_17,NFI1,656,9
svm_17,NGG1,655,9
svm_17,NHP10,655,9
svm_17,NKP2,656,9
svm_17,NMD2,648,8
svm_17,NOP6,656,9
svm_17,NPR2,655,9
svm_17,NPT1,655,9
svm_17,NRG1,652,9
svm_17,NRP1,653,9
svm_17,NUP120,655,9
svm_17,NUP133,653,9
svm_17,NUP188,656,9
svm_17,NUP60,654,9
svm_17,OCA1,656,9
svm_17,OPI1,653,9
svm_17,OPI3,632,9
svm_17,PAT1,653,9
svm_17,PBA1,656,9
svm_17,PBP1,656,9
svm_17,PBS2,656,9
svm_17,PCL8,656,9
svm_17,PEP3,655,9
svm_17,PFK27,652,9
svm_17,PHO23,651,8
svm_17,PHO85,654,9
svm_17,PIH1,655,9
svm_17,PIN4,653,9
svm_17,POL32,656,9
svm_17,PPG1,656,9
svm_17,PPH3,656,9
svm_17,PPT1,653,9
svm_17,PPZ1,656,9
svm_17,PRE9,652,9
svm_17,PTC1,653,9
svm_17,PTK2,654,9
svm_17,PTP3,653,9
svm_17,PUF6,655,9
svm_17,PUS1,655,9
svm_17,PUS7,654,9
svm_17,PUS9,655,9
svm_17,RAD1,655,9
svm_17,RAD18,655,9
svm_17,RAD26,655,9
svm_17,RAD27,655,9
svm_17,RAD50,654,9
svm_17,RAD52,652,9
svm_17,RAD54,652,9
svm_17,RAD57,656,9
svm_17,RAD6,649,9
svm_17,RAS2,654,9
svm_17,RCE1,656,9
svm_17,RCO1,656,9
svm_17,RCY1,655,9
svm_17,REV3,656,9
svm_17,RGP1,650,9
svm_17,RIC1,656,9
svm_17,RIF1,656,9
svm_17,RIM1,651,9
svm_17,RIM101,654,9
svm_17,RIM11,654,8
svm_17,RIM15,656,9
svm_17,RME1,650,9
svm_17,RNR4,646,10
svm_17,RNY1,642,9
svm_17,ROX1,654,9
svm_17,RPA14,656,9
svm_17,RPB9,649,9
svm_17,RPD3,651,8
svm_17,RPL16A,654,8
svm_17,RPN10,654,9
svm_17,RPN13,653,9
svm_17,RPN4,650,9
svm_17,RPS0B,655,9
svm_17,RPS21A,653,10
svm_17,RRM3,656,9
svm_17,RRP6,656,9
svm_17,RRP8,652,9
svm_17,RTF1,652,9
svm_17,RTG2,656,9
svm_17,RTS1,655,9
svm_17,RTT107,654,9
svm_17,RTT109,650,9
svm_17,RXT2,654,9
svm_17,RXT3,655,9
svm_17,SAM3,651,9
svm_17,SAM4,651,9
svm_17,SAP30,652,9
svm_17,SAS2,656,9
svm_17,SAS4,656,9
svm_17,SBP1,656,9
svm_17,SCS2,656,9
svm_17,SDS3,654,9
svm_17,SEM1,651,8
svm_17,SET2,655,9
svm_17,SET4,654,9
svm_17,SET5,656,9
svm_17,SGF29,656,9
svm_17,SGF73,655,9
svm_17,SGS1,655,9
svm_17,SHR5,656,9
svm_17,SIS2,652,9
svm_17,SIW14,655,9
svm_17,SKN7,656,9
svm_17,SLT2,642,9
svm_17,SLX5,648,9
svm_17,SLX8,652,9
svm_17,SNF11,654,9
svm_17,SNF5,652,9
svm_17,SNF6,654,9
svm_17,SNT1,656,9
svm_17,SOK2,656,9
svm_17,SPT21,653,9
svm_17,SPT3,656,9
svm_17,SRP40,651,9
svm_17,SSM4,656,10
svm_17,STB5,651,9
svm_17,STM1,653,9
svm_17,STP2,655,9
svm_17,STP3,655,9
svm_17,SWA2,653,9
svm_17,SWC5,656,9
svm_17,SWD1,656,9
svm_17,SWD3,656,9
svm_17,SWI3,650,9
svm_17,SWI4,651,9
svm_17,SWI6,650,9
svm_17,SWM1,653,9
svm_17,SWR1,654,8
svm_17,SYC1,656,9
svm_17,TEC1,646,9
svm_17,THR4,656,9
svm_17,TIF2,656,9
svm_17,TIP41,656,9
svm_17,TMA23,654,9
svm_17,TOM1,656,9
svm_17,TPK3,655,9
svm_17,TPS2,633,10
svm_17,TRM1,656,9
svm_17,TRM10,656,9
svm_17,TRX2,656,9
svm_17,TSL1,609,9
svm_17,UBA3,656,9
svm_17,UBA4,655,9
svm_17,UBC4,655,9
svm_17,UBC8,656,9
svm_17,UBP15,656,9
svm_17,UBP6,656,9
svm_17,UBR1,654,9
svm_17,UBR2,655,9
svm_17,UBX3,656,9
svm_17,UFD4,656,9
svm_17,URA7,654,9
svm_17,URE2,655,9
svm_17,URM1,656,9
svm_17,URN1,653,9
svm_17,VAM3,656,9
svm_17,VAM6,656,9
svm_17,VHR1,656,9
svm_17,VID28,654,9
svm_17,VPS16,654,9
svm_17,VPS27,656,9
svm_17,VPS3,655,9
svm_17,VPS36,654,9
svm_17,VPS4,655,9
svm_17,VPS41,656,9
svm_17,VPS72,656,9
svm_17,VPS8,656,9
svm_17,VPS9,656,9
svm_17,YAF9,656,9
svm_17,YAP1,653,9
svm_17,YBR285W,656,9
svm_17,YCK3,656,9
svm_17,YDR306C,655,9
svm_17,YHR033W,647,9
svm_17,YIL014C-A,641,9
svm_17,YJL206C,656,9
svm_17,YKU80,656,9
svm_17,YLR352W,656,9
svm_17,YOR338W,649,9
svm_17,YPL199C,653,9
svm_17,YPT6,652,8
svm_17,YTA7,649,9
svm_17,YVH1,652,9
xgboost_17,ADD66,656,7
xgboost_17,AIM1,656,7
xgboost_17,APN2,656,7
xgboost_17,APQ12,653,7
xgboost_17,ARG80,654,7
xgboost_17,ARP6,655,7
xgboost_17,ARX1,653,7
xgboost_17,ASC1,650,6
xgboost_17,ASE1,655,7
xgboost_17,ASF1,653,7
xgboost_17,ASH1,653,7
xgboost_17,ASK10,650,7
xgboost_17,ATG10,653,7
xgboost_17,ATG32,655,7
xgboost_17,AZF1,655,7
xgboost_17,BAS1,656,7
xgboost_17,BCY1,647,8
xgboost_17,BMH1,650,7
xgboost_17,BRE5,654,7
xgboost_17,BRR1,656,7
xgboost_17,BUD13,656,7
xgboost_17,CAC2,655,7
xgboost_17,CAF130,656,7
xgboost_17,CBF1,651,7
xgboost_17,CCR4,651,7
xgboost_17,CDC40,651,7
xgboost_17,CDH1,656,7
xgboost_17,CGI121,656,7
xgboost_17,CHA4,656,7
xgboost_17,CHD1,656,7
xgboost_17,CHK1,656,7
xgboost_17,CHL1,656,7
xgboost_17,CHO2,645,7
xgboost_17,CIN8,653,7
xgboost_17,CKA2,656,7
xgboost_17,CKB2,655,7
xgboost_17,CLB2,655,7
xgboost_17,CLN3,654,7
xgboost_17,CMK2,642,7
xgboost_17,CPR6,648,7
xgboost_17,CST6,648,7
xgboost_17,CTF18,654,7
xgboost_17,CTF4,654,7
xgboost_17,CTF8,655,7
xgboost_17,CTI6,656,7
xgboost_17,CTR9,648,7
xgboost_17,CUP9,656,6
xgboost_17,DAL81,656,7
xgboost_17,DAT1,656,6
xgboost_17,DCC1,654,7
xgboost_17,DDR48,639,7
xgboost_17,DEF1,643,5
xgboost_17,DEG1,656,7
xgboost_17,DEP1,654,7
xgboost_17,DID4,655,7
xgboost_17,DIG1,652,7
xgboost_17,DLS1,656,7
xgboost_17,DOA1,653,7
xgboost_17,DOA4,654,7
xgboost_17,DPB4,656,7
xgboost_17,DUN1,651,7
xgboost_17,EAF5,656,7
xgboost_17,EAF6,656,7
xgboost_17,EAF7,656,7
xgboost_17,EBS1,656,6
xgboost_17,EDE1,655,7
xgboost_17,ELA1,654,7
xgboost_17,ELC1,656,7
xgboost_17,ELF1,654,7
xgboost_17,ELM1,655,7
xgboost_17,ELP2,655,7
xgboost_17,ELP4,654,7
xgboost_17,ELP6,652,7
xgboost_17,ERF2,656,7
xgboost_17,ERG2,653,7
xgboost_17,ESC2,656,7
xgboost_17,EST3,650,7
xgboost_17,EUG1,651,7
xgboost_17,FKS1,655,7
xgboost_17,FZF1,655,7
xgboost_17,GAL80,655,7
xgboost_17,GAT2,652,7
xgboost_17,GCR2,654,7
xgboost_17,GIS1,654,7
xgboost_17,GIS4,656,7
xgboost_17,GPG1,633,7
xgboost_17,GPH1,615,7
xgboost_17,GPR1,655,7
xgboost_17,GSY1,627,7
xgboost_17,GSY2,629,7
xgboost_17,GTR1,654,7
xgboost_17,HAL9,656,7
xgboost_17,HAP4,646,7
xgboost_17,HAP5,655,6
xgboost_17,HDA1,656,7
xgboost_17,HFI1,646,7
xgboost_17,HFM1,650,7
xgboost_17,HHF1,654,7
xgboost_17,HHT1,655,7
xgboost_17,HMO1,654,7
xgboost_17,HOG1,656,7
xgboost_17,HOM2,654,7
xgboost_17,HOS3,656,7
xgboost_17,HOS4,655,7
xgboost_17,HPC2,652,7
xgboost_17,HSC82,651,7
xgboost_17,HSE1,653,7
xgboost_17,HTZ1,654,7
xgboost_17,HUR1,654,7
xgboost_17,HXK2,653,7
xgboost_17,IES1,656,7
xgboost_17,IES2,653,7
xgboost_17,IES3,655,7
xgboost_17,IES5,652,6
xgboost_17,INO2,645,6
xgboost_17,INO4,646,7
xgboost_17,INP52,656,7
xgboost_17,IPK1,653,7
xgboost_17,IRA2,647,6
xgboost_17,IRC25,654,7
xgboost_17,IRC3,655,7
xgboost_17,IRE1,655,7
xgboost_17,IRS4,656,7
xgboost_17,ISW2,653,7
xgboost_17,ITC1,653,7
xgboost_17,IXR1,656,7
xgboost_17,JHD2,656,7
xgboost_17,JNM1,656,7
xgboost_17,KAP122,655,7
xgboost_17,KAP123,654,7
xgboost_17,KAR3,656,7
xgboost_17,KIN3,655,7
xgboost_17,KKQ8,656,7
xgboost_17,KSP1,654,7
xgboost_17,KTI12,656,7
xgboost_17,LEU3,656,7
xgboost_17,LOC1,655,7
xgboost_17,LOS1,655,7
xgboost_17,LRP1,654,7
xgboost_17,LSM12,654,7
xgboost_17,LSM6,655,7
xgboost_17,MAK31,656,7
xgboost_17,MBP1,656,7
xgboost_17,MDS3,654,7
xgboost_17,MED1,655,7
xgboost_17,MED2,656,7
xgboost_17,MET13,652,7
xgboost_17,MGA2,649,7
xgboost_17,MMS22,654,7
xgboost_17,MOT3,656,7
xgboost_17,MRC1,655,7
xgboost_17,MRE11,655,7
xgboost_17,MRN1,656,7
xgboost_17,MRT4,652,7
xgboost_17,MSG5,656,7
xgboost_17,MSH1,655,7
xgboost_17,MSH2,655,7
xgboost_17,MSN2,654,7
xgboost_17,MSN5,656,7
xgboost_17,MUB1,656,7
xgboost_17,MUM2,656,7
xgboost_17,NAM7,646,6
xgboost_17,NBP2,656,7
xgboost_17,NCS2,656,7
xgboost_17,NCS6,656,7
xgboost_17,NFI1,656,7
xgboost_17,NGG1,655,7
xgboost_17,NHP10,655,7
xgboost_17,NKP2,656,7
xgboost_17,NMD2,648,7
xgboost_17,NOP6,656,7
xgboost_17,NPR2,655,7
xgboost_17,NPT1,655,7
xgboost_17,NRG1,652,7
xgboost_17,NRP1,653,7
xgboost_17,NUP120,655,7
xgboost_17,NUP133,653,7
xgboost_17,NUP188,656,7
xgboost_17,NUP60,654,7
xgboost_17,OCA1,656,7
xgboost_17,OPI1,653,7
xgboost_17,OPI3,632,5
xgboost_17,PAT1,653,7
xgboost_17,PBA1,656,7
xgboost_17,PBP1,656,7
xgboost_17,PBS2,656,7
xgboost_17,PCL8,656,7
xgboost_17,PEP3,655,7
xgboost_17,PFK27,652,7
xgboost_17,PHO23,651,7
xgboost_17,PHO85,654,7
xgboost_17,PIH1,655,7
xgboost_17,PIN4,653,7
xgboost_17,POL32,656,7
xgboost_17,PPG1,656,7
xgboost_17,PPH3,656,7
xgboost_17,PPT1,653,7
xgboost_17,PPZ1,656,7
xgboost_17,PRE9,652,7
xgboost_17,PTC1,653,7
xgboost_17,PTK2,654,7
xgboost_17,PTP3,653,7
xgboost_17,PUF6,655,7
xgboost_17,PUS1,655,7
xgboost_17,PUS7,654,7
xgboost_17,PUS9,655,7
xgboost_17,RAD1,655,7
xgboost_17,RAD18,655,7
xgboost_17,RAD26,655,7
xgboost_17,RAD27,655,7
xgboost_17,RAD50,654,7
xgboost_17,RAD52,652,7
xgboost_17,RAD54,652,7
xgboost_17,RAD57,656,7
xgboost_17,RAD6,649,7
xgboost_17,RAS2,654,7
xgboost_17,RCE1,656,7
xgboost_17,RCO1,656,7
xgboost_17,RCY1,655,7
xgboost_17,REV3,656,7
xgboost_17,RGP1,650,7
xgboost_17,RIC1,656,7
xgboost_17,RIF1,656,7
xgboost_17,RIM1,651,7
xgboost_17,RIM101,654,7
xgboost_17,RIM11,654,7
xgboost_17,RIM15,656,7
xgboost_17,RME1,650,7
xgboost_17,RNR4,646,7
xgboost_17,RNY1,642,7
xgboost_17,ROX1,654,7
xgboost_17,RPA14,656,7
xgboost_17,RPB9,649,7
xgboost_17,RPD3,651,7
xgboost_17,RPL16A,654,6
xgboost_17,RPN10,654,7
xgboost_17,RPN13,653,7
xgboost_17,RPN4,650,7
xgboost_17,RPS0B,655,7
xgboost_17,RPS21A,653,8
xgboost_17,RRM3,656,7
xgboost_17,RRP6,656,7
xgboost_17,RRP8,652,7
xgboost_17,RTF1,652,7
xgboost_17,RTG2,656,7
xgboost_17,RTS1,655,7
xgboost_17,RTT107,654,6
xgboost_17,RTT109,650,7
xgboost_17,RXT2,654,7
xgboost_17,RXT3,655,7
xgboost_17,SAM3,651,7
xgboost_17,SAM4,651,6
xgboost_17,SAP30,652,7
xgboost_17,SAS2,656,7
xgboost_17,SAS4,656,7
xgboost_17,SBP1,656,7
xgboost_17,SCS2,656,7
xgboost_17,SDS3,654,7
xgboost_17,SEM1,651,6
xgboost_17,SET2,655,7
xgboost_17,SET4,654,7
xgboost_17,SET5,656,7
xgboost_17,SGF29,656,7
xgboost_17,SGF73,655,7
xgboost_17,SGS1,655,7
xgboost_17,SHR5,656,7
xgboost_17,SIS2,652,7
xgboost_17,SIW14,655,7
xgboost_17,SKN7,656,7
xgboost_17,SLT2,642,7
xgboost_17,SLX5,648,7
xgboost_17,SLX8,652,7
xgboost_17,SNF11,654,7
xgboost_17,SNF5,652,7
xgboost_17,SNF6,654,7
xgboost_17,SNT1,656,7
xgboost_17,SOK2,656,7
xgboost_17,SPT21,653,7
xgboost_17,SPT3,656,7
xgboost_17,SRP40,651,7
xgboost_17,SSM4,656,7
xgboost_17,STB5,651,7
xgboost_17,STM1,653,7
xgboost_17,STP2,655,7
xgboost_17,STP3,655,7
xgboost_17,SWA2,653,7
xgboost_17,SWC5,656,7
xgboost_17,SWD1,656,7
xgboost_17,SWD3,656,7
xgboost_17,SWI3,650,7
xgboost_17,SWI4,651,8
xgboost_17,SWI6,650,7
xgboost_17,SWM1,653,7
xgboost_17,SWR1,654,7
xgboost_17,SYC1,656,7
xgboost_17,TEC1,646,7
xgboost_17,THR4,656,7
xgboost_17,TIF2,656,7
xgboost_17,TIP41,656,7
xgboost_17,TMA23,654,7
xgboost_17,TOM1,656,7
xgboost_17,TPK3,655,7
xgboost_17,TPS2,633,7
xgboost_17,TRM1,656,7
xgboost_17,TRM10,656,7
xgboost_17,TRX2,656,7
xgboost_17,TSL1,609,7
xgboost_17,UBA3,656,7
xgboost_17,UBA4,655,7
xgboost_17,UBC4,655,6
xgboost_17,UBC8,656,7
xgboost_17,UBP15,656,7
xgboost_17,UBP6,656,7
xgboost_17,UBR1,654,8
xgboost_17,UBR2,655,7
xgboost_17,UBX3,656,7
xgboost_17,UFD4,656,7
xgboost_17,URA7,654,7
xgboost_17,URE2,655,7
xgboost_17,URM1,656,7
xgboost_17,URN1,653,7
xgboost_17,VAM3,656,7
xgboost_17,VAM6,656,7
xgboost_17,VHR1,656,7
xgboost_17,VID28,654,7
xgboost_17,VPS16,654,7
xgboost_17,VPS27,656,7
xgboost_17,VPS3,655,7
xgboost_17,VPS36,654,7
xgboost_17,VPS4,655,7
xgboost_17,VPS41,656,7
xgboost_17,VPS72,656,7
xgboost_17,VPS8,656,7
xgboost_17,VPS9,656,7
xgboost_17,YAF9,656,7
xgboost_17,YAP1,653,7
xgboost_17,YBR285W,656,7
xgboost_17,YCK3,656,7
xgboost_17,YDR306C,655,7
xgboost_17,YHR033W,647,7
xgboost_17,YIL014C-A,641,7
xgboost_17,YJL206C,656,7
xgboost_17,YKU80,656,7
xgboost_17,YLR352W,656,7
xgboost_17,YOR338W,649,7
xgboost_17,YPL199C,653,7
xgboost_17,YPT6,652,7
xgboost_17,YTA7,649,7
xgboost_17,YVH1,652,7
xgboost_29,ADD66,656,7
xgboost_29,AIM1,656,7
xgboost_29,APN2,656,7
xgboost_29,APQ12,653,7
xgboost_29,ARG80,654,7
xgboost_29,ARP6,655,7
xgboost_29,ARX1,653,7
xgboost_29,ASC1,650,6
xgboost_29,ASE1,655,7
xgboost_29,ASF1,653,7
xgboost_29,ASH1,653,7
xgboost_29,ASK10,650,7
xgboost_29,ATG10,653,7
xgboost_29,ATG32,655,7
xgboost_29,AZF1,655,7
xgboost_29,BAS1,656,7
xgboost_29,BCY1,647,8
xgboost_29,BMH1,650,7
xgboost_29,BRE5,654,7
xgboost_29,BRR1,656,7
xgboost_29,BUD13,656,7
xgboost_29,CAC2,655,7
xgboost_29,CAF130,656,7
xgboost_29,CBF1,651,7
xgboost_29,CCR4,651,7
xgboost_29,CDC40,651,7
xgboost_29,CDH1,656,7
xgboost_29,CGI121,656,7
xgboost_29,CHA4,656,7
xgboost_29,CHD1,656,7
xgboost_29,CHK1,656,7
xgboost_29,CHL1,656,7
xgboost_29,CHO2,645,7
xgboost_29,CIN8,653,7
xgboost_29,CKA2,656,7
xgboost_29,CKB2,655,7
xgboost_29,CLB2,655,7
xgboost_29,CLN3,654,7
xgboost_29,CMK2,642,7
xgboost_29,CPR6,648,7
xgboost_29,CST6,648,7
xgboost_29,CTF18,654,7
xgboost_29,CTF4,654,7
xgboost_29,CTF8,655,7
xgboost_29,CTI6,656,7
xgboost_29,CTR9,648,7
xgboost_29,CUP9,656,6
xgboost_29,DAL81,656,7
xgboost_29,DAT1,656,6
xgboost_29,DCC1,654,7
xgboost_29,DDR48,639,7
xgboost_29,DEF1,643,5
xgboost_29,DEG1,656,7
xgboost_29,DEP1,654,7
xgboost_29,DID4,655,7
xgboost_29,DIG1,652,7
xgboost_29,DLS1,656,7
xgboost_29,DOA1,653,7
xgboost_29,DOA4,654,7
xgboost_29,DPB4,656,7
xgboost_29,DUN1,651,7
xgboost_29,EAF5,656,7
xgboost_29,EAF6,656,7
xgboost_29,EAF7,656,7
xgboost_29,EBS1,656,6
xgboost_29,EDE1,655,7
xgboost_29,ELA1,654,7
xgboost_29,ELC1,656,7
xgboost_29,ELF1,654,7
xgboost_29,ELM1,655,7
xgboost_29,ELP2,655,7
xgboost_29,ELP4,654,7
xgboost_29,ELP6,652,7
xgboost_29,ERF2,656,7
xgboost_29,ERG2,653,7
xgboost_29,ESC2,656,7
xgboost_29,EST3,650,7
xgboost_29,EUG1,651,7
xgboost_29,FKS1,655,7
xgboost_29,FZF1,655,7
xgboost_29,GAL80,655,7
xgboost_29,GAT2,652,7
xgboost_29,GCR2,654,7
xgboost_29,GIS1,654,7
xgboost_29,GIS4,656,7
xgboost_29,GPG1,633,7
xgboost_29,GPH1,615,7
xgboost_29,GPR1,655,7
xgboost_29,GSY1,627,7
xgboost_29,GSY2,629,7
xgboost_29,GTR1,654,7
xgboost_29,HAL9,656,7
xgboost_29,HAP4,646,7
xgboost_29,HAP5,655,6
xgboost_29,HDA1,656,7
xgboost_29,HFI1,646,7
xgboost_29,HFM1,650,7
xgboost_29,HHF1,654,7
xgboost_29,HHT1,655,7
xgboost_29,HMO1,654,7
xgboost_29,HOG1,656,7
xgboost_29,HOM2,654,7
xgboost_29,HOS3,656,7
xgboost_29,HOS4,655,7
xgboost_29,HPC2,652,7
xgboost_29,HSC82,651,7
xgboost_29,HSE1,653,7
xgboost_29,HTZ1,654,7
xgboost_29,HUR1,654,7
xgboost_29,HXK2,653,7
xgboost_29,IES1,656,7
xgboost_29,IES2,653,7
xgboost_29,IES3,655,7
xgboost_29,IES5,652,6
xgboost_29,INO2,645,6
xgboost_29,INO4,646,7
xgboost_29,INP52,656,7
xgboost_29,IPK1,653,7
xgboost_29,IRA2,647,6
xgboost_29,IRC25,654,7
xgboost_29,IRC3,655,7
xgboost_29,IRE1,655,7
xgboost_29,IRS4,656,7
xgboost_29,ISW2,653,7
xgboost_29,ITC1,653,7
xgboost_29,IXR1,656,7
xgboost_29,JHD2,656,7
xgboost_29,JNM1,656,7
xgboost_29,KAP122,655,7
xgboost_29,KAP123,654,7
xgboost_29,KAR3,656,7
xgboost_29,KIN3,655,7
xgboost_29,KKQ8,656,7
xgboost_29,KSP1,654,7
xgboost_29,KTI12,656,7
xgboost_29,LEU3,656,7
xgboost_29,LOC1,655,7
xgboost_29,LOS1,655,7
xgboost_29,LRP1,654,7
xgboost_29,LSM12,654,7
xgboost_29,LSM6,655,7
xgboost_29,MAK31,656,7
xgboost_29,MBP1,656,7
xgboost_29,MDS3,654,7
xgboost_29,MED1,655,7
xgboost_29,MED2,656,7
xgboost_29,MET13,652,7
xgboost_29,MGA2,649,7
xgboost_29,MMS22,654,7
xgboost_29,MOT3,656,7
xgboost_29,MRC1,655,7
xgboost_29,MRE11,655,7
xgboost_29,MRN1,656,7
xgboost_29,MRT4,652,7
xgboost_29,MSG5,656,7
xgboost_29,MSH1,655,7
xgboost_29,MSH2,655,7
xgboost_29,MSN2,654,7
xgboost_29,MSN5,656,7
xgboost_29,MUB1,656,7
xgboost_29,MUM2,656,7
xgboost_29,NAM7,646,6
xgboost_29,NBP2,656,7
xgboost_29,NCS2,656,7
xgboost_29,NCS6,656,7
xgboost_29,NFI1,656,7
xgboost_29,NGG1,655,7
xgboost_29,NHP10,655,7
xgboost_29,NKP2,656,7
xgboost_29,NMD2,648,7
xgboost_29,NOP6,656,7
xgboost_29,NPR2,655,7
xgboost_29,NPT1,655,7
xgboost_29,NRG1,652,7
xgboost_29,NRP1,653,7
xgboost_29,NUP120,655,7
xgboost_29,NUP133,653,7
xgboost_29,NUP188,656,7
xgboost_29,NUP60,654,7
xgboost_29,OCA1,656,7
xgboost_29,OPI1,653,7
xgboost_29,OPI3,632,5
xgboost_29,PAT1,653,7
xgboost_29,PBA1,656,7
xgboost_29,PBP1,656,7
xgboost_29,PBS2,656,7
xgboost_29,PCL8,656,7
xgboost_29,PEP3,655,7
xgboost_29,PFK27,652,7
xgboost_29,PHO23,651,7
xgboost_29,PHO85,654,7
xgboost_29,PIH1,655,7
xgboost_29,PIN4,653,7
xgboost_29,POL32,656,7
xgboost_29,PPG1,656,7
xgboost_29,PPH3,656,7
xgboost_29,PPT1,653,7
xgboost_29,PPZ1,656,7
xgboost_29,PRE9,652,7
xgboost_29,PTC1,653,7
xgboost_29,PTK2,654,7
xgboost_29,PTP3,653,7
xgboost_29,PUF6,655,7
xgboost_29,PUS1,655,7
xgboost_29,PUS7,654,7
xgboost_29,PUS9,655,7
xgboost_29,RAD1,655,7
xgboost_29,RAD18,655,7
xgboost_29,RAD26,655,7
xgboost_29,RAD27,655,7
xgboost_29,RAD50,654,7
xgboost_29,RAD52,652,7
xgboost_29,RAD54,652,7
xgboost_29,RAD57,656,7
xgboost_29,RAD6,649,7
xgboost_29,RAS2,654,7
xgboost_29,RCE1,656,7
xgboost_29,RCO1,656,7
xgboost_29,RCY1,655,7
xgboost_29,REV3,656,7
xgboost_29,RGP1,650,7
xgboost_29,RIC1,656,7
xgboost_29,RIF1,656,7
xgboost_29,RIM1,651,7
xgboost_29,RIM101,654,7
xgboost_29,RIM11,654,7
xgboost_29,RIM15,656,7
xgboost_29,RME1,650,7
xgboost_29,RNR4,646,7
xgboost_29,RNY1,642,7
xgboost_29,ROX1,654,7
xgboost_29,RPA14,656,7
xgboost_29,RPB9,649,7
xgboost_29,RPD3,651,7
xgboost_29,RPL16A,654,6
xgboost_29,RPN10,654,7
xgboost_29,RPN13,653,7
xgboost_29,RPN4,650,7
xgboost_29,RPS0B,655,7
xgboost_29,RPS21A,653,8
xgboost_29,RRM3,656,7
xgboost_29,RRP6,656,7
xgboost_29,RRP8,652,7
xgboost_29,RTF1,652,7
xgboost_29,RTG2,656,7
xgboost_29,RTS1,655,7
xgboost_29,RTT107,654,6
xgboost_29,RTT109,650,7
xgboost_29,RXT2,654,7
xgboost_29,RXT3,655,7
xgboost_29,SAM3,651,7
xgboost_29,SAM4,651,6
xgboost_29,SAP30,652,7
xgboost_29,SAS2,656,7
xgboost_29,SAS4,656,7
xgboost_29,SBP1,656,7
xgboost_29,SCS2,656,7
xgboost_29,SDS3,654,7
xgboost_29,SEM1,651,6
xgboost_29,SET2,655,7
xgboost_29,SET4,654,7
xgboost_29,SET5,656,7
xgboost_29,SGF29,656,7
xgboost_29,SGF73,655,7
xgboost_29,SGS1,655,7
xgboost_29,SHR5,656,7
xgboost_29,SIS2,652,7
xgboost_29,SIW14,655,7
xgboost_29,SKN7,656,7
xgboost_29,SLT2,642,7
xgboost_29,SLX5,648,7
xgboost_29,SLX8,652,7
xgboost_29,SNF11,654,7
xgboost_29,SNF5,652,7
xgboost_29,SNF6,654,7
xgboost_29,SNT1,656,7
xgboost_29,SOK2,656,7
xgboost_29,SPT21,653,7
xgboost_29,SPT3,656,7
xgboost_29,SRP40,651,7
xgboost_29,SSM4,656,7
xgboost_29,STB5,651,7
xgboost_29,STM1,653,7
xgboost_29,STP2,655,7
xgboost_29,STP3,655,7
xgboost_29,SWA2,653,7
xgboost_29,SWC5,656,7
xgboost_29,SWD1,656,7
xgboost_29,SWD3,656,7
xgboost_29,SWI3,650,7
xgboost_29,SWI4,651,8
xgboost_29,SWI6,650,7
xgboost_29,SWM1,653,7
xgboost_29,SWR1,654,7
xgboost_29,SYC1,656,7
xgboost_29,TEC1,646,7
xgboost_29,THR4,656,7
xgboost_29,TIF2,656,7
xgboost_29,TIP41,656,7
xgboost_29,TMA23,654,7
xgboost_29,TOM1,656,7
xgboost_29,TPK3,655,7
xgboost_29,TPS2,633,7
xgboost_29,TRM1,656,7
xgboost_29,TRM10,656,7
xgboost_29,TRX2,656,7
xgboost_29,TSL1,609,7
xgboost_29,UBA3,656,7
xgboost_29,UBA4,655,7
xgboost_29,UBC4,655,6
xgboost_29,UBC8,656,7
xgboost_29,UBP15,656,7
xgboost_29,UBP6,656,7
xgboost_29,UBR1,654,8
xgboost_29,UBR2,655,7
xgboost_29,UBX3,656,7
xgboost_29,UFD4,656,7
xgboost_29,URA7,654,7
xgboost_29,URE2,655,7
xgboost_29,URM1,656,7
xgboost_29,URN1,653,7
xgboost_29,VAM3,656,7
xgboost_29,VAM6,656,7
xgboost_29,VHR1,656,7
xgboost_29,VID28,654,7
xgboost_29,VPS16,654,7
xgboost_29,VPS27,656,7
xgboost_29,VPS3,655,7
xgboost_29,VPS36,654,7
xgboost_29,VPS4,655,7
xgboost_29,VPS41,656,7
xgboost_29,VPS72,656,7
xgboost_29,VPS8,656,7
xgboost_29,VPS9,656,7
xgboost_29,YAF9,656,7
xgboost_29,YAP1,653,7
xgboost_29,YBR285W,656,7
xgboost_29,YCK3,656,7
xgboost_29,YDR306C,655,7
xgboost_29,YHR033W,647,7
xgboost_29,YIL014C-A,641,7
xgboost_29,YJL206C,656,7
xgboost_29,YKU80,656,7
xgboost_29,YLR352W,656,7
xgboost_29,YOR338W,649,7
xgboost_29,YPL199C,653,7
xgboost_29,YPT6,652,7
xgboost_29,YTA7,649,7
xgboost_29,YVH1,652,7
xgboost_43,ADD66,656,7
xgboost_43,AIM1,656,7
xgboost_43,APN2,656,7
xgboost_43,APQ12,653,7
xgboost_43,ARG80,654,7
xgboost_43,ARP6,655,7
xgboost_43,ARX1,653,7
xgboost_43,ASC1,650,6
xgboost_43,ASE1,655,7
xgboost_43,ASF1,653,7
xgboost_43,ASH1,653,7
xgboost_43,ASK10,650,7
xgboost_43,ATG10,653,7
xgboost_43,ATG32,655,7
xgboost_43,AZF1,655,7
xgboost_43,BAS1,656,7
xgboost_43,BCY1,647,8
xgboost_43,BMH1,650,7
xgboost_43,BRE5,654,7
xgboost_43,BRR1,656,7
xgboost_43,BUD13,656,7
xgboost_43,CAC2,655,7
xgboost_43,CAF130,656,7
xgboost_43,CBF1,651,7
xgboost_43,CCR4,651,7
xgboost_43,CDC40,651,7
xgboost_43,CDH1,656,7
xgboost_43,CGI121,656,7
xgboost_43,CHA4,656,7
xgboost_43,CHD1,656,7
xgboost_43,CHK1,656,7
xgboost_43,CHL1,656,7
xgboost_43,CHO2,645,7
xgboost_43,CIN8,653,7
xgboost_43,CKA2,656,7
xgboost_43,CKB2,655,7
xgboost_43,CLB2,655,7
xgboost_43,CLN3,654,7
xgboost_43,CMK2,642,7
xgboost_43,CPR6,648,7
xgboost_43,CST6,648,7
xgboost_43,CTF18,654,7
xgboost_43,CTF4,654,7
xgboost_43,CTF8,655,7
xgboost_43,CTI6,656,7
xgboost_43,CTR9,648,7
xgboost_43,CUP9,656,6
xgboost_43,DAL81,656,7
xgboost_43,DAT1,656,6
xgboost_43,DCC1,654,7
xgboost_43,DDR48,639,7
xgboost_43,DEF1,643,5
xgboost_43,DEG1,656,7
xgboost_43,DEP1,654,7
xgboost_43,DID4,655,7
xgboost_43,DIG1,652,7
xgboost_43,DLS1,656,7
xgboost_43,DOA1,653,7
xgboost_43,DOA4,654,7
xgboost_43,DPB4,656,7
xgboost_43,DUN1,651,7
xgboost_43,EAF5,656,7
xgboost_43,EAF6,656,7
xgboost_43,EAF7,656,7
xgboost_43,EBS1,656,6
xgboost_43,EDE1,655,7
xgboost_43,ELA1,654,7
xgboost_43,ELC1,656,7
xgboost_43,ELF1,654,7
xgboost_43,ELM1,655,7
xgboost_43,ELP2,655,7
xgboost_43,ELP4,654,7
xgboost_43,ELP6,652,7
xgboost_43,ERF2,656,7
xgboost_43,ERG2,653,7
xgboost_43,ESC2,656,7
xgboost_43,EST3,650,7
xgboost_43,EUG1,651,7
xgboost_43,FKS1,655,7
xgboost_43,FZF1,655,7
xgboost_43,GAL80,655,7
xgboost_43,GAT2,652,7
xgboost_43,GCR2,654,7
xgboost_43,GIS1,654,7
xgboost_43,GIS4,656,7
xgboost_43,GPG1,633,7
xgboost_43,GPH1,615,7
xgboost_43,GPR1,655,7
xgboost_43,GSY1,627,7
xgboost_43,GSY2,629,7
xgboost_43,GTR1,654,7
xgboost_43,HAL9,656,7
xgboost_43,HAP4,646,7
xgboost_43,HAP5,655,6
xgboost_43,HDA1,656,7
xgboost_43,HFI1,646,7
xgboost_43,HFM1,650,7
xgboost_43,HHF1,654,7
xgboost_43,HHT1,655,7
xgboost_43,HMO1,654,7
xgboost_43,HOG1,656,7
xgboost_43,HOM2,654,7
xgboost_43,HOS3,656,7
xgboost_43,HOS4,655,7
xgboost_43,HPC2,652,7
xgboost_43,HSC82,651,7
xgboost_43,HSE1,653,7
xgboost_43,HTZ1,654,7
xgboost_43,HUR1,654,7
xgboost_43,HXK2,653,7
xgboost_43,IES1,656,7
xgboost_43,IES2,653,7
xgboost_43,IES3,655,7
xgboost_43,IES5,652,6
xgboost_43,INO2,645,6
xgboost_43,INO4,646,7
xgboost_43,INP52,656,7
xgboost_43,IPK1,653,7
xgboost_43,IRA2,647,6
xgboost_43,IRC25,654,7
xgboost_43,IRC3,655,7
xgboost_43,IRE1,655,7
xgboost_43,IRS4,656,7
xgboost_43,ISW2,653,7
xgboost_43,ITC1,653,7
xgboost_43,IXR1,656,7
xgboost_43,JHD2,656,7
xgboost_43,JNM1,656,7
xgboost_43,KAP122,655,7
xgboost_43,KAP123,654,7
xgboost_43,KAR3,656,7
xgboost_43,KIN3,655,7
xgboost_43,KKQ8,656,7
xgboost_43,KSP1,654,7
xgboost_43,KTI12,656,7
xgboost_43,LEU3,656,7
xgboost_43,LOC1,655,7
xgboost_43,LOS1,655,7
xgboost_43,LRP1,654,7
xgboost_43,LSM12,654,7
xgboost_43,LSM6,655,7
xgboost_43,MAK31,656,7
xgboost_43,MBP1,656,7
xgboost_43,MDS3,654,7
xgboost_43,MED1,655,7
xgboost_43,MED2,656,7
xgboost_43,MET13,652,7
xgboost_43,MGA2,649,7
xgboost_43,MMS22,654,7
xgboost_43,MOT3,656,7
xgboost_43,MRC1,655,7
xgboost_43,MRE11,655,7
xgboost_43,MRN1,656,7
xgboost_43,MRT4,652,7
xgboost_43,MSG5,656,7
xgboost_43,MSH1,655,7
xgboost_43,MSH2,655,7
xgboost_43,MSN2,654,7
xgboost_43,MSN5,656,7
xgboost_43,MUB1,656,7
xgboost_43,MUM2,656,7
xgboost_43,NAM7,646,6
xgboost_43,NBP2,656,7
xgboost_43,NCS2,656,7
xgboost_43,NCS6,656,7
xgboost_43,NFI1,656,7
xgboost_43,NGG1,655,7
xgboost_43,NHP10,655,7
xgboost_43,NKP2,656,7
xgboost_43,NMD2,648,7
xgboost_43,NOP6,656,7
xgboost_43,NPR2,655,7
xgboost_43,NPT1,655,7
xgboost_43,NRG1,652,7
xgboost_43,NRP1,653,7
xgboost_43,NUP120,655,7
xgboost_43,NUP133,653,7
xgboost_43,NUP188,656,7
xgboost_43,NUP60,654,7
xgboost_43,OCA1,656,7
xgboost_43,OPI1,653,7
xgboost_43,OPI3,632,5
xgboost_43,PAT1,653,7
xgboost_43,PBA1,656,7
xgboost_43,PBP1,656,7
xgboost_43,PBS2,656,7
xgboost_43,PCL8,656,7
xgboost_43,PEP3,655,7
xgboost_43,PFK27,652,7
xgboost_43,PHO23,651,7
xgboost_43,PHO85,654,7
xgboost_43,PIH1,655,7
xgboost_43,PIN4,653,7
xgboost_43,POL32,656,7
xgboost_43,PPG1,656,7
xgboost_43,PPH3,656,7
xgboost_43,PPT1,653,7
xgboost_43,PPZ1,656,7
xgboost_43,PRE9,652,7
xgboost_43,PTC1,653,7
xgboost_43,PTK2,654,7
xgboost_43,PTP3,653,7
xgboost_43,PUF6,655,7
xgboost_43,PUS1,655,7
xgboost_43,PUS7,654,7
xgboost_43,PUS9,655,7
xgboost_43,RAD1,655,7
xgboost_43,RAD18,655,7
xgboost_43,RAD26,655,7
xgboost_43,RAD27,655,7
xgboost_43,RAD50,654,7
xgboost_43,RAD52,652,7
xgboost_43,RAD54,652,7
xgboost_43,RAD57,656,7
xgboost_43,RAD6,649,7
xgboost_43,RAS2,654,7
xgboost_43,RCE1,656,7
xgboost_43,RCO1,656,7
xgboost_43,RCY1,655,7
xgboost_43,REV3,656,7
xgboost_43,RGP1,650,7
xgboost_43,RIC1,656,7
xgboost_43,RIF1,656,7
xgboost_43,RIM1,651,7
xgboost_43,RIM101,654,7
xgboost_43,RIM11,654,7
xgboost_43,RIM15,656,7
xgboost_43,RME1,650,7
xgboost_43,RNR4,646,7
xgboost_43,RNY1,642,7
xgboost_43,ROX1,654,7
xgboost_43,RPA14,656,7
xgboost_43,RPB9,649,7
xgboost_43,RPD3,651,7
xgboost_43,RPL16A,654,6
xgboost_43,RPN10,654,7
xgboost_43,RPN13,653,7
xgboost_43,RPN4,650,7
xgboost_43,RPS0B,655,7
xgboost_43,RPS21A,653,8
xgboost_43,RRM3,656,7
xgboost_43,RRP6,656,7
xgboost_43,RRP8,652,7
xgboost_43,RTF1,652,7
xgboost_43,RTG2,656,7
xgboost_43,RTS1,655,7
xgboost_43,RTT107,654,6
xgboost_43,RTT109,650,7
xgboost_43,RXT2,654,7
xgboost_43,RXT3,655,7
xgboost_43,SAM3,651,7
xgboost_43,SAM4,651,6
xgboost_43,SAP30,652,7
xgboost_43,SAS2,656,7
xgboost_43,SAS4,656,7
xgboost_43,SBP1,656,7
xgboost_43,SCS2,656,7
xgboost_43,SDS3,654,7
xgboost_43,SEM1,651,6
xgboost_43,SET2,655,7
xgboost_43,SET4,654,7
xgboost_43,SET5,656,7
xgboost_43,SGF29,656,7
xgboost_43,SGF73,655,7
xgboost_43,SGS1,655,7
xgboost_43,SHR5,656,7
xgboost_43,SIS2,652,7
xgboost_43,SIW14,655,7
xgboost_43,SKN7,656,7
xgboost_43,SLT2,642,7
xgboost_43,SLX5,648,7
xgboost_43,SLX8,652,7
xgboost_43,SNF11,654,7
xgboost_43,SNF5,652,7
xgboost_43,SNF6,654,7
xgboost_43,SNT1,656,7
xgboost_43,SOK2,656,7
xgboost_43,SPT21,653,7
xgboost_43,SPT3,656,7
xgboost_43,SRP40,651,7
xgboost_43,SSM4,656,7
xgboost_43,STB5,651,7
xgboost_43,STM1,653,7
xgboost_43,STP2,655,7
xgboost_43,STP3,655,7
xgboost_43,SWA2,653,7
xgboost_43,SWC5,656,7
xgboost_43,SWD1,656,7
xgboost_43,SWD3,656,7
xgboost_43,SWI3,650,7
xgboost_43,SWI4,651,8
xgboost_43,SWI6,650,7
xgboost_43,SWM1,653,7
xgboost_43,SWR1,654,7
xgboost_43,SYC1,656,7
xgboost_43,TEC1,646,7
xgboost_43,THR4,656,7
xgboost_43,TIF2,656,7
xgboost_43,TIP41,656,7
xgboost_43,TMA23,654,7
xgboost_43,TOM1,656,7
xgboost_43,TPK3,655,7
xgboost_43,TPS2,633,7
xgboost_43,TRM1,656,7
xgboost_43,TRM10,656,7
xgboost_43,TRX2,656,7
xgboost_43,TSL1,609,7
xgboost_43,UBA3,656,7
xgboost_43,UBA4,655,7
xgboost_43,UBC4,655,6
xgboost_43,UBC8,656,7
xgboost_43,UBP15,656,7
xgboost_43,UBP6,656,7
xgboost_43,UBR1,654,8
xgboost_43,UBR2,655,7
xgboost_43,UBX3,656,7
xgboost_43,UFD4,656,7
xgboost_43,URA7,654,7
xgboost_43,URE2,655,7
xgboost_43,URM1,656,7
xgboost_43,URN1,653,7
xgboost_43,VAM3,656,7
xgboost_43,VAM6,656,7
xgboost_43,VHR1,656,7
xgboost_43,VID28,654,7
xgboost_43,VPS16,654,7
xgboost_43,VPS27,656,7
xgboost_43,VPS3,655,7
xgboost_43,VPS36,654,7
xgboost_43,VPS4,655,7
xgboost_43,VPS41,656,7
xgboost_43,VPS72,656,7
xgboost_43,VPS8,656,7
xgboost_43,VPS9,656,7
xgboost_43,YAF9,656,7
xgboost_43,YAP1,653,7
xgboost_43,YBR285W,656,7
xgboost_43,YCK3,656,7
xgboost_43,YDR306C,655,7
xgboost_43,YHR033W,647,7
xgboost_43,YIL014C-A,641,7
xgboost_43,YJL206C,656,7
xgboost_43,YKU80,656,7
xgboost_43,YLR352W,656,7
xgboost_43,YOR338W,649,7
xgboost_43,YPL199C,653,7
xgboost_43,YPT6,652,7
xgboost_43,YTA7,649,7
xgboost_43,YVH1,652,7
catboost_17,ADD66,656,7
catboost_17,AIM1,656,7
catboost_17,APN2,656,7
catboost_17,APQ12,653,7
catboost_17,ARG80,654,7
catboost_17,ARP6,655,7
catboost_17,ARX1,653,7
catboost_17,ASC1,650,7
catboost_17,ASE1,655,7
catboost_17,ASF1,653,7
catboost_17,ASH1,653,7
catboost_17,ASK10,650,7
catboost_17,ATG10,653,7
catboost_17,ATG32,655,7
catboost_17,AZF1,655,7
catboost_17,BAS1,656,7
catboost_17,BCY1,647,8
catboost_17,BMH1,650,7
catboost_17,BRE5,654,7
catboost_17,BRR1,656,7
catboost_17,BUD13,656,7
catboost_17,CAC2,655,7
catboost_17,CAF130,656,7
catboost_17,CBF1,651,7
catboost_17,CCR4,651,7
catboost_17,CDC40,651,7
catboost_17,CDH1,656,7
catboost_17,CGI121,656,7
catboost_17,CHA4,656,7
catboost_17,CHD1,656,7
catboost_17,CHK1,656,7
catboost_17,CHL1,656,7
catboost_17,CHO2,645,7
catboost_17,CIN8,653,7
catboost_17,CKA2,656,7
catboost_17,CKB2,655,7
catboost_17,CLB2,655,7
catboost_17,CLN3,654,7
catboost_17,CMK2,642,6
catboost_17,CPR6,648,7
catboost_17,CST6,648,7
catboost_17,CTF18,654,7
catboost_17,CTF4,654,7
catboost_17,CTF8,655,7
catboost_17,CTI6,656,7
catboost_17,CTR9,648,7
catboost_17,CUP9,656,6
catboost_17,DAL81,656,7
catboost_17,DAT1,656,6
catboost_17,DCC1,654,7
catboost_17,DDR48,639,7
catboost_17,DEF1,643,3
catboost_17,DEG1,656,7
catboost_17,DEP1,654,7
catboost_17,DID4,655,7
catboost_17,DIG1,652,7
catboost_17,DLS1,656,7
catboost_17,DOA1,653,7
catboost_17,DOA4,654,7
catboost_17,DPB4,656,7
catboost_17,DUN1,651,7
catboost_17,EAF5,656,7
catboost_17,EAF6,656,7
catboost_17,EAF7,656,7
catboost_17,EBS1,656,6
catboost_17,EDE1,655,7
catboost_17,ELA1,654,7
catboost_17,ELC1,656,7
catboost_17,ELF1,654,7
catboost_17,ELM1,655,7
catboost_17,ELP2,655,7
catboost_17,ELP4,654,7
catboost_17,ELP6,652,7
catboost_17,ERF2,656,7
catboost_17,ERG2,653,7
catboost_17,ESC2,656,7
catboost_17,EST3,650,7
catboost_17,EUG1,651,7
catboost_17,FKS1,655,7
catboost_17,FZF1,655,7
catboost_17,GAL80,655,6
catboost_17,GAT2,652,7
catboost_17,GCR2,654,7
catboost_17,GIS1,654,7
catboost_17,GIS4,656,7
catboost_17,GPG1,633,7
catboost_17,GPH1,615,7
catboost_17,GPR1,655,7
catboost_17,GSY1,627,7
catboost_17,GSY2,629,7
catboost_17,GTR1,654,7
catboost_17,HAL9,656,7
catboost_17,HAP4,646,7
catboost_17,HAP5,655,6
catboost_17,HDA1,656,7
catboost_17,HFI1,646,7
catboost_17,HFM1,650,7
catboost_17,HHF1,654,7
catboost_17,HHT1,655,7
catboost_17,HMO1,654,7
catboost_17,HOG1,656,7
catboost_17,HOM2,654,7
catboost_17,HOS3,656,7
catboost_17,HOS4,655,7
catboost_17,HPC2,652,7
catboost_17,HSC82,651,7
catboost_17,HSE1,653,7
catboost_17,HTZ1,654,7
catboost_17,HUR1,654,7
catboost_17,HXK2,653,7
catboost_17,IES1,656,7
catboost_17,IES2,653,7
catboost_17,IES3,655,7
catboost_17,IES5,652,7
catboost_17,INO2,645,6
catboost_17,INO4,646,7
catboost_17,INP52,656,7
catboost_17,IPK1,653,7
catboost_17,IRA2,647,6
catboost_17,IRC25,654,7
catboost_17,IRC3,655,7
catboost_17,IRE1,655,7
catboost_17,IRS4,656,7
catboost_17,ISW2,653,7
catboost_17,ITC1,653,7
catboost_17,IXR1,656,7
catboost_17,JHD2,656,7
catboost_17,JNM1,656,7
catboost_17,KAP122,655,7
catboost_17,KAP123,654,7
catboost_17,KAR3,656,7
catboost_17,KIN3,655,7
catboost_17,KKQ8,656,7
catboost_17,KSP1,654,7
catboost_17,KTI12,656,7
catboost_17,LEU3,656,7
catboost_17,LOC1,655,7
catboost_17,LOS1,655,7
catboost_17,LRP1,654,7
catboost_17,LSM12,654,7
catboost_17,LSM6,655,7
catboost_17,MAK31,656,7
catboost_17,MBP1,656,7
catboost_17,MDS3,654,7
catboost_17,MED1,655,7
catboost_17,MED2,656,7
catboost_17,MET13,652,7
catboost_17,MGA2,649,7
catboost_17,MMS22,654,7
catboost_17,MOT3,656,7
catboost_17,MRC1,655,7
catboost_17,MRE11,655,7
catboost_17,MRN1,656,7
catboost_17,MRT4,652,7
catboost_17,MSG5,656,7
catboost_17,MSH1,655,7
catboost_17,MSH2,655,7
catboost_17,MSN2,654,8
catboost_17,MSN5,656,7
catboost_17,MUB1,656,7
catboost_17,MUM2,656,7
catboost_17,NAM7,646,6
catboost_17,NBP2,656,7
catboost_17,NCS2,656,7
catboost_17,NCS6,656,7
catboost_17,NFI1,656,7
catboost_17,NGG1,655,7
catboost_17,NHP10,655,7
catboost_17,NKP2,656,7
catboost_17,NMD2,648,7
catboost_17,NOP6,656,7
catboost_17,NPR2,655,7
catboost_17,NPT1,655,7
catboost_17,NRG1,652,7
catboost_17,NRP1,653,7
catboost_17,NUP120,655,7
catboost_17,NUP133,653,7
catboost_17,NUP188,656,7
catboost_17,NUP60,654,7
catboost_17,OCA1,656,7
catboost_17,OPI1,653,7
catboost_17,OPI3,632,5
catboost_17,PAT1,653,7
catboost_17,PBA1,656,7
catboost_17,PBP1,656,7
catboost_17,PBS2,656,7
catboost_17,PCL8,656,7
catboost_17,PEP3,655,7
catboost_17,PFK27,652,7
catboost_17,PHO23,651,7
catboost_17,PHO85,654,7
catboost_17,PIH1,655,7
catboost_17,PIN4,653,7
catboost_17,POL32,656,7
catboost_17,PPG1,656,7
catboost_17,PPH3,656,7
catboost_17,PPT1,653,7
catboost_17,PPZ1,656,7
catboost_17,PRE9,652,7
catboost_17,PTC1,653,7
catboost_17,PTK2,654,7
catboost_17,PTP3,653,7
catboost_17,PUF6,655,7
catboost_17,PUS1,655,7
catboost_17,PUS7,654,7
catboost_17,PUS9,655,7
catboost_17,RAD1,655,7
catboost_17,RAD18,655,7
catboost_17,RAD26,655,7
catboost_17,RAD27,655,7
catboost_17,RAD50,654,7
catboost_17,RAD52,652,7
catboost_17,RAD54,652,7
catboost_17,RAD57,656,7
catboost_17,RAD6,649,7
catboost_17,RAS2,654,8
catboost_17,RCE1,656,7
catboost_17,RCO1,656,7
catboost_17,RCY1,655,7
catboost_17,REV3,656,7
catboost_17,RGP1,650,7
catboost_17,RIC1,656,7
catboost_17,RIF1,656,7
catboost_17,RIM1,651,7
catboost_17,RIM101,654,7
catboost_17,RIM11,654,6
catboost_17,RIM15,656,7
catboost_17,RME1,650,7
catboost_17,RNR4,646,7
catboost_17,RNY1,642,6
catboost_17,ROX1,654,8
catboost_17,RPA14,656,7
catboost_17,RPB9,649,7
catboost_17,RPD3,651,7
catboost_17,RPL16A,654,6
catboost_17,RPN10,654,7
catboost_17,RPN13,653,7
catboost_17,RPN4,650,7
catboost_17,RPS0B,655,7
catboost_17,RPS21A,653,8
catboost_17,RRM3,656,7
catboost_17,RRP6,656,7
catboost_17,RRP8,652,7
catboost_17,RTF1,652,7
catboost_17,RTG2,656,7
catboost_17,RTS1,655,7
catboost_17,RTT107,654,6
catboost_17,RTT109,650,7
catboost_17,RXT2,654,7
catboost_17,RXT3,655,7
catboost_17,SAM3,651,7
catboost_17,SAM4,651,6
catboost_17,SAP30,652,7
catboost_17,SAS2,656,7
catboost_17,SAS4,656,7
catboost_17,SBP1,656,7
catboost_17,SCS2,656,7
catboost_17,SDS3,654,7
catboost_17,SEM1,651,6
catboost_17,SET2,655,7
catboost_17,SET4,654,7
catboost_17,SET5,656,7
catboost_17,SGF29,656,7
catboost_17,SGF73,655,7
catboost_17,SGS1,655,7
catboost_17,SHR5,656,7
catboost_17,SIS2,652,7
catboost_17,SIW14,655,7
catboost_17,SKN7,656,7
catboost_17,SLT2,642,7
catboost_17,SLX5,648,7
catboost_17,SLX8,652,7
catboost_17,SNF11,654,7
catboost_17,SNF5,652,7
catboost_17,SNF6,654,7
catboost_17,SNT1,656,7
catboost_17,SOK2,656,7
catboost_17,SPT21,653,7
catboost_17,SPT3,656,7
catboost_17,SRP40,651,7
catboost_17,SSM4,656,7
catboost_17,STB5,651,7
catboost_17,STM1,653,7
catboost_17,STP2,655,7
catboost_17,STP3,655,7
catboost_17,SWA2,653,7
catboost_17,SWC5,656,7
catboost_17,SWD1,656,7
catboost_17,SWD3,656,7
catboost_17,SWI3,650,7
catboost_17,SWI4,651,7
catboost_17,SWI6,650,7
catboost_17,SWM1,653,7
catboost_17,SWR1,654,7
catboost_17,SYC1,656,7
catboost_17,TEC1,646,7
catboost_17,THR4,656,7
catboost_17,TIF2,656,7
catboost_17,TIP41,656,7
catboost_17,TMA23,654,7
catboost_17,TOM1,656,7
catboost_17,TPK3,655,7
catboost_17,TPS2,633,9
catboost_17,TRM1,656,7
catboost_17,TRM10,656,7
catboost_17,TRX2,656,7
catboost_17,TSL1,609,7
catboost_17,UBA3,656,7
catboost_17,UBA4,655,7
catboost_17,UBC4,655,6
catboost_17,UBC8,656,7
catboost_17,UBP15,656,7
catboost_17,UBP6,656,7
catboost_17,UBR1,654,7
catboost_17,UBR2,655,7
catboost_17,UBX3,656,7
catboost_17,UFD4,656,7
catboost_17,URA7,654,7
catboost_17,URE2,655,7
catboost_17,URM1,656,7
catboost_17,URN1,653,7
catboost_17,VAM3,656,7
catboost_17,VAM6,656,7
catboost_17,VHR1,656,7
catboost_17,VID28,654,7
catboost_17,VPS16,654,7
catboost_17,VPS27,656,7
catboost_17,VPS3,655,7
catboost_17,VPS36,654,7
catboost_17,VPS4,655,7
catboost_17,VPS41,656,7
catboost_17,VPS72,656,7
catboost_17,VPS8,656,7
catboost_17,VPS9,656,7
catboost_17,YAF9,656,7
catboost_17,YAP1,653,7
catboost_17,YBR285W,656,7
catboost_17,YCK3,656,7
catboost_17,YDR306C,655,7
catboost_17,YHR033W,647,7
catboost_17,YIL014C-A,641,7
catboost_17,YJL206C,656,7
catboost_17,YKU80,656,7
catboost_17,YLR352W,656,7
catboost_17,YOR338W,649,7
catboost_17,YPL199C,653,7
catboost_17,YPT6,652,7
catboost_17,YTA7,649,7
catboost_17,YVH1,652,8
catboost_29,ADD66,656,8
catboost_29,AIM1,656,8
catboost_29,APN2,656,8
catboost_29,APQ12,653,8
catboost_29,ARG80,654,8
catboost_29,ARP6,655,8
catboost_29,ARX1,653,8
catboost_29,ASC1,650,8
catboost_29,ASE1,655,8
catboost_29,ASF1,653,8
catboost_29,ASH1,653,8
catboost_29,ASK10,650,8
catboost_29,ATG10,653,8
catboost_29,ATG32,655,8
catboost_29,AZF1,655,8
catboost_29,BAS1,656,8
catboost_29,BCY1,647,9
catboost_29,BMH1,650,7
catboost_29,BRE5,654,8
catboost_29,BRR1,656,8
catboost_29,BUD13,656,8
catboost_29,CAC2,655,8
catboost_29,CAF130,656,8
catboost_29,CBF1,651,8
catboost_29,CCR4,651,8
catboost_29,CDC40,651,8
catboost_29,CDH1,656,8
catboost_29,CGI121,656,8
catboost_29,CHA4,656,8
catboost_29,CHD1,656,8
catboost_29,CHK1,656,8
catboost_29,CHL1,656,8
catboost_29,CHO2,645,8
catboost_29,CIN8,653,8
catboost_29,CKA2,656,8
catboost_29,CKB2,655,8
catboost_29,CLB2,655,8
catboost_29,CLN3,654,8
catboost_29,CMK2,642,8
catboost_29,CPR6,648,8
catboost_29,CST6,648,8
catboost_29,CTF18,654,8
catboost_29,CTF4,654,8
catboost_29,CTF8,655,8
catboost_29,CTI6,656,8
catboost_29,CTR9,648,8
catboost_29,CUP9,656,7
catboost_29,DAL81,656,8
catboost_29,DAT1,656,7
catboost_29,DCC1,654,8
catboost_29,DDR48,639,8
catboost_29,DEF1,643,4
catboost_29,DEG1,656,8
catboost_29,DEP1,654,8
catboost_29,DID4,655,8
catboost_29,DIG1,652,8
catboost_29,DLS1,656,8
catboost_29,DOA1,653,8
catboost_29,DOA4,654,8
catboost_29,DPB4,656,8
catboost_29,DUN1,651,8
catboost_29,EAF5,656,8
catboost_29,EAF6,656,8
catboost_29,EAF7,656,8
catboost_29,EBS1,656,7
catboost_29,EDE1,655,8
catboost_29,ELA1,654,8
catboost_29,ELC1,656,8
catboost_29,ELF1,654,8
catboost_29,ELM1,655,8
catboost_29,ELP2,655,8
catboost_29,ELP4,654,8
catboost_29,ELP6,652,8
catboost_29,ERF2,656,8
catboost_29,ERG2,653,8
catboost_29,ESC2,656,8
catboost_29,EST3,650,8
catboost_29,EUG1,651,8
catboost_29,FKS1,655,8
catboost_29,FZF1,655,8
catboost_29,GAL80,655,7
catboost_29,GAT2,652,8
catboost_29,GCR2,654,8
catboost_29,GIS1,654,8
catboost_29,GIS4,656,8
catboost_29,GPG1,633,8
catboost_29,GPH1,615,8
catboost_29,GPR1,655,8
catboost_29,GSY1,627,8
catboost_29,GSY2,629,8
catboost_29,GTR1,654,8
catboost_29,HAL9,656,8
catboost_29,HAP4,646,8
catboost_29,HAP5,655,7
catboost_29,HDA1,656,8
catboost_29,HFI1,646,8
catboost_29,HFM1,650,8
catboost_29,HHF1,654,8
catboost_29,HHT1,655,8
catboost_29,HMO1,654,8
catboost_29,HOG1,656,8
catboost_29,HOM2,654,8
catboost_29,HOS3,656,8
catboost_29,HOS4,655,8
catboost_29,HPC2,652,8
catboost_29,HSC82,651,8
catboost_29,HSE1,653,8
catboost_29,HTZ1,654,8
catboost_29,HUR1,654,8
catboost_29,HXK2,653,7
catboost_29,IES1,656,8
catboost_29,IES2,653,8
catboost_29,IES3,655,8
catboost_29,IES5,652,8
catboost_29,INO2,645,7
catboost_29,INO4,646,8
catboost_29,INP52,656,8
catboost_29,IPK1,653,8
catboost_29,IRA2,647,7
catboost_29,IRC25,654,8
catboost_29,IRC3,655,8
catboost_29,IRE1,655,8
catboost_29,IRS4,656,8
catboost_29,ISW2,653,8
catboost_29,ITC1,653,8
catboost_29,IXR1,656,8
catboost_29,JHD2,656,8
catboost_29,JNM1,656,8
catboost_29,KAP122,655,8
catboost_29,KAP123,654,8
catboost_29,KAR3,656,8
catboost_29,KIN3,655,8
catboost_29,KKQ8,656,8
catboost_29,KSP1,654,8
catboost_29,KTI12,656,8
catboost_29,LEU3,656,8
catboost_29,LOC1,655,7
catboost_29,LOS1,655,8
catboost_29,LRP1,654,8
catboost_29,LSM12,654,8
catboost_29,LSM6,655,8
catboost_29,MAK31,656,8
catboost_29,MBP1,656,8
catboost_29,MDS3,654,8
catboost_29,MED1,655,8
catboost_29,MED2,656,8
catboost_29,MET13,652,8
catboost_29,MGA2,649,8
catboost_29,MMS22,654,8
catboost_29,MOT3,656,8
catboost_29,MRC1,655,8
catboost_29,MRE11,655,8
catboost_29,MRN1,656,8
catboost_29,MRT4,652,8
catboost_29,MSG5,656,8
catboost_29,MSH1,655,8
catboost_29,MSH2,655,8
catboost_29,MSN2,654,9
catboost_29,MSN5,656,8
catboost_29,MUB1,656,8
catboost_29,MUM2,656,8
catboost_29,NAM7,646,7
catboost_29,NBP2,656,8
catboost_29,NCS2,656,8
catboost_29,NCS6,656,8
catboost_29,NFI1,656,8
catboost_29,NGG1,655,8
catboost_29,NHP10,655,8
catboost_29,NKP2,656,8
catboost_29,NMD2,648,8
catboost_29,NOP6,656,8
catboost_29,NPR2,655,8
catboost_29,NPT1,655,8
catboost_29,NRG1,652,8
catboost_29,NRP1,653,8
catboost_29,NUP120,655,8
catboost_29,NUP133,653,8
catboost_29,NUP188,656,8
catboost_29,NUP60,654,8
catboost_29,OCA1,656,8
catboost_29,OPI1,653,8
catboost_29,OPI3,632,6
catboost_29,PAT1,653,8
catboost_29,PBA1,656,8
catboost_29,PBP1,656,8
catboost_29,PBS2,656,8
catboost_29,PCL8,656,8
catboost_29,PEP3,655,8
catboost_29,PFK27,652,8
catboost_29,PHO23,651,8
catboost_29,PHO85,654,8
catboost_29,PIH1,655,8
catboost_29,PIN4,653,8
catboost_29,POL32,656,8
catboost_29,PPG1,656,8
catboost_29,PPH3,656,8
catboost_29,PPT1,653,8
catboost_29,PPZ1,656,8
catboost_29,PRE9,652,8
catboost_29,PTC1,653,8
catboost_29,PTK2,654,8
catboost_29,PTP3,653,8
catboost_29,PUF6,655,8
catboost_29,PUS1,655,8
catboost_29,PUS7,654,8
catboost_29,PUS9,655,8
catboost_29,RAD1,655,8
catboost_29,RAD18,655,8
catboost_29,RAD26,655,8
catboost_29,RAD27,655,8
catboost_29,RAD50,654,8
catboost_29,RAD52,652,8
catboost_29,RAD54,652,8
catboost_29,RAD57,656,8
catboost_29,RAD6,649,8
catboost_29,RAS2,654,9
catboost_29,RCE1,656,8
catboost_29,RCO1,656,8
catboost_29,RCY1,655,8
catboost_29,REV3,656,8
catboost_29,RGP1,650,8
catboost_29,RIC1,656,8
catboost_29,RIF1,656,8
catboost_29,RIM1,651,8
catboost_29,RIM101,654,8
catboost_29,RIM11,654,7
catboost_29,RIM15,656,8
catboost_29,RME1,650,8
catboost_29,RNR4,646,8
catboost_29,RNY1,642,8
catboost_29,ROX1,654,9
catboost_29,RPA14,656,8
catboost_29,RPB9,649,8
catboost_29,RPD3,651,8
catboost_29,RPL16A,654,7
catboost_29,RPN10,654,8
catboost_29,RPN13,653,8
catboost_29,RPN4,650,8
catboost_29,RPS0B,655,8
catboost_29,RPS21A,653,9
catboost_29,RRM3,656,8
catboost_29,RRP6,656,8
catboost_29,RRP8,652,8
catboost_29,RTF1,652,8
catboost_29,RTG2,656,8
catboost_29,RTS1,655,8
catboost_29,RTT107,654,7
catboost_29,RTT109,650,8
catboost_29,RXT2,654,8
catboost_29,RXT3,655,8
catboost_29,SAM3,651,8
catboost_29,SAM4,651,7
catboost_29,SAP30,652,8
catboost_29,SAS2,656,8
catboost_29,SAS4,656,8
catboost_29,SBP1,656,8
catboost_29,SCS2,656,8
catboost_29,SDS3,654,8
catboost_29,SEM1,651,7
catboost_29,SET2,655,8
catboost_29,SET4,654,8
catboost_29,SET5,656,8
catboost_29,SGF29,656,8
catboost_29,SGF73,655,8
catboost_29,SGS1,655,8
catboost_29,SHR5,656,8
catboost_29,SIS2,652,8
catboost_29,SIW14,655,8
catboost_29,SKN7,656,8
catboost_29,SLT2,642,8
catboost_29,SLX5,648,8
catboost_29,SLX8,652,8
catboost_29,SNF11,654,8
catboost_29,SNF5,652,8
catboost_29,SNF6,654,8
catboost_29,SNT1,656,8
catboost_29,SOK2,656,8
catboost_29,SPT21,653,8
catboost_29,SPT3,656,8
catboost_29,SRP40,651,8
catboost_29,SSM4,656,8
catboost_29,STB5,651,8
catboost_29,STM1,653,8
catboost_29,STP2,655,8
catboost_29,STP3,655,8
catboost_29,SWA2,653,8
catboost_29,SWC5,656,8
catboost_29,SWD1,656,8
catboost_29,SWD3,656,8
catboost_29,SWI3,650,8
catboost_29,SWI4,651,8
catboost_29,SWI6,650,8
catboost_29,SWM1,653,8
catboost_29,SWR1,654,8
catboost_29,SYC1,656,8
catboost_29,TEC1,646,8
catboost_29,THR4,656,8
catboost_29,TIF2,656,8
catboost_29,TIP41,656,8
catboost_29,TMA23,654,8
catboost_29,TOM1,656,8
catboost_29,TPK3,655,8
catboost_29,TPS2,633,10
catboost_29,TRM1,656,8
catboost_29,TRM10,656,8
catboost_29,TRX2,656,8
catboost_29,TSL1,609,8
catboost_29,UBA3,656,8
catboost_29,UBA4,655,8
catboost_29,UBC4,655,7
catboost_29,UBC8,656,8
catboost_29,UBP15,656,8
catboost_29,UBP6,656,8
catboost_29,UBR1,654,8
catboost_29,UBR2,655,8
catboost_29,UBX3,656,8
catboost_29,UFD4,656,8
catboost_29,URA7,654,8
catboost_29,URE2,655,8
catboost_29,URM1,656,8
catboost_29,URN1,653,8
catboost_29,VAM3,656,8
catboost_29,VAM6,656,8
catboost_29,VHR1,656,8
catboost_29,VID28,654,8
catboost_29,VPS16,654,8
catboost_29,VPS27,656,8
catboost_29,VPS3,655,8
catboost_29,VPS36,654,8
catboost_29,VPS4,655,8
catboost_29,VPS41,656,8
catboost_29,VPS72,656,8
catboost_29,VPS8,656,8
catboost_29,VPS9,656,8
catboost_29,YAF9,656,8
catboost_29,YAP1,653,8
catboost_29,YBR285W,656,8
catboost_29,YCK3,656,8
catboost_29,YDR306C,655,8
catboost_29,YHR033W,647,8
catboost_29,YIL014C-A,641,8
catboost_29,YJL206C,656,8
catboost_29,YKU80,656,8
catboost_29,YLR352W,656,8
catboost_29,YOR338W,649,8
catboost_29,YPL199C,653,8
catboost_29,YPT6,652,7
catboost_29,YTA7,649,8
catboost_29,YVH1,652,9
catboost_43,ADD66,656,5
catboost_43,AIM1,656,5
catboost_43,APN2,656,5
catboost_43,APQ12,653,5
catboost_43,ARG80,654,5
catboost_43,ARP6,655,5
catboost_43,ARX1,653,5
catboost_43,ASC1,650,5
catboost_43,ASE1,655,5
catboost_43,ASF1,653,5
catboost_43,ASH1,653,5
catboost_43,ASK10,650,5
catboost_43,ATG10,653,5
catboost_43,ATG32,655,5
catboost_43,AZF1,655,5
catboost_43,BAS1,656,5
catboost_43,BCY1,647,6
catboost_43,BMH1,650,5
catboost_43,BRE5,654,5
catboost_43,BRR1,656,5
catboost_43,BUD13,656,5
catboost_43,CAC2,655,5
catboost_43,CAF130,656,5
catboost_43,CBF1,651,5
catboost_43,CCR4,651,5
catboost_43,CDC40,651,5
catboost_43,CDH1,656,5
catboost_43,CGI121,656,5
catboost_43,CHA4,656,5
catboost_43,CHD1,656,5
catboost_43,CHK1,656,5
catboost_43,CHL1,656,5
catboost_43,CHO2,645,5
catboost_43,CIN8,653,5
catboost_43,CKA2,656,5
catboost_43,CKB2,655,5
catboost_43,CLB2,655,5
catboost_43,CLN3,654,5
catboost_43,CMK2,642,5
catboost_43,CPR6,648,5
catboost_43,CST6,648,5
catboost_43,CTF18,654,5
catboost_43,CTF4,654,5
catboost_43,CTF8,655,5
catboost_43,CTI6,656,5
catboost_43,CTR9,648,5
catboost_43,CUP9,656,4
catboost_43,DAL81,656,5
catboost_43,DAT1,656,4
catboost_43,DCC1,654,5
catboost_43,DDR48,639,5
catboost_43,DEF1,643,1
catboost_43,DEG1,656,5
catboost_43,DEP1,654,5
catboost_43,DID4,655,5
catboost_43,DIG1,652,5
catboost_43,DLS1,656,5
catboost_43,DOA1,653,5
catboost_43,DOA4,654,5
catboost_43,DPB4,656,5
catboost_43,DUN1,651,5
catboost_43,EAF5,656,5
catboost_43,EAF6,656,5
catboost_43,EAF7,656,5
catboost_43,EBS1,656,4
catboost_43,EDE1,655,5
catboost_43,ELA1,654,5
catboost_43,ELC1,656,5
catboost_43,ELF1,654,5
catboost_43,ELM1,655,5
catboost_43,ELP2,655,5
catboost_43,ELP4,654,5
catboost_43,ELP6,652,5
catboost_43,ERF2,656,5
catboost_43,ERG2,653,5
catboost_43,ESC2,656,5
catboost_43,EST3,650,5
catboost_43,EUG1,651,5
catboost_43,FKS1,655,5
catboost_43,FZF1,655,5
catboost_43,GAL80,655,4
catboost_43,GAT2,652,5
catboost_43,GCR2,654,5
catboost_43,GIS1,654,5
catboost_43,GIS4,656,5
catboost_43,GPG1,633,5
catboost_43,GPH1,615,5
catboost_43,GPR1,655,5
catboost_43,GSY1,627,5
catboost_43,GSY2,629,5
catboost_43,GTR1,654,5
catboost_43,HAL9,656,5
catboost_43,HAP4,646,5
catboost_43,HAP5,655,4
catboost_43,HDA1,656,5
catboost_43,HFI1,646,5
catboost_43,HFM1,650,5
catboost_43,HHF1,654,5
catboost_43,HHT1,655,5
catboost_43,HMO1,654,5
catboost_43,HOG1,656,5
catboost_43,HOM2,654,5
catboost_43,HOS3,656,5
catboost_43,HOS4,655,5
catboost_43,HPC2,652,5
catboost_43,HSC82,651,5
catboost_43,HSE1,653,5
catboost_43,HTZ1,654,5
catboost_43,HUR1,654,5
catboost_43,HXK2,653,5
catboost_43,IES1,656,5
catboost_43,IES2,653,5
catboost_43,IES3,655,5
catboost_43,IES5,652,5
catboost_43,INO2,645,4
catboost_43,INO4,646,5
catboost_43,INP52,656,5
catboost_43,IPK1,653,5
catboost_43,IRA2,647,4
catboost_43,IRC25,654,5
catboost_43,IRC3,655,5
catboost_43,IRE1,655,5
catboost_43,IRS4,656,5
catboost_43,ISW2,653,5
catboost_43,ITC1,653,5
catboost_43,IXR1,656,5
catboost_43,JHD2,656,5
catboost_43,JNM1,656,5
catboost_43,KAP122,655,5
catboost_43,KAP123,654,5
catboost_43,KAR3,656,5
catboost_43,KIN3,655,5
catboost_43,KKQ8,656,5
catboost_43,KSP1,654,5
catboost_43,KTI12,656,5
catboost_43,LEU3,656,5
catboost_43,LOC1,655,5
catboost_43,LOS1,655,5
catboost_43,LRP1,654,5
catboost_43,LSM12,654,5
catboost_43,LSM6,655,5
catboost_43,MAK31,656,5
catboost_43,MBP1,656,5
catboost_43,MDS3,654,5
catboost_43,MED1,655,5
catboost_43,MED2,656,5
catboost_43,MET13,652,5
catboost_43,MGA2,649,5
catboost_43,MMS22,654,5
catboost_43,MOT3,656,5
catboost_43,MRC1,655,5
catboost_43,MRE11,655,5
catboost_43,MRN1,656,5
catboost_43,MRT4,652,5
catboost_43,MSG5,656,5
catboost_43,MSH1,655,5
catboost_43,MSH2,655,5
catboost_43,MSN2,654,6
catboost_43,MSN5,656,5
catboost_43,MUB1,656,5
catboost_43,MUM2,656,5
catboost_43,NAM7,646,4
catboost_43,NBP2,656,5
catboost_43,NCS2,656,5
catboost_43,NCS6,656,5
catboost_43,NFI1,656,5
catboost_43,NGG1,655,5
catboost_43,NHP10,655,5
catboost_43,NKP2,656,5
catboost_43,NMD2,648,5
catboost_43,NOP6,656,5
catboost_43,NPR2,655,5
catboost_43,NPT1,655,5
catboost_43,NRG1,652,5
catboost_43,NRP1,653,5
catboost_43,NUP120,655,5
catboost_43,NUP133,653,5
catboost_43,NUP188,656,5
catboost_43,NUP60,654,5
catboost_43,OCA1,656,5
catboost_43,OPI1,653,5
catboost_43,OPI3,632,3
catboost_43,PAT1,653,5
catboost_43,PBA1,656,5
catboost_43,PBP1,656,5
catboost_43,PBS2,656,5
catboost_43,PCL8,656,5
catboost_43,PEP3,655,5
catboost_43,PFK27,652,5
catboost_43,PHO23,651,5
catboost_43,PHO85,654,5
catboost_43,PIH1,655,5
catboost_43,PIN4,653,5
catboost_43,POL32,656,5
catboost_43,PPG1,656,5
catboost_43,PPH3,656,5
catboost_43,PPT1,653,5
catboost_43,PPZ1,656,5
catboost_43,PRE9,652,5
catboost_43,PTC1,653,5
catboost_43,PTK2,654,5
catboost_43,PTP3,653,5
catboost_43,PUF6,655,5
catboost_43,PUS1,655,5
catboost_43,PUS7,654,5
catboost_43,PUS9,655,5
catboost_43,RAD1,655,5
catboost_43,RAD18,655,5
catboost_43,RAD26,655,5
catboost_43,RAD27,655,5
catboost_43,RAD50,654,5
catboost_43,RAD52,652,5
catboost_43,RAD54,652,5
catboost_43,RAD57,656,5
catboost_43,RAD6,649,5
catboost_43,RAS2,654,6
catboost_43,RCE1,656,5
catboost_43,RCO1,656,5
catboost_43,RCY1,655,5
catboost_43,REV3,656,5
catboost_43,RGP1,650,5
catboost_43,RIC1,656,5
catboost_43,RIF1,656,5
catboost_43,RIM1,651,5
catboost_43,RIM101,654,5
catboost_43,RIM11,654,4
catboost_43,RIM15,656,5
catboost_43,RME1,650,5
catboost_43,RNR4,646,5
catboost_43,RNY1,642,5
catboost_43,ROX1,654,6
catboost_43,RPA14,656,5
catboost_43,RPB9,649,5
catboost_43,RPD3,651,5
catboost_43,RPL16A,654,4
catboost_43,RPN10,654,5
catboost_43,RPN13,653,5
catboost_43,RPN4,650,5
catboost_43,RPS0B,655,5
catboost_43,RPS21A,653,6
catboost_43,RRM3,656,5
catboost_43,RRP6,656,5
catboost_43,RRP8,652,5
catboost_43,RTF1,652,5
catboost_43,RTG2,656,5
catboost_43,RTS1,655,5
catboost_43,RTT107,654,4
catboost_43,RTT109,650,5
catboost_43,RXT2,654,5
catboost_43,RXT3,655,5
catboost_43,SAM3,651,5
catboost_43,SAM4,651,4
catboost_43,SAP30,652,5
catboost_43,SAS2,656,5
catboost_43,SAS4,656,5
catboost_43,SBP1,656,5
catboost_43,SCS2,656,5
catboost_43,SDS3,654,5
catboost_43,SEM1,651,4
catboost_43,SET2,655,5
catboost_43,SET4,654,5
catboost_43,SET5,656,5
catboost_43,SGF29,656,5
catboost_43,SGF73,655,5
catboost_43,SGS1,655,5
catboost_43,SHR5,656,5
catboost_43,SIS2,652,5
catboost_43,SIW14,655,5
catboost_43,SKN7,656,5
catboost_43,SLT2,642,5
catboost_43,SLX5,648,5
catboost_43,SLX8,652,5
catboost_43,SNF11,654,5
catboost_43,SNF5,652,5
catboost_43,SNF6,654,5
catboost_43,SNT1,656,5
catboost_43,SOK2,656,5
catboost_43,SPT21,653,5
catboost_43,SPT3,656,5
catboost_43,SRP40,651,5
catboost_43,SSM4,656,5
catboost_43,STB5,651,5
catboost_43,STM1,653,5
catboost_43,STP2,655,5
catboost_43,STP3,655,5
catboost_43,SWA2,653,5
catboost_43,SWC5,656,5
catboost_43,SWD1,656,5
catboost_43,SWD3,656,5
catboost_43,SWI3,650,5
catboost_43,SWI4,651,6
catboost_43,SWI6,650,5
catboost_43,SWM1,653,5
catboost_43,SWR1,654,5
catboost_43,SYC1,656,5
catboost_43,TEC1,646,5
catboost_43,THR4,656,5
catboost_43,TIF2,656,5
catboost_43,TIP41,656,5
catboost_43,TMA23,654,5
catboost_43,TOM1,656,5
catboost_43,TPK3,655,5
catboost_43,TPS2,633,7
catboost_43,TRM1,656,5
catboost_43,TRM10,656,5
catboost_43,TRX2,656,5
catboost_43,TSL1,609,5
catboost_43,UBA3,656,5
catboost_43,UBA4,655,5
catboost_43,UBC4,655,4
catboost_43,UBC8,656,5
catboost_43,UBP15,656,5
catboost_43,UBP6,656,5
catboost_43,UBR1,654,6
catboost_43,UBR2,655,5
catboost_43,UBX3,656,5
catboost_43,UFD4,656,5
catboost_43,URA7,654,5
catboost_43,URE2,655,5
catboost_43,URM1,656,5
catboost_43,URN1,653,5
catboost_43,VAM3,656,5
catboost_43,VAM6,656,5
catboost_43,VHR1,656,5
catboost_43,VID28,654,5
catboost_43,VPS16,654,5
catboost_43,VPS27,656,5
catboost_43,VPS3,655,5
catboost_43,VPS36,654,5
catboost_43,VPS4,655,5
catboost_43,VPS41,656,5
catboost_43,VPS72,656,5
catboost_43,VPS8,656,5
catboost_43,VPS9,656,5
catboost_43,YAF9,656,5
catboost_43,YAP1,653,5
catboost_43,YBR285W,656,5
catboost_43,YCK3,656,5
catboost_43,YDR306C,655,5
catboost_43,YHR033W,647,5
catboost_43,YIL014C-A,641,5
catboost_43,YJL206C,656,5
catboost_43,YKU80,656,5
catboost_43,YLR352W,656,5
catboost_43,YOR338W,649,5
catboost_43,YPL199C,653,5
catboost_43,YPT6,652,5
catboost_43,YTA7,649,5
catboost_43,YVH1,652,6
red_17,ADD66,656,452
red_17,AIM1,656,452
red_17,APN2,656,451
red_17,APQ12,653,448
red_17,ARG80,654,451
red_17,ARP6,655,450
red_17,ARX1,653,449
red_17,ASC1,650,445
red_17,ASE1,655,450
red_17,ASF1,653,448
red_17,ASH1,653,449
red_17,ASK10,650,450
red_17,ATG10,653,449
red_17,ATG32,655,451
red_17,AZF1,655,450
red_17,BAS1,656,452
red_17,BCY1,647,447
red_17,BMH1,650,447
red_17,BRE5,654,450
red_17,BRR1,656,453
red_17,BUD13,656,452
red_17,CAC2,655,451
red_17,CAF130,656,452
red_17,CBF1,651,446
red_17,CCR4,651,446
red_17,CDC40,651,446
red_17,CDH1,656,451
red_17,CGI121,656,451
red_17,CHA4,656,451
red_17,CHD1,656,451
red_17,CHK1,656,451
red_17,CHL1,656,451
red_17,CHO2,645,441
red_17,CIN8,653,451
red_17,CKA2,656,451
red_17,CKB2,655,450
red_17,CLB2,655,450
red_17,CLN3,654,450
red_17,CMK2,642,439
red_17,CPR6,648,445
red_17,CST6,648,446
red_17,CTF18,654,450
red_17,CTF4,654,451
red_17,CTF8,655,450
red_17,CTI6,656,452
red_17,CTR9,648,443
red_17,CUP9,656,451
red_17,DAL81,656,451
red_17,DAT1,656,451
red_17,DCC1,654,452
red_17,DDR48,639,435
red_17,DEF1,643,440
red_17,DEG1,656,451
red_17,DEP1,654,449
red_17,DID4,655,450
red_17,DIG1,652,448
red_17,DLS1,656,452
red_17,DOA1,653,449
red_17,DOA4,654,451
red_17,DPB4,656,451
red_17,DUN1,651,447
red_17,EAF5,656,452
red_17,EAF6,656,452
red_17,EAF7,656,451
red_17,EBS1,656,451
red_17,EDE1,655,452
red_17,ELA1,654,450
red_17,ELC1,656,452
red_17,ELF1,654,449
red_17,ELM1,655,450
red_17,ELP2,655,450
red_17,ELP4,654,449
red_17,ELP6,652,448
red_17,ERF2,656,452
red_17,ERG2,653,450
red_17,ESC2,656,451
red_17,EST3,650,447
red_17,EUG1,651,447
red_17,FKS1,655,450
red_17,FZF1,655,450
red_17,GAL80,655,451
red_17,GAT2,652,447
red_17,GCR2,654,451
red_17,GIS1,654,449
red_17,GIS4,656,451
red_17,GPG1,633,429
red_17,GPH1,615,417
red_17,GPR1,655,450
red_17,GSY1,627,424
red_17,GSY2,629,431
red_17,GTR1,654,451
red_17,HAL9,656,451
red_17,HAP4,646,445
red_17,HAP5,655,451
red_17,HDA1,656,451
red_17,HFI1,646,441
red_17,HFM1,650,446
red_17,HHF1,654,450
red_17,HHT1,655,452
red_17,HMO1,654,449
red_17,HOG1,656,451
red_17,HOM2,654,450
red_17,HOS3,656,451
red_17,HOS4,655,452
red_17,HPC2,652,451
red_17,HSC82,651,447
red_17,HSE1,653,450
red_17,HTZ1,654,449
red_17,HUR1,654,449
red_17,HXK2,653,450
red_17,IES1,656,451
red_17,IES2,653,450
red_17,IES3,655,451
red_17,IES5,652,450
red_17,INO2,645,441
red_17,INO4,646,443
red_17,INP52,656,451
red_17,IPK1,653,449
red_17,IRA2,647,447
red_17,IRC25,654,453
red_17,IRC3,655,450
red_17,IRE1,655,451
red_17,IRS4,656,451
red_17,ISW2,653,448
red_17,ITC1,653,450
red_17,IXR1,656,451
red_17,JHD2,656,452
red_17,JNM1,656,451
red_17,KAP122,655,451
red_17,KAP123,654,449
red_17,KAR3,656,451
red_17,KIN3,655,450
red_17,KKQ8,656,451
red_17,KSP1,654,451
red_17,KTI12,656,453
red_17,LEU3,656,452
red_17,LOC1,655,451
red_17,LOS1,655,451
red_17,LRP1,654,450
red_17,LSM12,654,450
red_17,LSM6,655,450
red_17,MAK31,656,451
red_17,MBP1,656,452
red_17,MDS3,654,450
red_17,MED1,655,450
red_17,MED2,656,453
red_17,MET13,652,447
red_17,MGA2,649,447
red_17,MMS22,654,449
red_17,MOT3,656,451
red_17,MRC1,655,452
red_17,MRE11,655,451
red_17,MRN1,656,451
red_17,MRT4,652,450
red_17,MSG5,656,451
red_17,MSH1,655,452
red_17,MSH2,655,450
red_17,MSN2,654,451
red_17,MSN5,656,451
red_17,MUB1,656,453
red_17,MUM2,656,451
red_17,NAM7,646,451
red_17,NBP2,656,452
red_17,NCS2,656,451
red_17,NCS6,656,451
red_17,NFI1,656,451
red_17,NGG1,655,450
red_17,NHP10,655,451
red_17,NKP2,656,451
red_17,NMD2,648,446
red_17,NOP6,656,452
red_17,NPR2,655,450
red_17,NPT1,655,450
red_17,NRG1,652,447
red_17,NRP1,653,448
red_17,NUP120,655,451
red_17,NUP133,653,449
red_17,NUP188,656,451
red_17,NUP60,654,450
red_17,OCA1,656,451
red_17,OPI1,653,449
red_17,OPI3,632,448
red_17,PAT1,653,449
red_17,PBA1,656,452
red_17,PBP1,656,452
red_17,PBS2,656,451
red_17,PCL8,656,452
red_17,PEP3,655,450
red_17,PFK27,652,447
red_17,PHO23,651,450
red_17,PHO85,654,449
red_17,PIH1,655,451
red_17,PIN4,653,452
red_17,POL32,656,451
red_17,PPG1,656,451
red_17,PPH3,656,451
red_17,PPT1,653,448
red_17,PPZ1,656,451
red_17,PRE9,652,456
red_17,PTC1,653,449
red_17,PTK2,654,449
red_17,PTP3,653,448
red_17,PUF6,655,450
red_17,PUS1,655,450
red_17,PUS7,654,450
red_17,PUS9,655,452
red_17,RAD1,655,451
red_17,RAD18,655,451
red_17,RAD26,655,451
red_17,RAD27,655,450
red_17,RAD50,654,451
red_17,RAD52,652,449
red_17,RAD54,652,450
red_17,RAD57,656,451
red_17,RAD6,649,444
red_17,RAS2,654,451
red_17,RCE1,656,452
red_17,RCO1,656,451
red_17,RCY1,655,450
red_17,REV3,656,451
red_17,RGP1,650,445
red_17,RIC1,656,452
red_17,RIF1,656,451
red_17,RIM1,651,449
red_17,RIM101,654,449
red_17,RIM11,654,450
red_17,RIM15,656,451
red_17,RME1,650,445
red_17,RNR4,646,449
red_17,RNY1,642,440
red_17,ROX1,654,452
red_17,RPA14,656,451
red_17,RPB9,649,444
red_17,RPD3,651,450
red_17,RPL16A,654,449
red_17,RPN10,654,451
red_17,RPN13,653,453
red_17,RPN4,650,448
red_17,RPS0B,655,452
red_17,RPS21A,653,450
red_17,RRM3,656,452
red_17,RRP6,656,451
red_17,RRP8,652,451
red_17,RTF1,652,448
red_17,RTG2,656,451
red_17,RTS1,655,450
red_17,RTT107,654,449
red_17,RTT109,650,446
red_17,RXT2,654,450
red_17,RXT3,655,451
red_17,SAM3,651,448
red_17,SAM4,651,446
red_17,SAP30,652,447
red_17,SAS2,656,451
red_17,SAS4,656,452
red_17,SBP1,656,451
red_17,SCS2,656,451
red_17,SDS3,654,450
red_17,SEM1,651,448
red_17,SET2,655,450
red_17,SET4,654,450
red_17,SET5,656,452
red_17,SGF29,656,451
red_17,SGF73,655,450
red_17,SGS1,655,451
red_17,SHR5,656,451
red_17,SIS2,652,450
red_17,SIW14,655,451
red_17,SKN7,656,452
red_17,SLT2,642,441
red_17,SLX5,648,443
red_17,SLX8,652,447
red_17,SNF11,654,450
red_17,SNF5,652,447
red_17,SNF6,654,449
red_17,SNT1,656,452
red_17,SOK2,656,451
red_17,SPT21,653,448
red_17,SPT3,656,451
red_17,SRP40,651,448
red_17,SSM4,656,452
red_17,STB5,651,446
red_17,STM1,653,449
red_17,STP2,655,452
red_17,STP3,655,450
red_17,SWA2,653,450
red_17,SWC5,656,451
red_17,SWD1,656,451
red_17,SWD3,656,451
red_17,SWI3,650,445
red_17,SWI4,651,448
red_17,SWI6,650,447
red_17,SWM1,653,450
red_17,SWR1,654,449
red_17,SYC1,656,451
red_17,TEC1,646,441
red_17,THR4,656,451
red_17,TIF2,656,451
red_17,TIP41,656,451
red_17,TMA23,654,450
red_17,TOM1,656,451
red_17,TPK3,655,451
red_17,TPS2,633,452
red_17,TRM1,656,451
red_17,TRM10,656,452
red_17,TRX2,656,451
red_17,TSL1,609,418
red_17,UBA3,656,451
red_17,UBA4,655,450
red_17,UBC4,655,451
red_17,UBC8,656,452
red_17,UBP15,656,452
red_17,UBP6,656,451
red_17,UBR1,654,455
red_17,UBR2,655,450
red_17,UBX3,656,452
red_17,UFD4,656,452
red_17,URA7,654,450
red_17,URE2,655,452
red_17,URM1,656,451
red_17,URN1,653,451
red_17,VAM3,656,453
red_17,VAM6,656,451
red_17,VHR1,656,451
red_17,VID28,654,449
red_17,VPS16,654,449
red_17,VPS27,656,452
red_17,VPS3,655,450
red_17,VPS36,654,449
red_17,VPS4,655,450
red_17,VPS41,656,451
red_17,VPS72,656,451
red_17,VPS8,656,452
red_17,VPS9,656,451
red_17,YAF9,656,451
red_17,YAP1,653,451
red_17,YBR285W,656,451
red_17,YCK3,656,451
red_17,YDR306C,655,452
red_17,YHR033W,647,443
red_17,YIL014C-A,641,440
red_17,YJL206C,656,451
red_17,YKU80,656,451
red_17,YLR352W,656,451
red_17,YOR338W,649,447
red_17,YPL199C,653,450
red_17,YPT6,652,448
red_17,YTA7,649,447
red_17,YVH1,652,453
red_released_onesided_17,ADD66,656,405
red_released_onesided_17,AIM1,656,405
red_released_onesided_17,APN2,656,404
red_released_onesided_17,APQ12,653,401
red_released_onesided_17,ARG80,654,405
red_released_onesided_17,ARP6,655,403
red_released_onesided_17,ARX1,653,403
red_released_onesided_17,ASC1,650,398
red_released_onesided_17,ASE1,655,404
red_released_onesided_17,ASF1,653,401
red_released_onesided_17,ASH1,653,403
red_released_onesided_17,ASK10,650,403
red_released_onesided_17,ATG10,653,403
red_released_onesided_17,ATG32,655,404
red_released_onesided_17,AZF1,655,403
red_released_onesided_17,BAS1,656,405
red_released_onesided_17,BCY1,647,399
red_released_onesided_17,BMH1,650,402
red_released_onesided_17,BRE5,654,403
red_released_onesided_17,BRR1,656,406
red_released_onesided_17,BUD13,656,404
red_released_onesided_17,CAC2,655,403
red_released_onesided_17,CAF130,656,405
red_released_onesided_17,CBF1,651,399
red_released_onesided_17,CCR4,651,399
red_released_onesided_17,CDC40,651,399
red_released_onesided_17,CDH1,656,404
red_released_onesided_17,CGI121,656,404
red_released_onesided_17,CHA4,656,404
red_released_onesided_17,CHD1,656,404
red_released_onesided_17,CHK1,656,404
red_released_onesided_17,CHL1,656,404
red_released_onesided_17,CHO2,645,394
red_released_onesided_17,CIN8,653,404
red_released_onesided_17,CKA2,656,404
red_released_onesided_17,CKB2,655,403
red_released_onesided_17,CLB2,655,403
red_released_onesided_17,CLN3,654,403
red_released_onesided_17,CMK2,642,396
red_released_onesided_17,CPR6,648,398
red_released_onesided_17,CST6,648,398
red_released_onesided_17,CTF18,654,403
red_released_onesided_17,CTF4,654,404
red_released_onesided_17,CTF8,655,404
red_released_onesided_17,CTI6,656,405
red_released_onesided_17,CTR9,648,399
red_released_onesided_17,CUP9,656,404
red_released_onesided_17,DAL81,656,404
red_released_onesided_17,DAT1,656,404
red_released_onesided_17,DCC1,654,405
red_released_onesided_17,DDR48,639,391
red_released_onesided_17,DEF1,643,393
red_released_onesided_17,DEG1,656,404
red_released_onesided_17,DEP1,654,402
red_released_onesided_17,DID4,655,403
red_released_onesided_17,DIG1,652,400
red_released_onesided_17,DLS1,656,405
red_released_onesided_17,DOA1,653,404
red_released_onesided_17,DOA4,654,403
red_released_onesided_17,DPB4,656,404
red_released_onesided_17,DUN1,651,402
red_released_onesided_17,EAF5,656,405
red_released_onesided_17,EAF6,656,405
red_released_onesided_17,EAF7,656,404
red_released_onesided_17,EBS1,656,404
red_released_onesided_17,EDE1,655,404
red_released_onesided_17,ELA1,654,403
red_released_onesided_17,ELC1,656,405
red_released_onesided_17,ELF1,654,402
red_released_onesided_17,ELM1,655,403
red_released_onesided_17,ELP2,655,403
red_released_onesided_17,ELP4,654,402
red_released_onesided_17,ELP6,652,401
red_released_onesided_17,ERF2,656,405
red_released_onesided_17,ERG2,653,403
red_released_onesided_17,ESC2,656,404
red_released_onesided_17,EST3,650,401
red_released_onesided_17,EUG1,651,402
red_released_onesided_17,FKS1,655,403
red_released_onesided_17,FZF1,655,403
red_released_onesided_17,GAL80,655,404
red_released_onesided_17,GAT2,652,401
red_released_onesided_17,GCR2,654,404
red_released_onesided_17,GIS1,654,403
red_released_onesided_17,GIS4,656,404
red_released_onesided_17,GPG1,633,386
red_released_onesided_17,GPH1,615,373
red_released_onesided_17,GPR1,655,403
red_released_onesided_17,GSY1,627,378
red_released_onesided_17,GSY2,629,386
red_released_onesided_17,GTR1,654,404
red_released_onesided_17,HAL9,656,404
red_released_onesided_17,HAP4,646,400
red_released_onesided_17,HAP5,655,404
red_released_onesided_17,HDA1,656,404
red_released_onesided_17,HFI1,646,394
red_released_onesided_17,HFM1,650,400
red_released_onesided_17,HHF1,654,404
red_released_onesided_17,HHT1,655,405
red_released_onesided_17,HMO1,654,402
red_released_onesided_17,HOG1,656,404
red_released_onesided_17,HOM2,654,403
red_released_onesided_17,HOS3,656,404
red_released_onesided_17,HOS4,655,405
red_released_onesided_17,HPC2,652,404
red_released_onesided_17,HSC82,651,400
red_released_onesided_17,HSE1,653,404
red_released_onesided_17,HTZ1,654,404
red_released_onesided_17,HUR1,654,404
red_released_onesided_17,HXK2,653,403
red_released_onesided_17,IES1,656,404
red_released_onesided_17,IES2,653,403
red_released_onesided_17,IES3,655,404
red_released_onesided_17,IES5,652,403
red_released_onesided_17,INO2,645,397
red_released_onesided_17,INO4,646,399
red_released_onesided_17,INP52,656,404
red_released_onesided_17,IPK1,653,402
red_released_onesided_17,IRA2,647,400
red_released_onesided_17,IRC25,654,406
red_released_onesided_17,IRC3,655,403
red_released_onesided_17,IRE1,655,404
red_released_onesided_17,IRS4,656,404
red_released_onesided_17,ISW2,653,401
red_released_onesided_17,ITC1,653,403
red_released_onesided_17,IXR1,656,404
red_released_onesided_17,JHD2,656,405
red_released_onesided_17,JNM1,656,404
red_released_onesided_17,KAP122,655,404
red_released_onesided_17,KAP123,654,402
red_released_onesided_17,KAR3,656,404
red_released_onesided_17,KIN3,655,403
red_released_onesided_17,KKQ8,656,404
red_released_onesided_17,KSP1,654,404
red_released_onesided_17,KTI12,656,406
red_released_onesided_17,LEU3,656,405
red_released_onesided_17,LOC1,655,404
red_released_onesided_17,LOS1,655,404
red_released_onesided_17,LRP1,654,403
red_released_onesided_17,LSM12,654,402
red_released_onesided_17,LSM6,655,404
red_released_onesided_17,MAK31,656,404
red_released_onesided_17,MBP1,656,405
red_released_onesided_17,MDS3,654,402
red_released_onesided_17,MED1,655,403
red_released_onesided_17,MED2,656,406
red_released_onesided_17,MET13,652,402
red_released_onesided_17,MGA2,649,399
red_released_onesided_17,MMS22,654,403
red_released_onesided_17,MOT3,656,404
red_released_onesided_17,MRC1,655,405
red_released_onesided_17,MRE11,655,405
red_released_onesided_17,MRN1,656,404
red_released_onesided_17,MRT4,652,403
red_released_onesided_17,MSG5,656,405
red_released_onesided_17,MSH1,655,405
red_released_onesided_17,MSH2,655,403
red_released_onesided_17,MSN2,654,403
red_released_onesided_17,MSN5,656,404
red_released_onesided_17,MUB1,656,406
red_released_onesided_17,MUM2,656,404
red_released_onesided_17,NAM7,646,404
red_released_onesided_17,NBP2,656,405
red_released_onesided_17,NCS2,656,404
red_released_onesided_17,NCS6,656,404
red_released_onesided_17,NFI1,656,404
red_released_onesided_17,NGG1,655,403
red_released_onesided_17,NHP10,655,404
red_released_onesided_17,NKP2,656,404
red_released_onesided_17,NMD2,648,399
red_released_onesided_17,NOP6,656,404
red_released_onesided_17,NPR2,655,403
red_released_onesided_17,NPT1,655,404
red_released_onesided_17,NRG1,652,403
red_released_onesided_17,NRP1,653,401
red_released_onesided_17,NUP120,655,404
red_released_onesided_17,NUP133,653,402
red_released_onesided_17,NUP188,656,404
red_released_onesided_17,NUP60,654,403
red_released_onesided_17,OCA1,656,404
red_released_onesided_17,OPI1,653,402
red_released_onesided_17,OPI3,632,398
red_released_onesided_17,PAT1,653,402
red_released_onesided_17,PBA1,656,405
red_released_onesided_17,PBP1,656,405
red_released_onesided_17,PBS2,656,404
red_released_onesided_17,PCL8,656,405
red_released_onesided_17,PEP3,655,403
red_released_onesided_17,PFK27,652,400
red_released_onesided_17,PHO23,651,403
red_released_onesided_17,PHO85,654,404
red_released_onesided_17,PIH1,655,404
red_released_onesided_17,PIN4,653,405
red_released_onesided_17,POL32,656,404
red_released_onesided_17,PPG1,656,404
red_released_onesided_17,PPH3,656,404
red_released_onesided_17,PPT1,653,404
red_released_onesided_17,PPZ1,656,404
red_released_onesided_17,PRE9,652,409
red_released_onesided_17,PTC1,653,403
red_released_onesided_17,PTK2,654,403
red_released_onesided_17,PTP3,653,402
red_released_onesided_17,PUF6,655,404
red_released_onesided_17,PUS1,655,403
red_released_onesided_17,PUS7,654,403
red_released_onesided_17,PUS9,655,405
red_released_onesided_17,RAD1,655,404
red_released_onesided_17,RAD18,655,403
red_released_onesided_17,RAD26,655,404
red_released_onesided_17,RAD27,655,403
red_released_onesided_17,RAD50,654,404
red_released_onesided_17,RAD52,652,405
red_released_onesided_17,RAD54,652,403
red_released_onesided_17,RAD57,656,404
red_released_onesided_17,RAD6,649,397
red_released_onesided_17,RAS2,654,404
red_released_onesided_17,RCE1,656,405
red_released_onesided_17,RCO1,656,404
red_released_onesided_17,RCY1,655,403
red_released_onesided_17,REV3,656,404
red_released_onesided_17,RGP1,650,401
red_released_onesided_17,RIC1,656,404
red_released_onesided_17,RIF1,656,404
red_released_onesided_17,RIM1,651,402
red_released_onesided_17,RIM101,654,403
red_released_onesided_17,RIM11,654,402
red_released_onesided_17,RIM15,656,404
red_released_onesided_17,RME1,650,399
red_released_onesided_17,RNR4,646,402
red_released_onesided_17,RNY1,642,395
red_released_onesided_17,ROX1,654,404
red_released_onesided_17,RPA14,656,404
red_released_onesided_17,RPB9,649,397
red_released_onesided_17,RPD3,651,403
red_released_onesided_17,RPL16A,654,402
red_released_onesided_17,RPN10,654,404
red_released_onesided_17,RPN13,653,406
red_released_onesided_17,RPN4,650,402
red_released_onesided_17,RPS0B,655,405
red_released_onesided_17,RPS21A,653,403
red_released_onesided_17,RRM3,656,405
red_released_onesided_17,RRP6,656,404
red_released_onesided_17,RRP8,652,404
red_released_onesided_17,RTF1,652,405
red_released_onesided_17,RTG2,656,405
red_released_onesided_17,RTS1,655,403
red_released_onesided_17,RTT107,654,402
red_released_onesided_17,RTT109,650,402
red_released_onesided_17,RXT2,654,403
red_released_onesided_17,RXT3,655,404
red_released_onesided_17,SAM3,651,404
red_released_onesided_17,SAM4,651,399
red_released_onesided_17,SAP30,652,400
red_released_onesided_17,SAS2,656,404
red_released_onesided_17,SAS4,656,405
red_released_onesided_17,SBP1,656,404
red_released_onesided_17,SCS2,656,404
red_released_onesided_17,SDS3,654,405
red_released_onesided_17,SEM1,651,401
red_released_onesided_17,SET2,655,404
red_released_onesided_17,SET4,654,403
red_released_onesided_17,SET5,656,405
red_released_onesided_17,SGF29,656,404
red_released_onesided_17,SGF73,655,403
red_released_onesided_17,SGS1,655,404
red_released_onesided_17,SHR5,656,404
red_released_onesided_17,SIS2,652,403
red_released_onesided_17,SIW14,655,404
red_released_onesided_17,SKN7,656,405
red_released_onesided_17,SLT2,642,398
red_released_onesided_17,SLX5,648,397
red_released_onesided_17,SLX8,652,402
red_released_onesided_17,SNF11,654,404
red_released_onesided_17,SNF5,652,400
red_released_onesided_17,SNF6,654,403
red_released_onesided_17,SNT1,656,405
red_released_onesided_17,SOK2,656,404
red_released_onesided_17,SPT21,653,403
red_released_onesided_17,SPT3,656,404
red_released_onesided_17,SRP40,651,400
red_released_onesided_17,SSM4,656,405
red_released_onesided_17,STB5,651,400
red_released_onesided_17,STM1,653,402
red_released_onesided_17,STP2,655,405
red_released_onesided_17,STP3,655,403
red_released_onesided_17,SWA2,653,404
red_released_onesided_17,SWC5,656,404
red_released_onesided_17,SWD1,656,404
red_released_onesided_17,SWD3,656,404
red_released_onesided_17,SWI3,650,398
red_released_onesided_17,SWI4,651,401
red_released_onesided_17,SWI6,650,404
red_released_onesided_17,SWM1,653,403
red_released_onesided_17,SWR1,654,402
red_released_onesided_17,SYC1,656,404
red_released_onesided_17,TEC1,646,394
red_released_onesided_17,THR4,656,405
red_released_onesided_17,TIF2,656,404
red_released_onesided_17,TIP41,656,404
red_released_onesided_17,TMA23,654,404
red_released_onesided_17,TOM1,656,404
red_released_onesided_17,TPK3,655,404
red_released_onesided_17,TPS2,633,393
red_released_onesided_17,TRM1,656,404
red_released_onesided_17,TRM10,656,405
red_released_onesided_17,TRX2,656,404
red_released_onesided_17,TSL1,609,370
red_released_onesided_17,UBA3,656,404
red_released_onesided_17,UBA4,655,403
red_released_onesided_17,UBC4,655,404
red_released_onesided_17,UBC8,656,405
red_released_onesided_17,UBP15,656,405
red_released_onesided_17,UBP6,656,404
red_released_onesided_17,UBR1,654,408
red_released_onesided_17,UBR2,655,403
red_released_onesided_17,UBX3,656,405
red_released_onesided_17,UFD4,656,405
red_released_onesided_17,URA7,654,403
red_released_onesided_17,URE2,655,405
red_released_onesided_17,URM1,656,404
red_released_onesided_17,URN1,653,404
red_released_onesided_17,VAM3,656,405
red_released_onesided_17,VAM6,656,405
red_released_onesided_17,VHR1,656,404
red_released_onesided_17,VID28,654,403
red_released_onesided_17,VPS16,654,402
red_released_onesided_17,VPS27,656,405
red_released_onesided_17,VPS3,655,403
red_released_onesided_17,VPS36,654,403
red_released_onesided_17,VPS4,655,405
red_released_onesided_17,VPS41,656,405
red_released_onesided_17,VPS72,656,404
red_released_onesided_17,VPS8,656,405
red_released_onesided_17,VPS9,656,405
red_released_onesided_17,YAF9,656,404
red_released_onesided_17,YAP1,653,404
red_released_onesided_17,YBR285W,656,404
red_released_onesided_17,YCK3,656,404
red_released_onesided_17,YDR306C,655,405
red_released_onesided_17,YHR033W,647,396
red_released_onesided_17,YIL014C-A,641,393
red_released_onesided_17,YJL206C,656,404
red_released_onesided_17,YKU80,656,404
red_released_onesided_17,YLR352W,656,404
red_released_onesided_17,YOR338W,649,400
red_released_onesided_17,YPL199C,653,403
red_released_onesided_17,YPT6,652,405
red_released_onesided_17,YTA7,649,402
red_released_onesided_17,YVH1,652,406
red_29,ADD66,656,449
red_29,AIM1,656,449
red_29,APN2,656,448
red_29,APQ12,653,445
red_29,ARG80,654,448
red_29,ARP6,655,447
red_29,ARX1,653,446
red_29,ASC1,650,444
red_29,ASE1,655,447
red_29,ASF1,653,445
red_29,ASH1,653,446
red_29,ASK10,650,446
red_29,ATG10,653,446
red_29,ATG32,655,448
red_29,AZF1,655,447
red_29,BAS1,656,449
red_29,BCY1,647,444
red_29,BMH1,650,444
red_29,BRE5,654,446
red_29,BRR1,656,450
red_29,BUD13,656,449
red_29,CAC2,655,448
red_29,CAF130,656,449
red_29,CBF1,651,443
red_29,CCR4,651,443
red_29,CDC40,651,443
red_29,CDH1,656,448
red_29,CGI121,656,448
red_29,CHA4,656,448
red_29,CHD1,656,448
red_29,CHK1,656,448
red_29,CHL1,656,448
red_29,CHO2,645,439
red_29,CIN8,653,448
red_29,CKA2,656,448
red_29,CKB2,655,447
red_29,CLB2,655,447
red_29,CLN3,654,447
red_29,CMK2,642,435
red_29,CPR6,648,440
red_29,CST6,648,444
red_29,CTF18,654,447
red_29,CTF4,654,447
red_29,CTF8,655,447
red_29,CTI6,656,449
red_29,CTR9,648,440
red_29,CUP9,656,448
red_29,DAL81,656,448
red_29,DAT1,656,448
red_29,DCC1,654,449
red_29,DDR48,639,433
red_29,DEF1,643,437
red_29,DEG1,656,448
red_29,DEP1,654,446
red_29,DID4,655,447
red_29,DIG1,652,445
red_29,DLS1,656,449
red_29,DOA1,653,446
red_29,DOA4,654,447
red_29,DPB4,656,448
red_29,DUN1,651,444
red_29,EAF5,656,449
red_29,EAF6,656,449
red_29,EAF7,656,448
red_29,EBS1,656,448
red_29,EDE1,655,449
red_29,ELA1,654,447
red_29,ELC1,656,449
red_29,ELF1,654,446
red_29,ELM1,655,447
red_29,ELP2,655,447
red_29,ELP4,654,446
red_29,ELP6,652,445
red_29,ERF2,656,449
red_29,ERG2,653,447
red_29,ESC2,656,448
red_29,EST3,650,443
red_29,EUG1,651,444
red_29,FKS1,655,447
red_29,FZF1,655,447
red_29,GAL80,655,448
red_29,GAT2,652,444
red_29,GCR2,654,448
red_29,GIS1,654,446
red_29,GIS4,656,448
red_29,GPG1,633,426
red_29,GPH1,615,413
red_29,GPR1,655,447
red_29,GSY1,627,420
red_29,GSY2,629,428
red_29,GTR1,654,448
red_29,HAL9,656,448
red_29,HAP4,646,442
red_29,HAP5,655,448
red_29,HDA1,656,448
red_29,HFI1,646,438
red_29,HFM1,650,443
red_29,HHF1,654,447
red_29,HHT1,655,448
red_29,HMO1,654,446
red_29,HOG1,656,448
red_29,HOM2,654,447
red_29,HOS3,656,448
red_29,HOS4,655,449
red_29,HPC2,652,448
red_29,HSC82,651,444
red_29,HSE1,653,448
red_29,HTZ1,654,446
red_29,HUR1,654,446
red_29,HXK2,653,447
red_29,IES1,656,449
red_29,IES2,653,447
red_29,IES3,655,448
red_29,IES5,652,447
red_29,INO2,645,440
red_29,INO4,646,442
red_29,INP52,656,448
red_29,IPK1,653,446
red_29,IRA2,647,444
red_29,IRC25,654,450
red_29,IRC3,655,447
red_29,IRE1,655,448
red_29,IRS4,656,448
red_29,ISW2,653,445
red_29,ITC1,653,447
red_29,IXR1,656,448
red_29,JHD2,656,449
red_29,JNM1,656,448
red_29,KAP122,655,448
red_29,KAP123,654,447
red_29,KAR3,656,448
red_29,KIN3,655,447
red_29,KKQ8,656,448
red_29,KSP1,654,448
red_29,KTI12,656,450
red_29,LEU3,656,449
red_29,LOC1,655,447
red_29,LOS1,655,448
red_29,LRP1,654,448
red_29,LSM12,654,447
red_29,LSM6,655,447
red_29,MAK31,656,448
red_29,MBP1,656,449
red_29,MDS3,654,447
red_29,MED1,655,447
red_29,MED2,656,450
red_29,MET13,652,444
red_29,MGA2,649,444
red_29,MMS22,654,446
red_29,MOT3,656,448
red_29,MRC1,655,449
red_29,MRE11,655,447
red_29,MRN1,656,448
red_29,MRT4,652,448
red_29,MSG5,656,448
red_29,MSH1,655,449
red_29,MSH2,655,447
red_29,MSN2,654,448
red_29,MSN5,656,448
red_29,MUB1,656,450
red_29,MUM2,656,448
red_29,NAM7,646,447
red_29,NBP2,656,449
red_29,NCS2,656,448
red_29,NCS6,656,448
red_29,NFI1,656,448
red_29,NGG1,655,447
red_29,NHP10,655,448
red_29,NKP2,656,448
red_29,NMD2,648,443
red_29,NOP6,656,449
red_29,NPR2,655,447
red_29,NPT1,655,447
red_29,NRG1,652,444
red_29,NRP1,653,445
red_29,NUP120,655,448
red_29,NUP133,653,446
red_29,NUP188,656,448
red_29,NUP60,654,447
red_29,OCA1,656,448
red_29,OPI1,653,446
red_29,OPI3,632,446
red_29,PAT1,653,446
red_29,PBA1,656,449
red_29,PBP1,656,449
red_29,PBS2,656,448
red_29,PCL8,656,449
red_29,PEP3,655,447
red_29,PFK27,652,444
red_29,PHO23,651,447
red_29,PHO85,654,446
red_29,PIH1,655,448
red_29,PIN4,653,449
red_29,POL32,656,449
red_29,PPG1,656,448
red_29,PPH3,656,448
red_29,PPT1,653,445
red_29,PPZ1,656,448
red_29,PRE9,652,452
red_29,PTC1,653,445
red_29,PTK2,654,446
red_29,PTP3,653,446
red_29,PUF6,655,447
red_29,PUS1,655,447
red_29,PUS7,654,447
red_29,PUS9,655,449
red_29,RAD1,655,448
red_29,RAD18,655,448
red_29,RAD26,655,448
red_29,RAD27,655,447
red_29,RAD50,654,448
red_29,RAD52,652,446
red_29,RAD54,652,447
red_29,RAD57,656,448
red_29,RAD6,649,441
red_29,RAS2,654,448
red_29,RCE1,656,449
red_29,RCO1,656,448
red_29,RCY1,655,447
red_29,REV3,656,448
red_29,RGP1,650,442
red_29,RIC1,656,449
red_29,RIF1,656,448
red_29,RIM1,651,447
red_29,RIM101,654,448
red_29,RIM11,654,447
red_29,RIM15,656,448
red_29,RME1,650,442
red_29,RNR4,646,446
red_29,RNY1,642,437
red_29,ROX1,654,449
red_29,RPA14,656,448
red_29,RPB9,649,442
red_29,RPD3,651,447
red_29,RPL16A,654,446
red_29,RPN10,654,447
red_29,RPN13,653,450
red_29,RPN4,650,446
red_29,RPS0B,655,449
red_29,RPS21A,653,447
red_29,RRM3,656,449
red_29,RRP6,656,448
red_29,RRP8,652,449
red_29,RTF1,652,446
red_29,RTG2,656,448
red_29,RTS1,655,447
red_29,RTT107,654,446
red_29,RTT109,650,443
red_29,RXT2,654,447
red_29,RXT3,655,448
red_29,SAM3,651,445
red_29,SAM4,651,443
red_29,SAP30,652,444
red_29,SAS2,656,448
red_29,SAS4,656,449
red_29,SBP1,656,448
red_29,SCS2,656,448
red_29,SDS3,654,446
red_29,SEM1,651,445
red_29,SET2,655,447
red_29,SET4,654,447
red_29,SET5,656,449
red_29,SGF29,656,448
red_29,SGF73,655,448
red_29,SGS1,655,447
red_29,SHR5,656,448
red_29,SIS2,652,447
red_29,SIW14,655,448
red_29,SKN7,656,449
red_29,SLT2,642,437
red_29,SLX5,648,441
red_29,SLX8,652,444
red_29,SNF11,654,447
red_29,SNF5,652,444
red_29,SNF6,654,446
red_29,SNT1,656,449
red_29,SOK2,656,448
red_29,SPT21,653,445
red_29,SPT3,656,448
red_29,SRP40,651,445
red_29,SSM4,656,449
red_29,STB5,651,444
red_29,STM1,653,446
red_29,STP2,655,449
red_29,STP3,655,447
red_29,SWA2,653,447
red_29,SWC5,656,448
red_29,SWD1,656,448
red_29,SWD3,656,448
red_29,SWI3,650,442
red_29,SWI4,651,445
red_29,SWI6,650,445
red_29,SWM1,653,446
red_29,SWR1,654,446
red_29,SYC1,656,448
red_29,TEC1,646,438
red_29,THR4,656,448
red_29,TIF2,656,448
red_29,TIP41,656,448
red_29,TMA23,654,448
red_29,TOM1,656,448
red_29,TPK3,655,448
red_29,TPS2,633,449
red_29,TRM1,656,448
red_29,TRM10,656,449
red_29,TRX2,656,448
red_29,TSL1,609,415
red_29,UBA3,656,448
red_29,UBA4,655,447
red_29,UBC4,655,448
red_29,UBC8,656,448
red_29,UBP15,656,449
red_29,UBP6,656,448
red_29,UBR1,654,452
red_29,UBR2,655,447
red_29,UBX3,656,449
red_29,UFD4,656,449
red_29,URA7,654,447
red_29,URE2,655,449
red_29,URM1,656,448
red_29,URN1,653,448
red_29,VAM3,656,450
red_29,VAM6,656,448
red_29,VHR1,656,448
red_29,VID28,654,447
red_29,VPS16,654,446
red_29,VPS27,656,450
red_29,VPS3,655,447
red_29,VPS36,654,446
red_29,VPS4,655,447
red_29,VPS41,656,448
red_29,VPS72,656,448
red_29,VPS8,656,448
red_29,VPS9,656,448
red_29,YAF9,656,448
red_29,YAP1,653,448
red_29,YBR285W,656,448
red_29,YCK3,656,448
red_29,YDR306C,655,448
red_29,YHR033W,647,440
red_29,YIL014C-A,641,437
red_29,YJL206C,656,448
red_29,YKU80,656,448
red_29,YLR352W,656,448
red_29,YOR338W,649,444
red_29,YPL199C,653,447
red_29,YPT6,652,445
red_29,YTA7,649,443
red_29,YVH1,652,450
red_released_onesided_29,ADD66,656,406
red_released_onesided_29,AIM1,656,406
red_released_onesided_29,APN2,656,405
red_released_onesided_29,APQ12,653,402
red_released_onesided_29,ARG80,654,405
red_released_onesided_29,ARP6,655,404
red_released_onesided_29,ARX1,653,404
red_released_onesided_29,ASC1,650,401
red_released_onesided_29,ASE1,655,405
red_released_onesided_29,ASF1,653,402
red_released_onesided_29,ASH1,653,403
red_released_onesided_29,ASK10,650,403
red_released_onesided_29,ATG10,653,403
red_released_onesided_29,ATG32,655,405
red_released_onesided_29,AZF1,655,404
red_released_onesided_29,BAS1,656,406
red_released_onesided_29,BCY1,647,401
red_released_onesided_29,BMH1,650,402
red_released_onesided_29,BRE5,654,403
red_released_onesided_29,BRR1,656,407
red_released_onesided_29,BUD13,656,406
red_released_onesided_29,CAC2,655,404
red_released_onesided_29,CAF130,656,406
red_released_onesided_29,CBF1,651,400
red_released_onesided_29,CCR4,651,401
red_released_onesided_29,CDC40,651,400
red_released_onesided_29,CDH1,656,405
red_released_onesided_29,CGI121,656,405
red_released_onesided_29,CHA4,656,405
red_released_onesided_29,CHD1,656,405
red_released_onesided_29,CHK1,656,405
red_released_onesided_29,CHL1,656,405
red_released_onesided_29,CHO2,645,397
red_released_onesided_29,CIN8,653,405
red_released_onesided_29,CKA2,656,405
red_released_onesided_29,CKB2,655,404
red_released_onesided_29,CLB2,655,405
red_released_onesided_29,CLN3,654,404
red_released_onesided_29,CMK2,642,398
red_released_onesided_29,CPR6,648,398
red_released_onesided_29,CST6,648,399
red_released_onesided_29,CTF18,654,404
red_released_onesided_29,CTF4,654,404
red_released_onesided_29,CTF8,655,404
red_released_onesided_29,CTI6,656,406
red_released_onesided_29,CTR9,648,397
red_released_onesided_29,CUP9,656,405
red_released_onesided_29,DAL81,656,405
red_released_onesided_29,DAT1,656,406
red_released_onesided_29,DCC1,654,406
red_released_onesided_29,DDR48,639,391
red_released_onesided_29,DEF1,643,394
red_released_onesided_29,DEG1,656,405
red_released_onesided_29,DEP1,654,403
red_released_onesided_29,DID4,655,404
red_released_onesided_29,DIG1,652,401
red_released_onesided_29,DLS1,656,406
red_released_onesided_29,DOA1,653,405
red_released_onesided_29,DOA4,654,403
red_released_onesided_29,DPB4,656,405
red_released_onesided_29,DUN1,651,403
red_released_onesided_29,EAF5,656,406
red_released_onesided_29,EAF6,656,406
red_released_onesided_29,EAF7,656,405
red_released_onesided_29,EBS1,656,405
red_released_onesided_29,EDE1,655,406
red_released_onesided_29,ELA1,654,404
red_released_onesided_29,ELC1,656,406
red_released_onesided_29,ELF1,654,403
red_released_onesided_29,ELM1,655,404
red_released_onesided_29,ELP2,655,404
red_released_onesided_29,ELP4,654,403
red_released_onesided_29,ELP6,652,402
red_released_onesided_29,ERF2,656,406
red_released_onesided_29,ERG2,653,404
red_released_onesided_29,ESC2,656,405
red_released_onesided_29,EST3,650,400
red_released_onesided_29,EUG1,651,404
red_released_onesided_29,FKS1,655,404
red_released_onesided_29,FZF1,655,404
red_released_onesided_29,GAL80,655,405
red_released_onesided_29,GAT2,652,402
red_released_onesided_29,GCR2,654,405
red_released_onesided_29,GIS1,654,404
red_released_onesided_29,GIS4,656,405
red_released_onesided_29,GPG1,633,387
red_released_onesided_29,GPH1,615,375
red_released_onesided_29,GPR1,655,404
red_released_onesided_29,GSY1,627,380
red_released_onesided_29,GSY2,629,387
red_released_onesided_29,GTR1,654,406
red_released_onesided_29,HAL9,656,405
red_released_onesided_29,HAP4,646,399
red_released_onesided_29,HAP5,655,405
red_released_onesided_29,HDA1,656,405
red_released_onesided_29,HFI1,646,398
red_released_onesided_29,HFM1,650,401
red_released_onesided_29,HHF1,654,405
red_released_onesided_29,HHT1,655,406
red_released_onesided_29,HMO1,654,404
red_released_onesided_29,HOG1,656,405
red_released_onesided_29,HOM2,654,404
red_released_onesided_29,HOS3,656,405
red_released_onesided_29,HOS4,655,406
red_released_onesided_29,HPC2,652,405
red_released_onesided_29,HSC82,651,401
red_released_onesided_29,HSE1,653,405
red_released_onesided_29,HTZ1,654,404
red_released_onesided_29,HUR1,654,405
red_released_onesided_29,HXK2,653,404
red_released_onesided_29,IES1,656,406
red_released_onesided_29,IES2,653,404
red_released_onesided_29,IES3,655,405
red_released_onesided_29,IES5,652,404
red_released_onesided_29,INO2,645,398
red_released_onesided_29,INO4,646,401
red_released_onesided_29,INP52,656,405
red_released_onesided_29,IPK1,653,403
red_released_onesided_29,IRA2,647,400
red_released_onesided_29,IRC25,654,407
red_released_onesided_29,IRC3,655,404
red_released_onesided_29,IRE1,655,405
red_released_onesided_29,IRS4,656,405
red_released_onesided_29,ISW2,653,402
red_released_onesided_29,ITC1,653,404
red_released_onesided_29,IXR1,656,405
red_released_onesided_29,JHD2,656,406
red_released_onesided_29,JNM1,656,405
red_released_onesided_29,KAP122,655,405
red_released_onesided_29,KAP123,654,405
red_released_onesided_29,KAR3,656,405
red_released_onesided_29,KIN3,655,404
red_released_onesided_29,KKQ8,656,405
red_released_onesided_29,KSP1,654,405
red_released_onesided_29,KTI12,656,407
red_released_onesided_29,LEU3,656,406
red_released_onesided_29,LOC1,655,404
red_released_onesided_29,LOS1,655,405
red_released_onesided_29,LRP1,654,405
red_released_onesided_29,LSM12,654,403
red_released_onesided_29,LSM6,655,404
red_released_onesided_29,MAK31,656,405
red_released_onesided_29,MBP1,656,406
red_released_onesided_29,MDS3,654,403
red_released_onesided_29,MED1,655,404
red_released_onesided_29,MED2,656,407
red_released_onesided_29,MET13,652,402
red_released_onesided_29,MGA2,649,401
red_released_onesided_29,MMS22,654,404
red_released_onesided_29,MOT3,656,405
red_released_onesided_29,MRC1,655,406
red_released_onesided_29,MRE11,655,405
red_released_onesided_29,MRN1,656,405
red_released_onesided_29,MRT4,652,405
red_released_onesided_29,MSG5,656,405
red_released_onesided_29,MSH1,655,406
red_released_onesided_29,MSH2,655,404
red_released_onesided_29,MSN2,654,404
red_released_onesided_29,MSN5,656,405
red_released_onesided_29,MUB1,656,407
red_released_onesided_29,MUM2,656,405
red_released_onesided_29,NAM7,646,404
red_released_onesided_29,NBP2,656,406
red_released_onesided_29,NCS2,656,405
red_released_onesided_29,NCS6,656,405
red_released_onesided_29,NFI1,656,405
red_released_onesided_29,NGG1,655,404
red_released_onesided_29,NHP10,655,405
red_released_onesided_29,NKP2,656,405
red_released_onesided_29,NMD2,648,400
red_released_onesided_29,NOP6,656,405
red_released_onesided_29,NPR2,655,404
red_released_onesided_29,NPT1,655,404
red_released_onesided_29,NRG1,652,403
red_released_onesided_29,NRP1,653,402
red_released_onesided_29,NUP120,655,404
red_released_onesided_29,NUP133,653,403
red_released_onesided_29,NUP188,656,405
red_released_onesided_29,NUP60,654,404
red_released_onesided_29,OCA1,656,405
red_released_onesided_29,OPI1,653,403
red_released_onesided_29,OPI3,632,404
red_released_onesided_29,PAT1,653,404
red_released_onesided_29,PBA1,656,406
red_released_onesided_29,PBP1,656,406
red_released_onesided_29,PBS2,656,405
red_released_onesided_29,PCL8,656,406
red_released_onesided_29,PEP3,655,404
red_released_onesided_29,PFK27,652,401
red_released_onesided_29,PHO23,651,403
red_released_onesided_29,PHO85,654,404
red_released_onesided_29,PIH1,655,405
red_released_onesided_29,PIN4,653,406
red_released_onesided_29,POL32,656,406
red_released_onesided_29,PPG1,656,405
red_released_onesided_29,PPH3,656,405
red_released_onesided_29,PPT1,653,403
red_released_onesided_29,PPZ1,656,405
red_released_onesided_29,PRE9,652,409
red_released_onesided_29,PTC1,653,403
red_released_onesided_29,PTK2,654,404
red_released_onesided_29,PTP3,653,403
red_released_onesided_29,PUF6,655,405
red_released_onesided_29,PUS1,655,404
red_released_onesided_29,PUS7,654,404
red_released_onesided_29,PUS9,655,406
red_released_onesided_29,RAD1,655,405
red_released_onesided_29,RAD18,655,404
red_released_onesided_29,RAD26,655,405
red_released_onesided_29,RAD27,655,404
red_released_onesided_29,RAD50,654,404
red_released_onesided_29,RAD52,652,407
red_released_onesided_29,RAD54,652,404
red_released_onesided_29,RAD57,656,405
red_released_onesided_29,RAD6,649,398
red_released_onesided_29,RAS2,654,405
red_released_onesided_29,RCE1,656,406
red_released_onesided_29,RCO1,656,405
red_released_onesided_29,RCY1,655,404
red_released_onesided_29,REV3,656,405
red_released_onesided_29,RGP1,650,402
red_released_onesided_29,RIC1,656,406
red_released_onesided_29,RIF1,656,405
red_released_onesided_29,RIM1,651,404
red_released_onesided_29,RIM101,654,405
red_released_onesided_29,RIM11,654,403
red_released_onesided_29,RIM15,656,405
red_released_onesided_29,RME1,650,400
red_released_onesided_29,RNR4,646,404
red_released_onesided_29,RNY1,642,396
red_released_onesided_29,ROX1,654,405
red_released_onesided_29,RPA14,656,405
red_released_onesided_29,RPB9,649,399
red_released_onesided_29,RPD3,651,404
red_released_onesided_29,RPL16A,654,403
red_released_onesided_29,RPN10,654,404
red_released_onesided_29,RPN13,653,407
red_released_onesided_29,RPN4,650,403
red_released_onesided_29,RPS0B,655,406
red_released_onesided_29,RPS21A,653,405
red_released_onesided_29,RRM3,656,406
red_released_onesided_29,RRP6,656,406
red_released_onesided_29,RRP8,652,406
red_released_onesided_29,RTF1,652,403
red_released_onesided_29,RTG2,656,406
red_released_onesided_29,RTS1,655,404
red_released_onesided_29,RTT107,654,403
red_released_onesided_29,RTT109,650,403
red_released_onesided_29,RXT2,654,404
red_released_onesided_29,RXT3,655,405
red_released_onesided_29,SAM3,651,404
red_released_onesided_29,SAM4,651,400
red_released_onesided_29,SAP30,652,401
red_released_onesided_29,SAS2,656,405
red_released_onesided_29,SAS4,656,406
red_released_onesided_29,SBP1,656,405
red_released_onesided_29,SCS2,656,405
red_released_onesided_29,SDS3,654,405
red_released_onesided_29,SEM1,651,402
red_released_onesided_29,SET2,655,404
red_released_onesided_29,SET4,654,404
red_released_onesided_29,SET5,656,406
red_released_onesided_29,SGF29,656,405
red_released_onesided_29,SGF73,655,405
red_released_onesided_29,SGS1,655,404
red_released_onesided_29,SHR5,656,405
red_released_onesided_29,SIS2,652,404
red_released_onesided_29,SIW14,655,405
red_released_onesided_29,SKN7,656,406
red_released_onesided_29,SLT2,642,396
red_released_onesided_29,SLX5,648,402
red_released_onesided_29,SLX8,652,404
red_released_onesided_29,SNF11,654,404
red_released_onesided_29,SNF5,652,401
red_released_onesided_29,SNF6,654,403
red_released_onesided_29,SNT1,656,406
red_released_onesided_29,SOK2,656,405
red_released_onesided_29,SPT21,653,405
red_released_onesided_29,SPT3,656,405
red_released_onesided_29,SRP40,651,402
red_released_onesided_29,SSM4,656,406
red_released_onesided_29,STB5,651,403
red_released_onesided_29,STM1,653,403
red_released_onesided_29,STP2,655,406
red_released_onesided_29,STP3,655,404
red_released_onesided_29,SWA2,653,403
red_released_onesided_29,SWC5,656,405
red_released_onesided_29,SWD1,656,405
red_released_onesided_29,SWD3,656,405
red_released_onesided_29,SWI3,650,400
red_released_onesided_29,SWI4,651,402
red_released_onesided_29,SWI6,650,402
red_released_onesided_29,SWM1,653,403
red_released_onesided_29,SWR1,654,403
red_released_onesided_29,SYC1,656,405
red_released_onesided_29,TEC1,646,395
red_released_onesided_29,THR4,656,406
red_released_onesided_29,TIF2,656,405
red_released_onesided_29,TIP41,656,405
red_released_onesided_29,TMA23,654,405
red_released_onesided_29,TOM1,656,405
red_released_onesided_29,TPK3,655,406
red_released_onesided_29,TPS2,633,393
red_released_onesided_29,TRM1,656,405
red_released_onesided_29,TRM10,656,406
red_released_onesided_29,TRX2,656,405
red_released_onesided_29,TSL1,609,373
red_released_onesided_29,UBA3,656,405
red_released_onesided_29,UBA4,655,404
red_released_onesided_29,UBC4,655,405
red_released_onesided_29,UBC8,656,405
red_released_onesided_29,UBP15,656,406
red_released_onesided_29,UBP6,656,405
red_released_onesided_29,UBR1,654,409
red_released_onesided_29,UBR2,655,404
red_released_onesided_29,UBX3,656,406
red_released_onesided_29,UFD4,656,406
red_released_onesided_29,URA7,654,404
red_released_onesided_29,URE2,655,406
red_released_onesided_29,URM1,656,405
red_released_onesided_29,URN1,653,405
red_released_onesided_29,VAM3,656,406
red_released_onesided_29,VAM6,656,405
red_released_onesided_29,VHR1,656,406
red_released_onesided_29,VID28,654,404
red_released_onesided_29,VPS16,654,403
red_released_onesided_29,VPS27,656,407
red_released_onesided_29,VPS3,655,404
red_released_onesided_29,VPS36,654,403
red_released_onesided_29,VPS4,655,406
red_released_onesided_29,VPS41,656,406
red_released_onesided_29,VPS72,656,405
red_released_onesided_29,VPS8,656,406
red_released_onesided_29,VPS9,656,406
red_released_onesided_29,YAF9,656,405
red_released_onesided_29,YAP1,653,405
red_released_onesided_29,YBR285W,656,405
red_released_onesided_29,YCK3,656,405
red_released_onesided_29,YDR306C,655,405
red_released_onesided_29,YHR033W,647,399
red_released_onesided_29,YIL014C-A,641,394
red_released_onesided_29,YJL206C,656,405
red_released_onesided_29,YKU80,656,405
red_released_onesided_29,YLR352W,656,405
red_released_onesided_29,YOR338W,649,401
red_released_onesided_29,YPL199C,653,404
red_released_onesided_29,YPT6,652,404
red_released_onesided_29,YTA7,649,403
red_released_onesided_29,YVH1,652,407
red_43,ADD66,656,446
red_43,AIM1,656,446
red_43,APN2,656,445
red_43,APQ12,653,442
red_43,ARG80,654,445
red_43,ARP6,655,444
red_43,ARX1,653,443
red_43,ASC1,650,440
red_43,ASE1,655,444
red_43,ASF1,653,442
red_43,ASH1,653,443
red_43,ASK10,650,443
red_43,ATG10,653,443
red_43,ATG32,655,445
red_43,AZF1,655,444
red_43,BAS1,656,446
red_43,BCY1,647,441
red_43,BMH1,650,441
red_43,BRE5,654,444
red_43,BRR1,656,447
red_43,BUD13,656,445
red_43,CAC2,655,445
red_43,CAF130,656,446
red_43,CBF1,651,441
red_43,CCR4,651,440
red_43,CDC40,651,441
red_43,CDH1,656,445
red_43,CGI121,656,445
red_43,CHA4,656,445
red_43,CHD1,656,445
red_43,CHK1,656,445
red_43,CHL1,656,445
red_43,CHO2,645,437
red_43,CIN8,653,445
red_43,CKA2,656,445
red_43,CKB2,655,444
red_43,CLB2,655,444
red_43,CLN3,654,444
red_43,CMK2,642,433
red_43,CPR6,648,438
red_43,CST6,648,441
red_43,CTF18,654,444
red_43,CTF4,654,444
red_43,CTF8,655,444
red_43,CTI6,656,446
red_43,CTR9,648,437
red_43,CUP9,656,445
red_43,DAL81,656,445
red_43,DAT1,656,445
red_43,DCC1,654,446
red_43,DDR48,639,430
red_43,DEF1,643,434
red_43,DEG1,656,445
red_43,DEP1,654,443
red_43,DID4,655,444
red_43,DIG1,652,442
red_43,DLS1,656,446
red_43,DOA1,653,443
red_43,DOA4,654,444
red_43,DPB4,656,445
red_43,DUN1,651,441
red_43,EAF5,656,446
red_43,EAF6,656,446
red_43,EAF7,656,445
red_43,EBS1,656,445
red_43,EDE1,655,446
red_43,ELA1,654,444
red_43,ELC1,656,446
red_43,ELF1,654,443
red_43,ELM1,655,444
red_43,ELP2,655,444
red_43,ELP4,654,443
red_43,ELP6,652,443
red_43,ERF2,656,446
red_43,ERG2,653,443
red_43,ESC2,656,445
red_43,EST3,650,441
red_43,EUG1,651,442
red_43,FKS1,655,444
red_43,FZF1,655,444
red_43,GAL80,655,445
red_43,GAT2,652,441
red_43,GCR2,654,445
red_43,GIS1,654,443
red_43,GIS4,656,445
red_43,GPG1,633,423
red_43,GPH1,615,410
red_43,GPR1,655,444
red_43,GSY1,627,417
red_43,GSY2,629,425
red_43,GTR1,654,445
red_43,HAL9,656,445
red_43,HAP4,646,439
red_43,HAP5,655,445
red_43,HDA1,656,446
red_43,HFI1,646,435
red_43,HFM1,650,440
red_43,HHF1,654,444
red_43,HHT1,655,445
red_43,HMO1,654,444
red_43,HOG1,656,445
red_43,HOM2,654,444
red_43,HOS3,656,445
red_43,HOS4,655,446
red_43,HPC2,652,445
red_43,HSC82,651,441
red_43,HSE1,653,444
red_43,HTZ1,654,443
red_43,HUR1,654,443
red_43,HXK2,653,444
red_43,IES1,656,445
red_43,IES2,653,444
red_43,IES3,655,445
red_43,IES5,652,445
red_43,INO2,645,436
red_43,INO4,646,437
red_43,INP52,656,445
red_43,IPK1,653,443
red_43,IRA2,647,440
red_43,IRC25,654,447
red_43,IRC3,655,444
red_43,IRE1,655,445
red_43,IRS4,656,445
red_43,ISW2,653,442
red_43,ITC1,653,444
red_43,IXR1,656,445
red_43,JHD2,656,446
red_43,JNM1,656,445
red_43,KAP122,655,445
red_43,KAP123,654,444
red_43,KAR3,656,445
red_43,KIN3,655,444
red_43,KKQ8,656,445
red_43,KSP1,654,445
red_43,KTI12,656,447
red_43,LEU3,656,446
red_43,LOC1,655,445
red_43,LOS1,655,445
red_43,LRP1,654,445
red_43,LSM12,654,444
red_43,LSM6,655,444
red_43,MAK31,656,445
red_43,MBP1,656,446
red_43,MDS3,654,444
red_43,MED1,655,444
red_43,MED2,656,447
red_43,MET13,652,441
red_43,MGA2,649,441
red_43,MMS22,654,443
red_43,MOT3,656,445
red_43,MRC1,655,446
red_43,MRE11,655,444
red_43,MRN1,656,445
red_43,MRT4,652,444
red_43,MSG5,656,446
red_43,MSH1,655,446
red_43,MSH2,655,444
red_43,MSN2,654,445
red_43,MSN5,656,445
red_43,MUB1,656,447
red_43,MUM2,656,445
red_43,NAM7,646,445
red_43,NBP2,656,446
red_43,NCS2,656,445
red_43,NCS6,656,445
red_43,NFI1,656,445
red_43,NGG1,655,444
red_43,NHP10,655,445
red_43,NKP2,656,445
red_43,NMD2,648,440
red_43,NOP6,656,446
red_43,NPR2,655,444
red_43,NPT1,655,444
red_43,NRG1,652,441
red_43,NRP1,653,442
red_43,NUP120,655,445
red_43,NUP133,653,443
red_43,NUP188,656,445
red_43,NUP60,654,444
red_43,OCA1,656,445
red_43,OPI1,653,443
red_43,OPI3,632,442
red_43,PAT1,653,443
red_43,PBA1,656,446
red_43,PBP1,656,446
red_43,PBS2,656,445
red_43,PCL8,656,446
red_43,PEP3,655,444
red_43,PFK27,652,441
red_43,PHO23,651,444
red_43,PHO85,654,443
red_43,PIH1,655,445
red_43,PIN4,653,446
red_43,POL32,656,446
red_43,PPG1,656,445
red_43,PPH3,656,445
red_43,PPT1,653,442
red_43,PPZ1,656,445
red_43,PRE9,652,450
red_43,PTC1,653,444
red_43,PTK2,654,443
red_43,PTP3,653,442
red_43,PUF6,655,444
red_43,PUS1,655,444
red_43,PUS7,654,444
red_43,PUS9,655,446
red_43,RAD1,655,445
red_43,RAD18,655,445
red_43,RAD26,655,445
red_43,RAD27,655,444
red_43,RAD50,654,445
red_43,RAD52,652,443
red_43,RAD54,652,444
red_43,RAD57,656,445
red_43,RAD6,649,440
red_43,RAS2,654,445
red_43,RCE1,656,446
red_43,RCO1,656,445
red_43,RCY1,655,444
red_43,REV3,656,445
red_43,RGP1,650,440
red_43,RIC1,656,446
red_43,RIF1,656,445
red_43,RIM1,651,442
red_43,RIM101,654,443
red_43,RIM11,654,444
red_43,RIM15,656,445
red_43,RME1,650,439
red_43,RNR4,646,444
red_43,RNY1,642,434
red_43,ROX1,654,446
red_43,RPA14,656,445
red_43,RPB9,649,439
red_43,RPD3,651,444
red_43,RPL16A,654,444
red_43,RPN10,654,445
red_43,RPN13,653,447
red_43,RPN4,650,443
red_43,RPS0B,655,445
red_43,RPS21A,653,444
red_43,RRM3,656,446
red_43,RRP6,656,445
red_43,RRP8,652,446
red_43,RTF1,652,441
red_43,RTG2,656,445
red_43,RTS1,655,446
red_43,RTT107,654,443
red_43,RTT109,650,439
red_43,RXT2,654,444
red_43,RXT3,655,445
red_43,SAM3,651,443
red_43,SAM4,651,441
red_43,SAP30,652,441
red_43,SAS2,656,445
red_43,SAS4,656,446
red_43,SBP1,656,445
red_43,SCS2,656,445
red_43,SDS3,654,444
red_43,SEM1,651,442
red_43,SET2,655,444
red_43,SET4,654,444
red_43,SET5,656,446
red_43,SGF29,656,445
red_43,SGF73,655,444
red_43,SGS1,655,445
red_43,SHR5,656,445
red_43,SIS2,652,444
red_43,SIW14,655,445
red_43,SKN7,656,446
red_43,SLT2,642,434
red_43,SLX5,648,438
red_43,SLX8,652,441
red_43,SNF11,654,444
red_43,SNF5,652,442
red_43,SNF6,654,443
red_43,SNT1,656,446
red_43,SOK2,656,445
red_43,SPT21,653,442
red_43,SPT3,656,445
red_43,SRP40,651,442
red_43,SSM4,656,446
red_43,STB5,651,441
red_43,STM1,653,443
red_43,STP2,655,446
red_43,STP3,655,444
red_43,SWA2,653,444
red_43,SWC5,656,445
red_43,SWD1,656,445
red_43,SWD3,656,445
red_43,SWI3,650,439
red_43,SWI4,651,442
red_43,SWI6,650,442
red_43,SWM1,653,443
red_43,SWR1,654,443
red_43,SYC1,656,445
red_43,TEC1,646,435
red_43,THR4,656,445
red_43,TIF2,656,445
red_43,TIP41,656,445
red_43,TMA23,654,444
red_43,TOM1,656,445
red_43,TPK3,655,445
red_43,TPS2,633,445
red_43,TRM1,656,445
red_43,TRM10,656,446
red_43,TRX2,656,445
red_43,TSL1,609,411
red_43,UBA3,656,445
red_43,UBA4,655,444
red_43,UBC4,655,445
red_43,UBC8,656,445
red_43,UBP15,656,446
red_43,UBP6,656,445
red_43,UBR1,654,449
red_43,UBR2,655,444
red_43,UBX3,656,446
red_43,UFD4,656,446
red_43,URA7,654,444
red_43,URE2,655,446
red_43,URM1,656,445
red_43,URN1,653,445
red_43,VAM3,656,447
red_43,VAM6,656,445
red_43,VHR1,656,445
red_43,VID28,654,443
red_43,VPS16,654,443
red_43,VPS27,656,447
red_43,VPS3,655,444
red_43,VPS36,654,443
red_43,VPS4,655,444
red_43,VPS41,656,445
red_43,VPS72,656,445
red_43,VPS8,656,445
red_43,VPS9,656,445
red_43,YAF9,656,445
red_43,YAP1,653,445
red_43,YBR285W,656,445
red_43,YCK3,656,445
red_43,YDR306C,655,445
red_43,YHR033W,647,437
red_43,YIL014C-A,641,434
red_43,YJL206C,656,445
red_43,YKU80,656,445
red_43,YLR352W,656,445
red_43,YOR338W,649,441
red_43,YPL199C,653,445
red_43,YPT6,652,442
red_43,YTA7,649,439
red_43,YVH1,652,447
red_released_onesided_43,ADD66,656,403
red_released_onesided_43,AIM1,656,403
red_released_onesided_43,APN2,656,402
red_released_onesided_43,APQ12,653,399
red_released_onesided_43,ARG80,654,403
red_released_onesided_43,ARP6,655,401
red_released_onesided_43,ARX1,653,401
red_released_onesided_43,ASC1,650,397
red_released_onesided_43,ASE1,655,402
red_released_onesided_43,ASF1,653,399
red_released_onesided_43,ASH1,653,401
red_released_onesided_43,ASK10,650,400
red_released_onesided_43,ATG10,653,401
red_released_onesided_43,ATG32,655,402
red_released_onesided_43,AZF1,655,401
red_released_onesided_43,BAS1,656,403
red_released_onesided_43,BCY1,647,398
red_released_onesided_43,BMH1,650,400
red_released_onesided_43,BRE5,654,401
red_released_onesided_43,BRR1,656,404
red_released_onesided_43,BUD13,656,403
red_released_onesided_43,CAC2,655,402
red_released_onesided_43,CAF130,656,403
red_released_onesided_43,CBF1,651,398
red_released_onesided_43,CCR4,651,397
red_released_onesided_43,CDC40,651,398
red_released_onesided_43,CDH1,656,402
red_released_onesided_43,CGI121,656,402
red_released_onesided_43,CHA4,656,402
red_released_onesided_43,CHD1,656,402
red_released_onesided_43,CHK1,656,402
red_released_onesided_43,CHL1,656,402
red_released_onesided_43,CHO2,645,394
red_released_onesided_43,CIN8,653,402
red_released_onesided_43,CKA2,656,402
red_released_onesided_43,CKB2,655,401
red_released_onesided_43,CLB2,655,402
red_released_onesided_43,CLN3,654,401
red_released_onesided_43,CMK2,642,394
red_released_onesided_43,CPR6,648,396
red_released_onesided_43,CST6,648,396
red_released_onesided_43,CTF18,654,401
red_released_onesided_43,CTF4,654,401
red_released_onesided_43,CTF8,655,402
red_released_onesided_43,CTI6,656,403
red_released_onesided_43,CTR9,648,394
red_released_onesided_43,CUP9,656,402
red_released_onesided_43,DAL81,656,402
red_released_onesided_43,DAT1,656,402
red_released_onesided_43,DCC1,654,403
red_released_onesided_43,DDR48,639,389
red_released_onesided_43,DEF1,643,391
red_released_onesided_43,DEG1,656,402
red_released_onesided_43,DEP1,654,400
red_released_onesided_43,DID4,655,401
red_released_onesided_43,DIG1,652,398
red_released_onesided_43,DLS1,656,403
red_released_onesided_43,DOA1,653,401
red_released_onesided_43,DOA4,654,400
red_released_onesided_43,DPB4,656,402
red_released_onesided_43,DUN1,651,398
red_released_onesided_43,EAF5,656,403
red_released_onesided_43,EAF6,656,403
red_released_onesided_43,EAF7,656,402
red_released_onesided_43,EBS1,656,402
red_released_onesided_43,EDE1,655,402
red_released_onesided_43,ELA1,654,401
red_released_onesided_43,ELC1,656,403
red_released_onesided_43,ELF1,654,400
red_released_onesided_43,ELM1,655,401
red_released_onesided_43,ELP2,655,401
red_released_onesided_43,ELP4,654,400
red_released_onesided_43,ELP6,652,400
red_released_onesided_43,ERF2,656,403
red_released_onesided_43,ERG2,653,400
red_released_onesided_43,ESC2,656,402
red_released_onesided_43,EST3,650,399
red_released_onesided_43,EUG1,651,401
red_released_onesided_43,FKS1,655,401
red_released_onesided_43,FZF1,655,401
red_released_onesided_43,GAL80,655,402
red_released_onesided_43,GAT2,652,399
red_released_onesided_43,GCR2,654,402
red_released_onesided_43,GIS1,654,401
red_released_onesided_43,GIS4,656,402
red_released_onesided_43,GPG1,633,383
red_released_onesided_43,GPH1,615,370
red_released_onesided_43,GPR1,655,401
red_released_onesided_43,GSY1,627,376
red_released_onesided_43,GSY2,629,384
red_released_onesided_43,GTR1,654,402
red_released_onesided_43,HAL9,656,402
red_released_onesided_43,HAP4,646,397
red_released_onesided_43,HAP5,655,402
red_released_onesided_43,HDA1,656,403
red_released_onesided_43,HFI1,646,394
red_released_onesided_43,HFM1,650,398
red_released_onesided_43,HHF1,654,402
red_released_onesided_43,HHT1,655,403
red_released_onesided_43,HMO1,654,401
red_released_onesided_43,HOG1,656,402
red_released_onesided_43,HOM2,654,401
red_released_onesided_43,HOS3,656,402
red_released_onesided_43,HOS4,655,403
red_released_onesided_43,HPC2,652,402
red_released_onesided_43,HSC82,651,398
red_released_onesided_43,HSE1,653,402
red_released_onesided_43,HTZ1,654,402
red_released_onesided_43,HUR1,654,401
red_released_onesided_43,HXK2,653,401
red_released_onesided_43,IES1,656,402
red_released_onesided_43,IES2,653,401
red_released_onesided_43,IES3,655,402
red_released_onesided_43,IES5,652,401
red_released_onesided_43,INO2,645,396
red_released_onesided_43,INO4,646,398
red_released_onesided_43,INP52,656,402
red_released_onesided_43,IPK1,653,400
red_released_onesided_43,IRA2,647,396
red_released_onesided_43,IRC25,654,404
red_released_onesided_43,IRC3,655,401
red_released_onesided_43,IRE1,655,402
red_released_onesided_43,IRS4,656,402
red_released_onesided_43,ISW2,653,399
red_released_onesided_43,ITC1,653,401
red_released_onesided_43,IXR1,656,402
red_released_onesided_43,JHD2,656,403
red_released_onesided_43,JNM1,656,402
red_released_onesided_43,KAP122,655,402
red_released_onesided_43,KAP123,654,402
red_released_onesided_43,KAR3,656,402
red_released_onesided_43,KIN3,655,401
red_released_onesided_43,KKQ8,656,402
red_released_onesided_43,KSP1,654,402
red_released_onesided_43,KTI12,656,404
red_released_onesided_43,LEU3,656,403
red_released_onesided_43,LOC1,655,402
red_released_onesided_43,LOS1,655,402
red_released_onesided_43,LRP1,654,402
red_released_onesided_43,LSM12,654,400
red_released_onesided_43,LSM6,655,402
red_released_onesided_43,MAK31,656,402
red_released_onesided_43,MBP1,656,403
red_released_onesided_43,MDS3,654,400
red_released_onesided_43,MED1,655,401
red_released_onesided_43,MED2,656,404
red_released_onesided_43,MET13,652,400
red_released_onesided_43,MGA2,649,398
red_released_onesided_43,MMS22,654,401
red_released_onesided_43,MOT3,656,402
red_released_onesided_43,MRC1,655,403
red_released_onesided_43,MRE11,655,402
red_released_onesided_43,MRN1,656,402
red_released_onesided_43,MRT4,652,400
red_released_onesided_43,MSG5,656,403
red_released_onesided_43,MSH1,655,403
red_released_onesided_43,MSH2,655,401
red_released_onesided_43,MSN2,654,401
red_released_onesided_43,MSN5,656,402
red_released_onesided_43,MUB1,656,404
red_released_onesided_43,MUM2,656,402
red_released_onesided_43,NAM7,646,403
red_released_onesided_43,NBP2,656,403
red_released_onesided_43,NCS2,656,402
red_released_onesided_43,NCS6,656,402
red_released_onesided_43,NFI1,656,402
red_released_onesided_43,NGG1,655,401
red_released_onesided_43,NHP10,655,402
red_released_onesided_43,NKP2,656,402
red_released_onesided_43,NMD2,648,397
red_released_onesided_43,NOP6,656,402
red_released_onesided_43,NPR2,655,401
red_released_onesided_43,NPT1,655,401
red_released_onesided_43,NRG1,652,400
red_released_onesided_43,NRP1,653,399
red_released_onesided_43,NUP120,655,401
red_released_onesided_43,NUP133,653,400
red_released_onesided_43,NUP188,656,402
red_released_onesided_43,NUP60,654,401
red_released_onesided_43,OCA1,656,402
red_released_onesided_43,OPI1,653,400
red_released_onesided_43,OPI3,632,401
red_released_onesided_43,PAT1,653,401
red_released_onesided_43,PBA1,656,403
red_released_onesided_43,PBP1,656,403
red_released_onesided_43,PBS2,656,402
red_released_onesided_43,PCL8,656,403
red_released_onesided_43,PEP3,655,402
red_released_onesided_43,PFK27,652,398
red_released_onesided_43,PHO23,651,400
red_released_onesided_43,PHO85,654,400
red_released_onesided_43,PIH1,655,402
red_released_onesided_43,PIN4,653,403
red_released_onesided_43,POL32,656,403
red_released_onesided_43,PPG1,656,402
red_released_onesided_43,PPH3,656,402
red_released_onesided_43,PPT1,653,400
red_released_onesided_43,PPZ1,656,402
red_released_onesided_43,PRE9,652,407
red_released_onesided_43,PTC1,653,401
red_released_onesided_43,PTK2,654,401
red_released_onesided_43,PTP3,653,400
red_released_onesided_43,PUF6,655,402
red_released_onesided_43,PUS1,655,401
red_released_onesided_43,PUS7,654,401
red_released_onesided_43,PUS9,655,403
red_released_onesided_43,RAD1,655,402
red_released_onesided_43,RAD18,655,401
red_released_onesided_43,RAD26,655,402
red_released_onesided_43,RAD27,655,401
red_released_onesided_43,RAD50,654,401
red_released_onesided_43,RAD52,652,403
red_released_onesided_43,RAD54,652,401
red_released_onesided_43,RAD57,656,402
red_released_onesided_43,RAD6,649,397
red_released_onesided_43,RAS2,654,402
red_released_onesided_43,RCE1,656,403
red_released_onesided_43,RCO1,656,402
red_released_onesided_43,RCY1,655,401
red_released_onesided_43,REV3,656,402
red_released_onesided_43,RGP1,650,399
red_released_onesided_43,RIC1,656,403
red_released_onesided_43,RIF1,656,402
red_released_onesided_43,RIM1,651,399
red_released_onesided_43,RIM101,654,401
red_released_onesided_43,RIM11,654,400
red_released_onesided_43,RIM15,656,402
red_released_onesided_43,RME1,650,397
red_released_onesided_43,RNR4,646,402
red_released_onesided_43,RNY1,642,393
red_released_onesided_43,ROX1,654,402
red_released_onesided_43,RPA14,656,402
red_released_onesided_43,RPB9,649,395
red_released_onesided_43,RPD3,651,401
red_released_onesided_43,RPL16A,654,401
red_released_onesided_43,RPN10,654,402
red_released_onesided_43,RPN13,653,404
red_released_onesided_43,RPN4,650,400
red_released_onesided_43,RPS0B,655,402
red_released_onesided_43,RPS21A,653,401
red_released_onesided_43,RRM3,656,403
red_released_onesided_43,RRP6,656,402
red_released_onesided_43,RRP8,652,403
red_released_onesided_43,RTF1,652,402
red_released_onesided_43,RTG2,656,403
red_released_onesided_43,RTS1,655,403
red_released_onesided_43,RTT107,654,400
red_released_onesided_43,RTT109,650,397
red_released_onesided_43,RXT2,654,401
red_released_onesided_43,RXT3,655,402
red_released_onesided_43,SAM3,651,402
red_released_onesided_43,SAM4,651,398
red_released_onesided_43,SAP30,652,398
red_released_onesided_43,SAS2,656,402
red_released_onesided_43,SAS4,656,403
red_released_onesided_43,SBP1,656,402
red_released_onesided_43,SCS2,656,402
red_released_onesided_43,SDS3,654,402
red_released_onesided_43,SEM1,651,399
red_released_onesided_43,SET2,655,402
red_released_onesided_43,SET4,654,400
red_released_onesided_43,SET5,656,403
red_released_onesided_43,SGF29,656,402
red_released_onesided_43,SGF73,655,401
red_released_onesided_43,SGS1,655,402
red_released_onesided_43,SHR5,656,402
red_released_onesided_43,SIS2,652,401
red_released_onesided_43,SIW14,655,402
red_released_onesided_43,SKN7,656,403
red_released_onesided_43,SLT2,642,393
red_released_onesided_43,SLX5,648,397
red_released_onesided_43,SLX8,652,400
red_released_onesided_43,SNF11,654,401
red_released_onesided_43,SNF5,652,399
red_released_onesided_43,SNF6,654,401
red_released_onesided_43,SNT1,656,403
red_released_onesided_43,SOK2,656,402
red_released_onesided_43,SPT21,653,402
red_released_onesided_43,SPT3,656,402
red_released_onesided_43,SRP40,651,398
red_released_onesided_43,SSM4,656,403
red_released_onesided_43,STB5,651,400
red_released_onesided_43,STM1,653,401
red_released_onesided_43,STP2,655,403
red_released_onesided_43,STP3,655,401
red_released_onesided_43,SWA2,653,402
red_released_onesided_43,SWC5,656,402
red_released_onesided_43,SWD1,656,402
red_released_onesided_43,SWD3,656,402
red_released_onesided_43,SWI3,650,396
red_released_onesided_43,SWI4,651,400
red_released_onesided_43,SWI6,650,401
red_released_onesided_43,SWM1,653,400
red_released_onesided_43,SWR1,654,400
red_released_onesided_43,SYC1,656,402
red_released_onesided_43,TEC1,646,392
red_released_onesided_43,THR4,656,403
red_released_onesided_43,TIF2,656,402
red_released_onesided_43,TIP41,656,402
red_released_onesided_43,TMA23,654,401
red_released_onesided_43,TOM1,656,402
red_released_onesided_43,TPK3,655,402
red_released_onesided_43,TPS2,633,389
red_released_onesided_43,TRM1,656,402
red_released_onesided_43,TRM10,656,403
red_released_onesided_43,TRX2,656,402
red_released_onesided_43,TSL1,609,370
red_released_onesided_43,UBA3,656,402
red_released_onesided_43,UBA4,655,401
red_released_onesided_43,UBC4,655,402
red_released_onesided_43,UBC8,656,402
red_released_onesided_43,UBP15,656,403
red_released_onesided_43,UBP6,656,402
red_released_onesided_43,UBR1,654,406
red_released_onesided_43,UBR2,655,401
red_released_onesided_43,UBX3,656,403
red_released_onesided_43,UFD4,656,403
red_released_onesided_43,URA7,654,401
red_released_onesided_43,URE2,655,403
red_released_onesided_43,URM1,656,402
red_released_onesided_43,URN1,653,402
red_released_onesided_43,VAM3,656,404
red_released_onesided_43,VAM6,656,402
red_released_onesided_43,VHR1,656,402
red_released_onesided_43,VID28,654,402
red_released_onesided_43,VPS16,654,400
red_released_onesided_43,VPS27,656,404
red_released_onesided_43,VPS3,655,401
red_released_onesided_43,VPS36,654,400
red_released_onesided_43,VPS4,655,403
red_released_onesided_43,VPS41,656,403
red_released_onesided_43,VPS72,656,402
red_released_onesided_43,VPS8,656,403
red_released_onesided_43,VPS9,656,403
red_released_onesided_43,YAF9,656,402
red_released_onesided_43,YAP1,653,402
red_released_onesided_43,YBR285W,656,402
red_released_onesided_43,YCK3,656,402
red_released_onesided_43,YDR306C,655,402
red_released_onesided_43,YHR033W,647,394
red_released_onesided_43,YIL014C-A,641,391
red_released_onesided_43,YJL206C,656,402
red_released_onesided_43,YKU80,656,402
red_released_onesided_43,YLR352W,656,402
red_released_onesided_43,YOR338W,649,398
red_released_onesided_43,YPL199C,653,402
red_released_onesided_43,YPT6,652,403
red_released_onesided_43,YTA7,649,398
red_released_onesided_43,YVH1,652,404
