a,b,fold,target,red_single_observed,PD_frozen,P_frozen,svm_17,xgboost_17,xgboost_29,xgboost_43,catboost_17,catboost_29,catboost_43,red_17,red_released_onesided_17,red_29,red_released_onesided_29,red_43,red_released_onesided_43
APQ12,CPR6,0,1,True,0.4537835315675734,2.0853515382388066,1.6832898909814222,4.469486713409424,4.469486713409424,4.469486713409424,5.1109541785537225,4.976161031995783,4.885592370849052,-0.013652825887865816,-0.04874715792606982,-0.00794603235636776,-0.04262231481029988,-0.015236523757058806,-0.0521522429315876
APQ12,GPH1,0,1,True,0.7348011957147824,4.814681115215506,1.6453457935202445,4.007626056671143,4.007626056671143,4.007626056671143,3.9918842049975263,3.979151322947498,3.728905946057357,-0.028848386267328274,-0.0439263431830611,-0.008361045373311504,-0.04052928737413397,-0.01555729111325832,-0.05000687046227331
APQ12,HAP4,0,1,True,0.4663416902088049,3.2637649046773665,1.6499462652786083,4.173576354980469,4.173576354980469,4.173576354980469,4.682958473949798,4.496640704318542,4.568617362795747,-0.018506840391882218,-0.03344444838282584,-0.007956124102335427,-0.01736994484335197,-0.10549709269285007,-0.08319179961903872
APQ12,RPN4,0,1,True,0.236793921974827,1.5089725191074768,1.0167448410787456,2.5367026329040527,2.5367026329040527,2.5367026329040527,3.0764044556996444,3.2495761628277027,2.9954486593752274,-0.00897893618832174,-0.013321238374361943,-0.03161887683000608,-0.029791829776489198,-0.012924461144971089,-0.015784885429736606
ARG80,GPH1,0,1,True,0.5120204428232837,5.093439051559881,1.6441724595644178,3.1701345443725586,3.1701345443725586,3.1701345443725586,3.225789612176009,3.4104606412293745,3.1531220929712847,0.007490332324735061,0.0037200612875101235,0.007571220266589851,0.0037598187207871225,0.006445155769761124,0.0032040273809592623
ARG80,RTF1,0,0,True,-0.3899625567819606,-1.2536909352979224,-1.89604636445311,-3.5300440788269043,-3.5300440788269043,-3.5300440788269043,-4.31044927858156,-4.1809082152701045,-4.033414192116979,0.04961101408964719,-0.0027063446089921617,0.053260909838909076,0.004020270536267745,0.023779245122820536,-0.04170658196253069
ARG80,YVH1,0,0,True,0.1062917421198156,1.278749814806028,0.17421523984116072,2.0518064498901367,2.0518064498901367,2.0518064498901367,1.4746317156020472,1.421111402431437,1.5187079975629403,0.004156388297088143,0.0020703584189510904,0.004653368387782353,0.0023168237521223878,0.0031954755578671445,0.0015931169935732292
ARX1,GPH1,0,1,True,0.5279250935986401,3.52259967869856,1.0090299597362078,4.156210899353027,4.156210899353027,4.156210899353027,3.971415748173225,4.128550876138927,4.009024082915448,-0.024793352493642173,-0.028565554289111894,-0.022877276209506858,-0.0282251635488035,-0.024969558287907534,-0.02893257083238654
ARX1,INO4,0,0,True,-0.2733215112721147,-1.8169605571948628,-0.9814239075577275,-3.099583387374878,-3.099583387374878,-3.099583387374878,-3.6351941390593203,-3.3170193772369068,-3.350643756696975,0.01631286630969736,-0.0069708191927814744,0.00506440920582113,0.002521683857970025,0.016609056979999426,-0.005499661667339006
ARX1,RPN13,0,0,True,-0.1197611391043019,-2.620696444795085,-0.43241469616978645,-1.84153413772583,-1.84153413772583,-1.84153413772583,-2.1891375510594804,-1.9906012857423805,-2.2529106011964553,-0.02522157407450054,-0.03098930046681936,-0.024079288945829114,-0.030257692771157196,-0.02555192613048518,-0.03128485809863257
ARX1,SWI3,0,0,True,-0.6832355340903984,-4.046201464728286,-1.4264858601578023,-4.5295209884643555,-4.5295209884643555,-4.5295209884643555,-4.689406220217548,-4.77773461015278,-4.570330872971809,0.03602229570567306,0.018010589895198215,0.01335104364807449,-0.05737389986864,0.07701407809872629,0.03636150136830951
ASH1,GPH1,0,1,True,0.4126688261922152,4.008255256859499,0.8061048369985325,2.625655174255371,2.625655174255371,2.625655174255371,2.8726482461640006,2.8204826802044156,2.9549776604990186,0.009073862803737509,0.004500195045365918,0.00827231372457321,0.004105559156440175,0.008230855353627109,0.004085237099788364
ASH1,SNF5,0,0,True,-0.6357545819474205,-2.0291564479579804,-1.356058763738592,-4.610809326171875,-4.610809326171875,-4.610809326171875,-5.035013848055224,-4.623274712616647,-4.964230987319658,0.11569380296277615,0.04874428465908687,0.10557441890814107,0.04969347458761075,0.07108923756691393,0.046598374227332595
ASH1,SWI3,0,0,True,-0.8202117339534925,-3.849244135859704,-1.6294508834480737,-4.808388710021973,-4.808388710021973,-4.808388710021973,-5.5453838513914295,-5.468438182549765,-5.493055644483257,0.12762238777561058,0.059619814690251904,0.07393170347309663,0.04100315588173664,0.06397994592062156,0.045684039493153916
ASH1,SWI6,0,0,True,-0.689981284898997,-2.852872392215801,-0.9946572217390008,-4.833202362060547,-4.833202362060547,-4.833202362060547,-5.745936825839614,-5.365292031064188,-5.631812061720946,0.10120460663724323,-0.019345837990726367,0.10564879825634793,0.05011175059177697,0.014720427881478149,-0.06474653558522642
ASK10,CPR6,0,1,True,0.2873635829620051,0.7887532777622743,1.2330880303888332,3.1652612686157227,3.1652612686157227,3.1652612686157227,4.276966324784901,4.121334994347628,4.3218286203074605,-0.025211381362321705,-0.04824206818223614,-0.00962527201460206,-0.03589702531415501,-0.015511306692814641,-0.043516566502794285
ASK10,DCC1,0,0,True,-0.2455547305738785,-3.438061526857888,-0.8002014215575723,-2.8266472816467285,-2.8266472816467285,-2.8266472816467285,-3.444492238009446,-3.1367527619799924,-3.134565242728268,-0.02080262802672872,-0.031331854197933995,-0.026303962722726337,-0.00858862649331854,-0.02928328180916795,-0.014981438922494927
ASK10,MRE11,0,0,True,-0.4610927798445795,-4.40326585023592,-1.51317135083977,-4.026783466339111,-4.026783466339111,-4.026783466339111,-3.990946874007739,-3.7317591478669474,-3.8343774604545855,-0.0022282346623619387,-0.0011164645036575993,0.012514249862913385,0.008049989741624297,0.03100391484642817,0.015082206924584396
ASK10,NAM7,0,0,True,-0.2318365248252571,-3.918351022480565,-0.8045450028954843,-2.0800867080688477,-2.0800867080688477,-2.0800867080688477,-2.176659391802798,-1.9828627548230333,-2.359236532658973,-0.02128341779148507,-0.04253312476030646,-0.03706675436896545,-0.017120558858414237,-0.027530696790436127,-0.03267184631063197
ASK10,NBP2,0,0,True,-0.3182792963298597,-3.344708655099221,-0.9532648103383692,-3.857945442199707,-3.857945442199707,-3.857945442199707,-3.8451330536141364,-3.7923699857938447,-3.8252525628886707,-0.10699243747472648,-0.060919638676766696,-0.005733196718997635,-0.004347931397207794,-0.10612673539963902,-0.06082671592572597
ASK10,OPI3,0,0,True,0.1065071002295923,2.129351145866918,0.18982420431101632,3.115460157394409,3.115460157394409,3.115460157394409,2.4872896584416724,2.268040713156787,2.2740863317397717,0.00044192124336867034,0.0002208960396541393,0.00633518176336445,0.01795555813556482,0.03846122552690667,0.018797229078717392
ASK10,SWI3,0,0,True,-0.6391634286997555,-4.127483372224551,-1.3293251753905837,-4.108839511871338,-4.108839511871338,-4.108839511871338,-4.873966871466628,-4.620984789245362,-4.779911031153098,0.059678546495812335,0.02872098126088829,0.03526816737986771,0.017212310387257013,0.038434511432485385,0.018721052201667754
AZF1,GPH1,0,1,True,0.6435632430245961,5.442501732413606,1.7010871515367576,4.041208267211914,4.041208267211914,4.041208267211914,3.9555977350533347,4.0956692728897295,4.09867540758418,-0.01488926430234866,-0.00754467783176499,-0.01505265341408063,-0.007629028067876964,-0.015442338052941262,-0.00782877034460494
AZF1,YOR338W,0,1,True,0.4020915086246555,3.2926807201937347,1.3937581810151074,3.8623437881469727,3.8623437881469727,3.8623437881469727,4.766283299381,4.814392467439319,4.660363228502988,-0.009196843639839969,-0.004636640763079902,-0.009544166399102605,-0.004813451310267558,-0.008859787785766904,-0.004465236658193206
BRR1,NAM7,0,0,True,0.1631136115000286,-0.5878557322284332,0.7874883330693316,2.0841240882873535,2.0841240882873535,2.0841240882873535,2.362958709414407,2.2128925489873943,2.3897275032505467,-0.024268121241940388,-0.024761557255150668,-0.02461722857461529,-0.02393404401302074,-0.02490943465601264,-0.024154410282886507
BUD13,OPI3,0,1,True,0.3868425992266639,5.593888165272491,0.887432725879692,1.8689234256744385,1.8689234256744385,1.8689234256744385,2.248147523728312,2.1830114608314357,2.1716737170439826,0.012160580718782454,-0.02525303402810186,0.09083622337204422,0.0022386627419602734,-0.0022322658344753332,0.005871727782700287
CHL1,GPH1,0,1,True,0.911218081437004,7.942710929243812,1.2729353121984315,3.8231143951416016,3.8231143951416016,3.8231143951416016,3.996336298687179,4.0535087344967105,4.1297344334822785,-0.01763308184212109,-0.00895562951532547,-0.017471959214401867,-0.00887330569274064,-0.01765711299522471,-0.008968286318577767
CPR6,DOA4,0,0,True,-0.5912210782259718,-2.364174366087608,-1.6405867100780784,-4.491666793823242,-4.491666793823242,-4.491666793823242,-5.232063300059651,-5.191729207279653,-4.91592885188456,-0.0018953119729878676,0.04725667935077549,0.01925858931442037,0.03585568844691567,0.12168264903823683,0.05700937642693993
CPR6,EST3,0,0,True,-0.1674060478094279,-1.2725400460610907,-0.6486642081479779,-3.0172600746154785,-3.0172600746154785,-3.0172600746154785,-2.926854067805218,-2.637348944601138,-2.727374851170379,0.008204996647187546,0.004072273686069328,0.008406834165563537,0.0041714727244432925,0.010059032766851439,0.004984164104582245
CPR6,INO4,0,0,True,-0.4947063201170905,-2.5078387479676447,-1.5483639119132275,-4.7097601890563965,-4.7097601890563965,-4.7097601890563965,-5.134164802863577,-5.048904820741015,-5.081399014410591,0.024155445705347667,-0.031927575408630726,0.020416666251239834,-0.034577961781699196,0.02229641011088701,-0.03348508352855173
CPR6,IRE1,0,0,True,-0.4994677382515957,-4.437486927774116,-1.7760172412502928,-4.541011810302734,-4.541011810302734,-4.541011810302734,-4.68322436785734,-4.443196358713163,-4.523742611527881,0.01076398492479147,0.005329747552085484,0.011050385054716616,0.005469777859219538,0.012304522217810199,0.006084025332800391
CPR6,NUP133,0,0,True,-0.5354994428579265,-3.797771746315479,-1.4174809384586167,-4.534426212310791,-4.534426212310791,-4.534426212310791,-4.881179532700944,-5.104789118404799,-4.999546951722028,0.02704569392058992,0.008769725959648866,0.026922029552749194,0.007725415779235467,0.027527634297586756,0.008279405355453018
CPR6,OPI3,0,0,True,-0.1484809545631993,1.5805039624059969,-0.7079429640255487,-0.46840450167655945,-0.46840450167655945,-0.46840450167655945,-0.30831036372214393,-0.8172498684562706,-0.7074138025944064,0.104761855804128,0.04969418079911314,0.04929744582609896,0.03376138975817344,0.030601609308224864,0.0221691338696971
CPR6,RPN4,0,0,True,-0.2389469740860647,-0.5646594096261814,-0.8568051430699676,-2.829585552215576,-2.829585552215576,-2.829585552215576,-3.738379240880068,-3.8986987855892306,-3.8328935115843823,-0.06654041047071618,-0.03453746100277505,0.035039884536822,0.0065759776518522495,-0.05584399982369598,-0.028795628689695707
CTF8,GPH1,0,1,True,0.7409872164458853,5.9369873247898,2.041201324579526,4.066021919250488,4.066021919250488,4.066021919250488,4.783918713075071,4.579812500319131,4.718234107845964,-0.027255587569927908,-0.01799130093441853,-0.027592633423185076,-0.018849780673459215,-0.02809934503930811,-0.018700988401850083
CTF8,RTF1,0,0,True,-0.1589412195061465,-0.159629645973275,-1.3420606723504769,-2.460634708404541,-2.460634708404541,-2.460634708404541,-2.7109369866709887,-2.6223469309063727,-2.9839807678482755,0.02400237167620206,-0.014085176475056416,0.024303745124836074,0.01192516308957825,0.020484689397870126,-0.020505373681966754
CUP9,OPI3,0,0,True,-0.028703318831004,2.032011011268745,-0.318685851964578,1.4458882808685303,1.4458882808685303,1.4458882808685303,1.0942449229953204,0.8253542817128523,0.9018048406336074,0.007965669536644682,0.014258614479399578,0.10195749109826291,0.0019251714881365345,0.017381871586345687,0.015643221736835633
DAL81,GPH1,0,1,True,0.9439513815345412,6.941463958329154,2.240230278218667,4.225718975067139,4.225718975067139,4.225718975067139,4.555119929654344,4.534855870610483,4.46896288466905,-0.022113885771921304,-0.04728224611755916,-0.02349071149798848,-0.04881960845162925,-0.022412408178286825,-0.04775280164446677
DCC1,GPH1,0,1,True,0.8518597092273857,7.062885774843929,2.1881388724396924,4.111180305480957,4.111180305480957,4.111180305480957,4.1260749742557845,4.411799507104819,4.353732813101637,-0.02450299980454501,-0.012521176975393844,-0.02434505205468107,-0.012440200173297056,-0.025830937555380795,-0.013214275025239086
DCC1,NAM7,0,0,True,0.0364324993587057,-0.5468310669631568,0.32472469277427285,1.3933454751968384,1.3933454751968384,1.3933454751968384,1.5839051113395326,1.1723939909979118,1.3467200397698438,-0.020241357447445985,-0.010305751229827298,-0.0184749946920878,-0.009391573263192066,-0.020432702583233542,-0.010403551092700691
DEG1,GPH1,0,1,True,0.7291593100469804,5.493078654777628,1.80602903099216,3.9381184577941895,3.9381184577941895,3.9381184577941895,4.572734442928063,4.438440326632804,4.427263117877931,-0.023580218624831117,-0.026224505299567047,-0.0229565649908694,-0.026584557150075183,-0.024690564996698416,-0.027095664524149576
DLS1,NAM7,0,0,True,-0.1586982951302757,-1.841072221351208,-0.381145501409456,-1.7939525842666626,-1.7939525842666626,-1.7939525842666626,-1.1319811001002549,-1.4496977592922693,-1.533750133423473,-0.006709317271444859,-0.0033749490425707407,-0.004366998005958578,-0.0021921073451946493,-0.005754385922042526,-0.0028920700701939306
DOA4,HAP4,0,1,True,0.6386997858549368,3.802764614479519,1.6130013044040656,4.372222900390625,4.372222900390625,4.372222900390625,4.770679315030307,4.553116053415801,4.858315406193054,-0.07306246197524946,-0.09913741608314663,-0.045966471027496125,-0.02147976528484624,-0.035199358928429514,-0.018016895073658112
DOA4,PHO23,0,0,True,-0.0262271320093599,-2.473962234684104,0.17316558268345084,-1.5257141590118408,-1.5257141590118408,-1.5257141590118408,-1.5723223287177517,-1.537743873590702,-1.3817186545660483,-0.08293397685780246,-0.043310858534177155,-0.00017355482782166476,0.02194542544867517,-0.013553101232969156,0.0016707411531764471
EST3,GPH1,0,1,True,0.4963605224648771,4.31142313763865,1.3500243059230785,2.989347457885742,2.989347457885742,2.989347457885742,3.9634491391982376,4.254927780762436,4.157429402726239,-0.00466516756173746,-0.002342352793535396,-0.004554168562464822,-0.0022864452455626516,-0.0060724951841582,-0.0030527443851028346
EST3,HAP4,0,1,True,0.1739769886112277,2.740309584315235,0.7220743839451653,2.2138924598693848,2.2138924598693848,2.2138924598693848,2.381738820916876,2.553591072713239,2.5645421085467337,0.02571487163755276,0.009281042202074485,0.02250232848716932,0.006985140092556352,0.026443144166025723,0.01076558537376704
EST3,NAM7,0,0,True,-0.3574509792970985,-3.366609230234034,-1.2143020298068812,-3.5024828910827637,-3.5024828910827637,-3.5024828910827637,-3.516525014506797,-3.7249584042451085,-3.640853965015242,-0.00045042340836704,-0.0002253032750693662,0.0013057397478158372,0.0006521009629714136,-0.0006768370856429229,-0.0003386237081084431
EST3,PHO23,0,0,True,-0.4570061713109787,-3.3736711189760142,-1.4527033034449461,-4.311512470245361,-4.311512470245361,-4.311512470245361,-4.526469970969205,-4.506400426047988,-4.5914683068602535,0.026597820610297307,0.011506083211571871,0.02680056213556975,0.01082885335020034,0.027179646157840354,0.01291717960685157
EST3,PTP3,0,1,True,0.0456174066483682,0.0759172386426712,0.43618947252510165,2.2449240684509277,2.2449240684509277,2.2449240684509277,2.069376819956839,1.8844717041379955,2.0360862162476723,-0.014781439277420094,-0.0074885660006432375,-0.01488900888398026,-0.007544422083823887,-0.0162902834333708,-0.008263623117160002
EST3,RTF1,0,0,True,-0.4405276663996121,-1.9435793197539084,-1.7519398812385765,-4.086452484130859,-4.086452484130859,-4.086452484130859,-4.751179316144324,-4.68352731276287,-4.622775263218832,0.04424996706275358,-0.002613412164868323,0.04170885366766708,0.020241364074407575,0.022870650364722522,-0.03527575841193925
GIS4,STP3,0,1,True,0.4645226860126392,3.372603860880341,1.2840854053335142,4.259137153625488,4.259137153625488,4.259137153625488,3.687946568784565,3.9663152145331764,3.941094725397334,-0.025879766086222777,-0.015033471074237581,-0.023838867274916853,-0.01449509622376527,-0.02586465287868167,-0.01507983147409353
GPH1,GTR1,0,0,True,-0.6739168735491818,-4.9068853453304655,-1.3429386572942028,-4.041208267211914,-4.041208267211914,-4.041208267211914,-3.7114469958726115,-3.8849585359515677,-3.9092106925377026,0.026571614372722263,0.00046332398991888457,0.02452741988708157,-0.0011763927827000975,0.026723474223675603,0.0002610049434358386
GPH1,HOS4,0,0,True,-0.7573938805686641,-6.625140016253357,-2.246550357267779,-4.041208267211914,-4.041208267211914,-4.041208267211914,-4.306182776774554,-4.324524757488752,-4.2570641150898165,0.0122820101926851,0.006073063775369647,0.013605020021080994,0.0067191384105287355,0.012852108879062574,0.006351674198969648
GPH1,INO4,0,0,True,-0.7988435506596636,-5.372247110997734,-1.266674514889483,-4.119765758514404,-4.119765758514404,-4.119765758514404,-3.90874907297054,-4.01899045258942,-4.149831409459051,0.026130932051010358,-0.0270078406090154,0.021536817257701235,-0.030922829153488263,0.02272904364135392,-0.030812124226964
GPH1,INP52,0,0,True,-0.7953723591223075,-6.548176273167806,-2.0812013539887153,-4.122500419616699,-4.122500419616699,-4.122500419616699,-4.500935063981688,-4.474439841021724,-4.337872726766209,0.007047941174177064,0.0035014430111196537,0.007472742498993268,0.0037109588260806348,0.00811554550353466,0.004027965452692128
GPH1,IPK1,0,0,True,-0.7049471523807129,-5.429732961728955,-1.9042319929225455,-4.156210899353027,-4.156210899353027,-4.156210899353027,-4.549593172190572,-4.500542049956377,-4.508425078144846,0.02653723178234202,0.004275628252723873,0.025770313391959843,0.0032302646915005617,0.026866857167448466,0.0041624767573223975
GPH1,IRS4,0,0,True,-0.9232094501598974,-8.13931232946048,-2.87263407726389,-4.156210899353027,-4.156210899353027,-4.156210899353027,-4.372180481416025,-4.441001971166028,-4.191483186154685,0.014290168730300756,0.007053394038369132,0.013648878515411744,0.006740173844785757,0.01421756091186932,0.007017819902459532
GPH1,JNM1,0,0,True,-0.853762192901131,-7.059369307195704,-2.1796751299126456,-4.156210899353027,-4.156210899353027,-4.156210899353027,-4.624009709237546,-4.606067411870133,-4.656886955376772,0.027492007512284145,0.013406840535636566,0.026020516912070246,0.012703935368056585,0.027475221193643096,0.013398202761355282
GPH1,LEU3,0,0,True,-0.711134923186461,-6.71328357621576,-2.215525571458871,-3.624117851257324,-3.624117851257324,-3.624117851257324,-3.420981991003283,-3.6323403214561405,-3.5136946263609827,-0.0005498612240658618,-0.00027506593342907504,-0.0009430557216392188,-0.00047192855165667513,-0.0005761034417089417,-0.00028820057593376136
GPH1,MOT3,0,0,True,-0.7129062721869227,-5.7515276217612215,-1.609444536420586,-4.1719746589660645,-4.1719746589660645,-4.1719746589660645,-4.298297330125299,-4.19759332177137,-4.241598048114737,0.020114087131534286,0.00987582251322594,0.019770982060056563,0.009709324383440077,0.02066838061737053,0.010142870480083443
GPH1,MRE11,0,0,True,-1.0629030073683898,-8.040924320856924,-2.0864482026241515,-4.107487678527832,-4.107487678527832,-4.107487678527832,-4.061377542728551,-4.097120525090787,-3.8106587166466563,0.024976056485150278,-0.01907690332862605,0.020020641577333964,-0.021968597690496194,0.025045056239020536,-0.01932526850287203
GPH1,MSH1,0,0,True,-0.5347510673066129,-5.013171668468045,-1.3901892139286112,-3.797180414199829,-3.797180414199829,-3.797180414199829,-3.0368285902677847,-3.310623394527952,-3.147959822051126,-0.004543316523074825,-0.0022809606089285728,-0.0035541912665784103,-0.001782796275014431,-0.004650806363796556,-0.0023351743684603132
GPH1,NCS6,0,0,True,-0.8279630786171808,-6.416962498954877,-1.8377885434826864,-4.066149711608887,-4.066149711608887,-4.066149711608887,-4.578009929535513,-4.628146205297883,-4.624976100496166,0.02644190740392982,0.002909665183834731,0.025110241200235472,0.001601732530884692,0.02626809345001868,0.0025621495780908665
GPH1,NPR2,0,0,False,-0.6805792343163859,-5.894575761086887,-1.5400517196286063,-3.111356258392334,-3.111356258392334,-3.111356258392334,-3.5468621200286625,-3.611953761835875,-3.620786472581732,0.0013136349170618233,0.0006560388223181279,0.0015839607397766242,0.0007908436733772284,0.0024298052714354923,0.0012122446972838707
GPH1,NUP133,0,0,True,-0.8288661295039962,-6.512011553595582,-1.7555962554782059,-4.066149711608887,-4.066149711608887,-4.066149711608887,-4.224710339128153,-4.272404592276805,-4.2777840950734,0.026944344579179325,0.01053467975036948,0.0271097798269595,0.009935874450677451,0.027852322260747908,0.010702299772817003
GPH1,OPI3,0,0,True,-0.4549289530465503,-1.384277241380358,-1.0712708987799824,-3.6748857498168945,-3.6748857498168945,-3.6748857498168945,-3.935369989309989,-3.786062444544113,-3.8990210044548537,0.03453004186161557,0.01691100424420422,0.09056214047252015,-0.027984326237623536,0.026664007150854152,0.015992781415301915
GPH1,PIH1,0,0,True,-0.8727287887538752,-7.01266346123585,-1.674506009554583,-4.050257682800293,-4.050257682800293,-4.050257682800293,-4.129474351038654,-3.973858749325773,-4.10340877581786,0.02639225778834081,0.012797648799235839,0.025352639948419575,0.01163147300273959,0.025813675457060148,0.012264026009441431
GPH1,RAD27,0,0,True,-0.7221255149741486,-5.278844125770361,-1.3680847290530718,-4.156210899353027,-4.156210899353027,-4.156210899353027,-4.332914138106771,-4.30947755080589,-4.156907453864345,0.02804325360769111,0.0021977334349376765,0.025355266474609728,0.0006940802803702129,0.026059165886473834,0.0010158212317926685
GPH1,RCY1,0,0,True,-1.2798796930224756,-8.070153932955282,-2.0088149019965096,-4.342157363891602,-4.342157363891602,-4.342157363891602,-5.335056924364577,-5.355875368218456,-5.296817385618494,0.06721102574683552,0.050610320626261696,0.07700725148858212,0.046012738333834347,0.08395931242195737,0.04279748427223884
GPH1,RPA14,0,0,True,-0.7406755815450929,-5.8448066838986446,-1.782605180127559,-4.156210899353027,-4.156210899353027,-4.156210899353027,-4.500034171952174,-4.559228210852096,-4.611484250089061,0.027979904465710803,0.008859807182637347,0.027256443095019622,0.007838309212966021,0.02763889453592233,0.00843651885420027
GPH1,RPN13,0,0,True,-0.6441479842005708,-6.25776982108488,-1.9502748275696702,-3.4510550498962402,-3.4510550498962402,-3.4510550498962402,-3.8175698546581325,-3.626315694600171,-3.660029197912041,-0.004436410376008726,-0.0022269983014281403,-0.003654584617303669,-0.0018332722958206982,-0.004281983292516722,-0.0021491947579677095
GPH1,RTG2,0,0,True,-1.0019067366516257,-7.229338378423358,-1.8872432038615703,-4.119765758514404,-4.119765758514404,-4.119765758514404,-4.314110543836305,-4.340542001831809,-4.203941597475012,0.023835423229882247,-0.031035789431219596,0.016313694739714613,-0.034980691134278874,0.023172587388605614,-0.0316078539878733
GPH1,SAM4,0,0,True,-0.4404866755803321,-4.092837595794778,-1.3808542185222008,-3.1448488235473633,-3.1448488235473633,-3.1448488235473633,-3.1386567569159918,-3.265063620777701,-3.3282297937299266,0.002351652958345829,0.001173350810777185,0.0021573643565501732,0.0010765864939957792,0.002501360320187662,0.0012478753246042418
GPH1,SET2,0,0,True,-0.6789603840753184,-5.48229060520559,-1.7869177682343649,-4.041208267211914,-4.041208267211914,-4.041208267211914,-4.466973296446458,-4.22322286977683,-4.329482174720837,0.02569645256930292,0.012551238882184679,0.02493190205031448,0.012184211279644308,0.025029469703447327,0.01223173868169114
GPH1,SGS1,0,0,True,-0.7268715685957551,-5.745337570066023,-1.7597318158061315,-4.056972503662109,-4.056972503662109,-4.056972503662109,-4.527902060541461,-4.384461396442941,-4.5947179384888095,0.02598124975740118,0.007601709642115817,0.02473422032400069,0.006334895627894799,0.027056031950988546,0.007843169455592491
GPH1,SNF5,0,0,True,-1.0270214351527147,-5.827629882123692,-1.783923405131986,-4.342157363891602,-4.342157363891602,-4.342157363891602,-5.156280717566578,-5.2873484249354465,-5.261741475127565,0.07524278183605837,0.040691142289347226,0.12312200846776866,0.057558297481179244,0.07365172286180643,0.039682339994032145
GPH1,STP2,0,0,True,-0.5808922364403011,-5.696910398362714,-1.849856042043997,-3.684913158416748,-3.684913158416748,-3.684913158416748,-3.656944537987354,-3.6414621866904513,-3.644473221910923,-0.006301435691453416,-0.0031685127956820325,-0.0059283883389597,-0.002980003660505881,-0.0063858214675325264,-0.0032112279232758834
GPH1,SWI3,0,0,True,-1.200998360838481,-7.672882874758781,-1.8123137261638496,-4.007626056671143,-4.007626056671143,-4.007626056671143,-4.831347234021857,-4.785936648581053,-4.7043462872136885,0.052695340175861416,0.045345757991223756,0.06555999064762286,0.0392001231146214,0.07105958302913495,0.03663358845166054
GPH1,SWI6,0,0,True,-1.048240471150717,-6.738930124263278,-0.0449752167300186,-3.901671886444092,-3.901671886444092,-3.901671886444092,-4.370860930675233,-4.344982531521838,-4.468579894411718,0.03365653893368553,0.023490466787897346,0.08092330979651441,0.03875557472035751,0.029131731478679812,0.018761506966201047
GPH1,UBR2,0,0,True,-0.7282483901169536,-5.710304195092227,-1.4876342644181006,-4.066149711608887,-4.066149711608887,-4.066149711608887,-4.494709632700786,-4.370563555119454,-4.279343429236624,0.02354811708763116,0.011522672170190762,0.024549945216148894,0.012001413862302357,0.023154814936142187,0.01133353288598149
GPH1,YDR306C,0,0,True,-0.6687546057232362,-6.236964268269281,-2.1040758677705638,-3.111356258392334,-3.111356258392334,-3.111356258392334,-3.195623109929951,-3.5595617918843363,-3.34644913062075,-0.00027220758183976734,-0.00013613710901894116,0.00048392597074248256,0.0002418574466447332,0.0008031817936426933,0.00040130143396810425
GPH1,YKU80,0,0,True,-0.8335701771530988,-7.853024044116124,-2.4911899209139374,-3.5557332038879395,-3.5557332038879395,-3.5557332038879395,-3.7790684594170347,-3.656302655683679,-3.7948861262522935,0.0003595489375435301,0.0001797166926512661,0.0007743050671746299,0.00038688363128347447,0.000602445225519721,0.00030106023533182924
GTR1,OPI3,0,1,True,0.1791412772886767,3.4315930532101366,0.5058003822753023,2.1761531829833984,2.1761531829833984,2.1761531829833984,2.964291424838086,2.6014224911544286,2.6891209404760046,0.015451092095251695,0.007649766347685105,0.06115726127427923,0.029222120343919133,0.06732233527622417,0.032377300496100214
GTR1,PHO23,0,0,True,-0.2534697576004834,-2.862326447652824,-0.6508444268907833,-3.682258129119873,-3.682258129119873,-3.682258129119873,-2.944272810262786,-2.946561450041236,-3.105998029147851,-0.01492214272568787,-0.007562389037383432,-0.013495244578936805,-0.006830842713445251,-0.0167939684591773,-0.008525872533025447
HAP4,INO4,0,0,True,-0.5304585458166189,-3.921737586966751,-1.7967620271870672,-4.3080244064331055,-4.3080244064331055,-4.3080244064331055,-4.948942376764052,-4.729178834230616,-4.710123517133138,0.020764325723179877,-0.011979908911789572,-0.0463813322531883,-0.023877210685063543,0.018407792073237284,-0.014385143669967682
HAP4,IPK1,0,0,True,-0.4270038145001689,-3.897780686776659,-1.5434876070765837,-4.060276031494141,-4.060276031494141,-4.060276031494141,-4.4968208826607725,-4.2881497742855075,-4.342092239368127,0.005718751426350088,0.002844421695995414,0.008441777187306265,0.004187934433866447,0.007125447375574856,0.00353947917400943
HAP4,IRE1,0,0,True,-0.5186340346781815,-5.638884721025919,-1.8339905322608776,-2.372507095336914,-2.372507095336914,-2.372507095336914,-3.3149473910937495,-3.2289582435483126,-3.28793764727258,-0.02443649502736195,-0.015048946867418145,-0.021329798107706688,-0.01409927099673064,-0.02487271404229302,-0.014447228749045637
HAP4,KSP1,0,0,True,-0.3469368829623748,-4.145045043557246,-1.3172606654046857,-2.6648004055023193,-2.6648004055023193,-2.6648004055023193,-3.5240293202148694,-3.4357088347966593,-3.6430399094973245,-0.025577715231472953,-0.014801678651486128,-0.022889640254281307,-0.013639848610901173,-0.025205873006452606,-0.014618812984304341
HAP4,SGS1,0,0,True,-0.4482096768429041,-4.2227795672426165,-1.5990825192595852,-4.015244483947754,-4.015244483947754,-4.015244483947754,-4.34587449673089,-4.25097919486994,-4.368098412802339,-0.0010010331251915638,-0.0005009760380589312,0.0008022918940848167,0.00040084748623092636,-0.0014310896712771415,-0.0007164733660619538
HAP4,SNF5,0,0,True,-0.7486337659070053,-4.262985688681688,-1.4679537350152394,-4.475386619567871,-4.475386619567871,-4.475386619567871,-4.729685047758806,-4.696755243452608,-4.79940427613235,0.05580417791106196,0.026898956614068603,0.06415550874354792,0.030784747410812052,0.05890599410110742,0.02834599804802007
HAP4,SWI3,0,0,True,-0.941212300242632,-6.1847536724339385,-1.858659031074716,-4.677716255187988,-4.677716255187988,-4.677716255187988,-4.831715586881684,-4.846268943162583,-5.006846804763255,0.0935974885617003,0.044314812988578645,0.06597930601796059,0.04537947803649578,0.049042987871090404,0.023839532844529332
HAP4,SWI6,0,0,True,-0.768581103847256,-5.235077496011716,-2.00414727540102,-4.383761405944824,-4.383761405944824,-4.383761405944824,-5.0547377765139565,-4.88929760322505,-4.921870004945019,0.07873233620941628,-0.01788533142797477,0.07050801941288287,0.03391927933942518,0.016493817039745784,0.008160768970796428
HAP5,NAM7,0,0,True,-0.0167651291093207,-1.2621542634079712,0.1646394093468928,0.7854316830635071,0.7854316830635071,0.7854316830635071,0.9779205044877257,0.662773755178734,0.9741763903290706,-0.025525264339127773,-0.021821128657579403,-0.02686477286123612,-0.021552833006039718,-0.0268728190076844,-0.021645624713011957
HAP5,SWI6,0,0,True,-0.2346064481396063,-0.3793135757125966,-1.5467210634537536,-2.460634708404541,-2.460634708404541,-2.460634708404541,-2.894053531886205,-2.986907686074522,-3.031502901195652,0.06152247750434481,0.023396960170372072,0.011828937539839213,0.005869497354611619,0.03257079042365446,0.019981551514307583
HOS4,PUS9,0,0,True,0.270439689085187,1.7891713995636795,1.153266368392755,3.6994705200195312,3.6994705200195312,3.6994705200195312,3.540636714198021,3.551522564243038,3.461009536526593,-0.009994962423408582,-0.005042697944682373,-0.011465969537330756,-0.0057925291313790095,-0.009951331793388307,-0.005020374089550306
INO4,NAM7,0,0,True,-0.010618177017545,-2.0563980660724903,-0.030282922746700525,-0.7051489353179932,-0.7051489353179932,-0.7051489353179932,-0.5178187223470788,-0.6431548986728599,-0.5409616018746676,-0.022354842530261376,-0.051503127912318536,-0.020762416452614174,-0.04950311935541385,-0.022253025266740667,-0.050434760408568424
INO4,OPI3,0,1,True,0.3393038458397401,4.088291672102737,0.8782096690216501,3.8336007595062256,3.8336007595062256,3.8336007595062256,3.861200055499411,3.742063926965706,4.062827781223503,0.026286101454283006,-0.005749792662505193,0.049182794059339285,0.023786629402943515,-0.037960709638701684,-0.013113299843526605
INO4,RAS2,0,1,True,0.3877845181940399,1.4588660020769753,1.349974657636962,3.8639397621154785,3.8639397621154785,3.8639397621154785,5.159536684250541,4.758691314319947,4.943355615665151,-0.02241663586766046,-0.0539488004414746,-0.020187137987144,-0.05221552409907637,-0.02291996591882739,-0.0526042232125179
INO4,RPN4,0,1,True,0.3004781373253939,2.101284547489809,0.7894972070990589,3.959491014480591,3.959491014480591,3.959491014480591,2.8247205589062334,2.4394722243871416,2.5303234424851695,-0.053233524332417737,-0.028303253983083698,0.013042042169273516,0.006454477037130979,-0.06486939429293875,-0.04381889927162669
INO4,SAM4,0,1,True,0.3562580946274352,1.3150624332473244,1.5467726526544407,4.072983741760254,4.072983741760254,4.072983741760254,4.790152216989378,4.378707546063197,4.289634639060607,-0.023715715759608402,-0.052670388530034806,-0.020138943456807057,-0.0515449680329047,0.02137832569031356,0.010552669551914473
INO4,STP3,0,1,True,0.3104214853846152,0.9043194902347343,1.1177513618559651,3.1227691173553467,3.1227691173553467,3.1227691173553467,3.9798019460272336,3.595402288998201,3.732269196206424,-0.02283948485914522,-0.05046791333913009,-0.019867218986901802,-0.049095010465048605,-0.021711420406857362,-0.04986410132915503
INO4,YVH1,0,1,True,0.4180177565445988,1.761467680619559,1.8596338015184455,4.123794078826904,4.123794078826904,4.123794078826904,5.1821728060296515,4.830202211879478,5.090133336378239,-0.020197103359352653,-0.05562815093166512,-0.0532587734335489,-0.02772522111694331,-0.018901689572337788,-0.055082021072595966
IPK1,PHO23,0,0,True,-0.2268431353515919,-2.3417757209096948,-0.7452177532729874,-3.629492998123169,-3.629492998123169,-3.629492998123169,-3.508261820901685,-3.5918811257712244,-3.7624418690532915,-0.008841007362886677,-0.004456179398708293,-0.007938537817739344,-0.00399795394442648,-0.009857623077936362,-0.004973151460231917
IPK1,SAM4,0,1,True,0.253611212270036,1.2147134426093669,1.0450942053844452,3.3118014335632324,3.3118014335632324,3.3118014335632324,4.318636595845484,3.8936569979333564,3.9731072841238166,-0.026138552984063756,-0.02099672262456176,-0.025197012599859292,-0.021365398355522536,-0.026614486600260723,-0.02136201647993269
JHD2,YOR338W,0,1,True,0.1698542565317434,1.7101646486222597,0.39453749825304396,2.0669405460357666,2.0669405460357666,2.0669405460357666,2.0974645981568845,1.8475312457547413,1.9960999981321286,0.005708738909401823,0.0028397539127192895,0.004667775555637688,0.0023240912084798726,0.007138383455914055,0.003546326625838536
KKQ8,NAM7,0,0,True,-0.1104548586036826,-0.9488283990806964,-0.43092912522314486,-1.4145877361297607,-1.4145877361297607,-1.4145877361297607,-2.2819576207527783,-1.7393658886488486,-2.224285297899633,0.0038012279593432896,0.0018941088487951507,0.004677421814421379,0.00232890255465501,0.004843628031406255,0.0024112835809338984
KSP1,OPI3,0,0,True,0.1752356354723992,4.238688372403296,0.638660359758161,1.1823433637619019,1.1823433637619019,1.1823433637619019,2.3824259682784175,2.1493782724806385,2.4081627086746753,0.024170434137963714,0.012323364477079046,0.12999459308835254,0.0602455359341908,0.040057671026542674,0.019516285067326944
KSP1,YOR338W,0,1,True,0.4018846999156783,3.46185585833446,1.298232122942765,3.970212697982788,3.970212697982788,3.970212697982788,3.985889352341923,4.083985912479795,3.9379136501793406,-0.0020742300816744552,-0.001039048475315052,-0.0026719299085093406,-0.0013391865702886974,-0.0014152838119983469,-0.0007085398605178317
KTI12,RPN13,0,0,True,0.0675718513517246,-0.8035087503040386,0.7224144009367189,1.7901124954223633,1.7901124954223633,1.7901124954223633,2.1587187051250405,1.8365936070672975,2.0666719267405127,-0.02655727670197361,-0.024284071381245553,-0.026424802345484055,-0.024108246563038227,-0.026513959783265262,-0.024373455731085125
MSH1,YOR338W,0,1,True,0.2739339564294425,2.914060765295148,0.878803447371443,2.810239315032959,2.810239315032959,2.810239315032959,3.2400219172552793,3.0065711444022933,3.2355395683760717,0.010229909244297453,0.005067741669986803,0.009059183659575143,0.0044924907211241205,0.011252818667094544,0.005569342711484682
NAM7,NPR2,0,1,False,0.1568257244603769,1.641800549977432,0.008311637700436858,2.380229949951172,2.380229949951172,2.380229949951172,2.3126182104215056,2.7618504988717163,2.3116960602433787,-0.002882027146060673,-0.0014447820927173671,-0.004266534020920254,-0.0021415075226211,-0.0029481100015173456,-0.0014779719333822272
NAM7,OPI3,0,0,True,0.352251264984676,6.090952042401231,1.0565582320219051,1.4544260501861572,1.4544260501861572,1.4544260501861572,1.6663650749682817,1.6885240722685535,1.650481550908809,0.015930229198635293,0.01827148654858901,0.07680792958585553,0.03652614088261552,0.009438632958274795,-0.05598725406703464
NAM7,REV3,0,1,True,0.1637386393644808,1.3159178644994594,0.616807711146393,1.827474594116211,1.827474594116211,1.827474594116211,1.9471950860943017,2.2369168457949367,2.296312830895608,-2.617954816203083e-05,-1.3090082131406167e-05,-0.0012788592777512875,-0.0006401627200219862,-0.001207738155418081,-0.000604523077246566
NUP133,RPN4,0,1,True,0.2416215552082761,3.151530401213136,0.3407644110623824,3.562669277191162,3.562669277191162,3.562669277191162,2.7657860238715526,2.7817290753948622,3.0746350970826777,0.025108657506097143,0.010814050822908983,0.02505714940055842,0.009788059620258638,0.027629513085144886,0.013336193413969522
NUP133,UBP6,0,1,True,0.1515478796411322,2.1369398924767484,0.3534759096647302,3.4286413192749023,3.4286413192749023,3.4286413192749023,2.0870618231858957,2.153467325494574,2.459668508473688,-0.08588395537058324,-0.045208831795229165,-0.08608103582809945,-0.04531704185263086,-0.08688043317997352,-0.045766808334867126
OPI3,PBA1,0,1,True,-0.2067749036816907,-5.067077646600483,-0.13690232905561794,-0.9766416549682617,-0.9766416549682617,-0.9766416549682617,-1.3140090691759816,-1.024823690425347,-1.2368046961486152,-0.05910673873444877,-0.023828126189797516,-0.026089917704305576,-0.0779165135713028,-0.05890721175173014,-0.046690558220635114
OPI3,PHO23,0,0,True,-0.4412507752397999,-6.172196685516196,-1.3450171572656662,-2.187692165374756,-2.187692165374756,-2.187692165374756,-2.963139403376967,-2.672879793305307,-2.507634692947711,-0.020170673843027842,-0.010214516826146602,-0.0788090416407774,-0.04163052005382872,-0.008166987409922721,-0.04844715096844193
OPI3,PIH1,0,0,True,-0.364051420086501,-5.5425532933393455,-1.1065676989426656,-2.187692165374756,-2.187692165374756,-2.187692165374756,-2.9115785913820726,-2.7223167724416824,-2.47969083757473,-0.0804051555100267,-0.04189825003807346,-0.06217400011488744,-0.032473310500306496,-0.023115327210404435,-0.011733488007654835
OPI3,RCE1,0,1,True,-0.1460015722850231,-4.090263205089997,-0.4285031918169445,-1.1823433637619019,-1.1823433637619019,-1.1823433637619019,-2.292982701924255,-1.9585127799581747,-2.0553548009581557,-0.037839319345189304,-0.062214290417271945,-0.01861323020056921,-0.07704430169473214,-0.023194131624770797,-0.06340872230877653
OPI3,RIC1,0,0,True,-0.3653558755709211,-4.922483786651565,-1.0866755349024961,-2.3104605674743652,-2.3104605674743652,-2.3104605674743652,-3.4377830828847467,-3.289740801826044,-3.3707310060289934,-0.0030074966177527918,0.008044988090577299,-0.02072143298220447,-0.010503917029872023,-0.01759767680631008,-0.008901685092325362
OPI3,RPN4,0,1,True,-0.0356456872675917,-2.0138741832748743,-0.17076746653436936,-1.4326272010803223,-1.4326272010803223,-1.4326272010803223,-1.7489129359246856,-1.6343930356166592,-1.6944947239303207,-0.0505642313617799,-0.026004121330610475,-0.06109636116331779,-0.07278884248166179,-0.07868565247623027,-0.07867670698508877
OPI3,RPS0B,0,0,True,-0.3956668598677052,-4.337757012107056,-1.016161526487641,-3.8205041885375977,-3.8205041885375977,-3.8205041885375977,-4.216381564243456,-4.148075866571211,-4.4057013401449705,-0.06564189530121034,-0.04613045680278571,-0.030555037980312283,-0.01558030733339838,-4.0621336062751645e-05,-2.0311218120294683e-05
OPI3,SAM4,0,1,True,0.0224040043142723,-2.700495935351157,0.23411838310470023,-0.9523894786834717,-0.9523894786834717,-0.9523894786834717,-1.3350290125760127,-0.9672232451711137,-1.1219050048402304,-0.024111639483818836,-0.008431820484887498,-0.053903887660123606,-0.013123996868443955,-0.11498348742050307,-0.060924108343696715
OPI3,SNF5,0,0,True,-0.5707257512809709,-4.510781872531054,-1.0961106984051392,-4.272799491882324,-4.272799491882324,-4.272799491882324,-4.913058350388027,-4.729467706909894,-4.808219535471237,0.02113628298918807,0.01038513705821853,0.047284548650185054,0.02276680328133629,-0.0017926557752502847,-0.0008975957001337576
OPI3,STP2,0,1,True,-0.1234780170017175,-4.304420450140037,-0.3231357356057324,-1.0545172691345215,-1.0545172691345215,-1.0545172691345215,-1.5569156865538234,-1.3168339123475414,-1.2783194221332668,-0.02927815533892525,-0.057683829306287404,-0.045729574166707754,-0.010227978973050278,-0.06971568448978482,-0.03540490579547029
OPI3,SWI6,0,1,True,-0.5712326918046202,-5.334641880642367,-1.341521198856364,-4.026782989501953,-4.026782989501953,-4.026782989501953,-4.435112763241982,-4.404752928386809,-4.448947135814388,0.0012912604438563013,0.0006450752754535438,0.0027453548493081015,0.0013696812252944612,0.026063915504763613,0.012785788523332342
OPI3,UBP15,0,0,True,-0.1479901844247096,-3.488741039085477,-0.49480514956843313,-2.1761531829833984,-2.1761531829833984,-2.1761531829833984,-2.9528507514420506,-2.6463202266359596,-2.707966566911392,-0.02985379843446323,-0.06934107560666541,-0.046267536350066196,-0.023758213955052176,-0.024577968797247496,-0.0665163229584933
OPI3,UBX3,0,1,True,-0.166446427151008,-4.080002948090817,-0.5669951846886758,-1.1823433637619019,-1.1823433637619019,-1.1823433637619019,-2.3866850430336495,-2.1431273557065715,-2.507487347877769,-0.039064208770456854,-0.042934800866176015,-0.001207234888483233,-0.034905208402564114,-0.030841650900202577,-0.01228726705993971
OPI3,UFD4,0,1,True,-0.1394197131581812,-4.145948043076279,-0.5927100101838404,-1.4586505889892578,-1.4586505889892578,-1.4586505889892578,-2.160844837152771,-1.8065427886826955,-2.042161107131302,-0.03317264149176474,-0.006834228434995759,-0.11846060993390245,-0.06292252158938944,-0.02045869006858958,-0.003170142554543287
OPI3,VPS27,0,1,True,-0.34338455668312,-4.769669490850514,-1.0292422495966447,-2.3104605674743652,-2.3104605674743652,-2.3104605674743652,-3.382477630990582,-3.0933683156743923,-3.2020151665876724,-0.013565002652523694,-0.006841047749610141,0.02649275326472944,0.03573133500772929,0.005964735684043432,0.009713903261528989
OPI3,YAP1,0,1,True,-0.0202489224232909,-2.700010400164982,-0.02217121728906779,-1.4003269672393799,-1.4003269672393799,-1.4003269672393799,-1.6323577953674802,-1.3783446552568535,-1.3724493064624785,-0.0915806105404699,-0.04789270353782654,-0.035120806529479465,-0.01792747584235299,-0.014677369416693675,-0.0002662632736143977
PHO23,PUS9,0,1,True,0.4001678642740526,2.7326113687129228,1.2110960891394595,4.065173625946045,4.065173625946045,4.065173625946045,4.633060104835849,4.526257357547651,4.542182853734422,-0.026420237261159107,-0.016342640323736057,-0.026478890533961408,-0.01720651423156122,-0.026267952085909096,-0.01589619382619928
PPG1,YOR338W,0,1,True,0.585449572931567,4.849422931506152,1.9374392338268525,4.606541633605957,4.606541633605957,4.606541633605957,4.917485369167575,4.9962225193814565,4.884659355949751,-0.01305913884396337,-0.006606420678534675,-0.013520742660800777,-0.006843129414122406,-0.013013921261489925,-0.006582928374952002
PTP3,RTF1,0,0,True,-0.507743638601496,-1.9631052509278104,-1.2192895109959858,-4.059223175048828,-4.059223175048828,-4.059223175048828,-4.910786774661599,-4.66476314658758,-5.055964829314261,0.029958055034649933,-0.03349318988291067,-0.0021694390155106436,-0.0010860913659877514,0.023455264552941613,-0.04419883833799704
PTP3,SNF5,0,0,True,-0.6414558625620277,-1.9797878783478964,-1.4845858871520032,-4.074987411499023,-4.074987411499023,-4.074987411499023,-5.210392855081987,-4.96745539114967,-5.056597681556497,0.07460462951653996,0.04558021213702068,0.13045806960110357,0.0608252673156181,0.07783732903193558,0.044075716825020095
PTP3,SWI3,0,0,True,-0.7913845563662746,-3.5723200335944787,-1.5684566169513863,-4.514433860778809,-4.514433860778809,-4.514433860778809,-5.41723952431907,-5.286271096938119,-5.310816438149891,0.06320964239301907,0.046709951993374466,0.06458607177590292,0.04631248897308904,0.07967169579645594,0.03897665927018956
RAD27,YOR338W,0,1,True,0.4636417798833642,3.196248982731659,1.6706194108279249,4.613386154174805,4.613386154174805,4.613386154174805,5.313724585138237,5.2989596244383925,5.3448837781564205,-0.027462967689369344,-0.02275832709201625,-0.02421867697858282,-0.021889676663935487,-0.026840049353057782,-0.021292820618216857
RAS2,SAM4,0,0,True,-0.0388129769532604,-0.2972651677870166,-0.16620794015522056,-0.43589311838150024,-0.43589311838150024,-0.43589311838150024,-0.39852333964422093,-0.4785058078326448,-0.572831266635589,0.002409314503285853,0.0012020437232765913,0.0015667847879542451,0.0007822834336439488,0.0008345843815377174,0.0004169802015020485
RAS2,YVH1,0,0,True,0.0059065486962665,-0.0066500033060795,0.07599669179900703,0.15729863941669464,0.15729863941669464,0.15729863941669464,-0.20844799293303942,-0.12418594851088954,-0.06872732326876999,-0.0032146829785565934,-0.0016120525796596286,-0.003456365853990895,-0.0017336349477876656,-0.004863449467742642,-0.002442454804479577
RCY1,YOR338W,0,1,True,1.057079981067336,5.888119108379333,1.2095657392349581,4.706928253173828,4.706928253173828,4.706928253173828,5.213590419755886,5.03663677198087,5.227835532104018,-0.059870269305422774,-0.01776465296479518,-0.122793540573359,-0.06548086323980629,-0.05869977185932923,-0.007587341800289693
RPN13,YVH1,0,1,True,0.2528909062727467,2.58240809688984,0.6306442614172723,3.7662105560302734,3.7662105560302734,3.7662105560302734,3.187649470161707,3.3766090986666724,3.1840924761913785,0.001119326259902187,0.0005590957458359025,0.000754574701810895,0.00037702934184147274,0.0010484992637124768,0.0005237512340809936
RPN4,SWI6,0,0,True,-0.5169755885978998,-3.3131168700247624,-1.4298211162718888,-4.270310401916504,-4.270310401916504,-4.270310401916504,-4.645205791317158,-4.61261723579873,-4.509323172509054,0.07592271039037007,-0.004648353542808015,-0.0030369276500941678,-0.028750595719177652,-0.009018877390609248,-0.0010410683817252409
RPN4,YAP1,0,1,True,0.0427924290721156,-0.6100598627045272,0.436985529883961,1.7332465648651123,1.7332465648651123,1.7332465648651123,1.618179335363248,1.0488105819408908,1.6895246864768438,-0.03176538097040421,-0.02309887267461136,-0.022798668254778554,-0.025462331938251925,-0.03816021609881237,-0.021124196478913615
RPS0B,RTF1,0,0,True,-0.0277955872480131,-0.293916286569669,-0.06587619740450745,-0.39931899309158325,-0.39931899309158325,-0.39931899309158325,-0.12326710747145125,-0.08682003872858574,-0.25951049221132305,-0.07423041024882054,-0.039179286869795715,-0.056511723906544686,-0.029375165565503902,0.00508829709643388,0.0025319539661087243
SAM4,SWI3,0,0,True,-0.7574985213554754,-3.5687696674856952,-1.5542495929014168,-4.824152946472168,-4.824152946472168,-4.824152946472168,-5.537894212395797,-5.423732076459675,-5.504176949779362,0.1388329082228899,0.06396786457748949,0.05599454321580771,0.04217785582432598,0.09007770631238676,0.05617623576853892
SET2,SWI6,0,0,True,-0.3688284311537878,-1.269227096089861,-1.4829358549041074,-2.871366262435913,-2.871366262435913,-2.871366262435913,-2.926057715699381,-2.7274284874740413,-3.045462491234074,0.01917867313709304,-0.04783395676588459,0.021842292024955023,0.010772460463997824,0.018634900032470147,-0.04922859253690676
UBR2,YAP1,0,1,True,0.2597417150787632,1.60655923714367,1.1609373291100102,2.8113274574279785,2.8113274574279785,2.8113274574279785,3.651855139378071,3.361422345108421,3.5595786072287887,-0.012279615669637478,-0.006208540766173554,-0.013377754972709044,-0.0067705818997778056,-0.011523769630265468,-0.0058225294728802
YAP1,YVH1,0,0,True,0.100270893647648,0.4958451467468664,0.6543141733535863,2.047898292541504,2.047898292541504,2.047898292541504,2.6056902476515376,2.3387797611732135,2.3859071240727703,-0.01449718675723305,-0.007344327881855073,-0.013971871419356963,-0.007075208990912851,-0.014838839436195905,-0.007519724500980263
YDR306C,YOR338W,0,1,True,0.4003277752984607,4.174660088810665,1.3183232415001325,3.185218334197998,3.185218334197998,3.185218334197998,3.0061224185730238,2.937115941555318,3.055896605269482,0.00596757109193119,0.0029677544536623746,0.005028347736984795,0.002502758577174524,0.005814469726136473,0.00289209996299733
AIM1,RPD3,1,0,False,-0.205442381775385,-1.0625242968848825,0.7635231574814656,-0.3260653018951416,-0.3260653018951416,-0.3260653018951416,-0.3919563520357098,-0.5673008780767298,-0.3069932353908644,-0.013150772883453898,-0.0066546146698656106,-0.013292109956763776,-0.006727279881697523,-0.013907354021360563,-0.0070424594413098784
ASC1,CDC40,1,0,True,-0.5491201288094358,-1.358661553450145,-0.8419962503276709,-2.032270908355713,-2.032270908355713,-2.032270908355713,-1.8075790680365538,-2.768911583867553,-2.647453493109852,0.020879366923981457,0.010312985953948584,0.046826004383967446,0.022514708875591705,-0.013440083225685462,-0.006782686556907502
ASC1,CMK2,1,1,True,0.9420698127000884,3.1547775715174704,1.5553097279856907,4.363507270812988,4.363507270812988,4.363507270812988,6.464121979494884,6.824490631453742,6.630707121346851,-0.024061255159874895,-0.05471405327998846,-0.020402800062663706,-0.05281728415539133,-0.022493391999077017,-0.0538068317557544
ASC1,IES1,1,0,True,-0.307943745945742,-2.1646518524451945,0.0,-3.0297889709472656,-3.0297889709472656,-3.0297889709472656,-3.292314358775525,-3.540407749606514,-3.436271779623463,0.0019639871951249166,0.0009804409257007096,-0.015095141947122526,-0.0172637683273425,0.061057980494194586,0.029287161708763
ASC1,IES5,1,1,True,0.0682440561236324,-0.235622406299071,0.2868420250150203,-0.5122694969177246,-0.5122694969177246,-0.5122694969177246,0.21078033867491897,1.0417896017140589,0.3470450023904523,-0.032079969606354286,-0.025014107180224343,-0.0033776460142526665,-0.0016931759270319424,-0.0176995521953367,-0.01710697931666072
ASC1,SLX5,1,0,True,-0.6191353595057411,-3.631354124347211,-1.2107533114074702,-3.479581356048584,-3.479581356048584,-3.479581356048584,-3.361908616489358,-4.875814589520717,-4.603841583445551,0.034208013638242774,0.016623734365602827,-0.044472169853870536,-0.022914828934603115,0.02474416256973455,0.011027397471245481
ASC1,TEC1,1,1,True,0.8225032786706219,1.5758117525253723,1.7298483034524712,3.6506032943725586,3.6506032943725586,3.6506032943725586,6.484559490880928,6.941355193477602,6.792772386491901,-0.02572990744714937,-0.05863531406291467,-0.021716118325109612,-0.05684811057440092,-0.023783757644679104,-0.05787343028176761
ASC1,YIL014C-A,1,1,True,0.8540789464874833,2.1901966395966666,1.6549790283466486,3.6881654262542725,3.6881654262542725,3.6881654262542725,5.4769433499611955,6.073088730538961,6.004060209534778,-0.0515281749883198,-0.03446973071162812,-0.028418244207616128,-0.04241925279013031,-0.02071909039953812,-0.047854930182617494
ASE1,RAD6,1,0,True,-0.9240299812994992,-2.180677780070744,-2.2205540184755703,-4.131771087646484,-4.131771087646484,-4.131771087646484,-6.197337576633508,-7.413867773342925,-7.396527293005967,0.011063863663826279,0.026965882986968004,0.046321051047205186,0.0224816745748172,0.02700152609572426,0.01875440058173583
ASE1,SLX5,1,0,True,-0.8159610738899232,-3.717839481888102,-1.9628747003439122,-4.214667320251465,-4.214667320251465,-4.214667320251465,-5.441996453169408,-5.6761200630656035,-5.378662166839133,0.02212585178238069,-0.01668208921806824,0.014606916084545563,-0.03194460342903205,0.01614033626214112,-0.031114617323122484
CDC40,CLB2,1,1,True,0.9143069951080064,1.4677765994793217,1.9712951686578624,3.8213694095611572,3.8213694095611572,3.8213694095611572,5.968240263077696,7.00587903590325,6.9458758013999855,-0.08813846514303791,-0.045931906366812436,-0.0942496924107123,-0.049208864405045405,-0.018807658911942637,-0.0705493048518624
CDC40,CMK2,1,1,True,1.0603118611767064,4.522111363696852,2.8519985792236904,4.162121772766113,4.162121772766113,4.162121772766113,7.463284240023489,8.497375921769882,8.124540840996051,-0.09498104327548196,-0.11681591736212682,-0.09078537199813869,-0.04734497189979453,-0.020390386080017253,-0.06722897058562433
CDC40,ISW2,1,1,True,0.2461768617041632,-1.1616671375300454,1.0466743020249,1.534684658050537,1.534684658050537,1.534684658050537,1.7148710976491093,1.0297791255485718,1.3812151136084259,-0.013597679554858355,-0.055892457036395615,-0.06365493930533156,-0.03540662449045123,-0.028452795051437718,-0.014493550771639607
CDC40,TEC1,1,1,True,1.070774548141325,2.964634167381086,2.8112636180864694,4.216601371765137,4.216601371765137,4.216601371765137,6.946348226208158,8.15707580243647,7.593236940743758,-0.01627978551614573,-0.07202005911546355,-0.02626628845280704,-0.013330323118615317,-0.034244852830210726,-0.01731462709408016
CDC40,YIL014C-A,1,1,True,0.9624713936127508,3.5427161141979924,2.3710841181036644,4.1789655685424805,4.1789655685424805,4.1789655685424805,6.499662437141579,7.829993767945503,7.449382541552153,-0.021872666515018735,-0.06790427844427255,-0.01612410567171363,-0.04012833514712194,-0.013854729913582109,-0.06314102562676671
CKB2,MUM2,1,1,True,0.6698631650164555,2.772010579840431,0.9507343651817981,3.5933470726013184,3.5933470726013184,3.5933470726013184,2.8991468850292055,2.516276649412525,2.1936670843431347,-0.024684096803937794,-0.01494632609933133,-0.023060144251920378,-0.01599607844001938,-0.02437871582621426,-0.015551906814427474
CKB2,SAM3,1,1,True,0.9121315230363092,5.663769869184213,2.1444224586468374,3.885446071624756,3.885446071624756,3.885446071624756,5.8627649006621185,6.823694482462699,7.1514090194411875,-0.025042225275513474,-0.024694732382805173,-0.02602826948528958,-0.024420181114000683,-0.026574347911545115,-0.024387278118626288
CLB2,SPT21,1,0,True,-0.9113725063220126,-1.7699519610057486,-2.4019612925255958,-3.4629106521606445,-3.4629106521606445,-3.4629106521606445,-5.4524327087224105,-6.6276626473867015,-6.52129758429365,0.05902636581607995,0.028123740731415547,0.01149074752514867,-0.030988714270883566,0.031479832439456845,-0.012931546316771347
CMK2,ELF1,1,0,True,-0.7232367511434299,-5.992893482285936,-1.7666962043310053,-4.364685535430908,-4.364685535430908,-4.364685535430908,-6.260962943949712,-7.410621365974734,-6.526872735327624,0.016947647735510052,0.008344083010407899,0.015900896698963107,0.007835636587274486,0.016237502162642692,0.007999345124756418
CMK2,HUR1,1,0,True,-0.9564101366707528,-6.677994208652236,-2.516838432029834,-4.3686041831970215,-4.3686041831970215,-4.3686041831970215,-6.438846710981995,-7.28694663708373,-7.507118866728941,0.023075365922038182,-0.02620886050474469,0.020939934843540065,-0.027333781951150105,0.02195595426689162,-0.02665524642419531
CMK2,IRC3,1,0,True,-0.7195768526697327,-4.142547939556969,-0.9069182899873044,-4.2343950271606445,-4.2343950271606445,-4.2343950271606445,-5.546559050070144,-6.514066451971289,-6.198176414676,0.016557427699036675,0.008154554216938448,0.016478957451270315,0.008116290866512332,0.01709998419775155,0.008417835386812622
CMK2,KIN3,1,0,True,-0.792889322795444,-3.5740552634254024,-1.1659477466415527,-4.297682285308838,-4.297682285308838,-4.297682285308838,-5.410785840677485,-6.755531113248706,-7.038343404205916,0.020284701087860735,0.009955663418129146,0.020053046734031188,0.009843672117798352,0.0203649403395757,0.009994367522449643
CMK2,MMS22,1,0,True,-0.9485781890281008,-4.928657657171072,-2.450048211341083,-4.425414085388184,-4.425414085388184,-4.425414085388184,-6.265161114932513,-7.496597286946221,-7.9014235430836255,0.024049121237970705,-0.030879560072466228,0.017670557043755752,-0.03367593408807845,0.021415487861531024,-0.031980089002506706
CMK2,PTC1,1,0,True,-0.9818554345412812,-5.901428217510652,-2.7341736785455124,-4.230299949645996,-4.230299949645996,-4.230299949645996,-6.417924255004516,-7.489448443720246,-7.756745808989171,-0.03002565234969279,-0.015283317904810856,0.01419296261226316,-0.03476391405699936,-0.024084852008921798,-0.0122130927707787
CMK2,RAD6,1,0,True,-1.08124906515006,-5.210011647261731,-2.940538865432312,-4.579455375671387,-4.579455375671387,-4.579455375671387,-7.364927945574923,-8.09036819085188,-8.326867328258784,0.03751312697677078,0.027494477647102666,0.10909057146525736,0.05155772170849526,0.026806729904853444,0.03270359568013048
CMK2,RNY1,1,0,True,-0.1387739300009634,-0.6860531116365991,-0.06930043104153799,-0.8112322688102722,-0.8112322688102722,-0.8112322688102722,1.0624330519575411,-0.6880740911080137,-0.7239549650237508,-0.004228321415794489,-0.0021222264798421153,-0.0029075106080911906,-0.0014575552147824689,-0.0037007703143186466,-0.001856551081330149
CMK2,SLX5,1,0,True,-0.9256079202935849,-6.754972501349278,-3.7546370717502713,-4.5575385093688965,-4.5575385093688965,-4.5575385093688965,-7.901936293997131,-8.493573951080219,-8.335562322451903,0.12220313157066287,0.01849092448683043,0.01836210885052153,-0.04232329724187828,0.06681768481983202,0.0316741439850059
CMK2,VPS36,1,0,True,-1.0313051033036824,-3.4268337809367595,-2.554080083462308,-4.516168117523193,-4.516168117523193,-4.516168117523193,-7.930647423051866,-8.191572649463057,-7.799957348515742,0.10317083339019273,0.048965107525514084,0.053832930694755476,0.004037760592093154,0.03208133320209522,0.01617103303591716
CMK2,VPS4,1,0,True,-0.9760144949224808,-5.0684903937506345,-2.4645133353562754,-4.318021774291992,-4.318021774291992,-4.318021774291992,-6.2434369808941215,-7.476791296537144,-7.546593593519421,0.02555645817215929,-0.02599957669585795,0.02233670540069721,-0.028616602679361225,0.024389426649697343,-0.026947796833795556
CMK2,YCK3,1,0,True,-0.8604020640297805,-6.261804294536986,-2.2099531684837768,-3.885446071624756,-3.885446071624756,-3.885446071624756,-5.477025797046524,-6.964143836825221,-6.987692385024204,0.02583723024512674,0.01261654997120798,0.025994751428755958,0.012613848781052317,0.02537381004294509,0.012395093367186583
CMK2,YPT6,1,0,True,-0.9705166033868592,-5.929574291885318,-2.362412308689881,-3.9512715339660645,-3.9512715339660645,-3.9512715339660645,-6.00370462298935,-7.131479632662343,-7.3997565025977465,0.02310056795011667,-0.023170099145780998,0.022701354977226085,-0.023551352936935888,0.022576043293725534,-0.023393278256502614
CTI6,YIL014C-A,1,1,True,0.2581621800145911,4.802500264301374,1.1603233483245292,2.2613930702209473,2.2613930702209473,2.2613930702209473,2.0145723237840714,3.503507695596575,2.419341404768342,0.014912901804993106,0.007355839933562591,0.013991425522135836,0.00690719717103494,0.014145321657111076,0.0069823214552682256
DOA1,HUR1,1,0,True,-0.688778067808306,-2.6687358631837097,-1.3137358681254048,-3.578218936920166,-3.578218936920166,-3.578218936920166,-4.071313788053539,-5.180395484920093,-5.23406108942695,0.023557274518781923,-0.010601112311330374,0.019466204239164286,-0.014720616370537842,0.018309275248294454,0.00902597123932225
DOA1,RPD3,1,0,False,-0.3733346150805813,-2.7540150609180305,-0.22804775011090106,-2.0843186378479004,-2.0843186378479004,-2.0843186378479004,-1.8038983047019703,-1.8563215240653947,-1.4313810004194258,-0.024348528867676522,-0.012443505194815352,-0.02293206259490116,-0.011890571897129776,-0.023345308232944617,-0.012211305800496841
DOA1,TEC1,1,1,True,0.8214514091653646,2.4465934737724906,0.8588018260603698,4.2343950271606445,4.2343950271606445,4.2343950271606445,4.444467305275812,4.930136326290967,4.3582193250336525,-0.02912265986678031,-0.017001735773745974,-0.02703845765208268,-0.016395811710844477,-0.027729772857055524,-0.016591619112784117
DOA1,YPT6,1,0,True,-0.6455352635667784,-1.9345018902403424,-0.9606895797617991,-3.0447440147399902,-3.0447440147399902,-3.0447440147399902,-3.279511689952332,-2.6246895623651025,-3.4154599574357984,0.022632762959755248,-0.008887670251588042,0.021044159659285355,-0.011212815544365484,0.021572317417465348,-0.010101198454359084
ELF1,YHR033W,1,1,True,0.7257963627345986,5.078565459976528,2.0836984888193335,3.517395496368408,3.517395496368408,3.517395496368408,4.589018466997292,5.881522311620971,5.643837471464175,-0.008058994300086941,-0.004058859159285388,-0.007115994042803497,-0.0035810173338843843,-0.006659415162450166,-0.003349754669777827
ELF1,YIL014C-A,1,1,True,0.6897779496574702,4.981936648275274,1.5815197401858974,3.517395496368408,3.517395496368408,3.517395496368408,4.869665286101585,6.097228819040426,5.669404932733551,-0.006589435536249633,-0.0033144238169337537,-0.00577518224482243,-0.002902819583924021,-0.00602286280755665,-0.0030279453457658367
HMO1,SLX5,1,0,True,-0.5391953134282528,-3.209667373938832,-0.8893066589849928,-3.4739789962768555,-3.4739789962768555,-3.4739789962768555,-3.1687978673886654,-3.4569298380251006,-4.092063677103672,0.0654370645838705,0.0334495198007595,0.004197778737111746,0.0012889896703204284,-0.038495388781285056,-0.024225316252218743
HMO1,TEC1,1,1,True,0.9076778543580594,1.9576246540998845,3.095755050017676,4.134657859802246,4.134657859802246,4.134657859802246,7.498317903320127,7.6443323832116254,8.024884237218066,-0.016642723554773364,-0.06962457542758,-0.01397207459007821,-0.06417798367239719,-0.011435440880480707,-0.06295180420303897
HMO1,YHR033W,1,1,True,0.9475873561567912,2.606603996151128,2.4932828892788326,4.157975196838379,4.157975196838379,4.157975196838379,5.9152618982565235,7.241753906901309,7.084048262687993,-0.1298806371553825,-0.09373953855787193,-0.0036559428724589615,0.0007176025161317323,-0.015727354762701873,-0.05951594295113244
HOG1,SAP30,1,0,True,-0.5515899569894365,-1.3691414357249667,-0.6933346060504642,-1.9845962524414062,-1.9845962524414062,-1.9845962524414062,-1.2219349444483998,-0.9645172639755466,-1.7811507498429509,0.01613007214484591,0.007946427395181588,0.016896031797332012,0.008318261636697022,0.016359813070716545,0.008058227614753055
HOS3,SAP30,1,0,True,-0.470461388968925,-0.6788415412856318,-0.4051275164730702,-2.6390628814697266,-2.6390628814697266,-2.6390628814697266,-2.6570652003248423,-3.304147766401548,-2.212826574265767,0.025461631890396963,0.010850277310849754,0.02635327667721843,0.011370581926977041,0.026208393506271965,0.011478164742204422
HUR1,RNY1,1,1,True,0.8430951961660418,6.007951010626464,3.3646085719749466,4.430510520935059,4.430510520935059,4.430510520935059,7.4251540755076295,7.988827276300871,7.930534742344211,-0.023514031643693256,-0.051752035934977514,-0.022565581161342774,-0.050039289454564984,-0.02269223473640042,-0.050781753941371965
IES5,PAT1,1,0,True,-0.2432766421302347,-1.5422581017139405,-0.2174946358076444,-0.8407787084579468,-0.8407787084579468,-0.8407787084579468,-1.8497082108926937,-2.0932366590272538,-2.3999481677568237,-0.027882300160141982,-0.015369815207853799,-0.026835914262890892,-0.01373950319730366,-0.024874774728318116,-0.01901376734861393
IES5,RAD6,1,0,True,-0.6755289408109828,-1.894763144639308,-1.4260155080925383,-3.167637348175049,-3.167637348175049,-3.167637348175049,-3.9611889349493925,-4.53843845916566,-4.595824295026806,0.07123167453007384,0.03409741346081996,0.060738827276745955,0.02930550843220081,-0.013692392320154068,0.011616197014233998
IES5,RXT2,1,0,True,-0.4198169954756262,-3.3286619425112227,-1.1652259773880531,-3.361785411834717,-3.361785411834717,-3.361785411834717,-4.84945847953614,-6.270605876516542,-5.88779030187389,-0.019636269733969536,-0.009990575988565509,-0.019992020559077617,-0.013903751028340683,-0.015418304998405574,-0.007813407938553674
IES5,RXT3,1,0,True,-0.2856626931787319,-3.366539834778703,-1.1323556640979275,-2.4394564628601074,-2.4394564628601074,-2.4394564628601074,-4.121784426811493,-4.87509181704867,-4.728608066091204,-0.02265847054642528,-0.025680416452891153,-0.02207687766556038,-0.025226181547395643,-0.02196009521781861,-0.026490020741069376
IRC3,YIL014C-A,1,1,True,0.7317450743910177,3.220268747663311,1.2285245631292456,3.454108476638794,3.454108476638794,3.454108476638794,4.291246520887439,5.586385453018989,5.240917367866695,-0.006212696443481547,-0.0031239111814259646,-0.006348097871418379,-0.0031924305088350535,-0.0068737464032827544,-0.0034583390485766197
ISW2,ITC1,1,1,True,0.3257906512315259,0.6983401545800371,-0.08553918796869353,1.1525018215179443,1.1525018215179443,1.1525018215179443,0.7705744134888179,1.2837936495762143,1.6069780784428342,-0.00622095974579423,-0.003127827115545212,-0.005521600334710608,-0.002774453414655542,-0.0057119909266841185,-0.0028705526048866115
ISW2,YHR033W,1,1,True,0.683344117800287,4.785915943905602,1.7494445083238472,3.4632129669189453,3.4632129669189453,3.4632129669189453,3.7934391289113782,4.338291512544968,4.584982624602884,-0.00333891359300309,-0.00167446299530849,-0.002869755677226804,-0.0014385900553518516,-0.002965854118635869,-0.0014868612412414772
ISW2,YIL014C-A,1,1,True,0.5631575311671184,4.681697096935855,1.5666468927246175,3.4632129669189453,3.4632129669189453,3.4632129669189453,4.228276442209472,5.063845835108289,5.1163918401906425,-0.0018732264407025911,-0.0009381950236960201,-0.0015330474012642537,-0.000767587688152771,-0.002338612472074675,-0.0011717696396946753
ITC1,TEC1,1,1,True,0.6641556325277982,3.344036858345606,1.88314561425921,3.8067820072174072,3.8067820072174072,3.8067820072174072,5.856902771589448,6.809160959961649,6.730023746529858,-0.01260659184712043,-0.006374571898940973,-0.013573555500838108,-0.006869410414992061,-0.013816011862636535,-0.006993433351196898
ITC1,YHR033W,1,1,True,0.5174312196680102,4.008937778454671,1.7326843422463973,3.3108272552490234,3.3108272552490234,3.3108272552490234,4.255545231946063,4.728441109830591,4.898053294593364,0.0028709002358132674,0.0014317326743475967,0.0021298917107122617,0.0010629013823385547,0.0027247723678760494,0.0013590576986287628
ITC1,YIL014C-A,1,1,True,0.5169390762740199,3.939192734056499,1.669435016677001,3.3108272552490234,3.3108272552490234,3.3108272552490234,4.70433337649756,5.579019954641263,5.186866264339314,0.004322192054447893,0.002152637708195515,0.0036025956056253694,0.0017954265083869325,0.0033325815167331574,0.0016612764642520705
KIN3,RAD6,1,0,True,-0.855917422744332,-1.638310749991485,-1.9697193099054862,-3.200387716293335,-3.200387716293335,-3.200387716293335,-3.6014330964211423,-4.367010736142041,-4.1515238526183325,0.0328988934791174,0.02320905877367352,0.03144438665133892,0.01755099539635685,0.09823053482836952,0.04610492503674912
LOC1,TEC1,1,1,True,1.0056903876977716,0.9610949523186086,2.779992675703504,3.2038798332214355,3.2038798332214355,3.2038798332214355,5.4399853740561035,6.5090854407642045,6.833225438051363,-0.05228106109026509,-0.017422829145054886,-0.052658879870368935,-0.018008706684277842,-0.11922716936072097,-0.06318338056688344
LOC1,YPT6,1,0,True,-0.1795690394353373,-3.425192062059629,0.041471662832180956,-0.8395788073539734,-0.8395788073539734,-0.8395788073539734,-0.3934426297257793,0.006942105038651164,-0.1716555513086541,-0.02821447447752723,-0.014371365966762584,0.01441279232792092,0.027097896756896556,-0.05243762030243565,-0.027057571896698274
MED1,YHR033W,1,1,True,0.8233337932409064,4.250542064448497,1.8802664289399136,3.6433305740356445,3.6433305740356445,3.6433305740356445,5.41287861803187,6.479577620972231,7.068890284712221,-0.024389436243845874,-0.03622058716315851,-0.024758564131779237,-0.03632521978038317,-0.043598530610645,-0.026189855620013747
MED1,YIL014C-A,1,1,True,0.8794565175347169,4.165584078344437,1.7439314299870028,3.70523738861084,3.70523738861084,3.70523738861084,4.86870596906931,5.802857353300664,5.84610569211082,-0.023247228078162985,-0.0353524856977947,-0.023154755904198132,-0.035676047775934805,-0.02376942728058784,-0.03473479559463055
MMS22,RNY1,1,1,True,1.0272075343474945,4.287590026064425,2.523604504641729,3.9461748600006104,3.9461748600006104,3.9461748600006104,6.809018802423834,7.836725399850277,7.745304587398237,-0.024250374760208415,-0.057383725865466306,-0.030879036956164008,-0.04789316351972572,-0.022733454470152903,-0.05534270858223217
MMS22,YHR033W,1,1,True,0.9350883153298656,4.082850389294728,2.2568415221478952,3.7710628509521484,3.7710628509521484,3.7710628509521484,5.894734113990733,7.156875637109827,7.279420184795109,-0.023564096781719113,-0.049800160310327524,-0.017227634579482953,-0.046490159079864535,-0.021751223016056143,-0.047977650637841596
MSG5,PTC1,1,0,True,-0.5954982765537413,-0.8652400077369649,-0.5631984394286317,-2.4676706790924072,-2.4676706790924072,-2.4676706790924072,-2.888336699131239,-4.022923230745987,-3.1922420611045976,0.05418842501376281,-0.012218071281837828,0.02667020763242678,0.013110043685360173,-0.01297979540732419,-0.006543394072134778
MSH2,TEC1,1,1,True,0.8200605207598339,3.674490453325207,1.4661561471082303,4.1593780517578125,4.1593780517578125,4.1593780517578125,5.453013500352538,6.81747764871128,6.393445624055294,-0.025679915654329366,-0.013136380281575266,-0.025270613352446847,-0.012923813514146398,-0.02540815037048516,-0.012995228458148156
MSH2,YIL014C-A,1,1,True,0.7700129175391102,4.307281991351706,1.7934269694081437,3.517395496368408,3.517395496368408,3.517395496368408,4.763480646931094,5.79067518498019,5.899971737769924,-0.00871970463080296,-0.004394367570619062,-0.008256047270441713,-0.004159111287147521,-0.008282396706652151,-0.004172419224226009
PAT1,RNY1,1,1,True,0.8672550383250931,4.275355802181688,1.7891853069876715,4.306934356689453,4.306934356689453,4.306934356689453,5.449849866507503,6.950662128577143,6.938769238725245,-0.027633496048309114,-0.019020009776848035,-0.02875873007217794,-0.018459733500775954,-0.02744272036522455,-0.018374737278723297
PAT1,SLX5,1,0,True,-0.6632807221712502,-1.7694438425201902,-1.2053953004624094,-2.9250073432922363,-2.9250073432922363,-2.9250073432922363,-3.3921100709698937,-4.548830927709892,-4.150758516956458,0.0005689861246149786,0.0002843797858214092,0.031335113768511114,-0.01826679315068086,0.01691883149344242,-0.02473284494760114
PAT1,YHR033W,1,1,True,0.7950645805440726,4.074234416196703,1.657674936015432,3.70523738861084,3.70523738861084,3.70523738861084,4.86727931881962,5.730222740470739,5.723139210615077,-0.023696225445523578,-0.012101407425821498,-0.02397488992891078,-0.012246970997985052,-0.024237428465150812,-0.012381806993782496
PTC1,RNY1,1,1,True,0.9635090104446828,5.273231873980636,3.284225117116149,4.425414085388184,4.425414085388184,4.425414085388184,6.961559102740768,7.88116887901001,7.98674637513115,-0.0791368655910537,-0.08940750029548705,-0.015924540021151123,-0.05091546394171831,-0.062278742079735994,-0.03619162484882549
PTC1,TEC1,1,1,True,1.0274175050483711,4.338918682453208,2.5687391740617502,3.9461748600006104,3.9461748600006104,3.9461748600006104,6.860495639499886,7.51331414892693,7.940270079539294,-0.016933802642437656,-0.05377907668543097,-0.056556725359203974,-0.028998353085854967,-0.022937391559297637,-0.05760378618839057
RAD6,RNY1,1,1,True,1.1426982998617872,4.540757972275116,2.7720696667424343,4.162121772766113,4.162121772766113,4.162121772766113,6.7600782456708135,7.70325249925266,7.61853556463639,-0.039344915744129516,-0.010000191643234235,-0.07681828168395971,-0.04033960012005139,-0.04092897880605095,-0.012618816979094283
RAD6,RTS1,1,1,True,0.2940120138582303,-0.3725286774524851,0.9755702826285633,1.462015151977539,1.462015151977539,1.462015151977539,1.5654728886339633,2.653174467144333,2.5901575663779557,-0.06174707111526945,-0.031970815442022626,-0.061597795147889545,-0.03188989843840018,0.007670244630898271,0.022200040604339333
RAD6,VID28,1,1,True,0.8825808081321703,1.7408057970826507,2.0802182135746223,3.1935033798217773,3.1935033798217773,3.1935033798217773,4.917845100577462,6.278945855859051,5.804903786694529,-0.09686821159016068,-0.05087293608578802,-0.035020255007719936,-0.014139682497589623,-0.018956481383133772,0.009745838149813224
RAD6,YHR033W,1,1,True,1.021390968038328,4.320902080514748,2.773263224601764,4.191483497619629,4.191483497619629,4.191483497619629,6.56320961794028,7.993904370088417,7.734620001604445,-0.10293962925962769,-0.05417887192230847,-0.02955268719848536,-0.0036366976874830925,-0.03046386905417181,-0.005015761598518853
RNY1,RPD3,1,0,False,-0.7764162676217584,-6.0969345127990815,-1.3976350702618237,-3.6479685306549072,-3.6479685306549072,-3.6479685306549072,-5.050811085939287,-5.607873084800351,-6.0187201182533006,0.0061502470158821265,0.003057903477781343,0.0044760232100643504,0.0022289113571567487,0.004965984839657989,0.0024717605341562088
RNY1,RXT2,1,0,True,-0.8571046936177356,-6.044255625034755,-2.4585146449597053,-4.199002742767334,-4.199002742767334,-4.199002742767334,-6.014015201591604,-7.072362818010862,-7.455544946138239,0.025848551254604335,0.003265071479121251,0.02661705010651766,0.004791522616361954,0.026675313147165647,0.004199576198140376
RNY1,RXT3,1,0,True,-0.8342642400259008,-6.059253274074388,-2.405142198718631,-3.885446071624756,-3.885446071624756,-3.885446071624756,-5.095579632140268,-6.746400327099848,-6.850428720077102,0.021750770763215854,0.010661144754177676,0.01990322622542262,0.009772495078124832,0.020050465743168377,0.009842746357570098
RNY1,SAM3,1,1,True,-0.2304037632436154,-0.5378298416000783,-0.2068432236966744,-0.9638479948043823,-0.9638479948043823,-0.9638479948043823,-1.7789033594747692,-1.022763703876756,-1.2991997984167976,0.004347399876977132,0.0021651730811168557,0.004000236508643951,0.0019929514599261733,0.0049234261575994975,0.002450844824210985
RNY1,SAP30,1,0,True,-0.7838472432053927,-5.012118935966027,-1.7394558912399067,-4.268922805786133,-4.268922805786133,-4.268922805786133,-4.907915233321921,-6.212802014521348,-6.103436502629579,0.025088805358668753,0.006992119332711821,0.02700190860827706,0.009046497359328276,0.026100444148685398,0.008011215279594697
RNY1,SLX5,1,0,True,-1.0286869843987243,-6.064033286903385,-3.2151261800559743,-4.078298568725586,-4.078298568725586,-4.078298568725586,-6.835458513640457,-7.654128708695494,-7.793378340458524,0.055152826390818144,0.01616773786273107,0.018187835250026096,-0.042632512585895066,0.04175852099710642,0.020272919152651392
RNY1,SPT21,1,0,True,-1.021636867778401,-4.059723119623136,-2.4156125135016113,-3.9461748600006104,-3.9461748600006104,-3.9461748600006104,-7.016127264294967,-7.697921388373642,-7.590636447846528,0.01862617639068359,-0.033556921628933256,0.011274476393951682,-0.031207725471701864,0.018395150925951842,-0.033178235778570375
RNY1,URM1,1,0,True,-0.8742660354093914,-3.67427451302496,-1.5900065263687284,-4.297682285308838,-4.297682285308838,-4.297682285308838,-5.661973123584682,-7.077680650595598,-6.8620118888033215,0.024947633975049344,0.00354634380399399,0.02475761305081564,0.004621759454631502,0.025417050809301678,0.004313242068626155
RNY1,YPT6,1,0,True,-0.938724672210186,-5.256354437628943,-2.49727828359289,-4.398035049438477,-4.398035049438477,-4.398035049438477,-6.317431791721211,-7.2312627606242215,-7.876950471241939,0.023125417660092795,-0.02546003341957359,0.04045085735271703,0.00010479033012100736,0.023342867041668325,-0.024773456271027505
RPD3,TEC1,1,1,False,0.7322874556034824,5.167467821220916,0.7614110753014683,3.7096757888793945,3.7096757888793945,3.7096757888793945,5.363765921948165,6.341760034324299,6.901581898619735,-0.00847939799040609,-0.004272278150882602,-0.008409753686334898,-0.00423704940590186,-0.008137654649249537,-0.004098944771255164
RPD3,TRM10,1,1,False,0.3532198121845717,2.8454593646150204,0.030508236503228425,2.721477508544922,2.721477508544922,2.721477508544922,2.136039595775631,1.7346246736241193,1.5871220324217443,0.01740275746818859,0.008563293773319325,0.017935305806231983,0.00882069094684279,0.017054285476928055,0.00839372091630175
RPD3,YIL014C-A,1,1,False,0.518000997932082,5.787755855015544,1.4077841124698225,2.8494465351104736,2.8494465351104736,2.8494465351104736,4.276939286415821,3.775182459758602,4.075109142655951,0.008349260559159133,0.004142745416325311,0.008486217442643329,0.004210051678780635,0.008858837006940734,0.004393416883602508
RRP6,YHR033W,1,1,True,0.9677758425461668,2.5559848505330427,2.410421988404687,4.057730674743652,4.057730674743652,4.057730674743652,5.767599737297797,6.852880152703472,6.345013797569317,-0.03166119874229434,-0.01613616784497085,-0.005264478415655138,0.022439370530137226,-0.034077587819731525,-0.017390126678792972
RTS1,SAM3,1,1,True,0.9017187174223248,4.385105964570598,2.058715608412414,4.252196311950684,4.252196311950684,4.252196311950684,5.614904363872027,7.137689005348255,7.374162560187887,-0.037375614013800684,-0.028121437981340536,-0.024961683893179376,-0.03452821467032624,0.06361186645998129,0.03063448091459553
RXT2,YIL014C-A,1,1,True,0.8130612865450371,5.77100751532037,2.1820964201411766,3.7518882751464844,3.7518882751464844,3.7518882751464844,4.991919902608937,6.512849475535152,6.660904001005338,-0.023956127610857136,-0.014819272861997412,-0.023238505500667306,-0.014830360331953063,-0.0240870612240896,-0.015016164924480047
SAM3,SPT21,1,0,True,-0.9805724901912548,-3.595579256244036,-2.1739607899862303,-4.225203514099121,-4.225203514099121,-4.225203514099121,-6.101349193833502,-7.3475902615788575,-7.374407657025612,0.018316861720147348,-0.03143757998367208,0.017661245953825455,-0.01933439526280667,0.01760784511123953,-0.030528602050925557
SAM3,VPS36,1,0,True,-0.9817644499487662,-2.2678885890715383,-2.9096871715923056,-4.5575385093688965,-4.5575385093688965,-4.5575385093688965,-7.988775400025143,-8.995137972993561,-8.800736155714228,0.017398789407285675,-0.02913723310522004,0.07346920592253608,0.03412328733912451,0.14943463377365201,0.06823610526110335
SAM3,VPS4,1,0,True,-0.915151512699768,-3.784309568100272,-1.946288933503111,-4.318021774291992,-4.318021774291992,-4.318021774291992,-6.496325678621009,-6.975111932255441,-7.561285612368654,0.02508307910918961,-0.026546965176302284,0.023352932863227815,-0.027065267439471075,0.024991380290483756,-0.025995260686748733
SAP30,TEC1,1,1,True,0.8826023297407791,4.134237278075196,1.561314423402208,4.297682285308838,4.297682285308838,4.297682285308838,5.6860323847111145,6.622820417068835,6.726956530929902,-0.02644077549657431,-0.019367885618914227,-0.026775715801499955,-0.020044114163313864,-0.026620532874222003,-0.01979109082465441
SAP30,YIL014C-A,1,1,True,0.6762818648021331,4.770084420075023,0.9813306133631735,3.6238441467285156,3.6238441467285156,3.6238441467285156,4.694204904445529,5.894529590920353,5.748049122710322,-0.020520756589775258,-0.010452860321584878,-0.021681597078478276,-0.011055363007883012,-0.021118644869400516,-0.010762918196840277
SGF29,YIL014C-A,1,1,True,0.7282454433524574,2.330295204556755,1.7189430317542727,4.29630184173584,4.29630184173584,4.29630184173584,6.01463928055255,6.496410364915061,6.101516642596771,-0.021955709286700875,-0.03023523628632624,-0.02142617999472629,-0.0300437618961224,-0.02001920615839775,-0.02923062821660327
SLX5,VID28,1,1,True,0.90357273794369,3.2871147881459737,1.8894180721172809,4.1789655685424805,4.1789655685424805,4.1789655685424805,5.352106787991803,5.809443794729029,5.285835217722408,-0.037044776690799364,-0.042429147817932056,-0.0159027067445508,-0.051545129297110914,-0.01737785091796301,-0.05253516319362572
SLX5,YBR285W,1,1,True,0.8572807661194893,4.57974565801773,1.9076477410699444,4.078721046447754,4.078721046447754,4.078721046447754,6.155925322581959,7.338723898840591,7.484314165234162,-0.026671134542580688,-0.012857220885486631,-0.014933804131654627,-0.05494162026212379,-0.02369689348953874,-0.012041558527748686
SLX5,YHR033W,1,1,True,0.9199506185993384,5.866121361936856,2.1467841790185567,4.149758338928223,4.149758338928223,4.149758338928223,6.35285876497552,6.527697791865172,6.788111470725289,-0.030314485248344847,-0.043220870817163914,-0.01548177956196628,-0.05416691821408681,-0.019172121026621747,-0.054179298086582506
SNT1,YIL014C-A,1,1,True,0.4569220749931434,4.63645605442922,1.6326926109792674,3.4057953357696533,3.4057953357696533,3.4057953357696533,4.8976764549806555,5.2504331704832605,5.73711634879708,0.003995178857897574,0.001990359270235942,0.003304500928161258,0.0016473023157473898,0.0032356270295982315,0.001613080402062872
SPT21,TRM1,1,1,True,0.5780191293683556,0.3412516813047132,1.6697892801610106,2.739697217941284,2.739697217941284,2.739697217941284,5.124161499201758,5.306632421792221,5.511123453299531,-0.01797184723612405,-0.04641965726677888,-0.009064096399715782,-0.0378739691232175,-0.015998807989273667,-0.04538413177306566
SPT3,TIP41,1,1,True,0.6003159607150181,0.745209076836155,1.459965249840904,2.9989757537841797,2.9989757537841797,2.9989757537841797,3.8105191217934626,4.386389913357528,4.209086645977617,-0.0219767632051045,-0.034423167672888666,-0.020651554691894614,-0.03428177902709445,-0.02126072415085556,-0.03444548165201122
SWC5,YIL014C-A,1,1,True,0.7090731272371945,5.549039285329736,1.4619043804215814,4.364685535430908,4.364685535430908,4.364685535430908,7.07690243403694,7.407899185459323,7.340000300754493,-0.02261066412675322,-0.021054361230574747,-0.02410997692383926,-0.02225797645856692,-0.023667028751875485,-0.021751965679085716
TEC1,VPS36,1,0,True,-1.0393813409590344,-1.8441803982255256,-2.273424095710729,-4.067720413208008,-4.067720413208008,-4.067720413208008,-6.217443443559521,-7.331386514399206,-7.477039012319906,0.06629907817272973,0.03483738768750855,0.0778068273301128,0.03966221092133637,0.024103946575935842,0.024764879635722048
VID28,YPT6,1,0,True,-0.8416465133367022,-2.4652113249437377,-1.5790321512162215,-3.684246778488159,-3.684246778488159,-3.684246778488159,-4.392828289327966,-4.951995968667904,-4.877041905627414,0.023061321373696764,-0.015392267720478692,-0.04491321427084827,-0.023065952502018594,0.02204929927591931,-0.01651105195255298
VPS72,YIL014C-A,1,1,True,0.8450692514635745,5.731720907367876,2.346999174149865,3.7611403465270996,3.7611403465270996,3.7611403465270996,4.888173620923739,6.160575921565291,6.091690083064806,-0.02391048838779991,-0.014377191472478346,-0.0219879240285491,-0.013761924117627333,-0.024380534879472116,-0.014749285764471876
ARP6,SYC1,2,1,True,0.6963982228470053,2.016819557939674,1.1146641414908558,3.029393196105957,3.029393196105957,3.029393196105957,4.58723613062228,3.774760019513474,3.58441420696348,-0.02726635561138624,-0.016620939672937207,-0.026748158000594324,-0.01735996690695435,-0.02519217534957441,-0.0161146303906321
ARP6,TSL1,2,1,True,0.8604712491087352,7.283174096737191,2.744385419373664,4.44821834564209,4.44821834564209,4.44821834564209,7.320074986958936,6.333667626535906,6.186196157632849,-0.026525440969556613,-0.017979617793149993,-0.02711595529908828,-0.018146335193943375,-0.0253720658280025,-0.0169909833188831
BAS1,STM1,2,1,True,-0.2754230111671644,-0.9649710809850874,-0.25557674183379353,-1.426809549331665,-1.426809549331665,-1.426809549331665,-1.544538281868547,-1.4556260663053655,-1.1855708923017807,-0.005539077361010669,-0.0027835529205564313,-0.00489313409692127,-0.00245750668128919,-0.006275626860037242,-0.003155794447093574
BRE5,EUG1,2,1,True,0.7267525849171037,1.2289731680178313,1.9140265312502556,2.8286685943603516,2.8286685943603516,2.8286685943603516,4.121310520482593,2.75978939185626,2.701951550238332,-0.024872897124625704,-0.028683699589205025,-0.02558910191596453,-0.02764551502083118,-0.024425822850496437,-0.02856317735466618
BRE5,RNR4,2,1,True,0.5400423154305969,3.640272893628453,1.2103879778082705,3.9628899097442627,3.9628899097442627,3.9628899097442627,4.388845182578761,4.011191157150469,3.7185834063373173,0.015762006421467467,0.007765265975291147,-0.003964375112144425,-0.0019891164232769265,0.002032794694272977,0.0010145408904805864
BRE5,TSL1,2,1,True,0.8626106670258161,5.57421026826581,2.4195990000626066,4.5926594734191895,4.5926594734191895,4.5926594734191895,7.646879125621583,6.27827580915238,6.438340572042167,-0.02508846054796393,-0.02226968425911985,-0.025027858353701027,-0.022089348911299655,-0.025135749725045287,-0.021910483616181198
CAF130,TSL1,2,1,True,0.4712619392259347,7.170671748055051,2.4254295163493182,2.604271173477173,2.604271173477173,2.604271173477173,4.481206032028444,3.449687254726422,3.5921959574363056,0.008136617982513195,0.004038541444460364,0.009346829891882458,0.004633994472280745,0.009132131087258966,0.0045285335394055215
CDH1,TSL1,2,1,True,0.9605160682884798,8.521565110323236,3.9444911862565,4.700134754180908,4.700134754180908,4.700134754180908,8.021368931702401,6.804587374033618,6.963260453559339,-0.034265289984917846,-0.02914420942799567,-0.007095120403944333,-0.03638019454864816,-0.019157677295926545,-0.05005235456919116
CGI121,HFM1,2,1,True,1.0087540159728832,4.038236847969734,2.6666069205578533,4.764983177185059,4.764983177185059,4.764983177185059,7.235884848974409,6.752379065796412,6.789383306897569,-0.020442136118687282,-0.0427871957934326,-0.024377995625470494,-0.03588626979135773,-0.01954557779210908,-0.04170022116145716
CHD1,TSL1,2,1,True,0.7608462860763989,7.955439716659373,2.7392987192927594,4.33425235748291,4.33425235748291,4.33425235748291,6.383555382700357,5.221404231650185,5.586153123472803,-0.010344487605033259,-0.005220711630010144,-0.009689700400644485,-0.004887435282163233,-0.01084726200774988,-0.005476675353450422
CHK1,TSL1,2,1,True,0.6986731213707031,7.169494375791224,2.265146891825929,4.437074184417725,4.437074184417725,4.437074184417725,6.549041796796502,5.390092170804243,5.62672671177621,-0.01404499385736313,-0.007111280612351667,-0.014368413960676063,-0.007276915415915075,-0.014262307527249718,-0.007222377615810405
CKA2,TSL1,2,1,True,0.6543331201929816,8.540386000519373,3.033469544011079,3.8437933921813965,3.8437933921813965,3.8437933921813965,5.717286867688895,4.298455551371102,4.322934259537714,-0.0010895172261619623,-0.0005452943226987306,-0.00032956548305912436,-0.000164831846265312,-0.0009580908179832037,-0.00047945869705329214
CST6,HHF1,2,1,True,0.6881528831102817,2.482901064761905,1.153810892099045,3.2006664276123047,3.2006664276123047,3.2006664276123047,4.729819940286487,3.9310312118299784,3.9606153427732878,-0.010443559400449554,-0.005271091100710834,-0.011086478726199833,-0.005598846164395321,-0.010483939981120793,-0.005291463662293772
CST6,LRP1,2,1,True,0.2125278492365461,1.94720882024958,0.2717967813842972,0.2033006101846695,0.2033006101846695,0.2033006101846695,1.220025808451405,1.0592138348668139,0.6435705170112472,0.018947395722571647,-0.003983442461083064,0.019018447833552277,-0.0037721886638257263,0.020441328581773333,-0.001285970602875497
CST6,MRT4,2,1,True,0.3471379903044009,2.13787278342612,0.5908687123743761,3.02933406829834,3.02933406829834,3.02933406829834,3.4838207536693853,2.7178041065824923,2.577345867767465,0.025437808168389142,0.012436026582487547,0.021717457034569232,0.008049743491987837,0.022623310978735267,0.008786212061882903
CST6,NRG1,2,1,True,0.7367238753779675,3.91186264830449,1.7682476806238996,3.8014988899230957,3.8014988899230957,3.8014988899230957,5.837914479754085,4.7453543254111965,4.591345845979366,-0.011786621857219737,-0.005956338984852649,-0.012383551412804727,-0.006261383908060469,-0.013043795919625734,-0.006599140966243755
CST6,PTK2,2,1,True,0.5302857185279679,1.657660181954275,0.8008936445704624,1.844914197921753,1.844914197921753,1.844914197921753,2.9433176261538696,2.5222668852088486,2.5727633140931667,-0.008172359414903851,-0.00411642702850662,-0.009029938209231814,-0.00455195300023481,-0.00879847898430336,-0.004434237612311376
CST6,RNR4,2,1,True,0.4314779341884804,4.419225062219003,1.3203818549281674,2.7302651405334473,2.7302651405334473,2.7302651405334473,3.7834675607072192,3.386557761568115,3.067404751254916,0.025423357371206823,0.0097007733744916,0.12938800427342434,0.059568781826559225,0.014755373710487185,0.007283842068170121
CST6,TMA23,2,1,True,0.217567958329899,1.9452171030207657,0.030280432525708778,0.2398945689201355,0.2398945689201355,0.2398945689201355,1.5431165821523318,1.1820967835838272,0.7634906677584972,-0.057051819205631016,-0.0295322515591539,0.021409499195571335,-0.009432810363248612,0.021920814877023354,-0.00886362696661025
CST6,TSL1,2,1,True,0.8286516665039213,6.296735842200213,2.412864623632463,4.365519046783447,4.365519046783447,4.365519046783447,6.843066698472637,5.628772374970973,5.655787089654399,-0.020958293334331912,-0.010678336670123911,-0.021061908293881493,-0.010731829210248234,-0.021156505596267694,-0.010780522682981353
CST6,YPL199C,2,1,True,0.6860179122352219,1.3264055563591923,1.4897794260847872,2.8103322982788086,2.8103322982788086,2.8103322982788086,3.3718479656433775,3.2818118673908705,3.143520325325769,-0.026646434410769304,-0.014858687324163511,-0.02580850472894597,-0.015552564842957806,-0.02705543631566698,-0.01523917559208976
DID4,PIN4,2,1,True,0.7556564358183773,3.2911938419009177,1.744464688553104,4.456598281860352,4.456598281860352,4.456598281860352,6.434059682857416,5.945856210469654,5.934227837867272,-0.02045924643848146,-0.03384904760739904,-0.11651374933688546,-0.08801559017665,-0.01515134235929022,-0.03155589438970269
DID4,TSL1,2,1,True,0.950552168122864,7.234873898833493,3.449034989880138,4.696200847625732,4.696200847625732,4.696200847625732,7.587703937999103,6.559028900293095,6.7289373396606456,-0.019855666094111657,-0.04363001191598098,-0.01928148964438897,-0.04282790191961405,-0.01709332739902858,-0.04168511259681962
EAF5,TSL1,2,1,False,0.6718033923512196,7.383048103956256,1.9388500540570108,3.8324966430664062,3.8324966430664062,3.8324966430664062,5.788149581287151,4.61998724190053,4.535270235961763,0.002544557740899678,0.0012693544123927314,0.0025518126664307306,0.0012729683378036594,0.002765351455744025,0.001379228731361093
EAF7,TSL1,2,1,True,0.8587105087955229,7.264578589854957,3.007811338383795,4.5926594734191895,4.5926594734191895,4.5926594734191895,7.2715536681482735,6.044592782741432,6.059398547235766,-0.025657099229165703,-0.016632853628861688,-0.026086138441093754,-0.016713814287586004,-0.02614325894468067,-0.01651144042327307
ELP4,HFM1,2,1,True,0.9534753496286884,3.743182777366151,2.188111986990461,4.689948081970215,4.689948081970215,4.689948081970215,7.257824716653081,6.709316390896452,6.773080959396338,-0.024165160308704192,-0.02542344324787904,-0.02490166406936295,-0.0254271115587113,-0.027194759719258166,-0.02638150632844044
ELP4,HSC82,2,1,True,0.8363231465234964,2.1577433299665536,1.8593672308057148,4.080791473388672,4.080791473388672,4.080791473388672,5.305283799052034,4.757477500137813,4.854510241232765,-0.024868838149698813,-0.024147614864701572,-0.024739047761374255,-0.024581119952488906,-0.027706530319282607,-0.025188968644223042
ELP4,TSL1,2,1,True,0.8722772407039361,6.53105033493573,2.778236120000294,4.5926594734191895,4.5926594734191895,4.5926594734191895,7.457633530841822,6.219165774744701,6.432803290423212,-0.024145912017057958,-0.0192601749486474,-0.02463689766716043,-0.019374496906029604,-0.02684675466525943,-0.02031404169481721
ELP6,HFM1,2,1,True,0.9028882242705428,2.763374974758793,2.4750969402094256,4.850207328796387,4.850207328796387,4.850207328796387,6.866316755241751,6.241754892772651,6.173690674817049,-0.023606853681788276,-0.038193949212892986,-0.024245910770505252,-0.03814370482094853,-0.02521981978709814,-0.038390501473367145
ELP6,HSC82,2,1,True,0.7429218512912037,1.2465311770576546,1.331952491472954,3.6512560844421387,3.6512560844421387,3.6512560844421387,5.362987739928558,3.553336131688182,3.903438743758363,-0.024349689090546467,-0.036892464855498075,-0.04712657716387164,-0.024484153011830878,-0.027300756502825263,-0.036441959548648595
ELP6,SIS2,2,0,True,-0.2252042169843388,-2.2608824535559147,-0.42772322135771623,-2.010596990585327,-2.010596990585327,-2.010596990585327,-3.659327376385249,-2.4845018641417367,-2.42904601564532,-0.02310779136590857,-0.023962530171287022,-0.026759549591943044,-0.022374917476952083,-0.029099907719684015,-0.028019932077889276
ELP6,TSL1,2,1,True,0.8957173566739502,5.5944326524724834,2.558103866880548,4.692992210388184,4.692992210388184,4.692992210388184,7.966757536839044,6.592357426757816,6.618702246432145,-0.023651757187102218,-0.03183454412730502,-0.029756833059842336,-0.015236824425500561,-0.03696687714636765,-0.019049150382009217
ELP6,YPL199C,2,1,True,0.6029642378850648,0.5383600130240983,2.038880189104913,3.0857155323028564,3.0857155323028564,3.0857155323028564,4.019499742026136,2.937743418466998,2.996721788979516,-0.02501106380769147,-0.03629111670081481,-0.024286029394114783,-0.03688747991071295,0.059801896324241544,0.028866854071879833
ESC2,TSL1,2,1,True,0.821358592618373,7.86806880152817,3.1091348560219423,4.366257667541504,4.366257667541504,4.366257667541504,6.696013048258907,5.481344670646817,5.60801190432827,-0.023699249144867318,-0.0121035755783645,-0.021052171390134877,-0.010728236230913513,-0.023146911465275866,-0.01181553795701934
EUG1,LRP1,2,0,True,-0.5335179964323686,-0.097417267844176,-1.9176985877969939,-2.8117589950561523,-2.8117589950561523,-2.8117589950561523,-3.8926855493510177,-2.70242652234049,-2.7334818204084828,0.03194640810435623,-0.003791250500343346,0.019624059635212132,-0.0218221003484797,0.025326959095883728,-0.013168595865495625
EUG1,MGA2,2,0,True,-0.6620205198928348,-1.1078409678451695,-1.743164214332976,-2.877298355102539,-2.877298355102539,-2.877298355102539,-4.775155414765752,-2.992766709580895,-3.008596036405863,0.023590662584029976,0.0018101171873823318,0.02223236467242412,2.6139420037263328e-05,0.02316851951323562,0.001493530462602588
EUG1,SDS3,2,0,True,-0.7755607455985729,-2.318859939859752,-0.7472583998811733,-4.442132949829102,-4.442132949829102,-4.442132949829102,-6.309724609139807,-5.483077111513323,-4.948073672145941,0.0270122122702543,-0.008318263323260688,0.022634222579391627,-0.011475713130662257,-0.0686326069618392,-0.035667716972782204
EUG1,STB5,2,0,True,-0.818197682749751,-1.9711262400798248,-2.7192340966135973,-3.813889741897583,-3.813889741897583,-3.813889741897583,-6.809606621162963,-5.269057081133076,-5.242855344058815,0.04443802265815877,0.008808080365866555,0.019402734188964377,-0.02578551066880358,0.021026798512630507,-0.024589010452340687
EUG1,URN1,2,1,True,0.2680189233547208,1.869189577758814,0.27140719158337867,0.45013880729675293,0.45013880729675293,0.45013880729675293,1.9923332908800853,1.6436308191963231,1.9950318749789684,0.011480626399380633,0.005680645163845477,0.011980700154556767,0.00592494668746868,0.01238271067334823,0.006122115820759277
HDA1,RNR4,2,1,True,0.6438262389026104,5.635114865284553,2.2165030327465898,3.7819995880126953,3.7819995880126953,3.7819995880126953,5.223430883117278,4.397096765589454,4.477358461963659,-0.08939047685428164,-0.04833175115746707,-0.011284852644991683,-0.008084923377755793,0.06938124136656021,0.03317592661486046
HFI1,HFM1,2,1,True,1.1906914542254232,3.528181169788536,2.9425828289928355,4.778562545776367,4.778562545776367,4.778562545776367,7.567536460655905,6.581532418728625,7.361982001152891,-0.1090755957634445,-0.05769032084264647,-0.041975938967561466,0.004354789556205496,-0.07392188331469357,-0.03856464293449474
HFI1,MET13,2,1,True,1.187932461679236,2.845400660464711,3.180372785780274,4.789859771728516,4.789859771728516,4.789859771728516,8.095175036424735,6.8870391267711,7.161530571231831,-0.10912635680043703,-0.05771826354007403,-0.058844545231453105,-0.020012278776033066,-0.07591443153993027,-0.039638509471861094
HFI1,RAD26,2,1,True,0.6843647045098334,-0.3813044578330563,2.192486518540257,2.4224565029144287,2.4224565029144287,2.4224565029144287,4.063380501080963,4.46827548453967,4.162395657901409,-0.11729237395370379,-0.06220809003007671,-0.11678027055477269,-0.06192593194110774,-0.07097874465591231,-0.03698098740136552
HFI1,STB5,2,1,True,0.4180102506427727,0.0540495731258093,1.336770053391378,2.0192723274230957,2.0192723274230957,2.0192723274230957,4.095881635533274,3.0302744089784612,3.050839123514286,-0.03244287059773732,-0.016572778830031276,-0.0599158093670617,-0.031056996202346088,-0.03582597682124128,-0.018336710774206677
HFI1,STM1,2,1,True,0.6098568633960235,0.1544213768959463,1.9693524132013296,2.5467257499694824,2.5467257499694824,2.5467257499694824,3.89976829818821,3.481131744504217,2.967680341467445,-0.09699448698489177,-0.05107904067317692,-0.06749543142328951,-0.035110728046545914,-0.04723901440925937,0.0007088306194026339
HFI1,SWM1,2,1,True,1.1316181940350225,2.134539761793805,2.9237550687249927,4.285674095153809,4.285674095153809,4.285674095153809,6.961364596262615,5.9311112062261815,6.437699371047904,-0.11834142065533598,-0.0627861074711597,-0.059214113431610316,-0.023461584909008404,-0.14747108276503113,-0.0799662106694346
HFI1,TIF2,2,1,True,0.3804638832274723,-0.5516439571682455,1.17156014565677,2.038353443145752,2.038353443145752,2.038353443145752,2.0085314790993265,2.5403946547584493,2.6191671379281694,-0.07897142480872105,-0.04128893239996306,-0.08980420866831207,-0.04716066658867035,-0.05673203637048446,-0.02936162135535253
HFI1,TPK3,2,1,True,0.6462257231799524,-0.4167474188149116,2.1738817933432086,2.5679798126220703,2.5679798126220703,2.5679798126220703,4.000435545481019,4.205548909635171,4.193033942776827,-0.11507384866698406,-0.06098665016735144,-0.03670131381290265,0.00697018690386253,-0.08839761732109014,-0.04639617836085447
HFI1,TSL1,2,1,True,1.1315018772575491,6.148276495745778,3.2134704500327125,4.669239044189453,4.669239044189453,4.669239044189453,8.16459550718267,6.614757839996509,7.214667826883387,-0.1055763823623661,-0.055771146532817784,-0.0356702765230289,0.007380574203724954,-0.034293035716670084,0.009163952006687515
HFI1,URA7,2,1,True,1.021297678183108,1.6865093390248962,2.477215431167519,3.611936092376709,3.611936092376709,3.611936092376709,6.168347390894058,4.70752446134075,5.321795875902362,-0.10121074157526849,-0.05338112692871294,-0.11124123576426315,-0.05888428901279008,-0.06431249465354755,-0.03340571903219075
HFI1,YJL206C,2,1,True,0.6496128446094831,-0.2086558220876258,2.107954672751017,2.3182215690612793,2.3182215690612793,2.3182215690612793,3.8881351776144166,3.949372153267937,3.7440173229942095,-0.11194585443566446,-0.059266667175895404,-0.05526527711457324,-0.0231675490180418,-0.11194182157923954,-0.05926437373526322
HFM1,LSM6,2,0,True,-0.862102821280945,-5.33202236772652,-1.9941629622354669,-4.753686428070068,-4.753686428070068,-4.753686428070068,-7.2443256243958185,-6.5988117475322525,-6.593758595858062,0.0343599711213885,-0.002625758463978334,0.025722379585933597,0.012606546995034384,0.02447521572785838,-0.014927510321439519
HFM1,SAS2,2,0,True,-0.6746086327403276,-3.581912095403062,-1.4133604715668011,-3.8638291358947754,-3.8638291358947754,-3.8638291358947754,-4.448322213776951,-4.314432531419524,-4.086439217683521,0.004643249472643607,0.002311910971941389,0.004215618713611591,0.0020998124977432697,0.004172965387791994,0.0020786618370784993
HFM1,TSL1,2,1,True,0.3311264841330769,2.6780023595913027,0.5981569854278164,1.8962396383285522,1.8962396383285522,1.8962396383285522,3.43605181220085,2.846779624157243,2.7302251346711057,0.01155555043631451,0.005717481752063991,0.011329988555923876,0.00560714709852983,0.011296366202706964,0.005590789305372712
HHF1,HPC2,2,0,True,-0.1913244735657683,-1.3074168125351082,-0.45973256134060625,-1.3395326137542725,-1.3395326137542725,-1.3395326137542725,-1.937035944599642,-2.0914761846444194,-1.7985837235657973,-0.006595794848936298,-0.0033173045967045955,-0.007665240227662906,-0.003859022311247462,-0.007437435545592619,-0.0037433743533105135
HHF1,SLX8,2,0,True,-0.8488191900305446,-1.99626849566084,-1.9019241324670397,-3.342616081237793,-3.342616081237793,-3.342616081237793,-5.885486119771934,-4.171587240054935,-4.438850183742096,0.020545447559106533,-0.02042857530513681,0.01616474119440814,-0.028661981296199845,0.019423821416694798,-0.027178227909228747
HHT1,HPC2,2,0,True,-0.1014363459062275,-0.1430753529256897,0.02131492859399242,-0.39540553092956543,-0.39540553092956543,-0.39540553092956543,-0.3534898655255457,-0.03736844357247162,-0.11531075881875447,0.003641370357132634,0.001814769743225586,0.0024669873977536394,0.0012307594127455301,0.0033080272628813745,0.0016491260682420794
HHT1,RNR4,2,0,True,0.0720192248939834,3.049803484612856,-0.17506089939776748,1.903650164604187,1.903650164604187,1.903650164604187,1.4558796893872525,2.028253827419493,1.588171129212122,-0.06942112935325928,-0.036137047721448656,0.020134242752008147,-0.009047962587554137,0.024760730589309388,-0.002735383516336398
HPC2,HSE1,2,0,True,-0.4910527330711806,-2.254978126874489,-0.8863636198139845,-3.25532865524292,-3.25532865524292,-3.25532865524292,-4.269628015124833,-3.1480966362962057,-3.027954655785977,-0.0032698773276744753,-0.0016396995548243476,-0.0024511818816771447,-0.0012282887853486413,-0.003123383388207168,-0.001566043620309432
HPC2,RPB9,2,0,True,-1.084581855578913,-2.167420389543952,-2.1280402117650903,-4.356610298156738,-4.356610298156738,-4.356610298156738,-6.202873133685808,-5.6507621269938895,-5.744349959987257,0.097813855267681,0.0461011073421318,0.10929584476453608,0.05125994414257573,0.10324456235024582,0.05536917844882017
HPC2,TSL1,2,0,True,0.6767323728343314,5.133302382171797,1.9043635835750257,3.7975354194641113,3.7975354194641113,3.7975354194641113,5.806389079940521,4.520135386142746,4.3660505138636845,-0.0040154518986975085,-0.002014942530749353,-0.0023587063938151354,-0.0011818561617100154,-0.003322622533434516,-0.0016662512643198513
HSC82,MGA2,2,0,True,-0.5995758847316273,-1.0589884518238948,-1.136036401651442,-3.083522319793701,-3.083522319793701,-3.083522319793701,-4.975618933530161,-3.6006726074692104,-3.563776809635728,0.02452804056577218,0.004198771489147379,0.0237814196114855,0.0033388490148901218,0.024675153129475713,0.00474838439574532
HSC82,OPI1,2,0,True,-0.8429821373802613,-2.083744546014139,-1.3882682012307632,-3.6254324913024902,-3.6254324913024902,-3.6254324913024902,-5.866161245415716,-4.816517972021256,-4.916917458963591,0.026053568327826515,0.003741300480282095,0.025466590274676015,0.0029544711178872696,0.026327846144527267,0.004352472595318346
HSC82,RPB9,2,0,True,-1.211404006054706,-2.9262546651455863,-2.916908909112766,-4.826454162597656,-4.826454162597656,-4.826454162597656,-7.8225832410279,-7.139509204912068,-7.576407012493775,0.058854749353930313,0.06769760004909076,0.06805967756257963,0.05484253682977702,0.1019663956636292,0.05212629485713871
HSC82,TSL1,2,1,True,0.4218945220205706,4.35250881539082,1.2840178839232932,2.615567922592163,2.615567922592163,2.615567922592163,4.292694379180636,3.4351453690884406,3.3412045842528117,0.009140884974186858,0.0045328240895328165,0.009779465467280923,0.004846616266509396,0.009055970362122079,0.004491181045494397
HSE1,PIN4,2,1,True,0.3485215185213567,3.470743548431272,1.277738679931678,2.788590431213379,2.788590431213379,2.788590431213379,4.021099926692964,3.380953350040401,3.221643259040967,0.018560450810747864,0.009125477059429898,0.018650440168879845,0.00916821397595502,0.01813680259871736,0.008920216618630739
HSE1,SWA2,2,0,True,-0.37533796328332,0.5059858673546016,-0.873445283080494,-1.2548748254776,-1.2548748254776,-1.2548748254776,-2.7535364495521955,-1.4967759723752097,-1.3975734089695535,0.01762692068476096,-0.024621457735235164,0.11930187727572633,0.01764282804897377,0.06669205607189671,-0.0037668866708768234
HSE1,TSL1,2,1,True,0.6304932848611988,7.38552524987372,2.6838233413354127,3.821199893951416,3.821199893951416,3.821199893951416,5.8025416240392245,4.2202338265646855,4.178161766873713,-0.0007527946185272305,-0.00037665147521931397,9.299968945508663e-05,4.649595746142321e-05,-0.0002036228609750279,-0.00010183001203306619
IES3,NHP10,2,1,True,0.2137452849772932,1.3515397737337178,0.25677361873403226,1.919288158416748,1.919288158416748,1.919288158416748,1.9201947409932854,1.1415891380952976,1.5229524273878097,0.010596426791930402,0.005244719949177523,0.11330395725737241,0.05230827553986128,0.11247599309187883,0.05196610271845725
IES3,TSL1,2,1,True,0.8531313644465288,8.784274443398477,3.4015350002723204,4.692992210388184,4.692992210388184,4.692992210388184,7.413612501987381,6.5210853210303,6.5620361070211874,-0.022024162442384698,-0.027337499983334124,-0.035697038915415424,-0.018400962253989683,-0.02447871668281454,-0.025760812492173102
KAR3,TSL1,2,1,True,0.9247625944908706,6.402027118217613,3.04706040343549,4.785358428955078,4.785358428955078,4.785358428955078,8.124648708791259,6.8378090715626545,6.874720293034624,-0.02451515737276433,-0.05572208787437699,-0.025517905639566463,-0.05532461870897071,-0.01986624259551023,-0.052362395965666275
LRP1,RIM1,2,0,True,-0.5863838283194631,-3.270940996165913,-1.2298790712203083,-3.9628899097442627,-3.9628899097442627,-3.9628899097442627,-4.458036313400566,-4.003513582487436,-3.9545307942828867,0.00469556002817112,0.0023377902675261186,-0.007439297495296593,-0.003745440981947845,-0.00018746455857604483,-9.374852949134427e-05
LSM6,MGA2,2,1,True,0.684361331075211,2.632009661552988,1.2368866376188847,3.5228450298309326,3.5228450298309326,3.5228450298309326,3.8302792017003373,3.9955063890225766,4.194000755957998,-0.026870621851338206,-0.013757900105362986,-0.016464018437638395,-0.01576455564792628,-0.018801156559119125,-0.01705531969516888
MET13,NGG1,2,0,True,-1.0872913654733365,-3.0780167218940844,-2.5858037779928527,-4.778562545776367,-4.778562545776367,-4.778562545776367,-8.189225335878522,-6.997684174279662,-7.102534689866062,0.0387023683452033,0.035316545928303356,0.04060090838277336,0.033149481937396974,0.05651140541819105,0.02731230462602796
MET13,OPI1,2,0,True,-0.781305923628214,-3.0577555233054383,-1.4935446906943026,-4.802315711975098,-4.802315711975098,-4.802315711975098,-7.009690914605316,-6.124274528886517,-5.990066815424717,0.025549823518200232,0.0013965357329660533,0.026384920138150858,0.00274771795042672,0.026313571450784945,0.00274242327139107
MET13,SDS3,2,0,True,-0.9624706951204792,-3.3694969101026016,-2.156475111847646,-4.764983177185059,-4.764983177185059,-4.764983177185059,-7.544407469852292,-6.727736610415737,-6.693079492318007,0.028442018866024044,-0.007763641522536779,0.025202309837397074,-0.008273651723809505,0.026476704785523997,-0.007686110659782752
MET13,SNF6,2,0,True,-0.9778144811541952,-3.3215910295418127,-2.2437184281063094,-4.8467912673950195,-4.8467912673950195,-4.8467912673950195,-7.699412201565433,-7.042211192938739,-7.091383089271067,0.01773824535962648,-0.047137524962651445,0.06310072811953427,0.030059086628606013,0.02259437678584969,-0.04280486943047768
MGA2,PTK2,2,1,True,0.3684450624990557,0.8009663490944504,0.7053062631692302,1.5659916400909424,1.5659916400909424,1.5659916400909424,2.2735332639290693,1.7902342437239982,1.815962184168107,-0.017428636242164564,-0.008852864213440392,-0.017800506275769457,-0.009045247067676732,-0.017211978891570445,-0.008741302142585616
MGA2,RNR4,2,1,True,0.4341152387825499,3.537243243040387,1.1048552920639656,3.6036977767944336,3.6036977767944336,3.6036977767944336,4.183835662399117,3.4075441013073133,3.3123613795957967,0.016922212189289798,0.002929724616994922,0.014840292952555956,0.001678896449980094,0.01296286710130995,0.006406275083891022
MGA2,SLX8,2,0,True,-0.3633903777169346,-0.34013730587589,-0.5662474373371712,-2.72265625,-2.72265625,-2.72265625,-3.3641059141841243,-2.697767360213523,-3.0728026718597894,0.08144920132557376,0.0069940485794576235,0.017705097444203566,-0.010969698090018909,0.013024834594576984,-0.02284471383025033
MGA2,SWA2,2,1,True,-0.6494438063150532,-1.4981771859184203,-1.1913148845922383,-3.0850353240966797,-3.0850353240966797,-3.0850353240966797,-3.5637062308350353,-3.2650899038652508,-3.376079580699713,0.012133325526124228,-0.01394333601690323,0.006057653963770837,-0.013130339393021218,0.010663712236602785,-0.014879445232858834
MGA2,TSL1,2,1,True,0.743921318180802,5.409084671101285,1.9682193723597714,4.496109485626221,4.496109485626221,4.496109485626221,7.359541012086537,6.009870183262244,5.867604064797812,-0.02379574121278577,-0.015494126521503115,-0.023694230889779233,-0.015295996808337764,-0.023856719612126043,-0.015149769094603027
MRN1,TSL1,2,1,True,0.7490474909898033,6.03034875829998,2.386862262478208,4.450742721557617,4.450742721557617,4.450742721557617,6.740699992051236,5.4913496143164355,5.487303011901599,-0.01818068446407778,-0.009240000816524152,-0.01754661153521364,-0.008912888197823876,-0.01842797474912866,-0.009367179682837234
MRT4,OPI1,2,0,True,-0.4444837510130491,-2.277679571145059,-0.8168841578925474,-3.3507609367370605,-3.3507609367370605,-3.3507609367370605,-3.360675989857275,-3.1463297499892757,-2.78783771659789,-0.01367323910738738,-0.006923056065574529,-0.014138588277479325,-0.007161611117348421,-0.014538324243712042,-0.007366477171108943
MRT4,RIM1,2,0,True,-0.6462124015071811,-3.4891775171366173,-1.5117443082405075,-3.7021031379699707,-3.7021031379699707,-3.7021031379699707,-4.50203262250338,-4.160800926856973,-4.098127270667115,-0.09024512699627679,-0.04778062244308284,-0.005745423926768245,-0.0028871424084315755,0.012238603884985544,0.006049955833331011
MRT4,RPB9,2,0,True,-0.9786317339766016,-3.1635405491944915,-1.9319378410044652,-4.38495397567749,-4.38495397567749,-4.38495397567749,-6.548933392866774,-5.451335374023742,-6.263083030559855,0.07204574427024446,0.03437838523198555,0.08529519909926514,0.040430353791405804,-0.005901687491251195,0.05665045066629559
MRT4,STB5,2,0,True,-0.554675159142747,-2.0106432533029386,-0.9877632460606264,-1.9838588237762451,-1.9838588237762451,-1.9838588237762451,-3.744560504879482,-2.6668915341289416,-2.744530970769968,0.016573407613554914,0.0028421552141640882,-0.022739275865560682,-0.011574506836039555,0.017540671784661732,0.004655624554116389
NGG1,TSL1,2,1,True,1.0658910557943928,6.372027819060701,3.3151117971799353,4.669239044189453,4.669239044189453,4.669239044189453,7.9300482751424575,6.859069165923736,7.260718008202366,-0.15084588503235763,-0.08405851901445549,-0.03499443378235911,-0.006471800872691724,-0.11498457729082623,-0.06097082559120692
NHP10,TSL1,2,1,True,0.8847993208111848,7.416692874762626,3.19714360138747,4.692992210388184,4.692992210388184,4.692992210388184,7.420960133553988,6.556072795814773,6.684147503457093,-0.020413463848058644,-0.03336124562038678,-0.03154660345600124,-0.029560496727872088,-0.023353306228755588,-0.03458451438000015
NRG1,RPB9,2,0,True,-1.1289115451956242,-4.9525004891044,-2.7155751787699502,-4.3736572265625,-4.3736572265625,-4.3736572265625,-7.5039875363600945,-6.229537651518531,-6.44795731206813,0.10015868275142942,0.047157539387646996,0.09603419457560147,0.0536398512564894,0.024803697314920603,0.07296187459713543
NRG1,SLX8,2,0,True,-0.8976208385896748,-3.498436446721123,-2.2004576736157513,-4.441885948181152,-4.441885948181152,-4.441885948181152,-7.5878460359666615,-6.433856546418655,-6.623828784766026,0.013930483604073618,-0.030847020108543344,0.015860877209823543,-0.03108040463227235,0.002955888708375487,0.0014749959403993484
NRG1,SWA2,2,0,True,-0.893202417224342,-4.586318987531954,-2.600179604543918,-4.3974103927612305,-4.3974103927612305,-4.3974103927612305,-7.0937295643958045,-6.338092764384192,-6.177534124460493,0.015962383865944174,-0.021489178468786174,0.03708840371598643,0.008630806198448804,0.014330573018958959,-0.023006138619455108
NRG1,TMA23,2,0,True,-0.6570142297462584,-2.0261245883336008,-1.3168402321343389,-3.171905517578125,-3.171905517578125,-3.171905517578125,-6.33915887583685,-4.1070209691908115,-4.110516031592461,0.022837336447991463,-0.013658693228095264,0.022877848606094153,-0.014862798851065728,0.022768432443468656,-0.015218018925771348
OPI1,TSL1,2,1,True,0.8198421367112061,6.394985430594462,2.245654541403617,4.410885810852051,4.410885810852051,4.410885810852051,7.236329356580033,6.098088722703576,5.975491781807408,-0.025309184523724715,-0.01744239865565994,-0.025357658311617404,-0.01732239520964418,-0.025484910665137694,-0.017156577345152302
PIN4,SIS2,2,0,True,-0.5516140890056518,-3.7868763653564654,-1.3658120726360328,-3.9515931606292725,-3.9515931606292725,-3.9515931606292725,-4.553934732249539,-3.9955335361150657,-3.938513785113135,-0.004755044734798708,-0.0023877338887617894,-0.0049514712303207475,-0.002486864883928519,-0.005227078505246174,-0.0026259554989060963
PIN4,YPL199C,2,0,True,0.0412682900212652,-0.9903566255243385,0.37140906069110835,0.1395951509475708,0.1395951509475708,0.1395951509475708,0.20690029019758074,0.14004329143529284,0.33103274599331256,-0.027281171690119344,-0.01397527725568315,-0.026042348894020018,-0.014230476793059332,-0.02683998138310062,-0.013744858742075317
POL32,RNR4,2,1,True,0.3233592542253905,5.873000174987038,1.38927193993712,4.0107808113098145,4.0107808113098145,4.0107808113098145,3.67477475679517,3.0182446935824565,2.7505451730266124,-0.001010451712234961,-0.000505503908280136,0.006999270410736003,0.003486329350940176,0.09330992533312554,0.043524362231463276
PPH3,RPB9,2,0,True,-0.9850939813161363,-0.8652730188467255,-1.982573711532333,-3.488492965698242,-3.488492965698242,-3.488492965698242,-4.0580754648873665,-3.855378154794008,-3.9787248347548,0.09960396705451524,0.04684494366151348,0.12533458372081546,0.05841166373529716,0.1253762258019709,0.05842518878005076
PTK2,STB5,2,0,True,-0.6981183533957299,-1.5550057101082424,-1.460784991586959,-3.062441825866699,-3.062441825866699,-3.062441825866699,-4.894771616451273,-3.8439350832953356,-3.600180047625573,0.022951472688689523,-0.009493357228073485,0.020018170648591405,-0.011676286070531172,0.021469422196155108,-0.010436900167145047
RAD1,RNR4,2,1,True,0.4813054400805863,4.545649220178191,1.6689097917193074,3.6628851890563965,3.6628851890563965,3.6628851890563965,4.286540717891169,3.6619018714712914,3.6754698952404947,0.0017757683497350296,0.0008865411460123873,0.0023040414074347315,0.0011497241034940098,0.01776558938089018,0.005992368545836624
RAD1,TSL1,2,1,True,0.8657731474506027,6.463350574277516,2.5337879950593596,4.54403018951416,4.54403018951416,4.54403018951416,7.122250066456892,6.046328445320432,6.149350703660801,-0.02600720763329334,-0.01708231661887616,-0.024667784157762718,-0.01623049234780094,-0.026589354270774967,-0.017011359923651825
RAD26,TSL1,2,1,True,0.5002329598351111,6.732154126023139,2.22013101451593,2.9493675231933594,2.9493675231933594,2.9493675231933594,4.220201574078738,3.3900443821482176,3.3858607314630937,0.004564406377943919,0.0022728529898258243,0.005994764210379144,0.002981182957757067,0.005679422489284658,0.0028252148559970713
RAD57,TSL1,2,1,True,0.8666282158362878,5.91944542226823,2.590480701381744,4.399588584899902,4.399588584899902,4.399588584899902,6.782506246221223,5.855690133775282,5.764967161142799,-0.024568565545024845,-0.01428174133356308,-0.022889977236200953,-0.013259422020455658,-0.02460436470473787,-0.013925656241727868
RCO1,TSL1,2,1,True,0.7801650897470168,6.67848011954673,2.6505679589101008,4.32295560836792,4.32295560836792,4.32295560836792,6.579318606283108,5.413901786727589,5.538540000424781,-0.0123999504115343,-0.00626928666051918,-0.012940492199104148,-0.006545399912068428,-0.0120870880653966,-0.006109295109712254
RIM1,RRP8,2,1,True,0.5541365761657971,3.415021610090605,1.2337210811372135,3.9628899097442627,3.9628899097442627,3.9628899097442627,4.209425364605623,3.9155216167112057,3.7424501603142257,0.011655134456301619,0.005764022906792898,0.10847764978533647,0.0502304763917204,0.017452161131091326,0.008586843497022212
RIM1,TMA23,2,1,True,0.5299064329581198,3.2616863726631866,1.0886623440461014,3.9628899097442627,3.9628899097442627,3.9628899097442627,4.4681141362409456,3.8373712831028315,3.683174573835357,0.043438826997119484,0.020220229181582727,0.016563795524222047,0.0060013921572646955,-0.00576818464523654,-0.0028971160514623673
RIM1,TSL1,2,1,True,0.9252066663072986,7.510058303796706,3.1886058098460532,4.692992210388184,4.692992210388184,4.692992210388184,7.591323689244702,6.462795460390036,6.688099215750732,-0.04132723393658322,-0.021383540672610946,-0.023517098587911123,-0.031026069384323895,-0.026023178843511297,-0.03158579019646662
RIM1,URA7,2,1,True,0.8653959690119473,2.8884149964267163,1.6484329128312285,4.644362449645996,4.644362449645996,4.644362449645996,6.460861800265362,6.35980360936761,6.440555142519802,-0.02602692116868105,-0.02946384349545139,-0.032039848386688885,-0.02478318574251498,-0.02517983799783774,-0.030462114977739374
RNR4,SGF73,2,0,True,-0.5762609682737021,-6.611174475555916,-2.3933780975716807,-3.7021031379699707,-3.7021031379699707,-3.7021031379699707,-4.867408796704861,-4.21641774964243,-4.005004305493022,0.006696722594428384,0.003331457061809595,-0.012860363614037695,-0.006503757451773284,0.0034081325081933844,0.0016999527886413235
RNR4,SKN7,2,0,True,-0.3585276220322447,-4.063630406642673,-1.0738450467094751,-2.648336410522461,-2.648336410522461,-2.648336410522461,-3.991016709985037,-3.2854615028569616,-3.252636420560232,-0.025191764015060014,-0.012868491687787309,-0.01826716072941803,-0.022007837185889112,-0.017974281112000556,-0.022706838303927113
RNR4,TSL1,2,1,True,0.777200726531796,1.883238427948967,1.546462302306085,3.348081588745117,3.348081588745117,3.348081588745117,5.805931910196012,4.113306467079639,4.453172107389003,-0.021537718532294914,-0.030226908061189328,-0.01974607287592023,-0.029103731171115255,-0.038441935227064294,-0.020206726735813585
RNR4,URA7,2,0,True,-0.1740345981829238,-2.694755135952267,-0.024262644280183987,-1.3779621124267578,-1.3779621124267578,-1.3779621124267578,-1.0433526910387503,-1.3156584822065496,-1.1920843709152726,-0.025178224894011836,-0.02646947616728862,-0.019191869018291396,-0.027416179805202723,-0.02943904386934182,-0.015085868927413482
RPB9,RRP8,2,1,True,0.9083076803602788,3.099914560961756,1.6202318078050213,4.38495397567749,4.38495397567749,4.38495397567749,5.880093624261544,5.126864479185212,5.6201676855571785,-0.07195357984797635,-0.037624812473859404,0.008931643767754904,0.05134264903978181,-0.07811079671872584,-0.04102849722448315
RPB9,SIS2,2,1,True,0.5528859366390889,-0.6056290384782851,1.1461119866432035,2.0270566940307617,2.0270566940307617,2.0270566940307617,3.724983020481967,2.4540041381815874,2.634564231765733,-0.10187592455572936,-0.0539583168207195,-0.10112455513214097,-0.053532297420825936,-0.07868714160591156,-0.04126595303989572
RPB9,STM1,2,1,True,0.8849552237175897,1.1079082805161458,1.933067402633721,2.905728340148926,2.905728340148926,2.905728340148926,4.211328847548356,3.6008398531827686,3.3349224373832875,-0.10780724604627923,-0.05721416606907126,-0.10735689970365436,-0.05696567533045682,-0.06448053383771035,-0.027902583788844804
RRP8,SIS2,2,0,True,-0.2626486638604555,-3.670505392875522,-0.9241517648550543,-2.589148998260498,-2.589148998260498,-2.589148998260498,-4.184734504591054,-3.2048854984402295,-3.185380035441356,-0.02227833586911898,-0.03039167080096883,-0.019578341881436645,-0.029729642859261773,-0.0193376991029216,-0.0298954769818931
RRP8,STB5,2,0,True,-0.5169718126768674,-1.9553952153629184,-0.712744046824466,-1.8562111854553223,-1.8562111854553223,-1.8562111854553223,-3.3475845813419474,-2.3313268170660932,-2.183673956713004,0.0016565069689844503,0.0008269599083691181,0.0016854634470029328,0.0008413730847371959,-0.09194243207018754,-0.04888190728335068
RRP8,TSL1,2,0,True,0.8837991466984407,4.156637957761481,2.136770676722913,4.692992210388184,4.692992210388184,4.692992210388184,7.886321509429309,6.635747331949675,6.5161404359796204,-0.022777653353657112,-0.03838834534677554,-0.02097868211720294,-0.037232383431371086,-0.02127463278602354,-0.03714496758455932
SDS3,SWM1,2,1,True,0.7445231814342355,2.4671557539022344,0.8314598864481304,4.442132949829102,4.442132949829102,4.442132949829102,6.586728343503382,5.8432444503237395,5.907784864362446,0.07000956238057093,0.03360322505407931,-0.02536233188659709,-0.030676259070694323,-0.026007178897752004,-0.03158149123478765
SGF73,TSL1,2,1,True,0.9246835438630328,8.447803143599547,3.4288601518787116,4.655659198760986,4.655659198760986,4.655659198760986,7.993338083481989,6.625440611201559,6.7565958442602,-0.03621380507902067,-0.026658273622118422,-0.022921595258649674,-0.031957535611682686,-0.024282642791281894,-0.03265862811897352
SIS2,TSL1,2,1,True,0.8029494952032589,7.705187712835865,2.81962470758627,4.365519046783447,4.365519046783447,4.365519046783447,6.716867412817552,5.525344384698562,5.662467614703443,-0.014524863458819814,-0.007357521480634788,-0.013589534843887419,-0.006878206662580155,-0.013074327106502692,-0.006614412232756162
SLX8,TSL1,2,1,True,0.9055837273458498,5.826910683150103,3.2501228974640215,4.785358428955078,4.785358428955078,4.785358428955078,8.6364315595048,7.002800510134458,7.143977727938427,-0.019559004127997326,-0.0536736006678839,-0.015060836270241962,-0.049060737903397766,-0.013027204644398382,-0.006570782806884334
SLX8,URN1,2,1,True,0.9522437737148812,3.5286398393727345,2.6288967083183423,4.736729145050049,4.736729145050049,4.736729145050049,7.440434142385538,6.791484942722056,6.901172168898943,-0.05491114012425219,-0.027481706069949652,-0.022288022955205822,-0.04605234569497685,-0.05520989370672302,-0.02880067875188086
SNF6,SWM1,2,1,True,0.9149233734283349,2.551190684737306,1.7066500266680755,4.648959159851074,4.648959159851074,4.648959159851074,7.961471651581572,6.648960577273653,6.908767558404991,-0.0175478216948452,-0.06146109667025984,-0.03863648490218713,-0.05545922894876343,-0.020969036400974472,-0.06318618067806053
SNF6,TSL1,2,1,True,0.9580066842939198,6.671486105300643,2.8544058652260307,4.785358428955078,4.785358428955078,4.785358428955078,8.522992788946809,7.065371925217649,7.157396661492678,-0.014894183631259605,-0.055560716717845626,-0.033375620815780105,-0.04348064042674665,-0.020696642023792566,-0.05888225437905309
STB5,TSL1,2,1,True,0.9031668124788804,6.099574159250359,2.5934209518049105,4.704288482666016,4.704288482666016,4.704288482666016,8.041232161649667,6.6010608969227125,6.685500986267103,-0.023024248385689006,-0.0397286871464983,-0.020543889435311158,-0.038217279569124574,-0.021919044500139373,-0.03873264809424898
STM1,TSL1,2,1,True,0.7501038958699862,6.10557984744618,1.7986559054327946,4.366257667541504,4.366257667541504,4.366257667541504,6.951046471637082,5.7817767599184915,6.04931512951517,-0.023696229081266174,-0.01210168765433145,-0.02385495808849042,-0.012184040175514166,-0.023012450913134253,-0.011745323902782101
SWA2,TSL1,2,1,True,0.961680818914282,6.861352324748086,3.2444437032354276,4.684904098510742,4.684904098510742,4.684904098510742,8.280875485566185,6.924640256615954,7.140655063932636,-0.036197403232374525,-0.018616031079037088,-0.010606275943964738,-0.035436874641783744,-0.015618013374503581,-0.04185466430095758
SWD1,TSL1,2,1,True,0.879499095707803,6.555619609856573,2.8007123403047505,4.580624580383301,4.580624580383301,4.580624580383301,7.245126251815311,6.040155155148302,6.048689360857468,-0.026378398765788125,-0.016550412335540055,-0.024523131629482664,-0.015427005555310236,-0.02636785159298699,-0.0161673881576892
SWD3,TSL1,2,1,True,0.8320015276735405,7.283006820183386,2.8124600533870514,4.5926594734191895,4.5926594734191895,4.5926594734191895,7.694798743150681,6.327002962258455,6.3481072869173785,-0.024975648359435443,-0.02066461590722468,-0.024138120667518692,-0.02007118978911321,-0.025838470582318362,-0.020741920452444385
SWM1,TSL1,2,1,True,0.423530292228702,4.170443295075691,1.1963469249875494,2.8730015754699707,2.8730015754699707,2.8730015754699707,4.102738205294964,3.2319670241495038,3.079906208401822,0.007256195691831446,0.003604378959136123,0.006650724439783207,0.0033055048122526687,0.007399843000307937,0.003675311956762184
TPK3,URN1,2,1,True,0.4652429492228796,4.28511706987382,1.2801227588651756,3.786238670349121,3.786238670349121,3.786238670349121,4.861691471597473,4.2927043700125616,4.177827689188582,0.0019530394489099545,0.0009747971284504997,0.0014508366518621862,0.0007244652829354603,0.0020862197126471638,0.0010411548646374058
TSL1,UBA4,2,0,True,-0.8684423120036797,-7.390913054550023,-2.992763691919962,-4.580624580383301,-4.580624580383301,-4.580624580383301,-7.004064592793439,-5.927011750677049,-5.9391442428592915,0.025196610971088773,0.008516094949682973,0.024504255022582355,0.008333509384380045,0.02469363416013537,0.008655582424422992
TSL1,URN1,2,0,True,-0.5301025792149757,-2.4013908174876644,-0.8215949033289413,-3.2090706825256348,-3.2090706825256348,-3.2090706825256348,-4.84541049645393,-3.3929534307262053,-3.2038485599659867,-0.00043518777968920563,-0.00021767941158601367,-0.001164647274413011,-0.0005829371757613,-4.000015176575111e-05,-2.0000795252883563e-05
TSL1,VAM3,2,1,True,-0.9098200332710747,-6.941684712851286,-2.701016540471721,-4.692992210388184,-4.692992210388184,-4.692992210388184,-8.101584183165096,-6.816493649980599,-7.03485486850678,0.022172726646207896,-0.011740335447989025,0.02642367361139608,-0.007017047040530966,0.03733878648098199,0.018098861559314505
TSL1,VPS8,2,0,True,-0.774610362390957,-7.085511229624794,-2.7260385766016824,-4.677145004272461,-4.677145004272461,-4.677145004272461,-8.237825017954172,-6.666262506309236,-6.634804325511278,-0.07231028671244033,-0.03768520229421157,0.023816224700941746,-0.004893489901073023,0.02401231561934314,-0.004562630225393771
TSL1,YAF9,2,0,True,-0.7841195278584767,-7.591318037422518,-3.0009728873350636,-4.366257667541504,-4.366257667541504,-4.366257667541504,-6.730668003866194,-5.464493554413419,-5.741572735277881,0.013432058419833026,0.006634655509075382,0.013340591531634749,0.006590085160944947,0.013495223649673371,0.006665719040805929
UBA4,YPL199C,2,1,True,0.8747326739616865,2.413881409476081,1.6919550622794308,3.9397754669189453,3.9397754669189453,3.9397754669189453,5.786722611525894,5.153152335064554,5.244635352055435,-0.026558566582141674,-0.02094586280379046,-0.024602700840520908,-0.02105980999563012,-0.02561248350276446,-0.02051256099028087
ATG32,CTR9,3,0,True,-1.09178329018046,-2.5649295095637568,-2.0914662464739138,-4.444911003112793,-4.444911003112793,-4.444911003112793,-6.384575977569977,-6.104217814826754,-6.235349710787956,0.04343032244262768,0.04761615574363387,0.07221311188049556,0.03451876957679534,0.11556888486163003,0.054202252976733534
ATG32,URE2,3,0,False,-0.4995639423167816,-1.7506811909638502,-0.30420481160186075,-1.8974835872650146,-1.8974835872650146,-1.8974835872650146,-2.862929870638431,-2.8848196835267954,-2.832536567089691,-0.006846326201169928,-0.003444469771895109,-0.0042828099788347895,-0.0021497326461941135,-0.0036049216977560583,-0.001808334458334726
BCY1,BMH1,3,1,True,0.0291462865447414,0.4138274783314984,0.36764727224202254,1.3043668270111084,1.3043668270111084,1.3043668270111084,1.078316755359215,1.0985625330808129,0.9345972103784193,0.011897589083811388,0.00588421014784779,0.013537790615984757,0.006684933300768803,0.012515957127332611,0.006186238961245594
BCY1,CHO2,3,0,True,-0.5910144803603808,-0.5731552341901299,-2.0898872713120022,-2.686988592147827,-2.686988592147827,-2.686988592147827,-3.3456974020613446,-3.8594546490831902,-3.7373637465897636,0.0600667417944159,0.024224489709678054,0.022482182042307397,-0.03867080489230973,0.11434123041128741,0.02206818228557328
BCY1,CLN3,3,1,True,-0.1180512268113005,-0.4993995876946691,-0.39713229702389263,-1.2853175401687622,-1.2853175401687622,-1.2853175401687622,-1.5949429551723981,-1.7928358064150371,-1.614292818529605,-0.004565038651659026,-0.00229195227325818,-0.004288155613160427,-0.002152478902094024,-0.0046214273632779745,-0.0023204453612777343
BCY1,DDR48,3,1,True,0.6923599187047111,3.69775351502121,2.874065366803582,3.855119228363037,3.855119228363037,3.855119228363037,4.478783645198484,5.197980270532386,4.674394140117221,-0.01587622413632017,-0.008052471676468276,-0.015129685083219602,-0.007669522798343709,-0.014205106438225756,-0.00719409187335035
BCY1,DEP1,3,0,True,-0.6275411738177479,-1.813474183821686,-0.8136385459174491,-1.6594856977462769,-1.6594856977462769,-1.6594856977462769,-2.649082782481619,-2.473045121956085,-2.6493456571148357,0.024337383513170996,0.010757866126196891,0.022432609371675516,0.008470925315661848,0.02398490023816713,0.009781950835134445
BCY1,GSY1,3,1,True,0.7029325139635724,3.6670845765298594,3.4795050354128065,4.888574600219727,4.888574600219727,4.888574600219727,6.476869054564441,6.4890302554662895,6.792969954967621,-0.02135846982433659,-0.01088564359813221,-0.021026160233934943,-0.010715047741105266,-0.020194334169878203,-0.010282032898474014
BCY1,RME1,3,1,True,0.7160578996504836,1.908599082992736,0.8053425587982854,3.236255168914795,3.236255168914795,3.236255168914795,4.571335893815147,4.703789295270079,4.364714958192096,-0.023157218828775694,-0.011821880615289715,-0.02173404402930723,-0.011082455881732955,-0.022291744695863758,-0.011371987027543773
BCY1,RPS21A,3,1,True,-0.1092026443186672,0.0168977773729188,0.004669600449449973,0.9322013854980469,0.9322013854980469,0.9322013854980469,1.429723093611946,1.1566861966521038,1.488013665844926,0.02361129555144359,0.01155147889436281,0.02263257661698448,0.009909855328522177,0.023095087322830443,0.010693750004181712
BCY1,TPS2,3,1,True,0.1279523865391389,3.6047122367155424,0.13219660757036156,2.1714277267456055,2.1714277267456055,2.1714277267456055,2.0956745859418384,2.2079367800039966,2.687624689544279,0.018753972896259075,-0.014504162620087357,0.017985514367329092,-0.016484353674069863,0.03745479473523544,0.01114494684032974
BCY1,YTA7,3,0,True,-0.4170210944477565,-0.668897154350438,-0.6182534517954341,-1.168466329574585,-1.168466329574585,-1.168466329574585,-1.8363863651436585,-1.9480903401961551,-2.216547330166822,0.02318046900531434,0.0016092259368872819,0.022450320147583136,0.0027163052484839856,0.022353188461354367,0.0008243287571173541
BMH1,CTR9,3,0,True,-1.017844202200589,-4.026216282283624,-1.778856325973349,-3.943312168121338,-3.943312168121338,-3.943312168121338,-6.568663201733454,-6.426028598765992,-6.130392263452543,0.03521909990885841,0.03649199065471742,0.03205948527079072,0.038074688604094464,0.03390052404658428,0.03714382514531411
BMH1,DEF1,3,0,True,-0.5569064797325773,-2.064260049933766,-1.0494153178676076,-3.09900164604187,-3.09900164604187,-3.09900164604187,-3.3235299122716766,-3.147927815121891,-3.2010992476385596,0.004085776288099585,0.002035103744581601,0.0019958712346265783,0.0009960669445546744,0.004766782855626539,0.002372809957353228
BMH1,DIG1,3,0,True,-0.2710568951494181,-0.7811605418258561,-0.6665199799703743,-1.0675772428512573,-1.0675772428512573,-1.0675772428512573,-2.498076723151157,-2.5019682019582,-2.5091101597315033,0.010841780594115946,0.005366756716981058,0.008762029174683605,0.004345450549423369,0.009117906907293916,0.00452036537196332
BMH1,HXK2,3,1,True,0.1684303656376678,0.5808292805526769,0.28824812263999355,1.1383007764816284,1.1383007764816284,1.1383007764816284,0.3783623314038039,-0.08225147012817313,0.5477631070831095,0.00473515860990148,0.002357376851627402,0.0023910256615371495,0.0011928935927394413,0.014077676455065635,0.006951648115944509
BMH1,INO2,3,0,True,-0.4277050387952083,-0.6725976084479548,-1.0510785404832514,-1.8459694385528564,-1.8459694385528564,-1.8459694385528564,-2.268223620471657,-2.342946045667156,-2.1688525248153647,0.019506000086951025,-0.006450052246366134,0.007875093788945242,0.003912577718691801,0.018389887187706178,-0.0071385440823945046
BMH1,RGP1,3,0,True,-0.621601211213477,-4.213738566112408,-1.916662322841808,-3.673189640045166,-3.673189640045166,-3.673189640045166,-4.9959450048169245,-5.268491781527047,-5.119074186651925,0.012898081899871738,-0.005688895656011994,0.017333610327380455,-0.0032305430186674866,0.011069483664856328,-0.0026745964289508484
CAC2,DDR48,3,1,True,0.8193221690533149,7.425839655163179,2.4152451263106265,3.9287514686584473,3.9287514686584473,3.9287514686584473,5.5512386123748945,5.689528128665817,5.57525168459358,-0.026031863220670082,-0.013340181959736408,-0.02427020285643572,-0.013012441493138238,-0.02484961236964095,-0.012703734898888042
CAC2,TPS2,3,1,True,0.3305674824365607,7.281082043203943,2.2932769148389127,2.947650194168091,2.947650194168091,2.947650194168091,3.6276894667014847,3.6975584160670123,3.8567153983673426,0.01962248754929885,-0.007873631391053293,0.018621441304158715,-0.01019650368091829,0.02528219350704819,0.012378644783907489
CHO2,DDR48,3,1,True,0.9345167077770148,4.266656713412209,1.986433898727113,5.667239189147949,5.667239189147949,5.667239189147949,7.711405485155412,8.214717264459034,8.841631261237993,-0.023344503592962307,-0.05941420407394621,-0.017641394485268247,-0.0659192442298554,-0.09887117979917787,-0.11205566370795417
CHO2,GSY1,3,1,True,0.9775892756321388,4.210088933150814,2.1842137657966854,5.287410736083984,5.287410736083984,5.287410736083984,7.094902773723426,7.569546426138885,7.56536850875835,-0.0561409716935235,-0.04735038620379539,-0.04061663436140206,-0.058045381321037814,-0.014915246297148688,-0.06450983295306179
CHO2,INO2,3,0,True,0.2778072627433762,0.2537240623103386,1.0544425007476743,1.4984135627746582,1.4984135627746582,1.4984135627746582,1.7477647030687162,2.612334724642501,2.0807890050411455,0.04297275813133927,0.021348572129476162,-0.03202567565843406,-0.016306343953788827,-0.04981605816878626,-0.025665668041398748
CHO2,IRA2,3,1,True,0.2698899070133803,-0.2491847718163634,1.5654954869584792,1.555509090423584,1.555509090423584,1.555509090423584,1.9484382575585928,2.7714782793470425,2.290270400119299,-0.018372430066949885,-0.03951929553208677,-0.014914759242442122,-0.04154698042969862,-0.010029357757993629,-0.0371375454768198
CHO2,NCS2,3,1,True,0.2288687697713101,-0.2441229659832286,1.3147359181673313,1.2173656225204468,1.2173656225204468,1.2173656225204468,3.2069348907189283,3.817044797830797,3.131646390591275,-0.07504366841813814,-0.03918784710861334,-0.006846102527428788,-0.030636792591573703,-0.022536331930882558,-0.03991233352947687
CHO2,NRP1,3,1,True,0.712579353835561,1.1318147405412935,2.0206646877372156,2.6514739990234375,2.6514739990234375,2.6514739990234375,3.092524387206541,2.9756752889541795,3.0252415721621606,-0.012894125656906508,-0.05103313102684093,-0.11955569109912978,-0.06395207734191666,-0.013819809663468963,-0.05066683767153224
CHO2,RIM101,3,1,True,0.4391267493584004,0.6440238890588267,1.3911097464048066,2.308220863342285,2.308220863342285,2.308220863342285,2.951181184015951,3.0819562863433587,2.3628353821025376,-0.020537733816890724,-0.009852073324531863,-0.03968245630967576,-0.020506858750091672,-0.038181299292915305,-0.01948527820965945
CHO2,RPL16A,3,1,True,0.4528814682102033,0.1204033008381152,2.6838951686015857,2.95382022857666,2.95382022857666,2.95382022857666,4.915110739949538,4.914847030616208,5.04097474313169,-0.041429117364497836,-0.03915774073088729,-0.01843883224819537,-0.04730899653787335,0.008992323528129231,0.004470815655843952
CHO2,SLT2,3,1,True,0.7838768403385041,3.185782253997135,1.7113681763527362,4.152464866638184,4.152464866638184,4.152464866638184,6.338447807028999,5.898224974272878,6.447843988615735,-0.023098423836617643,-0.054700157323665566,-0.010515060600454706,-0.04610245110160183,-0.01575913791043254,-0.00795755887866606
CHO2,SRP40,3,1,True,0.6714928503925142,0.9824764588338644,2.773821441846934,2.759014368057251,2.759014368057251,2.759014368057251,5.043637930726348,4.449445216749252,4.619077480162397,-0.014468153409392615,-0.05327711634464155,-0.02836305079136303,-0.049526988870108035,-0.008359692325612067,-0.045791592340721166
CHO2,TPS2,3,1,True,0.6700041820193074,4.157453299430087,1.160946778913667,3.3237428665161133,3.3237428665161133,3.3237428665161133,4.928630916988537,5.578196978621429,4.986029792802974,-0.004834393048469332,-0.01826222602622063,-0.001583935232853717,-0.000792843629651041,-0.011366052918099223,-0.007679499137469681
CIN8,DDR48,3,1,False,0.6928493841844034,5.652659550581998,1.0460869414233098,3.6658220291137695,3.6658220291137695,3.6658220291137695,4.817830359661254,4.9065863420369835,5.030724582709062,0.0008194591694341002,0.0004094260534057703,0.0011929678817051426,0.0005958359148580117,0.0016007767301630116,0.0007992335009994189
CIN8,GSY1,3,1,False,0.782139993187898,5.558614413231848,0.8854050624079219,3.774155378341675,3.774155378341675,3.774155378341675,3.415144591434938,3.8625817413631465,3.526356503457224,-0.004740382487800954,-0.0023803255049927863,-0.004711873424103341,-0.002366037347474481,-0.004405815109407185,-0.0022116507594984736
CIN8,IRA2,3,0,False,0.186780398790053,1.1454907318514504,0.7400817814724148,0.38736027479171753,0.38736027479171753,0.38736027479171753,1.8533789620844119,2.261469521494906,1.3437888460612881,0.027358723198016688,0.0054863084585046185,0.025024963385232912,0.0032251813136671137,0.025401653059656193,0.004566121781492405
CIN8,SLT2,3,1,False,0.4430743307077575,4.568521262386844,1.294750090949944,2.8114442825317383,2.8114442825317383,2.8114442825317383,3.6393286677753354,3.92753355937917,3.806589592051097,0.025503691126678607,0.012439761489643542,0.023408161956131823,0.009821382832258307,0.025637580448160835,0.012031400080563692
CLN3,DDR48,3,1,True,0.7089000658815079,4.2683818449015,1.675204928520495,3.525822639465332,3.525822639465332,3.525822639465332,4.947163114801795,4.728569278637343,5.237252970481444,-0.011376957626710704,-0.005746790493958931,-0.010938447768087334,-0.005523493948462577,-0.009605940778820099,-0.004844548752235667
CLN3,GSY1,3,1,True,0.6901370443807671,4.12253760011753,1.7006221341085208,4.446712493896484,4.446712493896484,4.446712493896484,6.150794575583298,6.256772910958245,6.380978090330031,-0.016873224204425052,-0.008564528680649719,-0.016857405151111338,-0.008557469929901362,-0.015614510033229223,-0.007917040800369368
CTF18,GSY1,3,1,True,0.8907202571211987,6.440791343727522,2.0261389296523973,4.469009876251221,4.469009876251221,4.469009876251221,6.08512953758342,6.408000957387538,6.038105386926228,-0.02607326402751836,-0.036378174414788134,-0.02746473417787454,-0.03508744497192451,-0.026546862550736627,-0.03556492060017741
CTF18,SLT2,3,1,True,0.714209805812544,5.4010205827485125,2.320544334697953,3.8786463737487793,3.8786463737487793,3.8786463737487793,4.848530476493595,4.70287102991087,4.687850751649008,-0.02273943067758416,-0.019553135512566933,-0.022347379300040326,-0.01915697746642958,-0.02275764170747141,-0.018988099484137932
CTF18,TPS2,3,1,True,0.5418810222029616,6.364555522194354,1.8803390921358876,3.8472161293029785,3.8472161293029785,3.8472161293029785,3.7117651246857624,3.8472888894930684,3.721099757024178,0.015421396302740975,0.007212596815038719,0.01564046288863169,0.0066800559708123375,0.03072537449005419,0.01393475764223917
CTF4,GSY1,3,1,True,0.8999505407714495,7.505068225863294,3.182523437507257,4.556842803955078,4.556842803955078,4.556842803955078,6.0648374938420755,6.306416242923921,6.185005219506882,-0.028072681868568372,-0.03685965840695721,-0.0240052018027494,-0.03586669958691541,-0.02688664389712786,-0.03588445407494756
CTF4,SLT2,3,1,True,0.7635679199996536,6.502840847136378,2.6988386685222494,3.8261055946350098,3.8261055946350098,3.8261055946350098,4.754742437872528,4.7193833126891045,4.657952176764654,0.07890721344404283,0.03755898219577747,-0.021484007350354606,-0.018753491881708384,-0.02410239115206053,-0.018789369907753095
CTF4,TPS2,3,1,True,0.4970367332854763,7.483784171944034,2.7627499470588894,3.5197019577026367,3.5197019577026367,3.5197019577026367,3.7207960685901025,4.09687167741235,3.8498679501099424,0.015680022999820575,0.0077249977447421125,0.015390959311632924,0.005804777143036954,0.018195351353457512,0.008372794378786907
CTR9,DDR48,3,1,True,1.1649606939546755,7.283896407408864,3.5726355910785044,4.9611406326293945,4.9611406326293945,4.9611406326293945,7.737473122472149,7.9085803052813235,7.760283748362825,-0.029456953045000067,0.02757567490503665,-0.04985669292215461,-0.0031576339899629935,-0.05149889447372147,-0.005601876225377667
CTR9,ELP2,3,1,True,0.9021312409902796,2.159705945717459,0.7459382816794866,3.9756579399108887,3.9756579399108887,3.9756579399108887,3.887103591985734,4.518265460109296,4.134419124288104,-0.09391582629285689,-0.0501113401618144,-0.04671837110954463,-0.024078283536001,-0.0636119494692115,-0.03321605056661309
CTR9,FZF1,3,1,True,1.133787421265254,2.9502073196863874,1.907353875662693,3.717832088470459,3.717832088470459,3.717832088470459,6.775723617240732,6.545066014120444,6.435174123578099,-0.13923292889898609,-0.08819059071948143,-0.07376208245373117,-0.038248853811695294,-0.07479151658734873,-0.03908562607565036
CTR9,LOS1,3,1,True,0.9245300780762368,1.4422869068315265,1.6997790478454906,3.4312095642089844,3.4312095642089844,3.4312095642089844,3.843793563408752,4.242895468363715,4.561785827463152,-0.05046712406380438,-0.009917073649563624,-0.11287394269976875,-0.05988414515880508,-0.06622646093749823,-0.033132240908390564
CTR9,LSM12,3,1,True,0.9370220323432386,0.855879416305994,1.2115301061312511,3.8984286785125732,3.8984286785125732,3.8984286785125732,4.963500737130454,4.900600328009369,5.235469469891066,-0.05415627342386903,-0.009784295108341723,-0.04948868407941809,-0.002808853550026469,-0.11874071639907408,-0.06311807599913805
CTR9,PPT1,3,1,True,1.2065733987081766,4.357706500227132,3.2681132035879115,4.825258731842041,4.825258731842041,4.825258731842041,8.146108175670898,7.854307551997843,8.11014592283766,-0.033457431136690086,0.025695068809947874,-0.05374436380962183,-0.004805556406097644,-0.08249355318847218,-0.03746551643864815
CTR9,SNF11,3,1,True,1.1785605831477584,3.232497147147808,3.051651846056404,5.728424072265625,5.728424072265625,5.728424072265625,6.996818945837521,7.128214414908445,7.157447957935009,-0.044891313395298615,0.010213556847927241,-0.12584575262385955,-0.06704931937691117,-0.07395267386249099,-0.032862841183811164
DAT1,DEF1,3,0,True,-0.0673912414904328,1.9220787426421675,-0.5918631581388887,1.0534054040908813,1.0534054040908813,1.0534054040908813,2.095262283647644,2.081148181177279,2.0777442767911047,0.020356234362786996,0.00030185478774047425,0.018114558126724134,-0.001056565562642886,0.020798872544395386,0.00040341117967401807
DDR48,DEF1,3,0,True,-0.8652393787362962,-5.358642717813943,-1.5462618165526951,-3.494664192199707,-3.494664192199707,-3.494664192199707,-5.189678555708653,-5.522104543091082,-5.604675558800386,0.019950950203616702,0.0036858703890960687,0.01736253133609994,0.0017684426868920244,0.02132822083982361,0.005205506583933706
DDR48,DIG1,3,0,True,-0.7521597214470215,-4.127596644673614,-3.0187412816626713,-4.809088706970215,-4.809088706970215,-4.809088706970215,-4.9734020052963395,-5.4904133679062905,-5.611261960997196,0.023508161854128296,0.0035623464870907506,0.020926097553223832,0.0016535025879831355,0.02236631044183962,0.0039036401154636247
DDR48,GIS1,3,0,True,-0.6172263338040991,-3.736671432548499,-1.7058589481093245,-3.3431878089904785,-3.3431878089904785,-3.3431878089904785,-4.906704404649473,-4.643948874712297,-4.946307529637943,0.0021597830664196183,0.0010777880726657862,0.002337311644455109,0.0011661811241819864,0.0014293533222209387,0.000713758851316415
DDR48,HAL9,3,0,True,-0.6757522478916482,-7.28494519138308,-2.827356920334429,-3.6550722122192383,-3.6550722122192383,-3.6550722122192383,-5.261954597605072,-5.234559106484443,-5.615468980495555,0.002263284448012437,0.0011293251721864461,0.0032871835563678675,0.001638697566221814,0.0025041229545651467,0.0012492461286505163
DDR48,INO2,3,0,True,-0.8972835658709182,-3.977498916086673,-1.7839551236523805,-4.775291442871094,-4.775291442871094,-4.775291442871094,-6.534278933353946,-6.600678700973726,-6.308035702503087,0.021960757990688307,-0.019363467993131933,0.018561367660120787,-0.021609493675339764,0.02238154353136157,-0.0177336662330167
DDR48,LSM12,3,0,True,-0.648873979787075,-6.484717838811235,-2.937698982868893,-3.6658220291137695,-3.6658220291137695,-3.6658220291137695,-4.970491634260863,-4.811638410791298,-5.218327846683494,0.0008251444401268238,0.0004122652010016825,0.0014059554231019011,0.000702083661139774,0.0002125618745953406,0.0001062606494208751
DDR48,MDS3,3,0,True,-0.75628121389317,-7.587500775230432,-3.1301788714023413,-3.8829727172851562,-3.8829727172851562,-3.8829727172851562,-4.673913348145334,-4.856830062176991,-5.1964551840200714,0.009764794912798636,0.0048393581397864205,0.010264753672344695,0.005084661683383951,0.00930630416057443,0.004614244253265953
DDR48,MSN2,3,0,True,-0.6403397191996805,-7.006946987323524,-2.576007569966774,-3.6099634170532227,-3.6099634170532227,-3.6099634170532227,-4.266420480667524,-4.014465510736734,-4.517790361451515,0.0011894425789396035,0.0005940827491602851,0.0018628129940621574,0.00092983613723574,0.00045408556052844995,0.00022695006710282684
DDR48,RGP1,3,0,True,-0.9209078812215388,-7.526928375669592,-2.6728709351235524,-4.794820308685303,-4.794820308685303,-4.794820308685303,-5.6592531913234865,-6.254052744400974,-5.771262964967676,0.037544582406532245,0.015236479752063992,0.04270105201660718,0.02059401685398521,-0.06490813053597977,-0.031890790898458254
DDR48,RIM101,3,0,True,-0.7941229499811271,-3.586449571124069,-3.130779942931091,-4.84213924407959,-4.84213924407959,-4.84213924407959,-6.84498916180023,-6.984057368230147,-7.129915029758042,0.022192879402660515,-0.01144868282246636,-0.06558525965682349,-0.03406742335645563,0.024615116097349565,-0.00942786476221108
DDR48,SCS2,3,0,True,-0.734694705704986,-7.34443125856764,-3.194594402664462,-3.8377065658569336,-3.8377065658569336,-3.8377065658569336,-4.698581705310673,-4.913523651049565,-5.29371407828798,0.011093972989650758,0.0054915460127474836,0.01040460998714815,0.005153162051771298,0.009800291571033626,0.004856950452317488
DDR48,SEM1,3,0,True,-0.6800777345157334,-4.476008618548734,-1.7177896376193047,-3.1993167400360107,-3.1993167400360107,-3.1993167400360107,-4.627077400241236,-4.422933849867865,-4.881791062390057,0.0038779326810766124,0.001932199436713855,0.00409980845640856,0.0020423077460963723,0.002323904487848638,0.0011595237178427809
DEF1,EBS1,3,1,True,0.318446054778111,-0.0833655570676037,-0.4346856110269641,-0.23036035895347595,-0.23036035895347595,-0.23036035895347595,-0.7399638233588011,-0.5446798548266865,-0.4334994308317092,-0.019513039922496755,-0.01971612763629038,-0.01792423010935673,-0.018513958616706738,-0.0216853664358998,-0.019189332596899367
DEF1,GAL80,3,1,True,0.2207089297357588,0.1140444693045746,-0.1416786855438783,0.7977162599563599,0.7977162599563599,0.7977162599563599,-0.22959180582379668,-0.07467819330821666,-0.5449196274062573,-0.018860160813046922,-0.011784097486263023,-0.017301529720967046,-0.010636477490450547,-0.020129381811303804,-0.01167913280518934
DEF1,GSY1,3,1,True,0.8074841459667249,5.30846864331272,2.7927829828176662,4.616531848907471,4.616531848907471,4.616531848907471,6.3236301552151915,6.645878272492585,6.6990773452399,-0.020831798358305897,-0.019156585773889845,-0.01776878315805064,-0.01869077844963829,-0.02170417242855882,-0.019280353531834327
DEF1,HOM2,3,1,True,0.414786241606872,1.5442869065986906,0.7145801375784124,1.7153445482254028,1.7153445482254028,1.7153445482254028,1.9061372821529137,1.6617428684951263,1.6855636458676106,-0.00026762017768233726,-0.0001338435156443829,-0.03369781660344012,-0.01732022179624565,-0.0014522691085515627,-0.00072711868932962
DEF1,NRP1,3,1,True,0.6280806102830497,2.139726770854396,0.9206154113558522,3.5051803588867188,3.5051803588867188,3.5051803588867188,3.636363520983143,3.5053521509694283,3.5722120443717924,-0.008300539241855032,-0.004181937269778668,-0.010669043385746702,-0.0053881224464588096,-0.011305425521057622,-0.005711954687906418
DEF1,RIM11,3,1,True,0.1594280114995917,-0.5787212322590863,-0.1887468110139423,0.525716245174408,0.525716245174408,0.525716245174408,-1.203985394271252,-1.1355384325402527,-1.0431351683680676,-0.020778112217108347,-0.015696555530456457,-0.01771841308286043,-0.01526059414924602,-0.020877302959268706,-0.016195804078099063
DEF1,RME1,3,1,True,0.738680652259903,3.637005905120676,0.7082583852086612,4.387746810913086,4.387746810913086,4.387746810913086,6.171662751365101,6.031948383778041,6.615402609010361,-0.02018034278345887,-0.020098804181082286,-0.01823286187907558,-0.0190696974618772,-0.020746537364875695,-0.020378459561542328
DEF1,RTT107,3,1,True,0.401312650349119,0.7684111536819045,0.156545453690482,1.0569524765014648,1.0569524765014648,1.0569524765014648,1.6512889472188594,1.1000332368862258,1.2979564759511795,-0.017581368442388612,-0.008933537325625907,-0.016726087304047565,-0.008493776916186024,-0.01838855105065751,-0.009350412049842882
DEF1,SLT2,3,1,True,0.5763845909779894,4.269141208895155,1.5445621638440503,3.357950210571289,3.357950210571289,3.357950210571289,4.464259231065075,4.589807753523562,4.516403852727883,-0.04804851705585478,-0.024950819560520365,-0.005266240339128592,-0.0026461633976574417,-0.04051265146930172,-0.020929682263707727
DEF1,TPS2,3,1,True,0.2554171200018378,5.251725091812907,1.601629668313393,2.701268434524536,2.701268434524536,2.701268434524536,3.553110333176454,3.8615373190463087,3.941749028359921,0.026347923475649015,0.008976156395965162,0.011118221589793864,-0.014600519740906814,0.11001405174379658,0.03128043838478578
DEF1,YTA7,3,1,True,0.1833528383939568,0.9510599147836049,0.46389302344574546,1.005237340927124,1.005237340927124,1.005237340927124,1.6355819185203888,1.681623119004748,2.0218824523005408,0.016837005786076498,0.003887831050367274,0.012994185408837733,0.0002038765617464744,0.01691567793119203,0.004423157514018894
DEP1,NPT1,3,1,True,0.6047505507088984,0.9650508755267084,0.1622768985038867,1.987797498703003,1.987797498703003,1.987797498703003,1.8518114797265333,2.050331832982337,1.7263896961278145,-0.027036269674499236,-0.02220697686053008,-0.025395690497085455,-0.022420029939102526,-0.026666084487316777,-0.02284669351651558
DEP1,RME1,3,1,True,0.8269754152777078,3.779307949200247,1.3369609340404462,4.467766761779785,4.467766761779785,4.467766761779785,6.2591332885282815,6.178943981224778,6.073761279569821,-0.026595796919470505,-0.025973254568871396,-0.025983571876908695,-0.025650350847369663,-0.027059247813925436,-0.02619886545597605
DIG1,GSY1,3,1,True,0.7725744240303388,4.029399733205089,3.5825675682462528,4.888574600219727,4.888574600219727,4.888574600219727,6.174450661531309,6.8247861574998385,6.947253514024456,-0.02442703295084908,-0.022888762495363146,-0.021365722949258426,-0.022421325208496656,-0.022750755522534416,-0.021647840510147842
DIG1,RME1,3,1,True,0.7853674833602385,2.289448650149752,1.4799405206726712,4.241661071777344,4.241661071777344,4.241661071777344,5.461949739518317,5.293280696118881,5.597601454570671,-0.023777017912582188,-0.023842498964086523,-0.021839213944483127,-0.022809078887300105,-0.021788130308116993,-0.02275144601203377
DIG1,TPS2,3,1,True,0.3840556306783934,3.9924377380180935,1.3890902212288765,2.7406132221221924,2.7406132221221924,2.7406132221221924,2.854553020286972,2.7916850220170337,3.182365057793517,0.015380928962172413,-0.005563633190769468,0.014378082501288747,-0.007876181928652137,0.015938993571091242,-0.007061122136379827
DPB4,GSY1,3,1,True,0.624375416918628,4.307777790498268,1.7967334093841174,3.3431878089904785,3.3431878089904785,3.3431878089904785,4.160162347781615,4.44483433158345,4.6358899847385775,-0.0017234103714646176,-0.0008630376171951948,-0.0023412544066128693,-0.0011731018632970547,-0.00148844314717278,-0.0007452138119860008
EDE1,SLT2,3,1,True,0.1473543197640332,5.195509800777225,0.6441015869241404,3.8365960121154785,3.8365960121154785,3.8365960121154785,4.549701863804384,4.422146136628985,4.482603783886842,0.020475379663719484,0.010047831177702138,0.020036636701387667,0.009836127667654626,0.021183186214470684,0.010388855348754777
EDE1,TPS2,3,1,True,0.1284063178563633,6.180116109715674,1.8365022944681595,1.9881888628005981,1.9881888628005981,1.9881888628005981,2.582671706575943,2.5193267281180187,2.695902181056331,0.020832849603504233,-0.01873786170148345,0.0468992510634369,0.01942154780941785,0.023011197545332096,-0.01781971773305402
ELP2,SEM1,3,1,True,0.5138810304313588,0.7104126237533025,0.6057717482038285,0.9225195646286011,0.9225195646286011,0.9225195646286011,1.9943850467911806,2.1658962923112037,1.9414018921580225,-0.026693802756793117,-0.0230354819822971,-0.026261799543484676,-0.02327543963242812,-0.026026356981610876,-0.023386246665786536
ERG2,IRA2,3,0,True,-0.0366658060520297,-0.4005584990774586,-0.04894965948819774,-1.1383007764816284,-1.1383007764816284,-1.1383007764816284,-0.807303634061325,-0.5988805000840952,-0.6059801829740419,-0.017603802009661884,-0.008943704924594342,-0.02523336330193421,-0.012889077798437898,0.005732112906185138,0.0028522679509765947
ERG2,SET4,3,1,True,0.3471164450833133,0.0821898208632491,0.386060367963486,1.8183414936065674,1.8183414936065674,1.8183414936065674,1.4690475207526976,1.3839120239657245,1.1436767431205341,-0.03310333732675308,-0.023782995137859753,-0.032534358118981865,-0.023337862006035937,-0.026335661573424596,-0.013452526080218408
ERG2,SLT2,3,1,True,0.7244389450085311,3.0254933914594555,1.4379008929212542,3.5051803588867188,3.5051803588867188,3.5051803588867188,4.482786738095459,4.074844704975704,4.215151129449998,-0.009665749299542725,-0.004872055560612154,-0.0261716009202555,-0.013393350187579922,-0.02226091471449626,-0.016865320170647846
ERG2,TPS2,3,1,True,0.4968881049614126,4.002741184196329,1.0990768962594908,3.048213005065918,3.048213005065918,3.048213005065918,2.944182674506215,3.2917866660450823,3.225352074031627,0.10919476395766353,0.047310923323769516,0.028371393086024266,0.01050969691260184,0.10929955369850186,0.047476606801224897
FZF1,GSY1,3,1,True,0.5378444815837515,4.258749435138835,1.6245126920118942,3.2429275512695312,3.2429275512695312,3.2429275512695312,5.179664354820481,5.184906677001202,5.50707948879657,-0.006928764992006231,-0.003486026050835811,-0.008916223588966987,-0.0044939922660345855,-0.006847866727397067,-0.0034450278111012866
GAL80,IRA2,3,0,True,0.002234946986483,0.7315506394703446,0.3378259821166196,1.4282009601593018,1.4282009601593018,1.4282009601593018,1.6591098835626958,1.6346271189022001,1.3067206262733615,0.026402094820871247,0.009522191913499012,0.02554507480137652,0.009460259717794628,0.028954148743926766,0.011504642347413108
GIS1,GSY1,3,1,True,0.6675728972162245,3.65795184926732,1.3388747493275517,3.4865798950195312,3.4865798950195312,3.4865798950195312,4.107240848691373,4.12450152980943,4.785283582648377,-0.007643749431380353,-0.0038481525590167154,-0.008257628662077465,-0.004159675390929984,-0.007445544917847102,-0.0037476611997400155
GIS1,YTA7,3,0,True,-0.5318189504203231,-0.6396752663121544,-0.7301413678908535,-1.5155272483825684,-1.5155272483825684,-1.5155272483825684,-2.703030861083934,-2.324649216732981,-1.8819326978166213,0.02544847602592576,-0.0036024568300762616,0.022765395993493143,-0.005357965924246866,0.025724470584867987,-0.0027448324443829497
GSY1,HXK2,3,0,True,-0.7670646727345736,-2.64396659716943,-1.1216547163800081,-4.128726005554199,-4.128726005554199,-4.128726005554199,-5.594024426853118,-5.878968852987159,-5.794280143160442,0.027419146057850174,0.007724054683059811,0.024103004250115967,0.005008462694221505,0.026956893521810354,0.007846885245090252
GSY1,INO2,3,0,True,-0.8880847489034476,-3.9038594242153297,-1.6309836594105596,-5.3209333419799805,-5.3209333419799805,-5.3209333419799805,-6.901207618012267,-7.131601828674194,-7.130976145311344,0.022876754320716453,-0.021575095103792408,0.04894560754758648,0.02349556497306937,0.02223684298719375,-0.021489179634504252
GSY1,IRA2,3,0,True,-0.7783136833588542,-4.426022139544625,-1.539581660594381,-4.888574600219727,-4.888574600219727,-4.888574600219727,-7.037897962538805,-7.302449287509936,-7.378138249771134,0.029566703940780814,0.005603282986831992,0.02622748934959751,0.001845675421961901,0.026936411219521783,0.00369290136284961
GSY1,MDS3,3,0,True,-0.6516854962084397,-7.519489228709833,-2.687687853924219,-4.721309185028076,-4.721309185028076,-4.721309185028076,-5.49996782383459,-5.566754618223619,-5.945497750258864,0.015254463061669166,0.007522478547508316,0.016188072540089304,0.007975479089599391,0.015323259230392683,0.007556218157083849
GSY1,MSN2,3,0,True,-0.7188534255521113,-6.929136934911069,-3.0576337802745037,-3.9423348903656006,-3.9423348903656006,-3.9423348903656006,-5.212207179485866,-5.406600268686585,-5.9264392669136186,0.006669972694120618,0.003314959346056079,0.0077859891114398505,0.003865585005318417,0.006467504108574329,0.003214955424852284
GSY1,NUP120,3,0,True,-0.8461651021424379,-7.425694620106537,-2.8960227778649577,-3.9738597869873047,-3.9738597869873047,-3.9738597869873047,-5.7942399879466056,-5.897719773105645,-5.969344156768049,0.024372642040598524,0.011916670508736793,0.02190668893613379,0.010005168474654269,0.023123476624569095,0.011318490322037134
GSY1,RAD18,3,0,False,-0.7681670792740847,-5.158683537167249,-1.1016072670959818,-3.3543217182159424,-3.3543217182159424,-3.3543217182159424,-4.910471571113186,-4.960686717161023,-4.6031008101022355,0.005322359703079316,0.0026484325168792955,0.005476845925953877,0.0027248159372924574,0.00453111570006115,0.0022563146386286315
GSY1,RAD50,3,0,False,-0.7703172912531986,-5.013233066400368,-0.9506197881203935,-3.3543217182159424,-3.3543217182159424,-3.3543217182159424,-3.8492998979783155,-4.347439361203085,-4.219766649387759,0.005509517129309027,0.002741108601805542,0.006183886083723944,0.0030746423688512436,0.004162204837232619,0.002073292166884344
GSY1,RGP1,3,0,True,-0.9476594994515508,-7.393088460825868,-3.1110637875606697,-4.276683330535889,-4.276683330535889,-4.276683330535889,-6.335790828264196,-6.921590383828061,-6.5400847498561445,0.03258480740530317,0.004158514252449286,0.018218543113884378,-0.020939071793970587,0.038987525660462874,0.019747894886972595
GSY1,RIM11,3,0,True,-0.6899979652002985,-5.862030025697191,-2.9201382975578785,-3.7720227241516113,-3.7720227241516113,-3.7720227241516113,-5.363658177812938,-5.193507088361049,-5.292599498525636,0.00663257749505114,0.0032965356615246577,0.006579108183676685,0.0032699463045294808,0.00584981813406138,0.0029095366650789822
GSY1,ROX1,3,0,True,-0.6290149575676075,-2.838262684046281,-1.4087259139603656,-3.4810657501220703,-3.4810657501220703,-3.4810657501220703,-4.619117177163599,-4.191099019477133,-4.026353348355599,0.007101620006076836,0.00352827109183651,0.008043805836425666,0.003992840225138905,0.006577723614725861,0.0032695362884439527
GSY1,RPS21A,3,0,True,-0.7963139466944493,-3.5958878982091984,-2.5092108755939497,-4.883918762207031,-4.883918762207031,-4.883918762207031,-5.261378003469167,-5.373604184641003,-5.505127030371751,0.026888568837640958,0.0034616716379877177,0.025712101509307805,0.0017401168725391658,0.027092612614977807,0.003899845035681526
GSY1,RTT107,3,0,True,-0.724677867721934,-4.553379260317249,-1.4259902033471805,-4.774997711181641,-4.774997711181641,-4.774997711181641,-6.072968060594286,-6.510802317634438,-6.178330382504354,0.01976053889467383,0.009704974755188056,0.01975978176289961,0.00970313015951385,0.019109005147677383,0.009390584598201634
GSY1,SBP1,3,0,True,-0.8038933956602066,-6.273828710707676,-2.5762821642883704,-4.003411293029785,-4.003411293029785,-4.003411293029785,-6.028254134624005,-6.28898838306845,-6.163260021296871,0.025730652966684864,0.012542334646497566,0.02439641184032193,0.010764762519562932,0.026177895598930856,0.012779712054473147
GSY1,SET4,3,0,True,-0.6932569237732558,-3.8428770298760986,-1.5258368571561967,-3.4131317138671875,-3.4131317138671875,-3.4131317138671875,-5.106190005710607,-4.910235058695969,-5.429634046275111,0.010781038928887099,0.005338257708523142,0.010565914661328057,0.005232288995616785,0.010386491613673055,0.005144788695183755
GSY1,SNF11,3,0,True,-0.5887557421449503,-4.007737573733537,-1.6387647358682607,-3.3252878189086914,-3.3252878189086914,-3.3252878189086914,-4.187646748275601,-4.2321860907537925,-4.353559536649113,-0.003167204190888284,-0.00158810059212261,-0.002521819406483383,-0.0012637796577826266,-0.003731154323065977,-0.0018718177138488667
GSY1,TPS2,3,0,True,-0.4927250573917676,-0.0422331140791159,-0.3464690634903249,-4.09592866897583,-4.09592866897583,-4.09592866897583,-5.07694780641696,-4.004173305622989,-4.179136473587011,0.04583014053142426,0.022085942756725263,0.020930290786402184,-0.025469534185215914,0.02383596378157049,-0.022581472390092117
GSY1,UBA3,3,0,True,-0.8014380342685632,-5.560116021416731,-2.6676204931753924,-4.951857089996338,-4.951857089996338,-4.951857089996338,-6.4530841619905015,-6.6476372839458575,-7.193853821020528,0.025659218230137892,0.006405735862237472,0.025352332128420974,0.005099273111582758,0.027393698100335484,0.007558392282726811
GSY1,YTA7,3,0,True,-0.8987406044661866,-4.285440398819391,-1.5978437945996777,-4.54627799987793,-4.54627799987793,-4.54627799987793,-6.131906329880779,-6.305325773492887,-6.2496230186814845,-0.0685306321010768,-0.035617224430436356,0.022658780212130525,-0.009952975379838858,0.040685170059163556,0.019653217848176974
HOM2,LOS1,3,0,True,-0.3426259914974789,-2.055169298672033,-1.285350014611268,-3.354762554168701,-3.354762554168701,-3.354762554168701,-3.908646937933033,-3.4552889493053556,-3.6717943413625624,-0.02213106811437693,-0.011288307259131991,-0.021892726660403483,-0.011165489328836264,-0.02176433729537791,-0.011098387899306228
HOM2,SLT2,3,1,True,0.6137366938084488,2.681881216910336,1.2999050597564654,3.4314215183258057,3.4314215183258057,3.4314215183258057,3.8925200745398714,3.5958742910240398,3.972294651969776,-0.006384193235311197,-0.0032107175850114023,-0.0061210595266066314,-0.003077731461209321,-0.005198839904620112,-0.0026117716484661546
HXK2,RPS21A,3,0,True,-0.333554443306181,-0.9054032030669468,-0.4928992636081695,-1.1120884418487549,-1.1120884418487549,-1.1120884418487549,-1.8296654168672837,-1.5589984662003213,-1.5825927404431401,0.006995224060330929,0.00347535575567004,0.008981095972963704,0.00445356643035677,0.007602732675246804,0.0037749909807864857
HXK2,SEM1,3,0,True,-0.228806472465603,-1.7527893035026962,-0.8521344882858966,-1.9474411010742188,-1.9474411010742188,-1.9474411010742188,-2.6769885743242448,-2.5298774457059183,-2.7374571403240324,-0.027276471878456887,-0.014755864164575583,-0.02467005121023441,-0.013848296767761392,-0.02584308063573948,-0.014693132132332254
INO2,NRP1,3,1,True,0.4964098415643169,0.766396582655649,1.0616386720727053,1.744961142539978,1.744961142539978,1.744961142539978,2.7010685466142395,2.942096729281964,2.800146667352721,-0.019936053793978004,-0.03009663809949986,-0.016407951271284693,-0.029138290504169884,-0.01986875833443269,-0.029145670593330952
INO2,PPT1,3,1,True,0.6874341067651987,1.0353332500318404,2.0259496537756227,4.017808437347412,4.017808437347412,4.017808437347412,6.012941162208882,5.702229499625423,5.362002988583606,-0.02240721986809946,-0.04509437774173486,-0.018917570955357677,-0.0439408006466091,-0.021938285285510895,-0.04430188095927157
INO2,RIM101,3,1,True,0.1778867086325711,0.3504374839712707,0.3557164875143304,0.9831932783126831,0.9831932783126831,0.9831932783126831,1.0506193031794324,0.7815704551138412,1.0855018382335389,-0.013584561161833375,-0.0068796198050767865,0.0641490178580113,0.030773171232232666,-0.033534597402673505,-0.017256905790387855
INO2,RME1,3,1,True,0.7690281563674799,2.221119469419219,2.266689460942681,5.606585502624512,5.606585502624512,5.606585502624512,8.315165886313157,7.337604014682858,7.725775711956437,-0.022163228115454903,-0.045434828205338396,-0.01991517423436323,-0.04371187339847876,-0.021188714188202618,-0.04486023211435436
INO2,RPL16A,3,1,True,0.1904258759513586,-0.2614253610973533,1.6079185326711594,0.25273704528808594,0.25273704528808594,0.25273704528808594,2.4853799551405373,2.597661208109294,1.9817877170483054,-0.02108269490712622,-0.030795469445605128,-0.03284257435098553,-0.01687972762377249,-0.038722605852068104,-0.020005102610400005
INO2,SLT2,3,1,True,0.7577299093826271,2.8696235701224992,1.6661545716135358,3.438631057739258,3.438631057739258,3.438631057739258,4.702044634480325,4.25999288319378,4.662859177745091,-0.02532138267731765,-0.03036123112785072,-0.017537523720599135,-0.026684090479446476,-0.0201298335910573,-0.026970261751205316
INO2,SRP40,3,1,True,0.4562518152595533,0.6282679242017878,1.3785499770998264,2.098076820373535,2.098076820373535,2.098076820373535,3.3826061723019425,3.2341575748575853,3.0187272460388432,-0.019838246479182864,-0.030700685330560196,-0.015687884278960562,-0.030030317031386866,-0.018713860102766988,-0.030255333100131343
INO2,UBC4,3,1,True,0.0957386124690612,-0.6305913600070336,0.09504636119547882,-0.2256995141506195,-0.2256995141506195,-0.2256995141506195,-0.22648322579823799,-0.15596512215670508,-0.17405615677934305,-0.024338101571663495,-0.02970094085681496,-0.016485576969581583,-0.02732285347679897,-0.019953059221456626,-0.0273503020219667
IRA2,RTT107,3,1,True,0.1246233107472513,-0.0869094412576125,0.30469817321614556,-0.9956676959991455,-0.9956676959991455,-0.9956676959991455,-1.0026869540793892,-1.2860654077708182,-1.378443282872168,-0.027228539832255372,-0.013947566107816445,-0.02558020613874673,-0.013876440817409963,-0.025566343667096925,-0.013123575327622927
IRA2,SEM1,3,1,True,0.2959713334401911,0.0207434970503484,0.42068303558071385,0.835910975933075,0.835910975933075,0.835910975933075,0.6900512119987103,1.2889872478426871,0.7453165929485133,-0.028429150810113712,-0.019455097828789902,-0.0267881372606818,-0.01904650544602765,-0.02590342977450999,-0.01872830986339813
IRA2,SNF11,3,1,True,0.4573886834283811,0.4434279907496419,1.3368586463791523,2.262984275817871,2.262984275817871,2.262984275817871,2.177659963077953,2.3215559179745098,2.0045159181449677,-0.029266966178954856,-0.026204835787746572,-0.028753964600609194,-0.026453223579952834,-0.027064260312890498,-0.025249856852726127
IRA2,TPS2,3,1,True,0.2643135131634648,4.3995852298204765,1.0223802537208453,2.807344913482666,2.807344913482666,2.807344913482666,4.234219755354157,3.8762177144526593,4.576814450637478,0.025983010626485448,0.012694070274045788,0.020021413225638107,-0.0001360313358073073,0.019510418875468172,-0.0021628166114482927
IRA2,URE2,3,1,False,-0.3022990568588646,-2.008427214915993,-1.395242385532974,-2.101942777633667,-2.101942777633667,-2.101942777633667,-3.5101186756068987,-3.354998906176059,-3.366384574737225,-0.03264663008098345,-0.01913878557129889,-0.025716873596413725,-0.02144996529409826,-0.02588894961568261,-0.02058799546703266
IXR1,RME1,3,1,True,0.7878935819918752,4.560216274887423,1.590927075958367,4.39254093170166,4.39254093170166,4.39254093170166,6.280068328063136,6.476496693011191,6.156950292582741,-0.025603217065567785,-0.031126916724252884,-0.0238445147156216,-0.03017308671700364,-0.025189995060314496,-0.030877172204454573
LSM12,TPS2,3,1,True,0.0927606799094596,6.381238324435743,1.7921427687766887,0.5848344564437866,0.5848344564437866,0.5848344564437866,2.179020144213637,1.8415678561059012,2.053781930656943,0.020829214160994758,-0.020970371836177837,0.02157137573682133,-0.02075561597775083,0.023252228485531934,-0.019632564862694046
MDS3,TPS2,3,1,True,0.2111882105866057,7.489476349292395,2.5706819285245572,2.2677175998687744,2.2677175998687744,2.2677175998687744,2.9017960824208906,2.8118845736864237,2.8644592400728452,0.02025049129729445,-0.016555578400546667,0.021187418592489182,-0.016315333931382014,0.02277898706169701,-0.015017899866272055
MSN2,TPS2,3,1,True,-0.0505994762539377,6.912189202505505,0.9549861903348917,-0.2821561098098755,-0.2821561098098755,-0.2821561098098755,1.6165940448567224,1.375530116986441,1.4180343488450473,0.020560514677330943,-0.021016360575846826,0.02139674566415345,-0.020663139608397496,0.022919122862428754,-0.01977224628820462
NKP2,TOM1,3,1,True,0.2890136148692965,0.8102431148570769,0.3891465756612025,1.0562294721603394,1.0562294721603394,1.0562294721603394,1.036021057196251,0.21366563386167978,0.21856361199906843,-0.007259502071027268,-0.003653744312622609,-0.006263528757996073,-0.003149717805189356,-0.0010926564101246261,-0.000546863659581065
NOP6,TPS2,3,1,True,0.0578886538040377,3.695227924930072,1.0930573145858666,2.559670925140381,2.559670925140381,2.559670925140381,1.9003308006213584,2.082908853632567,2.3027031175519865,0.01828262783241208,-0.016627629813641465,0.01818409450327113,-0.01762325968568218,0.02090287273803554,-0.014938806542956373
NPT1,RGP1,3,0,True,-0.8147315675751878,-2.935618810076399,-2.4889090613223175,-4.418135643005371,-4.418135643005371,-4.418135643005371,-5.733002525420616,-5.737230986007338,-5.794030796409309,0.015821234325375355,-0.017969556915005014,0.038237202467439,0.01851419172743196,0.03719105300356518,0.020616067672304617
NRP1,YTA7,3,0,True,-0.5446526235523779,-1.234430419229631,-0.9867556467000149,-1.572888731956482,-1.572888731956482,-1.572888731956482,-2.919401816861269,-3.0410501644423626,-3.2035221760257713,0.022928149124808783,0.003641008060257356,0.018334250560580634,0.009021809669965353,0.023992771329883034,0.005649740723593477
NUP120,TPS2,3,1,True,0.2956660099469771,7.407896184482129,2.5689557703702297,2.730741024017334,2.730741024017334,2.730741024017334,3.23202955558806,3.304075747551134,3.226058981712653,0.034512496968140405,0.016753320326568066,0.016223053205541904,-0.01687016816346748,0.019302031487142324,-0.01423426564481789
PHO85,PPT1,3,1,True,1.1823450219402607,3.210291288913164,3.511822322737114,4.539186477661133,4.539186477661133,4.539186477661133,7.867502026137014,7.456039010385531,7.825398655600669,-0.02231582707564772,0.03207737518318721,-0.0833740714777525,-0.04366802285754251,-0.11584402075134359,-0.06170168420238442
PHO85,RPS21A,3,1,True,0.9396924097559376,2.5667514007464445,1.5001862808703885,3.919799327850342,3.919799327850342,3.919799327850342,5.515623034578424,5.534068900244742,5.2883492266764005,-0.010720508355314462,-0.0646573370182561,-0.0014164358006771849,0.03520522990274044,-0.08632964415846217,-0.04527098106269151
PHO85,SLT2,3,1,True,0.9351858676187936,5.016540628790532,2.9596542255603264,4.129024028778076,4.129024028778076,4.129024028778076,6.907773032473906,6.876495968187534,6.410757505303726,-0.0034165463678792474,0.040729436615289716,-0.08697749510889868,-0.04562953322764535,-0.09577827942343314,-0.050410848475477554
PPT1,RGP1,3,0,True,-0.9026957007948048,-4.511286107634021,-2.6365430825278295,-4.658590793609619,-4.658590793609619,-4.658590793609619,-5.864725613942099,-5.2788325777006,-5.927950787566446,0.015288430121129848,-0.021896021944192046,0.01836504978611403,-0.021142205693572225,0.012720828651068605,-0.020380436878458807
RAD18,TPS2,3,1,False,0.2189835401293717,5.134707590358521,1.697735542115875,0.40523767471313477,0.40523767471313477,0.40523767471313477,1.8529768611686634,1.8722547657785735,1.9894117084774439,0.02071088590025144,-0.021626163675728505,0.020530464621397626,-0.022759630155725352,0.022381145688051607,-0.021391842829106722
RAD50,SLT2,3,1,False,0.4419520793642557,4.040305031947653,1.0216070955125174,2.8114442825317383,2.8114442825317383,2.8114442825317383,3.7823265216919904,3.9507853620669184,3.973742352027358,0.02530171842459028,0.012360915861909239,0.024803285482336568,0.01194297638058417,0.025407564321507425,0.011681092592315534
RAD50,TPS2,3,1,False,0.264623543375824,4.9818792988721246,1.174856931928792,0.6886327266693115,0.6886327266693115,0.6886327266693115,1.4510993067988973,1.562932490796258,1.742626907430838,0.0495957634777503,0.023789363542288666,0.021278191918360057,-0.021668467677579017,0.0219908976156048,-0.021961733300507436
RGP1,SLT2,3,1,True,0.571894458831499,6.415682971953244,1.8380964738061585,3.619196891784668,3.619196891784668,3.619196891784668,5.603109449498705,5.761943009782666,5.552470009557687,-0.013083522933710068,-0.01988032442916693,-0.01591170384862306,-0.022079514785113608,-0.016944429005449013,-0.013836295986350056
RGP1,SRP40,3,1,True,0.7195234047078833,4.109764537903692,1.77496424892119,3.4682581424713135,3.4682581424713135,3.4682581424713135,4.962291057868036,4.852785265840081,4.964530003457186,-0.013111664293683212,-0.02324828771554005,-0.00918564961292928,-0.00462648218709244,-0.01639264339115426,-0.008307909432919869
RIM11,TPS2,3,1,True,0.091868066593976,5.831471180896848,1.4298515733889783,1.2375187873840332,1.2375187873840332,1.2375187873840332,1.3052520537674668,1.6834680963084998,1.516060329080641,0.02128709463061168,-0.020361317368334297,0.02090146988809588,-0.021801353769644427,0.02296752067277824,-0.020109043714416186
RME1,YTA7,3,0,True,-0.8128684485376998,-2.615980151294493,-2.6159833538284305,-5.088372230529785,-5.088372230529785,-5.088372230529785,-7.372550365456149,-7.054669479112894,-7.034101577640216,0.025362517481366753,-0.008858845369059898,0.02314643124148935,-0.009871313711428742,0.0249404183559489,-0.009033768611416249
ROX1,SET5,3,1,True,-0.4817287799896471,-4.254938877731124,-1.446343572301572,-3.600520133972168,-3.600520133972168,-3.600520133972168,-5.131184430453612,-4.965630619240684,-4.75011167466517,-0.00735579486575727,-0.003702082519899619,-0.007356103452312468,-0.0037022737766974623,-0.006228164937153946,-0.0031313714355869493
ROX1,TPS2,3,1,True,-0.0225127293128116,2.8161736332850915,-0.17433275267683612,-0.327778160572052,-0.327778160572052,-0.327778160572052,0.46957065460770864,0.20395328246583885,0.23323828719656303,0.03465913258188097,-0.001057540982324301,0.023278386686858665,-0.018772991344690182,0.024855166479532287,-0.01780168332351989
RPL16A,SEM1,3,1,True,0.0877004926340802,-0.2623918641767798,-0.26217946366967304,-1.167429804801941,-1.167429804801941,-1.167429804801941,-0.7854526257174607,-1.3645739074236998,-1.126519092451375,-0.015174425387915857,-0.007690898048645922,-0.01355528100830844,-0.0068611638207076164,-0.014517132595761595,-0.007354184133975816
SEM1,SRP40,3,0,True,0.1249185451249169,1.1131191705296997,0.9409735164268174,1.2963249683380127,1.2963249683380127,1.2963249683380127,2.2868109185311027,2.431490341364801,2.5037978711589988,0.015194816766422814,0.007492975612258035,0.014095348311180422,0.006957129974581866,0.015706606812672386,0.0077413603985660995
SET4,TPS2,3,1,True,0.1038806216100159,3.8335081364213752,0.9881439508505565,1.8759584426879883,1.8759584426879883,1.8759584426879883,2.3519157263176007,2.315539867931917,2.362600970475234,0.04809947078403859,0.02308605609479064,0.12047466826847525,0.02246584273147867,0.022823149928737407,-0.017714330283634894
SLT2,THR4,3,0,True,-0.6873100268113754,-5.513190590615267,-2.555548760868657,-3.7283291816711426,-3.7283291816711426,-3.7283291816711426,-5.016846377354805,-5.046675014304346,-5.14847950540495,0.017324177853687728,-0.013239567255412366,0.02156817690781926,-0.010059003602574668,0.020009827466115626,-0.011390224389326076
SLT2,VAM6,3,0,True,-0.6611217018681569,-5.397037903089078,-2.0766502372207816,-3.7237343788146973,-3.7237343788146973,-3.7237343788146973,-5.7900372642196976,-5.465347783913625,-5.4043823812158465,0.020601951096378746,-0.007648043174538377,0.02873246910810584,0.005972987248237804,0.030435868270396405,0.007078567256790902
SLT2,VPS41,3,0,True,-0.7580589054948592,-5.632997337701063,-2.4313013864688413,-4.131330966949463,-4.131330966949463,-4.131330966949463,-6.083637398093594,-5.757772831915301,-5.459297734776479,0.019484604066335176,-0.017949168706234142,0.012121564021664921,-0.021993082626392657,0.015371420235827604,-0.0192986878721354
SRP40,TPS2,3,1,True,0.1429546203618114,3.149459435567356,0.7513260337887022,2.4235994815826416,2.4235994815826416,2.4235994815826416,2.0050258760481716,1.9343767527229203,1.7262600494191376,0.018810513629565373,-0.01301727703955824,0.0231752368758793,0.011372207565399362,0.020238656878027617,-0.01259240781868709
SRP40,YTA7,3,0,True,-0.4555042608811511,-1.084345268783342,-0.8244927975859841,-1.4858741760253906,-1.4858741760253906,-1.4858741760253906,-2.7668389571532948,-2.567746007373155,-3.006043207056707,0.022869373240567203,0.003003852988918476,0.01977668400171667,0.0005359160861183598,0.022903667013542628,0.003487263977693833
TPS2,UBC4,3,0,True,-0.2076178431860486,-4.530347702321746,-1.4875992625859187,-2.731666088104248,-2.731666088104248,-2.731666088104248,-3.5093935931713793,-3.3345950410684084,-3.7502599083489514,-0.021334138353007348,-0.029783214088574372,-0.018378558078261442,-0.030073454780911946,-0.01545240558228933,-0.007819991267374982
TPS2,YTA7,3,0,True,-0.4628429373253666,-4.2526633520785335,-1.2749810065201181,-3.048213005065918,-3.048213005065918,-3.048213005065918,-3.0584880570542605,-3.272143028437342,-3.3592457422314506,-0.01569438548465729,-0.011129726944717477,-0.01449464454921412,-0.012513489698799174,0.00018884083312814548,9.440532276916436e-05
ADD66,GSY2,4,1,True,0.3665402332618426,4.839491617470396,1.1213607600750382,2.9198131561279297,2.9198131561279297,2.9198131561279297,3.1469106486493716,3.3527093345081824,3.652117446449676,0.011859906835441913,0.00586675338974485,0.011704106458555685,0.005790509861755555,0.010384371436578665,0.005143697635799249
APN2,NMD2,4,0,True,-0.5368590229270072,-1.91127440486027,-1.7065370278534477,-2.703477382659912,-2.703477382659912,-2.703477382659912,-2.845565577012919,-2.767467293680892,-4.212160101321123,0.012524548563577043,0.006192078562912373,0.010887616162830849,0.0053906285121849695,0.011502900664003612,0.00569209497527734
ASF1,DUN1,4,1,True,0.5695977390084971,1.3259095862800625,1.093305653240451,2.874211072921753,2.874211072921753,2.874211072921753,3.2865695625224625,3.4264859730214257,3.6144403025717207,-0.013797653313258773,-0.0069713982395477325,-0.02174637457816836,-0.03179139099445916,-0.023408164626463224,-0.0330459108147243
ASF1,GPG1,4,1,True,0.8634297957100648,4.656883743658264,1.606967565241788,4.313904285430908,4.313904285430908,4.313904285430908,4.448678075186834,4.443271130233759,4.847278481528758,-0.02829449176418547,-0.04387899139635776,-0.026040768526517433,-0.04347437617982519,-0.027794147015631376,-0.044789521845652436
ASF1,GSY2,4,1,True,0.8864427307353069,4.500322488672378,1.751233372594982,3.772278070449829,3.772278070449829,3.772278070449829,4.033445083939478,3.7684892391899014,4.336750193459686,-0.026430592646563,-0.0391296939563453,-0.024931515793424508,-0.03840361454822694,-0.04118965859188484,-0.032524976388300875
ASF1,RAD54,4,1,True,0.4203253802051357,0.7299947657873811,0.7013052135490014,2.7560789585113525,2.7560789585113525,2.7560789585113525,2.516235862454456,2.8419451438268633,2.6408611625458542,-0.02290963699646026,-0.019559393539332837,-0.021621716115134915,-0.018847024677655255,-0.02358514237438314,-0.01984618351561407
ATG10,HTZ1,4,0,True,-0.7878614876311154,-3.0780680293693203,-1.5953116754887982,-3.8200929164886475,-3.8200929164886475,-3.8200929164886475,-4.224161023232737,-4.071371309216508,-4.727440564769911,0.01621394855172248,-0.018974753177529502,0.036217508080174154,0.017567000177085346,0.019571133891161774,-0.017863468949790406
ATG10,OCA1,4,0,True,-0.7412846720801831,-4.146947396993509,-1.76062277128691,-3.882723331451416,-3.882723331451416,-3.882723331451416,-4.0281716360892785,-4.167148073305631,-4.389421912367154,0.012242278885270963,0.006053058665391298,0.011712465936803917,0.0057940040167849816,0.012818534415882044,0.006334594771734481
ATG10,SIW14,4,0,True,-0.4021600893625546,-3.6151016838284726,-1.1820750805053137,-3.2780306339263916,-3.2780306339263916,-3.2780306339263916,-3.183132919698237,-3.506739416874873,-4.00182801555942,-0.006363496429295512,-0.003199959851071188,-0.0071009422598260485,-0.0035731343267495497,-0.0062781819380806625,-0.0031568592314871746
ATG10,SWR1,4,0,True,-0.6824858566154086,-1.8961806208265488,-0.9821099056464158,-2.865633964538574,-2.865633964538574,-2.865633964538574,-3.199911684876822,-3.443466988828824,-3.709963356040979,0.025282586263678908,0.011643579364623569,0.026155333994264562,0.012505658677000708,0.02431495296177011,0.010835519606284483
CBF1,GAT2,4,1,True,0.82040856379558,2.681867253257624,1.8804754879079943,4.6089959144592285,4.6089959144592285,4.6089959144592285,5.336597656796891,5.033219077989722,7.57418095451864,-0.03616897596585689,-0.01860089232587059,-0.04333514569594449,-0.025903556949514905,-0.045690210891656924,-0.026463895971353124
CBF1,GPG1,4,1,True,0.7447790016301366,5.156074226193382,1.5269198962660422,4.313904285430908,4.313904285430908,4.313904285430908,4.765338471607402,4.8965532685256505,6.641882144076474,-0.04475852949623249,-0.02321909930747501,-0.04219763901926499,-0.021855418597425458,-0.044226176623800406,-0.022940447743925174
CBF1,GSY2,4,1,True,0.8857922289401843,5.042403061848327,1.9098449809345817,3.882723331451416,3.882723331451416,3.882723331451416,4.211032100827596,4.389775586151313,4.720745929084627,-0.03615612942353463,-0.018629276512226567,-0.03306227156933467,-0.01699721434884277,-0.035479566209539515,-0.018274965873787852
CBF1,KAP123,4,1,True,0.5157856633232714,1.91206120063601,0.7517329794420794,2.451442241668701,2.451442241668701,2.451442241668701,2.574726713319138,2.572540491072795,2.7107950284592732,-0.022916447846499877,-0.011681382074579416,-0.02188175756761984,-0.01114818621745467,0.1019943867385657,0.04803362020166557
CBF1,PUS7,4,1,True,0.7492650997588648,1.5458333886608284,1.226154696055275,2.8805079460144043,2.8805079460144043,2.8805079460144043,3.4428372773274143,3.590202134418091,3.604909718539635,-0.03245109164563059,-0.016668053035144792,-0.019818544938485505,-0.010070154546791332,-0.029321425368808607,-0.015021559665527151
CBF1,RIM15,4,1,True,0.42666261696002,0.4860847361026328,0.811445197221772,1.8762292861938477,1.8762292861938477,1.8762292861938477,2.1101087395956064,2.391178034456039,2.1594125052151507,-0.01613671494211716,-0.00817336921188866,-0.026125203444519574,-0.01335494473932991,-0.027295041459871383,-0.01396420660969211
CCR4,GPG1,4,1,True,1.0359351319987335,5.506091545386703,3.414217599997178,4.6089959144592285,4.6089959144592285,4.6089959144592285,5.551093870041438,5.468014848644012,8.098059692017593,-0.10087079164333196,-0.11608585265360527,-0.052692404472608145,-0.03912450432530046,-0.01431367004200762,-0.07306667737965089
CCR4,GSY2,4,1,True,0.982650394009766,5.396232193170793,2.978924545834393,3.997267723083496,3.997267723083496,3.997267723083496,4.1313249816657125,3.8611231302434366,5.348318673432309,-0.015616103551080618,-0.007882498045176212,-0.010069549833049585,-0.06243013895316751,-0.01111703827012167,-0.001633719429649405
CCR4,NMD2,4,1,True,0.2418224528461806,-2.0093782340947057,0.6355063047550384,1.9158458709716797,1.9158458709716797,1.9158458709716797,1.7242867433866098,1.9900294004008625,1.9963891557886917,-0.020065710122480374,-0.010154513644293539,-0.09214858595848507,-0.04815840732575716,-0.018678721791601127,-0.0701783071584231
CCR4,RIF1,4,1,True,0.4107616193990355,-0.8162924743972085,1.6349863343116522,2.253865957260132,2.253865957260132,2.253865957260132,2.954744137457378,2.863080785845711,4.302207405280452,-0.02683802877965097,-0.062401736409109065,-0.006622138518505016,-0.05595385500389222,-0.022080405121094493,-0.06733347055116551
CCR4,SWI4,4,1,True,0.5388176818953634,0.1373145486269691,1.6058196880079503,2.9752063751220703,2.9752063751220703,2.9752063751220703,3.2299809757715208,3.679024216814747,4.675977671608692,-0.04976010692433269,-0.06410448775260669,-0.050766747969511694,-0.05418950601802364,-0.021168185425933517,-0.0635480818277403
CCR4,VHR1,4,1,True,0.8597777434921581,1.543889234077814,1.9780928297191924,3.8574814796447754,3.8574814796447754,3.8574814796447754,4.807712258853085,4.663905861242636,6.506296891689013,-0.03409498471723643,-0.06100601287443713,-0.0037364903300209917,0.008435132867472994,-0.021174511321109202,-0.06920849963399833
CHA4,NMD2,4,0,True,-0.5817278372491217,-2.2228363493071046,-0.7622818742853842,-3.4226932525634766,-3.4226932525634766,-3.4226932525634766,-3.4383773059681517,-3.291801762375365,-3.6939383814416518,0.003138140701462344,0.0015646486527008951,0.00254634387104552,0.0012702419181996882,0.002691996793831475,0.0013427296668454547
DUN1,GPG1,4,1,True,0.7748013686439998,3.320604692030528,1.1234419894671788,4.097143173217773,4.097143173217773,4.097143173217773,4.2828537365122665,4.307978630585872,4.934263137428225,-0.020676436082135763,-0.010531520511580905,-0.02052812774773971,-0.010455770676308318,-0.020495383547987633,-0.010439232640270468
DUN1,RAD52,4,0,True,-0.7017920682187563,-3.048744988598417,-1.4812247387359667,-3.882723331451416,-3.882723331451416,-3.882723331451416,-4.136423199581984,-4.240242569976044,-4.583517271210104,0.02186026992669804,-0.0027698667839242685,0.019656133038614465,-0.0041844212749700405,0.024789654351527912,0.01213442311965407
DUN1,RRM3,4,0,True,-0.4609772847908761,-1.9018623745373533,-0.7163077441289559,-2.3068976402282715,-2.3068976402282715,-2.3068976402282715,-1.9811218920629172,-2.133351457109848,-2.1473657475665444,-0.0035950370031549994,-0.0018034169685777757,-0.008231922451293006,-0.004146272578886445,-0.0015949142060511234,-0.0007986193963353538
DUN1,RTT109,4,0,True,-0.7030113369479947,-2.884079708026716,-1.4448588195506735,-3.882723331451416,-3.882723331451416,-3.882723331451416,-4.129607947875016,-4.0496271709781455,-4.566485375526714,0.022552973381355035,-7.769405361246484e-05,0.02186217114671185,-0.0012768072024102461,0.00938002301187102,0.004654766566278834
DUN1,SWI4,4,0,True,-0.5327522533143126,-2.0626509291191364,-0.825863083275696,-2.943315029144287,-2.943315029144287,-2.943315029144287,-2.6478948168892145,-2.7302551300238695,-2.7944729093305,0.0018728815785132857,0.0009348521839190882,0.0019017265749992074,0.0009492149993931553,0.0012567881155923222,0.000627670696176641
EAF6,NMD2,4,0,True,-0.3344076243805602,-1.6869224222242718,-0.4438243075775137,-2.205507278442383,-2.205507278442383,-2.205507278442383,-1.9476054618758236,-2.0517323528333224,-2.803657226272555,-0.002967262423304251,-0.0014875896832979851,-0.004009845214152541,-0.0020121848600851977,-0.0036518640281871795,-0.00183194950020249
ELA1,GPG1,4,1,False,0.8252663813757866,5.523315203936003,1.2084941809405536,3.808415412902832,3.808415412902832,3.808415412902832,3.8656632810625213,4.028456623697325,4.282539299563355,-0.003392198027276916,-0.0017013055559297885,-0.0044903788506625575,-0.0022543270240001356,-0.004312349694380935,-0.00216462716650484
ELA1,GSY2,4,1,False,0.7039710292780343,5.379517785608592,1.4403618100563989,3.2882509231567383,3.2882509231567383,3.2882509231567383,3.3087859012306784,3.465741115630806,3.938519080278338,0.004829607555239701,0.0024041936471438374,0.004425801708344113,0.0022040003321939228,0.004128901284017827,0.0020566676910556136
ELA1,NMD2,4,0,False,-0.2563406563945197,-2.0539750156037893,0.32656275256734524,-2.9717845916748047,-2.9717845916748047,-2.9717845916748047,-2.829960834621364,-2.8022054124921127,-3.043776405513645,0.00546710518425636,0.002720009511621324,0.0039835653696621565,0.001984570647018402,0.004768876286460055,0.002374096122754854
ELC1,GPG1,4,1,True,0.5950909210251127,5.246197161930903,1.8087956588550913,3.362558364868164,3.362558364868164,3.362558364868164,3.3455954212701027,3.7120168974553955,4.022530064456052,0.0036386859524275006,0.001813451053549242,0.0028295349650798163,0.0014111948991147871,0.003068612704068052,0.0015300910083514419
ELM1,GPG1,4,1,True,0.8625985281332456,6.0621738109511485,2.041632003972431,4.376534461975098,4.376534461975098,4.376534461975098,4.5609368585450625,4.735963832362099,5.36749077991832,-0.02813506564920143,-0.025990479676781586,-0.027064963472654135,-0.02619738138375799,-0.02679178078982558,-0.026303537287011403
ELM1,GSY2,4,1,True,0.8736327346375652,5.911569949027949,2.1001768201614452,3.882723331451416,3.882723331451416,3.882723331451416,4.260116719056681,4.461828744003525,4.86197746663467,-0.0263079633990278,-0.021487972450863146,-0.025936352914083638,-0.021352502777636395,-0.025154870440487753,-0.021718287801474168
ERF2,GCR2,4,0,False,-0.6476802575412965,-3.0108988869271807,-1.1982926616924512,-3.2882509231567383,-3.2882509231567383,-3.2882509231567383,-3.04401391836155,-3.0869156694811206,-3.1936551021077615,-0.004834566334393775,-0.0024278611275610484,-0.004051274817403694,-0.0020331425145411752,-0.002567030628403466,-0.0012865047563880294
FKS1,GPG1,4,1,True,0.9677756096780078,4.612338701435849,2.073544473057683,4.034513473510742,4.034513473510742,4.034513473510742,4.457638633979689,4.558244321932487,5.078775876088399,-0.025983207229765493,-0.04458481063222586,-0.02338993921660365,-0.04398597948686689,-0.02487237363292616,-0.04515097254624162
FKS1,PPZ1,4,1,True,0.620236868028203,0.4221762823980602,1.210387437832831,3.5469658374786377,3.5469658374786377,3.5469658374786377,3.113178730869026,3.3135986672283044,3.5105217052171613,-0.04361633478832655,-0.022527120809685164,-0.024175054402188645,-0.047268355006312324,-0.026599375987368057,-0.048336821467101665
GAT2,IES2,4,0,False,-0.8746826233647775,-3.847484018685596,-1.3313226012899384,-3.808415412902832,-3.808415412902832,-3.808415412902832,-3.982799353093686,-3.9632315912200724,-4.1951976967989655,0.012919621211981647,0.006384762197691574,0.013599579188800337,0.00671624220106537,0.014138468908713231,0.006979740285801395
GAT2,MSN5,4,0,True,-0.8682151994017644,-3.968750352172293,-1.9630638038876218,-4.070651531219482,-4.070651531219482,-4.070651531219482,-4.467305875464149,-4.467292376939721,-4.718816398729732,0.02599632412864239,0.011683099008694464,0.02510925594928748,0.01027325479769814,0.026888183259049847,0.012069705990130353
GAT2,PFK27,4,0,True,-0.2884981045337443,-0.3350518229529651,-0.06902497397376728,-2.02148699760437,-2.02148699760437,-2.02148699760437,-1.6325992987007947,-1.466082804007152,-2.1451353286300234,0.017007642546811808,0.008373996674023942,0.01779154691854784,0.008753082088217679,0.01611757141028386,0.007941775138382012
GAT2,RTT109,4,0,True,-0.972343664078114,-3.7300127577875615,-2.1654156335732297,-4.082328796386719,-4.082328796386719,-4.082328796386719,-4.7001531085674095,-4.756101339030929,-5.18497151444236,0.02642035224678574,-0.011644845645648272,0.025581117144687415,-0.013055341205249427,0.027426802957007057,-0.010897285855014871
GCR2,GPG1,4,1,False,0.8471917860250866,7.212339839959818,1.5995858498306657,3.808415412902832,3.808415412902832,3.808415412902832,3.852978653165991,4.069556027023484,4.23380034850704,-0.004463479396803305,-0.0022407175563062265,-0.004236158688840086,-0.0021262194343364405,-0.006344282834191806,-0.0031902955009295852
GCR2,GSY2,4,1,False,0.6876250024866566,7.102131360252341,1.6355513704275,3.2882509231567383,3.2882509231567383,3.2882509231567383,3.255811637909267,3.4757498701823306,3.7676955738422784,0.0038197619397326577,0.0019032718462499432,0.00467611912755439,0.002328114204880438,0.0021289679672054085,0.0010624304970007215
GPG1,GPR1,4,0,True,-0.8642643696631943,-5.224923222696392,-2.563302333037785,-4.376534461975098,-4.376534461975098,-4.376534461975098,-4.885839882834651,-5.12792659877192,-5.422315532648087,0.027486320928142627,0.003906460175067683,0.02695431936003856,0.0028803883105982253,0.0260465603754213,0.0021503132496258903
GPG1,HTZ1,4,0,True,-0.97681655358514,-5.485579721681246,-2.3752732241571213,-4.321562767028809,-4.321562767028809,-4.321562767028809,-4.724841155053958,-4.709655546789484,-5.361345887992262,0.01838875398334394,-0.024559493612313743,0.018282982844036233,-0.02540341387259415,0.021254104688951003,-0.024436209307404366
GPG1,IES2,4,0,False,-0.8542574343652568,-6.3951128129379775,-1.4615395149085293,-3.808415412902832,-3.808415412902832,-3.808415412902832,-3.8261929601588323,-4.003045308404618,-4.293010389493802,0.005643743390450484,0.0028075818848742884,0.006109533031867842,0.0030379543208020054,0.007844279353889039,0.00389454252736976
GPG1,MRC1,4,0,True,-0.8959592804579439,-7.203531298795754,-2.6306110723203595,-4.144958972930908,-4.144958972930908,-4.144958972930908,-4.672173645167497,-4.793986375375988,-5.28380038529027,0.02871406377576724,0.009417304815938166,0.02769885159982166,0.008172174963187562,0.02711275933869628,0.007591428353358798
GPG1,NUP60,4,0,True,-0.7546561020418634,-7.965319585153116,-2.728487941383356,-3.7898712158203125,-3.7898712158203125,-3.7898712158203125,-3.9272033869097775,-4.071428609338824,-4.318529088595692,0.009667761889958104,0.004792126813290998,0.009431224230427804,0.004675614804253825,0.009947822708339604,0.004929399100914944
GPG1,PFK27,4,0,True,-0.6551072691566875,-2.883045034468462,-0.9397480386454923,-3.760601043701172,-3.760601043701172,-3.760601043701172,-3.712991655943835,-3.5102456376601143,-4.439726914001543,0.009713577612033508,0.00481452907832236,0.010287458976464492,0.005096161826182333,0.00984004883696371,0.004876332886731394
GPG1,PUS1,4,0,True,-0.8353360845490976,-7.196570743610916,-2.451659574776262,-4.144958972930908,-4.144958972930908,-4.144958972930908,-4.419871285543021,-4.58639277766734,-5.01280501021111,0.024403559207154424,0.011934137534771572,0.024247781628242926,0.011858039626896133,0.025093411335376126,0.012262250732223645
GPG1,RAD52,4,0,True,-0.9366503612843768,-6.371020732933661,-2.8630298597282424,-4.236204147338867,-4.236204147338867,-4.236204147338867,-4.677535334032609,-4.89350816300077,-4.719599460534116,0.024825992124964058,-0.010545448741145436,0.025455302173052197,-0.008984674755897426,0.027830845485672717,-0.004986060963213079
GPG1,RPN10,4,0,True,-0.8938807032590328,-5.976570177771842,-1.98417115997339,-4.376534461975098,-4.376534461975098,-4.376534461975098,-4.650596091635593,-4.969748052426979,-5.2174788628442865,0.028387342731812426,0.003484147825407513,0.02471904603050895,0.00100817780413609,0.026802554246305565,0.001658927934683918
GPG1,RTT109,4,0,True,-0.8772912356285153,-6.197326291137279,-2.3852667873731312,-4.376534461975098,-4.376534461975098,-4.376534461975098,-4.772484975999443,-4.8172699965606895,-5.454602124775442,0.02791495274449579,-0.005567532305219169,0.02617270913341191,-0.008324430064561017,0.03678908991039759,0.006989288262797544
GPG1,SOK2,4,0,True,-0.7770203497275254,-4.790355390343968,-1.6012352468454125,-4.590131759643555,-4.590131759643555,-4.590131759643555,-4.440374322537439,-4.6672333082991715,-5.1278134447800205,0.02439940891917669,0.011932737664786641,0.024158462544884518,0.011815828662993688,0.024556420339270635,0.012005859636195382
GPG1,SWI4,4,0,True,-0.7809393863193113,-5.408405992218777,-1.8716911975035062,-4.590131759643555,-4.590131759643555,-4.590131759643555,-4.4736956387829085,-4.5308109448452285,-5.198825986492608,0.021759715896530973,0.010667434361307682,0.022548451596655084,0.01104548846317599,0.021843907032533305,0.01070625276253001
GPG1,VPS3,4,0,True,-1.0655439843872123,-7.332099385294909,-3.1114234083117633,-4.6089959144592285,-4.6089959144592285,-4.6089959144592285,-5.37411636573379,-5.171013231707691,-7.774990420083428,0.05476902920815285,0.03556374190208311,0.017720773422659764,0.020405338178895116,0.028823328176002194,0.015246362612059139
GPG1,VPS9,4,0,True,-0.9592192761841508,-7.485867862719695,-3.0993792520920387,-4.082328796386719,-4.082328796386719,-4.082328796386719,-4.626803321816009,-4.809612090340433,-4.961427665179993,0.024447381582746508,-0.010801608335842205,0.024436964953653217,-0.011595652034849024,0.02402198450602938,-0.012107645649956922
GPG1,YLR352W,4,0,True,-0.7136946999752714,-5.950995787067175,-2.0687642442301883,-3.808415412902832,-3.808415412902832,-3.808415412902832,-4.015259575809781,-4.24384139560228,-4.414071232277671,0.009165916880063019,0.004545270940924939,0.008549293328916963,0.004241596233032219,0.00932458404163422,0.004623001358185386
GPR1,GSY2,4,1,True,0.8593557169904226,5.053547130430312,1.881881191238785,3.882723331451416,3.882723331451416,3.882723331451416,4.139434348272676,4.34320239877885,4.880131878632928,-0.02567379174862472,-0.019116408731085666,-0.025826068597582574,-0.01926077891752237,-0.024479866985959275,-0.019322575979436873
GSY2,IES2,4,0,False,-0.7039461659009001,-6.232027717439206,-1.551930910300193,-3.2882509231567383,-3.2882509231567383,-3.2882509231567383,-3.2866174912175534,-3.567911762519896,-3.819791089143995,-0.002634143481569373,-0.0013202015829371638,-0.0028345953079300656,-0.0014209264792215404,-0.0006547019320264358,-0.00032754407326685
GSY2,KAP122,4,0,True,-0.7733972898704702,-3.399773527284617,-1.183403379149753,-3.8349084854125977,-3.8349084854125977,-3.8349084854125977,-3.8557959358875697,-4.3045320857033795,-4.523847583176529,0.02150286553152919,0.01054215340813458,0.02204260112347428,0.010801719717776992,0.02233596647107966,0.010941499643561503
GSY2,NFI1,4,0,True,-0.6331089163838117,-7.238361158247616,-2.433760982480605,-3.394223928451538,-3.394223928451538,-3.394223928451538,-3.4563033656688904,-3.8076844759907633,-3.971460645184429,0.0002590153202979839,0.00012947745882796458,0.0008510209266637259,0.000425185011984186,0.0012767642857451356,0.000637646528690361
GSY2,NUP188,4,0,True,-0.8536195193220508,-6.401719646747875,-2.3942831546289476,-3.882723331451416,-3.882723331451416,-3.882723331451416,-4.271781956960716,-4.533903333321771,-4.779426865776399,0.026370758710835274,0.005694138391547421,0.025322771048025994,0.00514087673998298,0.026383116449334998,0.00485474748162662
GSY2,NUP60,4,0,True,-0.6347523308040662,-7.823101076455798,-2.6232290829153344,-3.394223928451538,-3.394223928451538,-3.394223928451538,-3.5090343545951312,-3.7248268204050756,-4.016412981827736,0.0013803047974055294,0.0006892966570898329,0.00047588232376949424,0.0002378390465602731,0.0014592192237836143,0.0007286474788341657
GSY2,PBP1,4,0,True,-0.4193820269252156,-7.052069080519918,-2.0244518877917557,-2.6876728534698486,-2.6876728534698486,-2.6876728534698486,-2.864211859326629,-2.903325192158945,-3.112215027997612,-0.009821343416415607,-0.004954335366730289,-0.00998257485189813,-0.00503644647421686,-0.008865449015994231,-0.00446839912500091
GSY2,PCL8,4,0,True,-0.4000697929124324,-6.458033819310896,-1.6827383577378923,-3.0458900928497314,-3.0458900928497314,-3.0458900928497314,-2.9322527420907276,-3.2692888090960377,-3.6535483141955467,-0.004829357122422551,-0.0024251599302171356,-0.005693132072696172,-0.0028611873693278334,-0.0038112197207817444,-0.0019121537347207007
GSY2,PUF6,4,0,True,-0.8298417723009017,-3.098638078191456,-1.1313757644278688,-3.8349084854125977,-3.8349084854125977,-3.8349084854125977,-4.033175312637429,-4.350817339347868,-4.573051000765694,0.023901244433046087,-0.00016700785998702283,0.022786818464035852,-0.0007464086449792129,0.022798396246902608,-0.0015299487923321475
GSY2,PUS1,4,0,True,-0.7750395386636205,-7.097098728745167,-2.266805438151063,-3.882723331451416,-3.882723331451416,-3.882723331451416,-4.120470051700265,-4.486400268726548,-4.499581545805695,0.016101801577772745,0.007933731145798095,0.015302975301465627,0.007545284656240825,0.016593043282609576,0.008171552506346713
GSY2,PUS7,4,0,True,-0.6387020942138748,-3.46661159051573,-1.100843811275114,-3.3748788833618164,-3.3748788833618164,-3.3748788833618164,-3.5062730373578725,-3.573244120154097,-3.763918622676316,0.0036682501136688916,0.001828070381867053,0.002897516589239535,0.001444967785011464,0.004564449959178318,0.0022728235398589147
GSY2,RAD52,4,0,True,-0.8524619261732165,-6.255137967603492,-2.6937805955062943,-3.6691274642944336,-3.6691274642944336,-3.6691274642944336,-4.2551487163801305,-4.484980929565523,-4.5203557620654635,0.024460760971078854,-0.007143581984167313,0.022301198547806267,-0.008186408363964226,0.021283178777977974,-0.009233127448982859
GSY2,RAD54,4,0,True,-0.8287450251255295,-3.7841986042588767,-1.4056982843406236,-3.8651113510131836,-3.8651113510131836,-3.8651113510131836,-4.05289168170106,-4.343480558089226,-4.67434018240448,0.024926306401196474,0.006685778959009792,0.025158487254478223,0.006731513377760567,0.024450343701992228,0.005629428085307975
GSY2,RPN10,4,0,True,-0.844360800526442,-5.836120528689319,-1.9156713987149543,-3.882723331451416,-3.882723331451416,-3.882723331451416,-4.2480343551172695,-4.559765732734721,-4.953940233088599,0.02655841275490045,0.00614337489100647,0.023822673356320767,0.005003584435410158,0.025226399415081868,0.004677571156606719
GSY2,RTT109,4,0,True,-0.8202220275235782,-6.091251675038173,-1.89230791571357,-3.882723331451416,-3.882723331451416,-3.882723331451416,-4.303359718645739,-4.287244341613057,-4.820324665055797,0.031708550845861994,0.015438381318571115,0.03658566435899396,0.01287192841008844,0.029194985629771963,0.014250046913952485
GSY2,SAS4,4,0,True,-0.4016863727389162,-3.909353091406214,-1.0002544055347746,-2.9198131561279297,-2.9198131561279297,-2.9198131561279297,-3.1086309942302965,-3.3908853174750613,-3.7029859667632854,-0.008547453060073651,-0.004306521689859677,-0.008480758720283255,-0.004272672786249931,-0.00781497423366534,-0.003935001252897308
GSY2,SHR5,4,0,True,-0.6997683608796498,-5.186257875748347,-1.7674555320471157,-3.4970011711120605,-3.4970011711120605,-3.4970011711120605,-3.791720035581753,-3.9169915570718827,-4.065626607690869,0.0034327555365131213,0.001711049686307975,0.004114790590293738,0.002049755788137042,0.004792852982523077,0.002386028416957231
GSY2,SWI4,4,0,True,-0.7598193730477711,-5.26320735582759,-1.8138650875351443,-3.8349084854125977,-3.8349084854125977,-3.8349084854125977,-4.041581852149852,-4.242327359165277,-4.494711353209832,0.013482319766881135,0.006659148511600099,0.013583546445721906,0.0067085185295395755,0.013351385967753981,0.00659473100111152
GSY2,TRX2,4,0,True,-0.6278009075747706,-3.1765816874040307,-1.051646264895009,-3.449186325073242,-3.449186325073242,-3.449186325073242,-3.718519984252681,-3.7943062792561744,-4.177530994430244,0.003727512821509016,0.0018574666858662825,0.0033200310317734183,0.0016550156937441551,0.00484567910119843,0.0024121888688436455
GSY2,VPS16,4,0,True,-1.19415939862211,-7.493042493139302,-2.967767305128201,-4.276291847229004,-4.276291847229004,-4.276291847229004,-4.953361216763739,-4.600074341772411,-7.141654728249042,0.08827075234124537,0.044471399826995106,0.12542598198501376,0.058392514765349235,0.07838687567739439,0.04826539273879815
GSY2,VPS3,4,0,True,-0.9897200439275252,-7.19385283866791,-3.435550195462105,-4.062694549560547,-4.062694549560547,-4.062694549560547,-5.139142044517783,-4.92029985560763,-7.153323248784881,0.11475687204014123,0.011896523659669644,0.04220235935368649,0.031466519746574884,0.05595984362344131,0.03510367372512535
HTZ1,SWR1,4,1,True,0.3964194982843118,1.2575842765861334,-0.2854919551362918,2.388561248779297,2.388561248779297,2.388561248779297,1.8795688845834806,1.9887537539175395,1.2331741365700735,-0.02226315428026926,-0.017012219552083208,-0.015847723821108994,-0.020873077393170347,-0.01869158368524837,-0.022496104203106937
IES2,PUS7,4,0,False,0.6147704248305882,2.728589817965568,1.08205482615476,3.064434766769409,3.064434766769409,3.064434766769409,2.945246464612893,3.2906471580856023,3.6989548508853156,0.0062998839543246254,0.0031321057994103674,0.005729919471208711,0.0028501430888611123,0.005240389633970666,0.002607910269292635
IRC25,NMD2,4,0,True,-0.3711635238080192,-1.9234235730423512,-0.5458967044203198,-1.6611225605010986,-1.6611225605010986,-1.6611225605010986,-1.7915407457541797,-2.0002637531739764,-2.383431984811889,-0.005859943203605333,-0.0029454558025333033,-0.006149107645853413,-0.0030917315019036717,-0.007844012233508724,-0.003949714414147931
IRC25,PRE9,4,1,True,-0.0749827335958496,0.343414548934534,-0.38927561188705195,-0.5092554092407227,-0.5092554092407227,-0.5092554092407227,-0.352201654161529,-0.3429048486016285,-0.03507544750129209,0.022845193104507222,0.011184537894401436,0.02197929265661247,0.010468305195008965,0.020938475689746328,0.010269541434445806
IRC25,SSM4,4,1,True,-0.0576652213302719,-1.6366289488073478,0.8587122571077764,-1.0699536800384521,-1.0699536800384521,-1.0699536800384521,-1.4661743765582327,-1.4296363996734898,-0.5665434432922845,-0.013276073345834083,-0.006717318477711898,-0.01288667148627054,-0.006518403185823418,-0.014846721756262837,-0.007522218419556415
KAP122,NUP60,4,0,True,-0.3497709705694971,-4.368775468298464,-1.6725735941137536,-2.901268720626831,-2.901268720626831,-2.901268720626831,-2.7945998365775964,-2.890138389963793,-3.055285882851256,-0.02018106313592849,-0.01027388163876286,-0.021365011707893955,-0.010888553710708626,-0.020938220939772545,-0.010667003508469886
KAP123,RAD52,4,0,True,-0.6111434038928445,-3.103617900263705,-1.2470658372073224,-3.6691274642944336,-3.6691274642944336,-3.6691274642944336,-4.055395021560864,-4.076025581232621,-4.788965687874581,0.1283922183048714,0.0441144666929838,0.017900334745810043,-0.0065817894068258,0.018242069924986615,-0.005623610083150765
KAP123,RTT109,4,0,True,-0.5500310611647273,-2.969143862803474,-0.3069083641817235,-3.57627534866333,-3.57627534866333,-3.57627534866333,-3.9125655062952545,-3.9613948237761654,-4.7044938484716035,0.022643420295806738,0.000275767508723046,-0.07956582514604638,-0.041686796960581196,0.023945977910267313,0.0015228937575607615
MAK31,NMD2,4,0,True,-0.5839214403296179,-2.7280043444710005,-1.2928968077187708,-4.590131759643555,-4.590131759643555,-4.590131759643555,-5.6730576933655374,-5.3575572024085005,-6.4278754044232365,0.014923994195347567,0.007362477723557359,0.013977259554793897,0.006900880702485068,0.01431880707750871,0.0070674185740789985
MBP1,RAD54,4,1,True,0.1097299556743723,2.808601189368136,0.6087661785719424,1.227257490158081,1.227257490158081,1.227257490158081,1.6496235332909657,1.7148289889671129,2.0996625887861327,0.025472845974074565,0.00505372551172667,0.02490508822343429,0.0038909245627992695,0.024864392493387455,0.0037971889143336712
MED2,UBR1,4,0,True,0.8411717704056292,1.1852170436596343,1.8742555444474536,3.7470273971557617,3.7470273971557617,3.7470273971557617,4.811208312140597,4.70119532930178,6.8516999312906055,-0.028508695671912,-0.01450619560036398,-0.09120492757738297,-0.04860156606872368,-0.032924534779279646,-0.01679301481828982
MRC1,UBR1,4,0,True,0.5627933324314716,1.765548745595965,0.5548461998819971,2.8516721725463867,2.8516721725463867,2.8516721725463867,3.0812989259561228,3.4422710223103605,3.5524339620016514,-0.0205908859546039,-0.010486857126912108,-0.020950719803762452,-0.010674214904637325,-0.02050313597581571,-0.010440819638798227
MUB1,PRE9,4,1,True,-0.2694511661332763,-0.7678685673736458,-0.3602275794163793,-2.2679810523986816,-2.2679810523986816,-2.2679810523986816,-1.8615701753425702,-2.048868533975746,-1.5278460742503146,0.004294678959405607,0.0021388656555022534,0.00404761325301739,0.00201622669537882,0.0035658653842124965,0.0017770727500526773
NMD2,RAD54,4,1,True,0.2741861391862083,3.615934167973168,1.0775613925683016,2.427286148071289,2.427286148071289,2.427286148071289,2.4079566884023365,2.5212485917266827,2.701185795471683,0.025937005022885595,0.007997398832195857,0.02512819834489266,0.006467880524395508,0.0254657247031973,0.006946011275910435
NMD2,SIW14,4,1,True,0.4513123162925978,1.493991453176985,0.3814764044880865,2.2708332538604736,2.2708332538604736,2.2708332538604736,2.327223932669003,2.519088517022971,2.348859079928512,-0.0014188128128068689,-0.0007103072487202322,-0.0005657038405783021,-0.00028299590922420403,-0.0008641272714085546,-0.00043239918394372134
PBS2,PFK27,4,1,True,0.6134802211748696,3.740730108697496,1.046299911193343,3.882723331451416,3.882723331451416,3.882723331451416,3.995565576837653,4.248994381396372,4.4044055571738685,-0.012133126578577569,-0.006132958663156884,-0.011095666500130441,-0.005603646204908552,-0.012444621733724681,-0.006292545929128479
PEP3,PFK27,4,1,True,1.1634746792682644,3.680625963009588,2.609104303176861,4.276291847229004,4.276291847229004,4.276291847229004,5.175044599940065,4.988857390146528,7.239318542748733,-0.07768949603047826,-0.035765149291684284,-0.05873860090212868,-0.0075759049107347876,-0.05384462129661699,-0.0005862149712994591
PEP3,SWI4,4,1,True,0.9238421123043844,1.0520060826291018,1.8522531429702815,3.7470273971557617,3.7470273971557617,3.7470273971557617,4.734127597100015,4.457382559777285,6.6852763928693335,-0.07916322439681467,-0.041515205289247015,-0.06972939791553245,-0.03151082490710244,-0.046250209949620036,0.003229679005950503
PFK27,VPS16,4,0,True,-1.1975569138203128,-4.771767540659819,-2.506975107162787,-4.276291847229004,-4.276291847229004,-4.276291847229004,-5.062192285969038,-4.80949698834095,-7.169351563656238,0.09161740939820728,0.04326552919234905,0.08916591553937109,0.04291284276827001,0.06210194592532525,0.055585842033985866
PRE9,RAD52,4,1,True,-0.4552593780778241,-1.1053201933060444,-0.7430199342098306,-2.7560789585113525,-2.7560789585113525,-2.7560789585113525,-2.773355926984989,-3.0636306912746587,-3.168298547483747,0.0008718762791758428,0.00043562200634994497,0.0030961756079914138,0.001544085568474185,0.004199679959840608,0.002092359656827747
PRE9,RAD54,4,1,True,0.4010970628765481,1.3537900453567115,0.4841004393560746,1.9093132019042969,1.9093132019042969,1.9093132019042969,1.6989980679736463,1.93900802140867,1.6048749761225518,0.006006629567545385,0.002986752701148343,0.0073024705967868475,0.0036266854937795356,0.007076148179053499,0.0035150491051206822
PRE9,RPN10,4,1,True,-0.2489462248157568,-0.6968035899545629,-0.38638012896224916,-2.653703212738037,-2.653703212738037,-2.653703212738037,-1.8424594674114645,-2.213428028117776,-2.5253769900323286,0.009998699433361347,0.0049537087017420545,-0.01057128508319094,-0.005333416938192892,0.010256198809899142,0.005079845702677277
PUF6,RTT109,4,0,True,-0.6299318459593128,-2.9509064035086534,-1.2042936435344846,-3.8542537689208984,-3.8542537689208984,-3.8542537689208984,-3.6446034912838363,-3.7559527021412507,-4.25217068781193,0.00581916702350932,0.002894134896551104,0.0051196018131106635,0.002547889222436539,0.008611311347842487,0.004271625606504403
RTT109,UBC8,4,1,False,0.5492507332284304,3.668559566120442,0.3226106729177692,4.070651531219482,4.070651531219482,4.070651531219482,4.578781327692695,4.558988762023263,5.002856569344033,0.07029640683662292,0.03370965121981151,-0.02342362015390731,-0.03200355352833628,-0.03931846054441834,-0.020306548308463346
SWI4,UBR1,4,0,True,0.02169258307414,-0.0866658064543379,0.05022759814714939,-0.23946303129196167,-0.23946303129196167,-0.23946303129196167,0.23831250867997752,0.1264035917666508,-0.3582790439557051,-0.0050502547088974725,-0.002536638536567548,-0.005740780579914728,-0.0028852994841593316,-0.00370140030534849,-0.0018568950727418931
SWR1,VPS16,4,0,True,-1.0380077110839203,-3.351041349538132,-1.9319102537847788,-4.247821807861328,-4.247821807861328,-4.247821807861328,-4.249026109629417,-4.073827474489862,-6.20341072020504,0.10330355691211318,0.04852801235496318,0.04178270839153986,0.04612936288579872,0.06800670402028441,0.03358181614065836
