method,positive_a,positive_b,negative_a,negative_b,PD_concordance,other_concordance,delta
P_frozen,MNS1,CWH41,CWH41,MNS1,1.0,0.0,1.0
P_frozen,MNS1,CWH41,MNN2,MNS1,1.0,0.0,1.0
P_frozen,MNS1,CWH41,ROT2,MNS1,1.0,0.0,1.0
P_frozen,MNS1,CWH41,OST5,MNS1,1.0,0.0,1.0
P_frozen,MNS1,CWH41,DIE2,MNS1,1.0,0.0,1.0
P_frozen,MNS1,CWH41,ALG5,MNS1,1.0,0.0,1.0
P_frozen,MNS1,CWH41,ALG8,MNS1,1.0,0.0,1.0
P_frozen,MNS1,CWH41,ALG12,MNS1,1.0,0.0,1.0
P_frozen,MNS1,CWH41,ALG9,MNS1,1.0,0.0,1.0
P_frozen,MNS1,CWH41,ALG6,MNS1,1.0,0.0,1.0
P_frozen,MNS1,CWH41,ALG3,MNS1,1.0,0.0,1.0
P_frozen,MNS1,CWH41,OST3,MNS1,1.0,0.0,1.0
P_frozen,MNS1,CWH41,ANP1,MNS1,1.0,0.0,1.0
P_frozen,MNS1,CWH41,BTS1,HMG1,1.0,0.0,1.0
P_frozen,MNS1,CWH41,PCT1,PSD2,1.0,0.0,1.0
P_frozen,MNS1,CWH41,VPS28,STP22,1.0,0.0,1.0
P_frozen,MNS1,CWH41,SEC22,TLG2,1.0,0.0,1.0
P_frozen,MNS1,CWH41,STP22,DOA4,1.0,0.0,1.0
P_frozen,MNS1,CWH41,GCS1,DOA4,1.0,0.0,1.0
P_frozen,MNS1,CWH41,VPS28,DOA4,1.0,0.0,1.0
P_frozen,MNS1,CWH41,OST5,CWH41,1.0,0.0,1.0
P_frozen,MNS1,CWH41,ALG5,CWH41,1.0,0.0,1.0
P_frozen,MNS1,CWH41,ALG8,CWH41,1.0,0.0,1.0
P_frozen,MNS1,CWH41,ALG12,CWH41,1.0,0.0,1.0
P_frozen,MNS1,CWH41,ALG9,CWH41,1.0,0.0,1.0
P_frozen,MNS1,CWH41,ALG6,CWH41,1.0,0.0,1.0
P_frozen,MNS1,CWH41,ALG3,CWH41,1.0,0.0,1.0
P_frozen,MNS1,CWH41,OST3,CWH41,1.0,0.0,1.0
P_frozen,MNS1,CWH41,UBC7,UFD2,1.0,0.0,1.0
P_frozen,MNS1,CWH41,HRD1,UFD2,1.0,0.0,1.0
P_frozen,MNS1,CWH41,TLG2,GOS1,1.0,0.0,1.0
P_frozen,MNS1,CWH41,SEC22,GOS1,1.0,0.0,1.0
P_frozen,MNS1,CWH41,DOA4,GCS1,0.0,1.0,-1.0
P_frozen,MNS1,CWH41,DIE2,ROT2,1.0,0.0,1.0
P_frozen,MNS1,CWH41,ALG5,ROT2,1.0,0.0,1.0
P_frozen,MNS1,CWH41,ALG8,ROT2,1.0,0.0,1.0
P_frozen,MNS1,CWH41,ALG12,ROT2,1.0,0.0,1.0
P_frozen,MNS1,CWH41,ALG9,ROT2,1.0,0.0,1.0
P_frozen,MNS1,CWH41,ALG6,ROT2,1.0,0.0,1.0
P_frozen,MNS1,CWH41,OST3,ROT2,1.0,0.0,1.0
P_frozen,MNS1,CWH41,DOA4,VPS28,0.0,1.0,-1.0
P_frozen,MNS1,CWH41,GCS1,VPS28,1.0,0.0,1.0
P_frozen,MNS1,CWH41,MNS1,OST5,0.0,1.0,-1.0
P_frozen,MNS1,CWH41,CWH41,OST5,0.0,1.0,-1.0
P_frozen,MNS1,CWH41,ALG12,OST5,0.0,1.0,-1.0
P_frozen,MNS1,CWH41,ALG9,OST5,0.0,1.0,-1.0
P_frozen,MNS1,CWH41,OST3,OST5,1.0,0.0,1.0
P_frozen,MNS1,CWH41,MNS1,DIE2,0.0,1.0,-1.0
P_frozen,MNS1,CWH41,OST5,DIE2,1.0,0.0,1.0
P_frozen,MNS1,CWH41,OST3,DIE2,1.0,0.0,1.0
P_frozen,MNS1,CWH41,HRD1,UBC7,1.0,0.0,1.0
P_frozen,MNS1,CWH41,MNS1,ALG5,0.0,1.0,-1.0
P_frozen,MNS1,CWH41,CWH41,ALG5,1.0,0.0,1.0
P_frozen,MNS1,CWH41,OST5,ALG5,1.0,0.0,1.0
P_frozen,MNS1,CWH41,OST3,ALG5,1.0,0.0,1.0
P_frozen,MNS1,CWH41,PMT2,PMT1,1.0,0.0,1.0
P_frozen,MNS1,CWH41,TLG2,SEC22,1.0,0.0,1.0
P_frozen,MNS1,CWH41,MNS1,ALG8,0.0,1.0,-1.0
P_frozen,MNS1,CWH41,ROT2,ALG8,1.0,0.0,1.0
P_frozen,MNS1,CWH41,OST5,ALG8,1.0,0.0,1.0
P_frozen,MNS1,CWH41,ALG9,ALG8,1.0,0.0,1.0
P_frozen,MNS1,CWH41,ALG6,ALG8,1.0,0.0,1.0
P_frozen,MNS1,CWH41,OST3,ALG8,1.0,0.0,1.0
P_frozen,MNS1,CWH41,OST3,ALG12,1.0,0.0,1.0
P_frozen,MNS1,CWH41,ROT2,ALG9,1.0,0.0,1.0
P_frozen,MNS1,CWH41,OST5,ALG9,1.0,0.0,1.0
P_frozen,MNS1,CWH41,OST3,ALG9,1.0,0.0,1.0
P_frozen,MNS1,CWH41,MNS1,ALG6,0.0,1.0,-1.0
P_frozen,MNS1,CWH41,OST5,ALG6,1.0,0.0,1.0
P_frozen,MNS1,CWH41,ALG12,ALG6,1.0,0.0,1.0
P_frozen,MNS1,CWH41,OST3,ALG6,1.0,0.0,1.0
P_frozen,MNS1,CWH41,MNS1,ALG3,1.0,0.0,1.0
P_frozen,MNS1,CWH41,CWH41,ALG3,1.0,0.0,1.0
P_frozen,MNS1,CWH41,OST5,ALG3,1.0,0.0,1.0
P_frozen,MNS1,CWH41,DIE2,ALG3,1.0,0.0,1.0
P_frozen,MNS1,CWH41,OST3,ALG3,1.0,0.0,1.0
P_frozen,MNS1,CWH41,PMT1,PMT2,1.0,0.0,1.0
P_frozen,MNS1,CWH41,MNS1,OST3,0.0,1.0,-1.0
P_frozen,MNS1,CWH41,ALG5,OST3,0.0,1.0,-1.0
P_frozen,MNS1,CWH41,ALG8,OST3,0.0,1.0,-1.0
P_frozen,MNS1,CWH41,ALG12,OST3,0.0,1.0,-1.0
P_frozen,MNS1,CWH41,ALG9,OST3,0.0,1.0,-1.0
P_frozen,MNS1,CWH41,ALG6,OST3,0.0,1.0,-1.0
P_frozen,ROT2,CWH41,CWH41,MNS1,1.0,0.0,1.0
P_frozen,ROT2,CWH41,MNN2,MNS1,1.0,0.0,1.0
P_frozen,ROT2,CWH41,ROT2,MNS1,1.0,0.0,1.0
P_frozen,ROT2,CWH41,OST5,MNS1,1.0,0.0,1.0
P_frozen,ROT2,CWH41,DIE2,MNS1,1.0,0.0,1.0
P_frozen,ROT2,CWH41,ALG5,MNS1,1.0,0.0,1.0
P_frozen,ROT2,CWH41,ALG8,MNS1,1.0,0.0,1.0
P_frozen,ROT2,CWH41,ALG12,MNS1,1.0,0.0,1.0
P_frozen,ROT2,CWH41,ALG9,MNS1,1.0,0.0,1.0
P_frozen,ROT2,CWH41,ALG6,MNS1,1.0,0.0,1.0
P_frozen,ROT2,CWH41,OST3,MNS1,1.0,0.0,1.0
P_frozen,ROT2,CWH41,ANP1,MNS1,1.0,0.0,1.0
P_frozen,ROT2,CWH41,BTS1,HMG1,1.0,0.0,1.0
P_frozen,ROT2,CWH41,PCT1,PSD2,1.0,0.0,1.0
P_frozen,ROT2,CWH41,STP22,DOA4,1.0,0.0,1.0
P_frozen,ROT2,CWH41,GCS1,DOA4,1.0,0.0,1.0
P_frozen,ROT2,CWH41,VPS28,DOA4,1.0,0.0,1.0
P_frozen,ROT2,CWH41,OST5,CWH41,1.0,0.0,1.0
P_frozen,ROT2,CWH41,DIE2,CWH41,1.0,0.0,1.0
P_frozen,ROT2,CWH41,ALG8,CWH41,1.0,0.0,1.0
P_frozen,ROT2,CWH41,ALG12,CWH41,1.0,0.0,1.0
P_frozen,ROT2,CWH41,ALG9,CWH41,1.0,0.0,1.0
P_frozen,ROT2,CWH41,ALG6,CWH41,1.0,0.0,1.0
P_frozen,ROT2,CWH41,OST3,CWH41,1.0,0.0,1.0
P_frozen,ROT2,CWH41,UBC7,UFD2,1.0,0.0,1.0
P_frozen,ROT2,CWH41,HRD1,UFD2,1.0,0.0,1.0
P_frozen,ROT2,CWH41,TLG2,GOS1,1.0,0.0,1.0
P_frozen,ROT2,CWH41,SEC22,GOS1,1.0,0.0,1.0
P_frozen,ROT2,CWH41,CWH41,ROT2,0.0,1.0,-1.0
P_frozen,ROT2,CWH41,OST5,ROT2,1.0,0.0,1.0
P_frozen,ROT2,CWH41,DIE2,ROT2,1.0,0.0,1.0
P_frozen,ROT2,CWH41,ALG8,ROT2,1.0,0.0,1.0
P_frozen,ROT2,CWH41,ALG6,ROT2,1.0,0.0,1.0
P_frozen,ROT2,CWH41,OST3,ROT2,1.0,0.0,1.0
P_frozen,ROT2,CWH41,CWH41,OST5,0.0,1.0,-1.0
P_frozen,ROT2,CWH41,ALG12,OST5,0.0,1.0,-1.0
P_frozen,ROT2,CWH41,ALG9,OST5,0.0,1.0,-1.0
P_frozen,ROT2,CWH41,OST3,OST5,1.0,0.0,1.0
P_frozen,ROT2,CWH41,MNS1,DIE2,0.0,1.0,-1.0
P_frozen,ROT2,CWH41,HRD1,UBC7,1.0,0.0,1.0
P_frozen,ROT2,CWH41,OST5,ALG5,1.0,0.0,1.0
P_frozen,ROT2,CWH41,OST3,ALG5,1.0,0.0,1.0
P_frozen,ROT2,CWH41,TLG2,SEC22,1.0,0.0,1.0
P_frozen,ROT2,CWH41,OST5,ALG8,1.0,0.0,1.0
P_frozen,ROT2,CWH41,ALG12,ALG8,0.0,1.0,-1.0
P_frozen,ROT2,CWH41,OST3,ALG8,1.0,0.0,1.0
P_frozen,ROT2,CWH41,ROT2,ALG12,0.0,1.0,-1.0
P_frozen,ROT2,CWH41,DIE2,ALG12,1.0,0.0,1.0
P_frozen,ROT2,CWH41,ALG5,ALG12,0.0,1.0,-1.0
P_frozen,ROT2,CWH41,ALG9,ALG12,0.0,1.0,-1.0
P_frozen,ROT2,CWH41,OST3,ALG12,1.0,0.0,1.0
P_frozen,ROT2,CWH41,OST5,ALG9,1.0,0.0,1.0
P_frozen,ROT2,CWH41,OST3,ALG9,1.0,0.0,1.0
P_frozen,ROT2,CWH41,MNS1,ALG6,0.0,1.0,-1.0
P_frozen,ROT2,CWH41,OST5,ALG6,1.0,0.0,1.0
P_frozen,ROT2,CWH41,OST3,ALG6,1.0,0.0,1.0
P_frozen,ROT2,CWH41,CWH41,ALG3,1.0,0.0,1.0
P_frozen,ROT2,CWH41,ROT2,ALG3,1.0,0.0,1.0
P_frozen,ROT2,CWH41,OST5,ALG3,1.0,0.0,1.0
P_frozen,ROT2,CWH41,DIE2,ALG3,1.0,0.0,1.0
P_frozen,ROT2,CWH41,OST3,ALG3,1.0,0.0,1.0
P_frozen,ROT2,CWH41,PMT1,PMT2,1.0,0.0,1.0
P_frozen,ROT2,CWH41,ALG5,OST3,0.0,1.0,-1.0
P_frozen,ROT2,CWH41,ALG9,OST3,0.0,1.0,-1.0
P_frozen,ROT2,CWH41,MNN2,ANP1,0.0,1.0,-1.0
P_frozen,MNS1,MNN2,CWH41,MNS1,1.0,0.0,1.0
P_frozen,MNS1,MNN2,MNN2,MNS1,1.0,0.0,1.0
P_frozen,MNS1,MNN2,ROT2,MNS1,1.0,0.0,1.0
P_frozen,MNS1,MNN2,OST5,MNS1,1.0,0.0,1.0
P_frozen,MNS1,MNN2,DIE2,MNS1,1.0,0.0,1.0
P_frozen,MNS1,MNN2,ALG5,MNS1,1.0,0.0,1.0
P_frozen,MNS1,MNN2,ALG8,MNS1,1.0,0.0,1.0
P_frozen,MNS1,MNN2,ALG12,MNS1,1.0,0.0,1.0
P_frozen,MNS1,MNN2,ALG9,MNS1,1.0,0.0,1.0
P_frozen,MNS1,MNN2,ALG6,MNS1,1.0,0.0,1.0
P_frozen,MNS1,MNN2,ALG3,MNS1,1.0,0.0,1.0
P_frozen,MNS1,MNN2,OST3,MNS1,1.0,0.0,1.0
P_frozen,MNS1,MNN2,ANP1,MNS1,1.0,0.0,1.0
P_frozen,MNS1,MNN2,BTS1,HMG1,1.0,0.0,1.0
P_frozen,MNS1,MNN2,PCT1,PSD2,1.0,0.0,1.0
P_frozen,MNS1,MNN2,DOA4,STP22,1.0,0.0,1.0
P_frozen,MNS1,MNN2,GCS1,STP22,1.0,0.0,1.0
P_frozen,MNS1,MNN2,VPS28,STP22,1.0,0.0,1.0
P_frozen,MNS1,MNN2,GOS1,TLG2,1.0,0.0,1.0
P_frozen,MNS1,MNN2,SEC22,TLG2,1.0,0.0,1.0
P_frozen,MNS1,MNN2,STP22,DOA4,1.0,0.0,1.0
P_frozen,MNS1,MNN2,GCS1,DOA4,1.0,0.0,1.0
P_frozen,MNS1,MNN2,VPS28,DOA4,1.0,0.0,1.0
P_frozen,MNS1,MNN2,PSD2,PCT1,1.0,0.0,1.0
P_frozen,MNS1,MNN2,OST5,CWH41,1.0,0.0,1.0
P_frozen,MNS1,MNN2,DIE2,CWH41,1.0,0.0,1.0
P_frozen,MNS1,MNN2,ALG5,CWH41,1.0,0.0,1.0
P_frozen,MNS1,MNN2,ALG8,CWH41,1.0,0.0,1.0
P_frozen,MNS1,MNN2,ALG12,CWH41,1.0,0.0,1.0
P_frozen,MNS1,MNN2,ALG9,CWH41,1.0,0.0,1.0
P_frozen,MNS1,MNN2,ALG6,CWH41,1.0,0.0,1.0
P_frozen,MNS1,MNN2,ALG3,CWH41,1.0,0.0,1.0
P_frozen,MNS1,MNN2,OST3,CWH41,1.0,0.0,1.0
P_frozen,MNS1,MNN2,UBC7,UFD2,1.0,0.0,1.0
P_frozen,MNS1,MNN2,HRD1,UFD2,1.0,0.0,1.0
P_frozen,MNS1,MNN2,TLG2,GOS1,1.0,0.0,1.0
P_frozen,MNS1,MNN2,SEC22,GOS1,1.0,0.0,1.0
P_frozen,MNS1,MNN2,DOA4,GCS1,1.0,0.0,1.0
P_frozen,MNS1,MNN2,OST5,ROT2,1.0,0.0,1.0
P_frozen,MNS1,MNN2,DIE2,ROT2,1.0,0.0,1.0
P_frozen,MNS1,MNN2,ALG5,ROT2,1.0,0.0,1.0
P_frozen,MNS1,MNN2,ALG8,ROT2,1.0,0.0,1.0
P_frozen,MNS1,MNN2,ALG12,ROT2,1.0,0.0,1.0
P_frozen,MNS1,MNN2,ALG9,ROT2,1.0,0.0,1.0
P_frozen,MNS1,MNN2,ALG6,ROT2,1.0,0.0,1.0
P_frozen,MNS1,MNN2,ALG3,ROT2,1.0,0.0,1.0
P_frozen,MNS1,MNN2,OST3,ROT2,1.0,0.0,1.0
P_frozen,MNS1,MNN2,DOA4,VPS28,1.0,0.0,1.0
P_frozen,MNS1,MNN2,GCS1,VPS28,1.0,0.0,1.0
P_frozen,MNS1,MNN2,MNS1,OST5,1.0,0.0,1.0
P_frozen,MNS1,MNN2,ROT2,OST5,1.0,0.0,1.0
P_frozen,MNS1,MNN2,ALG5,OST5,1.0,0.0,1.0
P_frozen,MNS1,MNN2,ALG8,OST5,1.0,0.0,1.0
P_frozen,MNS1,MNN2,ALG6,OST5,1.0,0.0,1.0
P_frozen,MNS1,MNN2,ALG3,OST5,1.0,0.0,1.0
P_frozen,MNS1,MNN2,OST3,OST5,1.0,0.0,1.0
P_frozen,MNS1,MNN2,CWH41,DIE2,1.0,0.0,1.0
P_frozen,MNS1,MNN2,ROT2,DIE2,1.0,0.0,1.0
P_frozen,MNS1,MNN2,OST5,DIE2,1.0,0.0,1.0
P_frozen,MNS1,MNN2,ALG5,DIE2,1.0,0.0,1.0
P_frozen,MNS1,MNN2,ALG8,DIE2,1.0,0.0,1.0
P_frozen,MNS1,MNN2,ALG12,DIE2,1.0,0.0,1.0
P_frozen,MNS1,MNN2,ALG9,DIE2,1.0,0.0,1.0
P_frozen,MNS1,MNN2,ALG6,DIE2,1.0,0.0,1.0
P_frozen,MNS1,MNN2,ALG3,DIE2,1.0,0.0,1.0
P_frozen,MNS1,MNN2,OST3,DIE2,1.0,0.0,1.0
P_frozen,MNS1,MNN2,UFD2,UBC7,1.0,0.0,1.0
P_frozen,MNS1,MNN2,HRD1,UBC7,1.0,0.0,1.0
P_frozen,MNS1,MNN2,MNS1,ALG5,1.0,0.0,1.0
P_frozen,MNS1,MNN2,CWH41,ALG5,1.0,0.0,1.0
P_frozen,MNS1,MNN2,ROT2,ALG5,1.0,0.0,1.0
P_frozen,MNS1,MNN2,OST5,ALG5,1.0,0.0,1.0
P_frozen,MNS1,MNN2,ALG9,ALG5,1.0,0.0,1.0
P_frozen,MNS1,MNN2,ALG3,ALG5,1.0,0.0,1.0
P_frozen,MNS1,MNN2,OST3,ALG5,1.0,0.0,1.0
P_frozen,MNS1,MNN2,PMT2,PMT1,1.0,0.0,1.0
P_frozen,MNS1,MNN2,TLG2,SEC22,1.0,0.0,1.0
P_frozen,MNS1,MNN2,GOS1,SEC22,1.0,0.0,1.0
P_frozen,MNS1,MNN2,UFD2,HRD1,1.0,0.0,1.0
P_frozen,MNS1,MNN2,UBC7,HRD1,1.0,0.0,1.0
P_frozen,MNS1,MNN2,MNS1,ALG8,1.0,0.0,1.0
P_frozen,MNS1,MNN2,CWH41,ALG8,1.0,0.0,1.0
P_frozen,MNS1,MNN2,ROT2,ALG8,1.0,0.0,1.0
P_frozen,MNS1,MNN2,OST5,ALG8,1.0,0.0,1.0
P_frozen,MNS1,MNN2,ALG5,ALG8,1.0,0.0,1.0
P_frozen,MNS1,MNN2,ALG9,ALG8,1.0,0.0,1.0
P_frozen,MNS1,MNN2,ALG6,ALG8,1.0,0.0,1.0
P_frozen,MNS1,MNN2,ALG3,ALG8,1.0,0.0,1.0
P_frozen,MNS1,MNN2,OST3,ALG8,1.0,0.0,1.0
P_frozen,MNS1,MNN2,MNS1,ALG12,1.0,0.0,1.0
P_frozen,MNS1,MNN2,CWH41,ALG12,1.0,0.0,1.0
P_frozen,MNS1,MNN2,DIE2,ALG12,1.0,0.0,1.0
P_frozen,MNS1,MNN2,ALG8,ALG12,1.0,0.0,1.0
P_frozen,MNS1,MNN2,ALG3,ALG12,1.0,0.0,1.0
P_frozen,MNS1,MNN2,OST3,ALG12,1.0,0.0,1.0
P_frozen,MNS1,MNN2,MNS1,ALG9,1.0,0.0,1.0
P_frozen,MNS1,MNN2,CWH41,ALG9,1.0,0.0,1.0
P_frozen,MNS1,MNN2,ROT2,ALG9,1.0,0.0,1.0
P_frozen,MNS1,MNN2,OST5,ALG9,1.0,0.0,1.0
P_frozen,MNS1,MNN2,ALG5,ALG9,1.0,0.0,1.0
P_frozen,MNS1,MNN2,ALG3,ALG9,1.0,0.0,1.0
P_frozen,MNS1,MNN2,OST3,ALG9,1.0,0.0,1.0
P_frozen,MNS1,MNN2,CWH41,ALG6,1.0,0.0,1.0
P_frozen,MNS1,MNN2,ROT2,ALG6,1.0,0.0,1.0
P_frozen,MNS1,MNN2,OST5,ALG6,1.0,0.0,1.0
P_frozen,MNS1,MNN2,ALG5,ALG6,1.0,0.0,1.0
P_frozen,MNS1,MNN2,ALG12,ALG6,1.0,0.0,1.0
P_frozen,MNS1,MNN2,ALG9,ALG6,1.0,0.0,1.0
P_frozen,MNS1,MNN2,ALG3,ALG6,1.0,0.0,1.0
P_frozen,MNS1,MNN2,OST3,ALG6,1.0,0.0,1.0
P_frozen,MNS1,MNN2,MNS1,ALG3,1.0,0.0,1.0
P_frozen,MNS1,MNN2,CWH41,ALG3,1.0,0.0,1.0
P_frozen,MNS1,MNN2,ROT2,ALG3,1.0,0.0,1.0
P_frozen,MNS1,MNN2,OST5,ALG3,1.0,0.0,1.0
P_frozen,MNS1,MNN2,DIE2,ALG3,1.0,0.0,1.0
P_frozen,MNS1,MNN2,OST3,ALG3,1.0,0.0,1.0
P_frozen,MNS1,MNN2,PMT1,PMT2,1.0,0.0,1.0
P_frozen,MNS1,MNN2,MNS1,OST3,1.0,0.0,1.0
P_frozen,MNS1,MNN2,CWH41,OST3,1.0,0.0,1.0
P_frozen,MNS1,MNN2,ROT2,OST3,1.0,0.0,1.0
P_frozen,MNS1,MNN2,DIE2,OST3,1.0,0.0,1.0
P_frozen,MNS1,MNN2,ALG8,OST3,1.0,0.0,1.0
P_frozen,MNS1,MNN2,ALG12,OST3,1.0,0.0,1.0
P_frozen,MNS1,MNN2,ALG6,OST3,1.0,0.0,1.0
P_frozen,MNS1,MNN2,ALG3,OST3,1.0,0.0,1.0
P_frozen,ANP1,MNN2,CWH41,MNS1,1.0,0.0,1.0
P_frozen,ANP1,MNN2,MNN2,MNS1,1.0,0.0,1.0
P_frozen,ANP1,MNN2,ROT2,MNS1,1.0,0.0,1.0
P_frozen,ANP1,MNN2,OST5,MNS1,1.0,0.0,1.0
P_frozen,ANP1,MNN2,DIE2,MNS1,1.0,0.0,1.0
P_frozen,ANP1,MNN2,ALG5,MNS1,1.0,0.0,1.0
P_frozen,ANP1,MNN2,ALG8,MNS1,1.0,0.0,1.0
P_frozen,ANP1,MNN2,ALG12,MNS1,1.0,0.0,1.0
P_frozen,ANP1,MNN2,ALG9,MNS1,1.0,0.0,1.0
P_frozen,ANP1,MNN2,ALG6,MNS1,1.0,0.0,1.0
P_frozen,ANP1,MNN2,ALG3,MNS1,1.0,0.0,1.0
P_frozen,ANP1,MNN2,OST3,MNS1,1.0,0.0,1.0
P_frozen,ANP1,MNN2,ANP1,MNS1,1.0,0.0,1.0
P_frozen,ANP1,MNN2,BTS1,HMG1,1.0,0.0,1.0
P_frozen,ANP1,MNN2,PCT1,PSD2,1.0,0.0,1.0
P_frozen,ANP1,MNN2,STP22,DOA4,1.0,0.0,1.0
P_frozen,ANP1,MNN2,GCS1,DOA4,1.0,0.0,1.0
P_frozen,ANP1,MNN2,VPS28,DOA4,1.0,0.0,1.0
P_frozen,ANP1,MNN2,OST5,CWH41,1.0,0.0,1.0
P_frozen,ANP1,MNN2,DIE2,CWH41,1.0,0.0,1.0
P_frozen,ANP1,MNN2,ALG5,CWH41,1.0,0.0,1.0
P_frozen,ANP1,MNN2,ALG8,CWH41,1.0,0.0,1.0
P_frozen,ANP1,MNN2,ALG12,CWH41,1.0,0.0,1.0
P_frozen,ANP1,MNN2,ALG9,CWH41,1.0,0.0,1.0
P_frozen,ANP1,MNN2,ALG6,CWH41,1.0,0.0,1.0
P_frozen,ANP1,MNN2,OST3,CWH41,1.0,0.0,1.0
P_frozen,ANP1,MNN2,UBC7,UFD2,1.0,0.0,1.0
P_frozen,ANP1,MNN2,HRD1,UFD2,1.0,0.0,1.0
P_frozen,ANP1,MNN2,TLG2,GOS1,1.0,0.0,1.0
P_frozen,ANP1,MNN2,SEC22,GOS1,1.0,0.0,1.0
P_frozen,ANP1,MNN2,VPS28,GCS1,1.0,0.0,1.0
P_frozen,ANP1,MNN2,OST5,ROT2,1.0,0.0,1.0
P_frozen,ANP1,MNN2,DIE2,ROT2,1.0,0.0,1.0
P_frozen,ANP1,MNN2,ALG8,ROT2,1.0,0.0,1.0
P_frozen,ANP1,MNN2,ALG12,ROT2,1.0,0.0,1.0
P_frozen,ANP1,MNN2,ALG9,ROT2,1.0,0.0,1.0
P_frozen,ANP1,MNN2,ALG6,ROT2,1.0,0.0,1.0
P_frozen,ANP1,MNN2,OST3,ROT2,1.0,0.0,1.0
P_frozen,ANP1,MNN2,ALG12,OST5,0.0,1.0,-1.0
P_frozen,ANP1,MNN2,ALG9,OST5,0.0,1.0,-1.0
P_frozen,ANP1,MNN2,OST3,OST5,1.0,0.0,1.0
P_frozen,ANP1,MNN2,MNS1,DIE2,0.0,1.0,-1.0
P_frozen,ANP1,MNN2,OST3,DIE2,1.0,0.0,1.0
P_frozen,ANP1,MNN2,HRD1,UBC7,1.0,0.0,1.0
P_frozen,ANP1,MNN2,ROT2,ALG5,1.0,0.0,1.0
P_frozen,ANP1,MNN2,OST5,ALG5,1.0,0.0,1.0
P_frozen,ANP1,MNN2,ALG9,ALG5,1.0,0.0,1.0
P_frozen,ANP1,MNN2,OST3,ALG5,1.0,0.0,1.0
P_frozen,ANP1,MNN2,TLG2,SEC22,1.0,0.0,1.0
P_frozen,ANP1,MNN2,OST5,ALG8,1.0,0.0,1.0
P_frozen,ANP1,MNN2,ALG6,ALG8,1.0,0.0,1.0
P_frozen,ANP1,MNN2,OST3,ALG8,1.0,0.0,1.0
P_frozen,ANP1,MNN2,DIE2,ALG12,1.0,0.0,1.0
P_frozen,ANP1,MNN2,ALG8,ALG12,1.0,0.0,1.0
P_frozen,ANP1,MNN2,ALG9,ALG12,0.0,1.0,-1.0
P_frozen,ANP1,MNN2,ALG6,ALG12,1.0,0.0,1.0
P_frozen,ANP1,MNN2,OST3,ALG12,1.0,0.0,1.0
P_frozen,ANP1,MNN2,OST5,ALG9,1.0,0.0,1.0
P_frozen,ANP1,MNN2,OST3,ALG9,1.0,0.0,1.0
P_frozen,ANP1,MNN2,OST5,ALG6,1.0,0.0,1.0
P_frozen,ANP1,MNN2,OST3,ALG6,1.0,0.0,1.0
P_frozen,ANP1,MNN2,CWH41,ALG3,1.0,0.0,1.0
P_frozen,ANP1,MNN2,ROT2,ALG3,1.0,0.0,1.0
P_frozen,ANP1,MNN2,OST5,ALG3,1.0,0.0,1.0
P_frozen,ANP1,MNN2,DIE2,ALG3,1.0,0.0,1.0
P_frozen,ANP1,MNN2,OST3,ALG3,1.0,0.0,1.0
P_frozen,ANP1,MNN2,PMT1,PMT2,1.0,0.0,1.0
P_frozen,ANP1,MNN2,DIE2,OST3,1.0,0.0,1.0
P_frozen,ANP1,MNN2,MNN2,ANP1,1.0,0.0,1.0
P_frozen,MNS1,ROT2,CWH41,MNS1,1.0,0.0,1.0
P_frozen,MNS1,ROT2,MNN2,MNS1,1.0,0.0,1.0
P_frozen,MNS1,ROT2,ROT2,MNS1,1.0,0.0,1.0
P_frozen,MNS1,ROT2,OST5,MNS1,1.0,0.0,1.0
P_frozen,MNS1,ROT2,DIE2,MNS1,1.0,0.0,1.0
P_frozen,MNS1,ROT2,ALG5,MNS1,1.0,0.0,1.0
P_frozen,MNS1,ROT2,ALG8,MNS1,1.0,0.0,1.0
P_frozen,MNS1,ROT2,ALG12,MNS1,1.0,0.0,1.0
P_frozen,MNS1,ROT2,ALG9,MNS1,1.0,0.0,1.0
P_frozen,MNS1,ROT2,ALG6,MNS1,1.0,0.0,1.0
P_frozen,MNS1,ROT2,ALG3,MNS1,1.0,0.0,1.0
P_frozen,MNS1,ROT2,OST3,MNS1,1.0,0.0,1.0
P_frozen,MNS1,ROT2,ANP1,MNS1,1.0,0.0,1.0
P_frozen,MNS1,ROT2,BTS1,HMG1,1.0,0.0,1.0
P_frozen,MNS1,ROT2,PCT1,PSD2,1.0,0.0,1.0
P_frozen,MNS1,ROT2,GCS1,STP22,1.0,0.0,1.0
P_frozen,MNS1,ROT2,VPS28,STP22,1.0,0.0,1.0
P_frozen,MNS1,ROT2,SEC22,TLG2,1.0,0.0,1.0
P_frozen,MNS1,ROT2,STP22,DOA4,1.0,0.0,1.0
P_frozen,MNS1,ROT2,GCS1,DOA4,1.0,0.0,1.0
P_frozen,MNS1,ROT2,VPS28,DOA4,1.0,0.0,1.0
P_frozen,MNS1,ROT2,PSD2,PCT1,1.0,0.0,1.0
P_frozen,MNS1,ROT2,OST5,CWH41,1.0,0.0,1.0
P_frozen,MNS1,ROT2,ALG5,CWH41,1.0,0.0,1.0
P_frozen,MNS1,ROT2,ALG8,CWH41,1.0,0.0,1.0
P_frozen,MNS1,ROT2,ALG12,CWH41,1.0,0.0,1.0
P_frozen,MNS1,ROT2,ALG9,CWH41,1.0,0.0,1.0
P_frozen,MNS1,ROT2,ALG6,CWH41,1.0,0.0,1.0
P_frozen,MNS1,ROT2,ALG3,CWH41,1.0,0.0,1.0
P_frozen,MNS1,ROT2,OST3,CWH41,1.0,0.0,1.0
P_frozen,MNS1,ROT2,UBC7,UFD2,1.0,0.0,1.0
P_frozen,MNS1,ROT2,HRD1,UFD2,1.0,0.0,1.0
P_frozen,MNS1,ROT2,TLG2,GOS1,1.0,0.0,1.0
P_frozen,MNS1,ROT2,SEC22,GOS1,1.0,0.0,1.0
P_frozen,MNS1,ROT2,DOA4,GCS1,0.0,1.0,-1.0
P_frozen,MNS1,ROT2,DIE2,ROT2,1.0,0.0,1.0
P_frozen,MNS1,ROT2,ALG5,ROT2,1.0,0.0,1.0
P_frozen,MNS1,ROT2,ALG8,ROT2,1.0,0.0,1.0
P_frozen,MNS1,ROT2,ALG12,ROT2,1.0,0.0,1.0
P_frozen,MNS1,ROT2,ALG9,ROT2,1.0,0.0,1.0
P_frozen,MNS1,ROT2,ALG6,ROT2,1.0,0.0,1.0
P_frozen,MNS1,ROT2,ALG3,ROT2,1.0,0.0,1.0
P_frozen,MNS1,ROT2,OST3,ROT2,1.0,0.0,1.0
P_frozen,MNS1,ROT2,DOA4,VPS28,0.0,1.0,-1.0
P_frozen,MNS1,ROT2,MNS1,OST5,0.0,1.0,-1.0
P_frozen,MNS1,ROT2,CWH41,OST5,0.0,1.0,-1.0
P_frozen,MNS1,ROT2,ALG12,OST5,0.0,1.0,-1.0
P_frozen,MNS1,ROT2,ALG9,OST5,0.0,1.0,-1.0
P_frozen,MNS1,ROT2,ALG6,OST5,1.0,0.0,1.0
P_frozen,MNS1,ROT2,OST3,OST5,1.0,0.0,1.0
P_frozen,MNS1,ROT2,MNS1,DIE2,0.0,1.0,-1.0
P_frozen,MNS1,ROT2,OST5,DIE2,1.0,0.0,1.0
P_frozen,MNS1,ROT2,OST3,DIE2,1.0,0.0,1.0
P_frozen,MNS1,ROT2,UFD2,UBC7,1.0,0.0,1.0
P_frozen,MNS1,ROT2,HRD1,UBC7,1.0,0.0,1.0
P_frozen,MNS1,ROT2,CWH41,ALG5,1.0,0.0,1.0
P_frozen,MNS1,ROT2,OST5,ALG5,1.0,0.0,1.0
P_frozen,MNS1,ROT2,ALG3,ALG5,1.0,0.0,1.0
P_frozen,MNS1,ROT2,OST3,ALG5,1.0,0.0,1.0
P_frozen,MNS1,ROT2,PMT2,PMT1,1.0,0.0,1.0
P_frozen,MNS1,ROT2,TLG2,SEC22,1.0,0.0,1.0
P_frozen,MNS1,ROT2,GOS1,SEC22,1.0,0.0,1.0
P_frozen,MNS1,ROT2,MNS1,ALG8,0.0,1.0,-1.0
P_frozen,MNS1,ROT2,CWH41,ALG8,1.0,0.0,1.0
P_frozen,MNS1,ROT2,ROT2,ALG8,1.0,0.0,1.0
P_frozen,MNS1,ROT2,OST5,ALG8,1.0,0.0,1.0
P_frozen,MNS1,ROT2,ALG5,ALG8,1.0,0.0,1.0
P_frozen,MNS1,ROT2,ALG6,ALG8,1.0,0.0,1.0
P_frozen,MNS1,ROT2,OST3,ALG8,1.0,0.0,1.0
P_frozen,MNS1,ROT2,CWH41,ALG12,1.0,0.0,1.0
P_frozen,MNS1,ROT2,OST3,ALG12,1.0,0.0,1.0
P_frozen,MNS1,ROT2,CWH41,ALG9,1.0,0.0,1.0
P_frozen,MNS1,ROT2,OST5,ALG9,1.0,0.0,1.0
P_frozen,MNS1,ROT2,OST3,ALG9,1.0,0.0,1.0
P_frozen,MNS1,ROT2,MNS1,ALG6,0.0,1.0,-1.0
P_frozen,MNS1,ROT2,ROT2,ALG6,1.0,0.0,1.0
P_frozen,MNS1,ROT2,OST5,ALG6,1.0,0.0,1.0
P_frozen,MNS1,ROT2,ALG5,ALG6,1.0,0.0,1.0
P_frozen,MNS1,ROT2,ALG12,ALG6,1.0,0.0,1.0
P_frozen,MNS1,ROT2,ALG9,ALG6,1.0,0.0,1.0
P_frozen,MNS1,ROT2,OST3,ALG6,1.0,0.0,1.0
P_frozen,MNS1,ROT2,MNS1,ALG3,1.0,0.0,1.0
P_frozen,MNS1,ROT2,CWH41,ALG3,1.0,0.0,1.0
P_frozen,MNS1,ROT2,OST5,ALG3,1.0,0.0,1.0
P_frozen,MNS1,ROT2,DIE2,ALG3,1.0,0.0,1.0
P_frozen,MNS1,ROT2,OST3,ALG3,1.0,0.0,1.0
P_frozen,MNS1,ROT2,PMT1,PMT2,1.0,0.0,1.0
P_frozen,MNS1,ROT2,MNS1,OST3,0.0,1.0,-1.0
P_frozen,MNS1,ROT2,ALG5,OST3,0.0,1.0,-1.0
P_frozen,MNS1,ROT2,ALG8,OST3,0.0,1.0,-1.0
P_frozen,MNS1,ROT2,ALG12,OST3,0.0,1.0,-1.0
P_frozen,MNS1,ROT2,ALG9,OST3,0.0,1.0,-1.0
P_frozen,MNS1,ROT2,ALG6,OST3,0.0,1.0,-1.0
P_frozen,STP22,VPS28,CWH41,MNS1,1.0,0.0,1.0
P_frozen,STP22,VPS28,MNN2,MNS1,1.0,0.0,1.0
P_frozen,STP22,VPS28,ROT2,MNS1,1.0,0.0,1.0
P_frozen,STP22,VPS28,OST5,MNS1,1.0,0.0,1.0
P_frozen,STP22,VPS28,DIE2,MNS1,1.0,0.0,1.0
P_frozen,STP22,VPS28,ALG5,MNS1,1.0,0.0,1.0
P_frozen,STP22,VPS28,ALG8,MNS1,1.0,0.0,1.0
P_frozen,STP22,VPS28,ALG12,MNS1,1.0,0.0,1.0
P_frozen,STP22,VPS28,ALG9,MNS1,1.0,0.0,1.0
P_frozen,STP22,VPS28,ALG6,MNS1,1.0,0.0,1.0
P_frozen,STP22,VPS28,OST3,MNS1,1.0,0.0,1.0
P_frozen,STP22,VPS28,ANP1,MNS1,1.0,0.0,1.0
P_frozen,STP22,VPS28,BTS1,HMG1,1.0,0.0,1.0
P_frozen,STP22,VPS28,PCT1,PSD2,1.0,0.0,1.0
P_frozen,STP22,VPS28,STP22,DOA4,1.0,0.0,1.0
P_frozen,STP22,VPS28,GCS1,DOA4,1.0,0.0,1.0
P_frozen,STP22,VPS28,VPS28,DOA4,1.0,0.0,1.0
P_frozen,STP22,VPS28,OST5,CWH41,1.0,0.0,1.0
P_frozen,STP22,VPS28,DIE2,CWH41,1.0,0.0,1.0
P_frozen,STP22,VPS28,ALG5,CWH41,1.0,0.0,1.0
P_frozen,STP22,VPS28,ALG8,CWH41,1.0,0.0,1.0
P_frozen,STP22,VPS28,ALG12,CWH41,1.0,0.0,1.0
P_frozen,STP22,VPS28,ALG9,CWH41,1.0,0.0,1.0
P_frozen,STP22,VPS28,ALG6,CWH41,1.0,0.0,1.0
P_frozen,STP22,VPS28,OST3,CWH41,1.0,0.0,1.0
P_frozen,STP22,VPS28,UBC7,UFD2,1.0,0.0,1.0
P_frozen,STP22,VPS28,HRD1,UFD2,1.0,0.0,1.0
P_frozen,STP22,VPS28,TLG2,GOS1,1.0,0.0,1.0
P_frozen,STP22,VPS28,SEC22,GOS1,1.0,0.0,1.0
P_frozen,STP22,VPS28,STP22,GCS1,1.0,0.0,1.0
P_frozen,STP22,VPS28,VPS28,GCS1,1.0,0.0,1.0
P_frozen,STP22,VPS28,OST5,ROT2,1.0,0.0,1.0
P_frozen,STP22,VPS28,DIE2,ROT2,1.0,0.0,1.0
P_frozen,STP22,VPS28,ALG8,ROT2,1.0,0.0,1.0
P_frozen,STP22,VPS28,ALG12,ROT2,1.0,0.0,1.0
P_frozen,STP22,VPS28,ALG9,ROT2,1.0,0.0,1.0
P_frozen,STP22,VPS28,ALG6,ROT2,1.0,0.0,1.0
P_frozen,STP22,VPS28,OST3,ROT2,1.0,0.0,1.0
P_frozen,STP22,VPS28,ALG12,OST5,0.0,1.0,-1.0
P_frozen,STP22,VPS28,ALG9,OST5,0.0,1.0,-1.0
P_frozen,STP22,VPS28,OST3,OST5,1.0,0.0,1.0
P_frozen,STP22,VPS28,MNS1,DIE2,0.0,1.0,-1.0
P_frozen,STP22,VPS28,HRD1,UBC7,1.0,0.0,1.0
P_frozen,STP22,VPS28,OST5,ALG5,1.0,0.0,1.0
P_frozen,STP22,VPS28,ALG9,ALG5,1.0,0.0,1.0
P_frozen,STP22,VPS28,OST3,ALG5,1.0,0.0,1.0
P_frozen,STP22,VPS28,TLG2,SEC22,1.0,0.0,1.0
P_frozen,STP22,VPS28,OST5,ALG8,1.0,0.0,1.0
P_frozen,STP22,VPS28,ALG6,ALG8,1.0,0.0,1.0
P_frozen,STP22,VPS28,OST3,ALG8,1.0,0.0,1.0
P_frozen,STP22,VPS28,OST5,ALG12,1.0,0.0,1.0
P_frozen,STP22,VPS28,DIE2,ALG12,1.0,0.0,1.0
P_frozen,STP22,VPS28,ALG8,ALG12,1.0,0.0,1.0
P_frozen,STP22,VPS28,ALG9,ALG12,0.0,1.0,-1.0
P_frozen,STP22,VPS28,ALG6,ALG12,1.0,0.0,1.0
P_frozen,STP22,VPS28,OST3,ALG12,1.0,0.0,1.0
P_frozen,STP22,VPS28,OST5,ALG9,1.0,0.0,1.0
P_frozen,STP22,VPS28,OST3,ALG9,1.0,0.0,1.0
P_frozen,STP22,VPS28,OST5,ALG6,1.0,0.0,1.0
P_frozen,STP22,VPS28,OST3,ALG6,1.0,0.0,1.0
P_frozen,STP22,VPS28,CWH41,ALG3,1.0,0.0,1.0
P_frozen,STP22,VPS28,ROT2,ALG3,1.0,0.0,1.0
P_frozen,STP22,VPS28,OST5,ALG3,1.0,0.0,1.0
P_frozen,STP22,VPS28,DIE2,ALG3,1.0,0.0,1.0
P_frozen,STP22,VPS28,OST3,ALG3,1.0,0.0,1.0
P_frozen,STP22,VPS28,PMT1,PMT2,1.0,0.0,1.0
P_frozen,HMG1,BTS1,CWH41,MNS1,1.0,0.0,1.0
P_frozen,HMG1,BTS1,MNN2,MNS1,1.0,0.0,1.0
P_frozen,HMG1,BTS1,ROT2,MNS1,1.0,0.0,1.0
P_frozen,HMG1,BTS1,OST5,MNS1,1.0,0.0,1.0
P_frozen,HMG1,BTS1,DIE2,MNS1,1.0,0.0,1.0
P_frozen,HMG1,BTS1,ALG5,MNS1,1.0,0.0,1.0
P_frozen,HMG1,BTS1,ALG8,MNS1,1.0,0.0,1.0
P_frozen,HMG1,BTS1,ALG12,MNS1,1.0,0.0,1.0
P_frozen,HMG1,BTS1,ALG9,MNS1,1.0,0.0,1.0
P_frozen,HMG1,BTS1,ALG6,MNS1,1.0,0.0,1.0
P_frozen,HMG1,BTS1,ALG3,MNS1,1.0,0.0,1.0
P_frozen,HMG1,BTS1,OST3,MNS1,1.0,0.0,1.0
P_frozen,HMG1,BTS1,ANP1,MNS1,1.0,0.0,1.0
P_frozen,HMG1,BTS1,BTS1,HMG1,1.0,0.0,1.0
P_frozen,HMG1,BTS1,PCT1,PSD2,1.0,0.0,1.0
P_frozen,HMG1,BTS1,DOA4,STP22,1.0,0.0,1.0
P_frozen,HMG1,BTS1,GCS1,STP22,1.0,0.0,1.0
P_frozen,HMG1,BTS1,VPS28,STP22,1.0,0.0,1.0
P_frozen,HMG1,BTS1,GOS1,TLG2,1.0,0.0,1.0
P_frozen,HMG1,BTS1,SEC22,TLG2,1.0,0.0,1.0
P_frozen,HMG1,BTS1,STP22,DOA4,1.0,0.0,1.0
P_frozen,HMG1,BTS1,GCS1,DOA4,1.0,0.0,1.0
P_frozen,HMG1,BTS1,VPS28,DOA4,1.0,0.0,1.0
P_frozen,HMG1,BTS1,PSD2,PCT1,1.0,0.0,1.0
P_frozen,HMG1,BTS1,OST5,CWH41,1.0,0.0,1.0
P_frozen,HMG1,BTS1,DIE2,CWH41,1.0,0.0,1.0
P_frozen,HMG1,BTS1,ALG5,CWH41,1.0,0.0,1.0
P_frozen,HMG1,BTS1,ALG8,CWH41,1.0,0.0,1.0
P_frozen,HMG1,BTS1,ALG12,CWH41,1.0,0.0,1.0
P_frozen,HMG1,BTS1,ALG9,CWH41,1.0,0.0,1.0
P_frozen,HMG1,BTS1,ALG6,CWH41,1.0,0.0,1.0
P_frozen,HMG1,BTS1,ALG3,CWH41,1.0,0.0,1.0
P_frozen,HMG1,BTS1,OST3,CWH41,1.0,0.0,1.0
P_frozen,HMG1,BTS1,UBC7,UFD2,1.0,0.0,1.0
P_frozen,HMG1,BTS1,HRD1,UFD2,1.0,0.0,1.0
P_frozen,HMG1,BTS1,TLG2,GOS1,1.0,0.0,1.0
P_frozen,HMG1,BTS1,SEC22,GOS1,1.0,0.0,1.0
P_frozen,HMG1,BTS1,DOA4,GCS1,1.0,0.0,1.0
P_frozen,HMG1,BTS1,VPS28,GCS1,1.0,0.0,1.0
P_frozen,HMG1,BTS1,CWH41,ROT2,1.0,0.0,1.0
P_frozen,HMG1,BTS1,OST5,ROT2,1.0,0.0,1.0
P_frozen,HMG1,BTS1,DIE2,ROT2,1.0,0.0,1.0
P_frozen,HMG1,BTS1,ALG5,ROT2,1.0,0.0,1.0
P_frozen,HMG1,BTS1,ALG8,ROT2,1.0,0.0,1.0
P_frozen,HMG1,BTS1,ALG12,ROT2,1.0,0.0,1.0
P_frozen,HMG1,BTS1,ALG9,ROT2,1.0,0.0,1.0
P_frozen,HMG1,BTS1,ALG6,ROT2,1.0,0.0,1.0
P_frozen,HMG1,BTS1,ALG3,ROT2,1.0,0.0,1.0
P_frozen,HMG1,BTS1,OST3,ROT2,1.0,0.0,1.0
P_frozen,HMG1,BTS1,DOA4,VPS28,1.0,0.0,1.0
P_frozen,HMG1,BTS1,GCS1,VPS28,1.0,0.0,1.0
P_frozen,HMG1,BTS1,MNS1,OST5,1.0,0.0,1.0
P_frozen,HMG1,BTS1,CWH41,OST5,1.0,0.0,1.0
P_frozen,HMG1,BTS1,ROT2,OST5,1.0,0.0,1.0
P_frozen,HMG1,BTS1,ALG5,OST5,1.0,0.0,1.0
P_frozen,HMG1,BTS1,ALG8,OST5,1.0,0.0,1.0
P_frozen,HMG1,BTS1,ALG6,OST5,1.0,0.0,1.0
P_frozen,HMG1,BTS1,ALG3,OST5,1.0,0.0,1.0
P_frozen,HMG1,BTS1,OST3,OST5,1.0,0.0,1.0
P_frozen,HMG1,BTS1,CWH41,DIE2,1.0,0.0,1.0
P_frozen,HMG1,BTS1,ROT2,DIE2,1.0,0.0,1.0
P_frozen,HMG1,BTS1,OST5,DIE2,1.0,0.0,1.0
P_frozen,HMG1,BTS1,ALG5,DIE2,1.0,0.0,1.0
P_frozen,HMG1,BTS1,ALG8,DIE2,1.0,0.0,1.0
P_frozen,HMG1,BTS1,ALG12,DIE2,1.0,0.0,1.0
P_frozen,HMG1,BTS1,ALG9,DIE2,1.0,0.0,1.0
P_frozen,HMG1,BTS1,ALG6,DIE2,1.0,0.0,1.0
P_frozen,HMG1,BTS1,ALG3,DIE2,1.0,0.0,1.0
P_frozen,HMG1,BTS1,OST3,DIE2,1.0,0.0,1.0
P_frozen,HMG1,BTS1,UFD2,UBC7,1.0,0.0,1.0
P_frozen,HMG1,BTS1,HRD1,UBC7,1.0,0.0,1.0
P_frozen,HMG1,BTS1,MNS1,ALG5,1.0,0.0,1.0
P_frozen,HMG1,BTS1,CWH41,ALG5,1.0,0.0,1.0
P_frozen,HMG1,BTS1,ROT2,ALG5,1.0,0.0,1.0
P_frozen,HMG1,BTS1,OST5,ALG5,1.0,0.0,1.0
P_frozen,HMG1,BTS1,ALG9,ALG5,1.0,0.0,1.0
P_frozen,HMG1,BTS1,ALG3,ALG5,1.0,0.0,1.0
P_frozen,HMG1,BTS1,OST3,ALG5,1.0,0.0,1.0
P_frozen,HMG1,BTS1,PMT2,PMT1,1.0,0.0,1.0
P_frozen,HMG1,BTS1,TLG2,SEC22,1.0,0.0,1.0
P_frozen,HMG1,BTS1,GOS1,SEC22,1.0,0.0,1.0
P_frozen,HMG1,BTS1,UFD2,HRD1,1.0,0.0,1.0
P_frozen,HMG1,BTS1,UBC7,HRD1,1.0,0.0,1.0
P_frozen,HMG1,BTS1,MNS1,ALG8,1.0,0.0,1.0
P_frozen,HMG1,BTS1,CWH41,ALG8,1.0,0.0,1.0
P_frozen,HMG1,BTS1,ROT2,ALG8,1.0,0.0,1.0
P_frozen,HMG1,BTS1,OST5,ALG8,1.0,0.0,1.0
P_frozen,HMG1,BTS1,ALG5,ALG8,1.0,0.0,1.0
P_frozen,HMG1,BTS1,ALG9,ALG8,1.0,0.0,1.0
P_frozen,HMG1,BTS1,ALG6,ALG8,1.0,0.0,1.0
P_frozen,HMG1,BTS1,ALG3,ALG8,1.0,0.0,1.0
P_frozen,HMG1,BTS1,OST3,ALG8,1.0,0.0,1.0
P_frozen,HMG1,BTS1,MNS1,ALG12,1.0,0.0,1.0
P_frozen,HMG1,BTS1,CWH41,ALG12,1.0,0.0,1.0
P_frozen,HMG1,BTS1,ROT2,ALG12,1.0,0.0,1.0
P_frozen,HMG1,BTS1,DIE2,ALG12,1.0,0.0,1.0
P_frozen,HMG1,BTS1,ALG5,ALG12,1.0,0.0,1.0
P_frozen,HMG1,BTS1,ALG8,ALG12,1.0,0.0,1.0
P_frozen,HMG1,BTS1,ALG3,ALG12,1.0,0.0,1.0
P_frozen,HMG1,BTS1,OST3,ALG12,1.0,0.0,1.0
P_frozen,HMG1,BTS1,MNS1,ALG9,1.0,0.0,1.0
P_frozen,HMG1,BTS1,CWH41,ALG9,1.0,0.0,1.0
P_frozen,HMG1,BTS1,ROT2,ALG9,1.0,0.0,1.0
P_frozen,HMG1,BTS1,OST5,ALG9,1.0,0.0,1.0
P_frozen,HMG1,BTS1,ALG5,ALG9,1.0,0.0,1.0
P_frozen,HMG1,BTS1,ALG3,ALG9,1.0,0.0,1.0
P_frozen,HMG1,BTS1,OST3,ALG9,1.0,0.0,1.0
P_frozen,HMG1,BTS1,MNS1,ALG6,1.0,0.0,1.0
P_frozen,HMG1,BTS1,CWH41,ALG6,1.0,0.0,1.0
P_frozen,HMG1,BTS1,ROT2,ALG6,1.0,0.0,1.0
P_frozen,HMG1,BTS1,OST5,ALG6,1.0,0.0,1.0
P_frozen,HMG1,BTS1,ALG5,ALG6,1.0,0.0,1.0
P_frozen,HMG1,BTS1,ALG12,ALG6,1.0,0.0,1.0
P_frozen,HMG1,BTS1,ALG9,ALG6,1.0,0.0,1.0
P_frozen,HMG1,BTS1,ALG3,ALG6,1.0,0.0,1.0
P_frozen,HMG1,BTS1,OST3,ALG6,1.0,0.0,1.0
P_frozen,HMG1,BTS1,MNS1,ALG3,1.0,0.0,1.0
P_frozen,HMG1,BTS1,CWH41,ALG3,1.0,0.0,1.0
P_frozen,HMG1,BTS1,ROT2,ALG3,1.0,0.0,1.0
P_frozen,HMG1,BTS1,OST5,ALG3,1.0,0.0,1.0
P_frozen,HMG1,BTS1,DIE2,ALG3,1.0,0.0,1.0
P_frozen,HMG1,BTS1,OST3,ALG3,1.0,0.0,1.0
P_frozen,HMG1,BTS1,PMT1,PMT2,1.0,0.0,1.0
P_frozen,HMG1,BTS1,MNS1,OST3,1.0,0.0,1.0
P_frozen,HMG1,BTS1,CWH41,OST3,1.0,0.0,1.0
P_frozen,HMG1,BTS1,ROT2,OST3,1.0,0.0,1.0
P_frozen,HMG1,BTS1,DIE2,OST3,1.0,0.0,1.0
P_frozen,HMG1,BTS1,ALG5,OST3,1.0,0.0,1.0
P_frozen,HMG1,BTS1,ALG8,OST3,1.0,0.0,1.0
P_frozen,HMG1,BTS1,ALG12,OST3,1.0,0.0,1.0
P_frozen,HMG1,BTS1,ALG9,OST3,1.0,0.0,1.0
P_frozen,HMG1,BTS1,ALG6,OST3,1.0,0.0,1.0
P_frozen,HMG1,BTS1,ALG3,OST3,1.0,0.0,1.0
P_frozen,HMG1,BTS1,MNN2,ANP1,1.0,0.0,1.0
P_frozen,DIE2,ALG5,MNN2,MNS1,1.0,0.0,1.0
P_frozen,DIE2,ALG5,OST5,MNS1,1.0,0.0,1.0
P_frozen,DIE2,ALG5,DIE2,MNS1,1.0,0.0,1.0
P_frozen,DIE2,ALG5,OST3,MNS1,1.0,0.0,1.0
P_frozen,DIE2,ALG5,ANP1,MNS1,1.0,0.0,1.0
P_frozen,DIE2,ALG5,BTS1,HMG1,1.0,0.0,1.0
P_frozen,DIE2,ALG5,DIE2,CWH41,1.0,0.0,1.0
P_frozen,DIE2,ALG5,OST3,CWH41,1.0,0.0,1.0
P_frozen,DIE2,ALG5,DIE2,OST5,0.0,1.0,-1.0
P_frozen,DIE2,ALG5,ALG9,OST5,0.0,1.0,-1.0
P_frozen,DIE2,ALG5,ALG12,ALG5,0.0,1.0,-1.0
P_frozen,DIE2,ALG5,OST3,ALG5,1.0,0.0,1.0
P_frozen,DIE2,ALG5,OST5,ALG3,1.0,0.0,1.0
P_frozen,DIE2,ALG5,DIE2,ALG3,1.0,0.0,1.0
P_frozen,DIE2,ALG5,ALG5,ALG3,0.0,1.0,-1.0
P_frozen,DIE2,ALG5,ALG8,ALG3,0.0,1.0,-1.0
P_frozen,DIE2,ALG5,ALG6,ALG3,0.0,1.0,-1.0
P_frozen,DIE2,ALG5,OST3,ALG3,1.0,0.0,1.0
P_frozen,ALG8,ALG5,MNN2,MNS1,1.0,0.0,1.0
P_frozen,ALG8,ALG5,ROT2,MNS1,1.0,0.0,1.0
P_frozen,ALG8,ALG5,OST5,MNS1,1.0,0.0,1.0
P_frozen,ALG8,ALG5,DIE2,MNS1,1.0,0.0,1.0
P_frozen,ALG8,ALG5,ALG5,MNS1,1.0,0.0,1.0
P_frozen,ALG8,ALG5,ALG8,MNS1,1.0,0.0,1.0
P_frozen,ALG8,ALG5,ALG12,MNS1,1.0,0.0,1.0
P_frozen,ALG8,ALG5,ALG9,MNS1,1.0,0.0,1.0
P_frozen,ALG8,ALG5,ALG6,MNS1,1.0,0.0,1.0
P_frozen,ALG8,ALG5,OST3,MNS1,1.0,0.0,1.0
P_frozen,ALG8,ALG5,ANP1,MNS1,1.0,0.0,1.0
P_frozen,ALG8,ALG5,BTS1,HMG1,1.0,0.0,1.0
P_frozen,ALG8,ALG5,STP22,DOA4,1.0,0.0,1.0
P_frozen,ALG8,ALG5,GCS1,DOA4,1.0,0.0,1.0
P_frozen,ALG8,ALG5,VPS28,DOA4,1.0,0.0,1.0
P_frozen,ALG8,ALG5,OST5,CWH41,1.0,0.0,1.0
P_frozen,ALG8,ALG5,DIE2,CWH41,1.0,0.0,1.0
P_frozen,ALG8,ALG5,ALG8,CWH41,1.0,0.0,1.0
P_frozen,ALG8,ALG5,ALG12,CWH41,1.0,0.0,1.0
P_frozen,ALG8,ALG5,ALG6,CWH41,1.0,0.0,1.0
P_frozen,ALG8,ALG5,OST3,CWH41,1.0,0.0,1.0
P_frozen,ALG8,ALG5,HRD1,UFD2,1.0,0.0,1.0
P_frozen,ALG8,ALG5,TLG2,GOS1,1.0,0.0,1.0
P_frozen,ALG8,ALG5,SEC22,GOS1,1.0,0.0,1.0
P_frozen,ALG8,ALG5,OST5,ROT2,1.0,0.0,1.0
P_frozen,ALG8,ALG5,DIE2,ROT2,1.0,0.0,1.0
P_frozen,ALG8,ALG5,ALG6,ROT2,1.0,0.0,1.0
P_frozen,ALG8,ALG5,OST3,ROT2,1.0,0.0,1.0
P_frozen,ALG8,ALG5,DIE2,OST5,0.0,1.0,-1.0
P_frozen,ALG8,ALG5,ALG12,OST5,0.0,1.0,-1.0
P_frozen,ALG8,ALG5,ALG9,OST5,0.0,1.0,-1.0
P_frozen,ALG8,ALG5,MNS1,DIE2,0.0,1.0,-1.0
P_frozen,ALG8,ALG5,HRD1,UBC7,1.0,0.0,1.0
P_frozen,ALG8,ALG5,OST5,ALG5,1.0,0.0,1.0
P_frozen,ALG8,ALG5,ALG12,ALG5,0.0,1.0,-1.0
P_frozen,ALG8,ALG5,OST3,ALG5,1.0,0.0,1.0
P_frozen,ALG8,ALG5,OST5,ALG8,1.0,0.0,1.0
P_frozen,ALG8,ALG5,OST3,ALG8,1.0,0.0,1.0
P_frozen,ALG8,ALG5,OST5,ALG12,1.0,0.0,1.0
P_frozen,ALG8,ALG5,DIE2,ALG12,1.0,0.0,1.0
P_frozen,ALG8,ALG5,ALG9,ALG12,0.0,1.0,-1.0
P_frozen,ALG8,ALG5,OST3,ALG12,1.0,0.0,1.0
P_frozen,ALG8,ALG5,OST5,ALG9,1.0,0.0,1.0
P_frozen,ALG8,ALG5,OST3,ALG9,1.0,0.0,1.0
P_frozen,ALG8,ALG5,OST5,ALG6,1.0,0.0,1.0
P_frozen,ALG8,ALG5,OST3,ALG6,1.0,0.0,1.0
P_frozen,ALG8,ALG5,ROT2,ALG3,1.0,0.0,1.0
P_frozen,ALG8,ALG5,OST5,ALG3,1.0,0.0,1.0
P_frozen,ALG8,ALG5,DIE2,ALG3,1.0,0.0,1.0
P_frozen,ALG8,ALG5,OST3,ALG3,1.0,0.0,1.0
P_frozen,ALG6,ALG5,MNN2,MNS1,1.0,0.0,1.0
P_frozen,ALG6,ALG5,ROT2,MNS1,1.0,0.0,1.0
P_frozen,ALG6,ALG5,OST5,MNS1,1.0,0.0,1.0
P_frozen,ALG6,ALG5,DIE2,MNS1,1.0,0.0,1.0
P_frozen,ALG6,ALG5,ALG8,MNS1,1.0,0.0,1.0
P_frozen,ALG6,ALG5,ALG12,MNS1,1.0,0.0,1.0
P_frozen,ALG6,ALG5,ALG9,MNS1,1.0,0.0,1.0
P_frozen,ALG6,ALG5,ALG6,MNS1,1.0,0.0,1.0
P_frozen,ALG6,ALG5,OST3,MNS1,1.0,0.0,1.0
P_frozen,ALG6,ALG5,ANP1,MNS1,1.0,0.0,1.0
P_frozen,ALG6,ALG5,BTS1,HMG1,1.0,0.0,1.0
P_frozen,ALG6,ALG5,STP22,DOA4,1.0,0.0,1.0
P_frozen,ALG6,ALG5,GCS1,DOA4,1.0,0.0,1.0
P_frozen,ALG6,ALG5,VPS28,DOA4,1.0,0.0,1.0
P_frozen,ALG6,ALG5,OST5,CWH41,1.0,0.0,1.0
P_frozen,ALG6,ALG5,ALG6,CWH41,1.0,0.0,1.0
P_frozen,ALG6,ALG5,OST3,CWH41,1.0,0.0,1.0
P_frozen,ALG6,ALG5,HRD1,UFD2,1.0,0.0,1.0
P_frozen,ALG6,ALG5,TLG2,GOS1,1.0,0.0,1.0
P_frozen,ALG6,ALG5,STP22,GCS1,0.0,1.0,-1.0
P_frozen,ALG6,ALG5,DOA4,GCS1,0.0,1.0,-1.0
P_frozen,ALG6,ALG5,VPS28,GCS1,0.0,1.0,-1.0
P_frozen,ALG6,ALG5,CWH41,ROT2,0.0,1.0,-1.0
P_frozen,ALG6,ALG5,DIE2,ROT2,1.0,0.0,1.0
P_frozen,ALG6,ALG5,OST3,ROT2,1.0,0.0,1.0
P_frozen,ALG6,ALG5,DOA4,VPS28,0.0,1.0,-1.0
P_frozen,ALG6,ALG5,MNS1,OST5,0.0,1.0,-1.0
P_frozen,ALG6,ALG5,CWH41,OST5,0.0,1.0,-1.0
P_frozen,ALG6,ALG5,DIE2,OST5,0.0,1.0,-1.0
P_frozen,ALG6,ALG5,ALG12,OST5,0.0,1.0,-1.0
P_frozen,ALG6,ALG5,ALG9,OST5,0.0,1.0,-1.0
P_frozen,ALG6,ALG5,MNS1,DIE2,0.0,1.0,-1.0
P_frozen,ALG6,ALG5,HRD1,UBC7,1.0,0.0,1.0
P_frozen,ALG6,ALG5,MNS1,ALG5,0.0,1.0,-1.0
P_frozen,ALG6,ALG5,ROT2,ALG5,0.0,1.0,-1.0
P_frozen,ALG6,ALG5,OST5,ALG5,1.0,0.0,1.0
P_frozen,ALG6,ALG5,ALG12,ALG5,0.0,1.0,-1.0
P_frozen,ALG6,ALG5,ALG9,ALG5,0.0,1.0,-1.0
P_frozen,ALG6,ALG5,OST3,ALG5,1.0,0.0,1.0
P_frozen,ALG6,ALG5,MNS1,ALG8,0.0,1.0,-1.0
P_frozen,ALG6,ALG5,OST5,ALG8,1.0,0.0,1.0
P_frozen,ALG6,ALG5,ALG12,ALG8,0.0,1.0,-1.0
P_frozen,ALG6,ALG5,ALG9,ALG8,0.0,1.0,-1.0
P_frozen,ALG6,ALG5,OST3,ALG8,1.0,0.0,1.0
P_frozen,ALG6,ALG5,ROT2,ALG12,0.0,1.0,-1.0
P_frozen,ALG6,ALG5,ALG5,ALG12,0.0,1.0,-1.0
P_frozen,ALG6,ALG5,ALG8,ALG12,0.0,1.0,-1.0
P_frozen,ALG6,ALG5,ALG9,ALG12,0.0,1.0,-1.0
P_frozen,ALG6,ALG5,ALG6,ALG12,0.0,1.0,-1.0
P_frozen,ALG6,ALG5,OST3,ALG12,1.0,0.0,1.0
P_frozen,ALG6,ALG5,OST5,ALG9,1.0,0.0,1.0
P_frozen,ALG6,ALG5,ALG5,ALG9,0.0,1.0,-1.0
P_frozen,ALG6,ALG5,OST3,ALG9,1.0,0.0,1.0
P_frozen,ALG6,ALG5,MNS1,ALG6,0.0,1.0,-1.0
P_frozen,ALG6,ALG5,OST3,ALG6,1.0,0.0,1.0
P_frozen,ALG6,ALG5,ROT2,ALG3,0.0,1.0,-1.0
P_frozen,ALG6,ALG5,OST5,ALG3,1.0,0.0,1.0
P_frozen,ALG6,ALG5,DIE2,ALG3,1.0,0.0,1.0
P_frozen,ALG6,ALG5,ALG5,ALG3,0.0,1.0,-1.0
P_frozen,ALG6,ALG5,OST3,ALG3,1.0,0.0,1.0
P_frozen,ALG6,ALG5,MNS1,OST3,0.0,1.0,-1.0
P_frozen,ALG6,ALG5,DIE2,OST3,0.0,1.0,-1.0
P_frozen,ALG6,ALG5,ALG5,OST3,0.0,1.0,-1.0
P_frozen,ALG6,ALG5,ALG8,OST3,0.0,1.0,-1.0
P_frozen,ALG6,ALG5,ALG12,OST3,0.0,1.0,-1.0
P_frozen,ALG6,ALG5,ALG9,OST3,0.0,1.0,-1.0
P_frozen,ALG6,ALG5,ALG6,OST3,0.0,1.0,-1.0
P_frozen,ALG6,ALG5,MNN2,ANP1,0.0,1.0,-1.0
P_frozen,DIE2,ALG8,MNN2,MNS1,1.0,0.0,1.0
P_frozen,DIE2,ALG8,OST5,MNS1,1.0,0.0,1.0
P_frozen,DIE2,ALG8,DIE2,MNS1,1.0,0.0,1.0
P_frozen,DIE2,ALG8,ALG6,MNS1,1.0,0.0,1.0
P_frozen,DIE2,ALG8,OST3,MNS1,1.0,0.0,1.0
P_frozen,DIE2,ALG8,ANP1,MNS1,1.0,0.0,1.0
P_frozen,DIE2,ALG8,BTS1,HMG1,1.0,0.0,1.0
P_frozen,DIE2,ALG8,STP22,DOA4,1.0,0.0,1.0
P_frozen,DIE2,ALG8,VPS28,DOA4,1.0,0.0,1.0
P_frozen,DIE2,ALG8,OST5,CWH41,1.0,0.0,1.0
P_frozen,DIE2,ALG8,DIE2,CWH41,1.0,0.0,1.0
P_frozen,DIE2,ALG8,OST3,CWH41,1.0,0.0,1.0
P_frozen,DIE2,ALG8,DIE2,ROT2,1.0,0.0,1.0
P_frozen,DIE2,ALG8,OST3,ROT2,1.0,0.0,1.0
P_frozen,DIE2,ALG8,DIE2,OST5,0.0,1.0,-1.0
P_frozen,DIE2,ALG8,ALG9,OST5,0.0,1.0,-1.0
P_frozen,DIE2,ALG8,OST5,ALG5,1.0,0.0,1.0
P_frozen,DIE2,ALG8,OST3,ALG5,1.0,0.0,1.0
P_frozen,DIE2,ALG8,OST3,ALG8,1.0,0.0,1.0
P_frozen,DIE2,ALG8,DIE2,ALG12,1.0,0.0,1.0
P_frozen,DIE2,ALG8,OST3,ALG12,1.0,0.0,1.0
P_frozen,DIE2,ALG8,OST3,ALG9,1.0,0.0,1.0
P_frozen,DIE2,ALG8,OST5,ALG3,1.0,0.0,1.0
P_frozen,DIE2,ALG8,DIE2,ALG3,1.0,0.0,1.0
P_frozen,DIE2,ALG8,ALG5,ALG3,0.0,1.0,-1.0
P_frozen,DIE2,ALG8,OST3,ALG3,1.0,0.0,1.0
P_frozen,DIE2,ALG9,MNN2,MNS1,1.0,0.0,1.0
P_frozen,DIE2,ALG9,OST5,MNS1,1.0,0.0,1.0
P_frozen,DIE2,ALG9,DIE2,MNS1,1.0,0.0,1.0
P_frozen,DIE2,ALG9,OST3,MNS1,1.0,0.0,1.0
P_frozen,DIE2,ALG9,ANP1,MNS1,1.0,0.0,1.0
P_frozen,DIE2,ALG9,BTS1,HMG1,1.0,0.0,1.0
P_frozen,DIE2,ALG9,STP22,DOA4,1.0,0.0,1.0
P_frozen,DIE2,ALG9,VPS28,DOA4,1.0,0.0,1.0
P_frozen,DIE2,ALG9,OST5,CWH41,1.0,0.0,1.0
P_frozen,DIE2,ALG9,DIE2,CWH41,1.0,0.0,1.0
P_frozen,DIE2,ALG9,OST3,CWH41,1.0,0.0,1.0
P_frozen,DIE2,ALG9,STP22,GCS1,0.0,1.0,-1.0
P_frozen,DIE2,ALG9,DIE2,ROT2,1.0,0.0,1.0
P_frozen,DIE2,ALG9,OST3,ROT2,1.0,0.0,1.0
P_frozen,DIE2,ALG9,DIE2,OST5,0.0,1.0,-1.0
P_frozen,DIE2,ALG9,ALG12,OST5,0.0,1.0,-1.0
P_frozen,DIE2,ALG9,ALG9,OST5,0.0,1.0,-1.0
P_frozen,DIE2,ALG9,MNS1,DIE2,0.0,1.0,-1.0
P_frozen,DIE2,ALG9,ALG12,ALG5,0.0,1.0,-1.0
P_frozen,DIE2,ALG9,OST3,ALG5,1.0,0.0,1.0
P_frozen,DIE2,ALG9,ALG9,ALG12,0.0,1.0,-1.0
P_frozen,DIE2,ALG9,OST3,ALG9,1.0,0.0,1.0
P_frozen,DIE2,ALG9,OST5,ALG3,1.0,0.0,1.0
P_frozen,DIE2,ALG9,DIE2,ALG3,1.0,0.0,1.0
P_frozen,DIE2,ALG9,ALG5,ALG3,0.0,1.0,-1.0
P_frozen,DIE2,ALG9,ALG8,ALG3,0.0,1.0,-1.0
P_frozen,DIE2,ALG9,ALG6,ALG3,0.0,1.0,-1.0
P_frozen,DIE2,ALG9,OST3,ALG3,1.0,0.0,1.0
P_frozen,ALG8,ALG9,CWH41,MNS1,1.0,0.0,1.0
P_frozen,ALG8,ALG9,MNN2,MNS1,1.0,0.0,1.0
P_frozen,ALG8,ALG9,ROT2,MNS1,1.0,0.0,1.0
P_frozen,ALG8,ALG9,OST5,MNS1,1.0,0.0,1.0
P_frozen,ALG8,ALG9,DIE2,MNS1,1.0,0.0,1.0
P_frozen,ALG8,ALG9,ALG5,MNS1,1.0,0.0,1.0
P_frozen,ALG8,ALG9,ALG8,MNS1,1.0,0.0,1.0
P_frozen,ALG8,ALG9,ALG12,MNS1,1.0,0.0,1.0
P_frozen,ALG8,ALG9,ALG9,MNS1,1.0,0.0,1.0
P_frozen,ALG8,ALG9,ALG6,MNS1,1.0,0.0,1.0
P_frozen,ALG8,ALG9,OST3,MNS1,1.0,0.0,1.0
P_frozen,ALG8,ALG9,ANP1,MNS1,1.0,0.0,1.0
P_frozen,ALG8,ALG9,BTS1,HMG1,1.0,0.0,1.0
P_frozen,ALG8,ALG9,PCT1,PSD2,1.0,0.0,1.0
P_frozen,ALG8,ALG9,STP22,DOA4,1.0,0.0,1.0
P_frozen,ALG8,ALG9,GCS1,DOA4,1.0,0.0,1.0
P_frozen,ALG8,ALG9,VPS28,DOA4,1.0,0.0,1.0
P_frozen,ALG8,ALG9,OST5,CWH41,1.0,0.0,1.0
P_frozen,ALG8,ALG9,DIE2,CWH41,1.0,0.0,1.0
P_frozen,ALG8,ALG9,ALG8,CWH41,1.0,0.0,1.0
P_frozen,ALG8,ALG9,ALG12,CWH41,1.0,0.0,1.0
P_frozen,ALG8,ALG9,ALG9,CWH41,1.0,0.0,1.0
P_frozen,ALG8,ALG9,ALG6,CWH41,1.0,0.0,1.0
P_frozen,ALG8,ALG9,OST3,CWH41,1.0,0.0,1.0
P_frozen,ALG8,ALG9,UBC7,UFD2,1.0,0.0,1.0
P_frozen,ALG8,ALG9,HRD1,UFD2,1.0,0.0,1.0
P_frozen,ALG8,ALG9,TLG2,GOS1,1.0,0.0,1.0
P_frozen,ALG8,ALG9,SEC22,GOS1,1.0,0.0,1.0
P_frozen,ALG8,ALG9,CWH41,ROT2,0.0,1.0,-1.0
P_frozen,ALG8,ALG9,OST5,ROT2,1.0,0.0,1.0
P_frozen,ALG8,ALG9,DIE2,ROT2,1.0,0.0,1.0
P_frozen,ALG8,ALG9,ALG8,ROT2,1.0,0.0,1.0
P_frozen,ALG8,ALG9,ALG6,ROT2,1.0,0.0,1.0
P_frozen,ALG8,ALG9,OST3,ROT2,1.0,0.0,1.0
P_frozen,ALG8,ALG9,CWH41,OST5,0.0,1.0,-1.0
P_frozen,ALG8,ALG9,ALG12,OST5,0.0,1.0,-1.0
P_frozen,ALG8,ALG9,ALG9,OST5,0.0,1.0,-1.0
P_frozen,ALG8,ALG9,OST3,OST5,1.0,0.0,1.0
P_frozen,ALG8,ALG9,MNS1,DIE2,0.0,1.0,-1.0
P_frozen,ALG8,ALG9,HRD1,UBC7,1.0,0.0,1.0
P_frozen,ALG8,ALG9,OST5,ALG5,1.0,0.0,1.0
P_frozen,ALG8,ALG9,OST3,ALG5,1.0,0.0,1.0
P_frozen,ALG8,ALG9,TLG2,SEC22,1.0,0.0,1.0
P_frozen,ALG8,ALG9,OST5,ALG8,1.0,0.0,1.0
P_frozen,ALG8,ALG9,ALG12,ALG8,0.0,1.0,-1.0
P_frozen,ALG8,ALG9,OST3,ALG8,1.0,0.0,1.0
P_frozen,ALG8,ALG9,ROT2,ALG12,0.0,1.0,-1.0
P_frozen,ALG8,ALG9,DIE2,ALG12,1.0,0.0,1.0
P_frozen,ALG8,ALG9,ALG5,ALG12,0.0,1.0,-1.0
P_frozen,ALG8,ALG9,ALG9,ALG12,0.0,1.0,-1.0
P_frozen,ALG8,ALG9,OST3,ALG12,1.0,0.0,1.0
P_frozen,ALG8,ALG9,OST5,ALG9,1.0,0.0,1.0
P_frozen,ALG8,ALG9,OST3,ALG9,1.0,0.0,1.0
P_frozen,ALG8,ALG9,MNS1,ALG6,0.0,1.0,-1.0
P_frozen,ALG8,ALG9,OST5,ALG6,1.0,0.0,1.0
P_frozen,ALG8,ALG9,OST3,ALG6,1.0,0.0,1.0
P_frozen,ALG8,ALG9,CWH41,ALG3,1.0,0.0,1.0
P_frozen,ALG8,ALG9,ROT2,ALG3,1.0,0.0,1.0
P_frozen,ALG8,ALG9,OST5,ALG3,1.0,0.0,1.0
P_frozen,ALG8,ALG9,DIE2,ALG3,1.0,0.0,1.0
P_frozen,ALG8,ALG9,OST3,ALG3,1.0,0.0,1.0
P_frozen,ALG8,ALG9,PMT1,PMT2,1.0,0.0,1.0
P_frozen,ALG8,ALG9,ALG5,OST3,0.0,1.0,-1.0
P_frozen,ALG8,ALG9,ALG9,OST3,0.0,1.0,-1.0
P_frozen,ALG8,ALG9,MNN2,ANP1,0.0,1.0,-1.0
P_frozen,ALG12,ALG9,CWH41,MNS1,1.0,0.0,1.0
P_frozen,ALG12,ALG9,MNN2,MNS1,1.0,0.0,1.0
P_frozen,ALG12,ALG9,ROT2,MNS1,1.0,0.0,1.0
P_frozen,ALG12,ALG9,OST5,MNS1,1.0,0.0,1.0
P_frozen,ALG12,ALG9,DIE2,MNS1,1.0,0.0,1.0
P_frozen,ALG12,ALG9,ALG5,MNS1,1.0,0.0,1.0
P_frozen,ALG12,ALG9,ALG8,MNS1,1.0,0.0,1.0
P_frozen,ALG12,ALG9,ALG12,MNS1,1.0,0.0,1.0
P_frozen,ALG12,ALG9,ALG9,MNS1,1.0,0.0,1.0
P_frozen,ALG12,ALG9,ALG6,MNS1,1.0,0.0,1.0
P_frozen,ALG12,ALG9,ALG3,MNS1,1.0,0.0,1.0
P_frozen,ALG12,ALG9,OST3,MNS1,1.0,0.0,1.0
P_frozen,ALG12,ALG9,ANP1,MNS1,1.0,0.0,1.0
P_frozen,ALG12,ALG9,BTS1,HMG1,1.0,0.0,1.0
P_frozen,ALG12,ALG9,PCT1,PSD2,1.0,0.0,1.0
P_frozen,ALG12,ALG9,STP22,DOA4,1.0,0.0,1.0
P_frozen,ALG12,ALG9,GCS1,DOA4,1.0,0.0,1.0
P_frozen,ALG12,ALG9,VPS28,DOA4,1.0,0.0,1.0
P_frozen,ALG12,ALG9,OST5,CWH41,1.0,0.0,1.0
P_frozen,ALG12,ALG9,DIE2,CWH41,1.0,0.0,1.0
P_frozen,ALG12,ALG9,ALG5,CWH41,1.0,0.0,1.0
P_frozen,ALG12,ALG9,ALG8,CWH41,1.0,0.0,1.0
P_frozen,ALG12,ALG9,ALG12,CWH41,1.0,0.0,1.0
P_frozen,ALG12,ALG9,ALG9,CWH41,1.0,0.0,1.0
P_frozen,ALG12,ALG9,ALG6,CWH41,1.0,0.0,1.0
P_frozen,ALG12,ALG9,OST3,CWH41,1.0,0.0,1.0
P_frozen,ALG12,ALG9,UBC7,UFD2,1.0,0.0,1.0
P_frozen,ALG12,ALG9,HRD1,UFD2,1.0,0.0,1.0
P_frozen,ALG12,ALG9,TLG2,GOS1,1.0,0.0,1.0
P_frozen,ALG12,ALG9,SEC22,GOS1,1.0,0.0,1.0
P_frozen,ALG12,ALG9,STP22,GCS1,1.0,0.0,1.0
P_frozen,ALG12,ALG9,VPS28,GCS1,1.0,0.0,1.0
P_frozen,ALG12,ALG9,OST5,ROT2,1.0,0.0,1.0
P_frozen,ALG12,ALG9,DIE2,ROT2,1.0,0.0,1.0
P_frozen,ALG12,ALG9,ALG8,ROT2,1.0,0.0,1.0
P_frozen,ALG12,ALG9,ALG12,ROT2,1.0,0.0,1.0
P_frozen,ALG12,ALG9,ALG9,ROT2,1.0,0.0,1.0
P_frozen,ALG12,ALG9,ALG6,ROT2,1.0,0.0,1.0
P_frozen,ALG12,ALG9,OST3,ROT2,1.0,0.0,1.0
P_frozen,ALG12,ALG9,ALG9,OST5,0.0,1.0,-1.0
P_frozen,ALG12,ALG9,OST3,OST5,1.0,0.0,1.0
P_frozen,ALG12,ALG9,HRD1,UBC7,1.0,0.0,1.0
P_frozen,ALG12,ALG9,ROT2,ALG5,1.0,0.0,1.0
P_frozen,ALG12,ALG9,OST5,ALG5,1.0,0.0,1.0
P_frozen,ALG12,ALG9,ALG12,ALG5,1.0,0.0,1.0
P_frozen,ALG12,ALG9,ALG9,ALG5,1.0,0.0,1.0
P_frozen,ALG12,ALG9,OST3,ALG5,1.0,0.0,1.0
P_frozen,ALG12,ALG9,TLG2,SEC22,1.0,0.0,1.0
P_frozen,ALG12,ALG9,OST5,ALG8,1.0,0.0,1.0
P_frozen,ALG12,ALG9,ALG6,ALG8,1.0,0.0,1.0
P_frozen,ALG12,ALG9,OST3,ALG8,1.0,0.0,1.0
P_frozen,ALG12,ALG9,OST5,ALG12,1.0,0.0,1.0
P_frozen,ALG12,ALG9,DIE2,ALG12,1.0,0.0,1.0
P_frozen,ALG12,ALG9,ALG8,ALG12,1.0,0.0,1.0
P_frozen,ALG12,ALG9,ALG6,ALG12,1.0,0.0,1.0
P_frozen,ALG12,ALG9,OST3,ALG12,1.0,0.0,1.0
P_frozen,ALG12,ALG9,OST5,ALG9,1.0,0.0,1.0
P_frozen,ALG12,ALG9,OST3,ALG9,1.0,0.0,1.0
P_frozen,ALG12,ALG9,OST5,ALG6,1.0,0.0,1.0
P_frozen,ALG12,ALG9,OST3,ALG6,1.0,0.0,1.0
P_frozen,ALG12,ALG9,CWH41,ALG3,1.0,0.0,1.0
P_frozen,ALG12,ALG9,ROT2,ALG3,1.0,0.0,1.0
P_frozen,ALG12,ALG9,OST5,ALG3,1.0,0.0,1.0
P_frozen,ALG12,ALG9,DIE2,ALG3,1.0,0.0,1.0
P_frozen,ALG12,ALG9,ALG8,ALG3,1.0,0.0,1.0
P_frozen,ALG12,ALG9,OST3,ALG3,1.0,0.0,1.0
P_frozen,ALG12,ALG9,PMT1,PMT2,1.0,0.0,1.0
P_frozen,ALG6,ALG9,MNN2,MNS1,1.0,0.0,1.0
P_frozen,ALG6,ALG9,ROT2,MNS1,1.0,0.0,1.0
P_frozen,ALG6,ALG9,OST5,MNS1,1.0,0.0,1.0
P_frozen,ALG6,ALG9,DIE2,MNS1,1.0,0.0,1.0
P_frozen,ALG6,ALG9,ALG5,MNS1,1.0,0.0,1.0
P_frozen,ALG6,ALG9,ALG8,MNS1,1.0,0.0,1.0
P_frozen,ALG6,ALG9,ALG12,MNS1,1.0,0.0,1.0
P_frozen,ALG6,ALG9,ALG9,MNS1,1.0,0.0,1.0
P_frozen,ALG6,ALG9,ALG6,MNS1,1.0,0.0,1.0
P_frozen,ALG6,ALG9,OST3,MNS1,1.0,0.0,1.0
P_frozen,ALG6,ALG9,ANP1,MNS1,1.0,0.0,1.0
P_frozen,ALG6,ALG9,BTS1,HMG1,1.0,0.0,1.0
P_frozen,ALG6,ALG9,STP22,DOA4,1.0,0.0,1.0
P_frozen,ALG6,ALG9,GCS1,DOA4,1.0,0.0,1.0
P_frozen,ALG6,ALG9,VPS28,DOA4,1.0,0.0,1.0
P_frozen,ALG6,ALG9,OST5,CWH41,1.0,0.0,1.0
P_frozen,ALG6,ALG9,DIE2,CWH41,1.0,0.0,1.0
P_frozen,ALG6,ALG9,ALG8,CWH41,1.0,0.0,1.0
P_frozen,ALG6,ALG9,ALG12,CWH41,1.0,0.0,1.0
P_frozen,ALG6,ALG9,ALG6,CWH41,1.0,0.0,1.0
P_frozen,ALG6,ALG9,OST3,CWH41,1.0,0.0,1.0
P_frozen,ALG6,ALG9,HRD1,UFD2,1.0,0.0,1.0
P_frozen,ALG6,ALG9,TLG2,GOS1,1.0,0.0,1.0
P_frozen,ALG6,ALG9,SEC22,GOS1,1.0,0.0,1.0
P_frozen,ALG6,ALG9,DOA4,GCS1,0.0,1.0,-1.0
P_frozen,ALG6,ALG9,VPS28,GCS1,0.0,1.0,-1.0
P_frozen,ALG6,ALG9,CWH41,ROT2,0.0,1.0,-1.0
P_frozen,ALG6,ALG9,DIE2,ROT2,1.0,0.0,1.0
P_frozen,ALG6,ALG9,ALG6,ROT2,1.0,0.0,1.0
P_frozen,ALG6,ALG9,OST3,ROT2,1.0,0.0,1.0
P_frozen,ALG6,ALG9,DOA4,VPS28,0.0,1.0,-1.0
P_frozen,ALG6,ALG9,MNS1,OST5,0.0,1.0,-1.0
P_frozen,ALG6,ALG9,CWH41,OST5,0.0,1.0,-1.0
P_frozen,ALG6,ALG9,DIE2,OST5,0.0,1.0,-1.0
P_frozen,ALG6,ALG9,ALG12,OST5,0.0,1.0,-1.0
P_frozen,ALG6,ALG9,ALG9,OST5,0.0,1.0,-1.0
P_frozen,ALG6,ALG9,MNS1,DIE2,0.0,1.0,-1.0
P_frozen,ALG6,ALG9,HRD1,UBC7,1.0,0.0,1.0
P_frozen,ALG6,ALG9,MNS1,ALG5,0.0,1.0,-1.0
P_frozen,ALG6,ALG9,ROT2,ALG5,0.0,1.0,-1.0
P_frozen,ALG6,ALG9,OST5,ALG5,1.0,0.0,1.0
P_frozen,ALG6,ALG9,ALG12,ALG5,0.0,1.0,-1.0
P_frozen,ALG6,ALG9,OST3,ALG5,1.0,0.0,1.0
P_frozen,ALG6,ALG9,OST5,ALG8,1.0,0.0,1.0
P_frozen,ALG6,ALG9,ALG12,ALG8,0.0,1.0,-1.0
P_frozen,ALG6,ALG9,OST3,ALG8,1.0,0.0,1.0
P_frozen,ALG6,ALG9,ROT2,ALG12,0.0,1.0,-1.0
P_frozen,ALG6,ALG9,ALG5,ALG12,0.0,1.0,-1.0
P_frozen,ALG6,ALG9,ALG8,ALG12,0.0,1.0,-1.0
P_frozen,ALG6,ALG9,ALG9,ALG12,0.0,1.0,-1.0
P_frozen,ALG6,ALG9,ALG6,ALG12,0.0,1.0,-1.0
P_frozen,ALG6,ALG9,OST3,ALG12,1.0,0.0,1.0
P_frozen,ALG6,ALG9,OST5,ALG9,1.0,0.0,1.0
P_frozen,ALG6,ALG9,ALG5,ALG9,0.0,1.0,-1.0
P_frozen,ALG6,ALG9,OST3,ALG9,1.0,0.0,1.0
P_frozen,ALG6,ALG9,MNS1,ALG6,0.0,1.0,-1.0
P_frozen,ALG6,ALG9,OST5,ALG6,1.0,0.0,1.0
P_frozen,ALG6,ALG9,OST3,ALG6,1.0,0.0,1.0
P_frozen,ALG6,ALG9,OST5,ALG3,1.0,0.0,1.0
P_frozen,ALG6,ALG9,DIE2,ALG3,1.0,0.0,1.0
P_frozen,ALG6,ALG9,OST3,ALG3,1.0,0.0,1.0
P_frozen,ALG6,ALG9,MNS1,OST3,0.0,1.0,-1.0
P_frozen,ALG6,ALG9,ALG5,OST3,0.0,1.0,-1.0
P_frozen,ALG6,ALG9,ALG12,OST3,0.0,1.0,-1.0
P_frozen,ALG6,ALG9,ALG9,OST3,0.0,1.0,-1.0
P_frozen,ALG6,ALG9,MNN2,ANP1,0.0,1.0,-1.0
P_frozen,DIE2,ALG6,MNN2,MNS1,1.0,0.0,1.0
P_frozen,DIE2,ALG6,OST5,MNS1,1.0,0.0,1.0
P_frozen,DIE2,ALG6,DIE2,MNS1,1.0,0.0,1.0
P_frozen,DIE2,ALG6,ALG8,MNS1,1.0,0.0,1.0
P_frozen,DIE2,ALG6,ALG6,MNS1,1.0,0.0,1.0
P_frozen,DIE2,ALG6,OST3,MNS1,1.0,0.0,1.0
P_frozen,DIE2,ALG6,ANP1,MNS1,1.0,0.0,1.0
P_frozen,DIE2,ALG6,BTS1,HMG1,1.0,0.0,1.0
P_frozen,DIE2,ALG6,STP22,DOA4,1.0,0.0,1.0
P_frozen,DIE2,ALG6,GCS1,DOA4,1.0,0.0,1.0
P_frozen,DIE2,ALG6,VPS28,DOA4,1.0,0.0,1.0
P_frozen,DIE2,ALG6,OST5,CWH41,1.0,0.0,1.0
P_frozen,DIE2,ALG6,DIE2,CWH41,1.0,0.0,1.0
P_frozen,DIE2,ALG6,OST3,CWH41,1.0,0.0,1.0
P_frozen,DIE2,ALG6,HRD1,UFD2,1.0,0.0,1.0
P_frozen,DIE2,ALG6,TLG2,GOS1,1.0,0.0,1.0
P_frozen,DIE2,ALG6,STP22,GCS1,0.0,1.0,-1.0
P_frozen,DIE2,ALG6,VPS28,GCS1,0.0,1.0,-1.0
P_frozen,DIE2,ALG6,CWH41,ROT2,0.0,1.0,-1.0
P_frozen,DIE2,ALG6,DIE2,ROT2,1.0,0.0,1.0
P_frozen,DIE2,ALG6,OST3,ROT2,1.0,0.0,1.0
P_frozen,DIE2,ALG6,CWH41,OST5,0.0,1.0,-1.0
P_frozen,DIE2,ALG6,DIE2,OST5,0.0,1.0,-1.0
P_frozen,DIE2,ALG6,ALG12,OST5,0.0,1.0,-1.0
P_frozen,DIE2,ALG6,ALG9,OST5,0.0,1.0,-1.0
P_frozen,DIE2,ALG6,MNS1,DIE2,0.0,1.0,-1.0
P_frozen,DIE2,ALG6,OST5,ALG5,1.0,0.0,1.0
P_frozen,DIE2,ALG6,ALG12,ALG5,0.0,1.0,-1.0
P_frozen,DIE2,ALG6,OST3,ALG5,1.0,0.0,1.0
P_frozen,DIE2,ALG6,ALG12,ALG8,0.0,1.0,-1.0
P_frozen,DIE2,ALG6,OST3,ALG8,1.0,0.0,1.0
P_frozen,DIE2,ALG6,ROT2,ALG12,0.0,1.0,-1.0
P_frozen,DIE2,ALG6,OST5,ALG12,0.0,1.0,-1.0
P_frozen,DIE2,ALG6,DIE2,ALG12,1.0,0.0,1.0
P_frozen,DIE2,ALG6,ALG5,ALG12,0.0,1.0,-1.0
P_frozen,DIE2,ALG6,ALG9,ALG12,0.0,1.0,-1.0
P_frozen,DIE2,ALG6,ALG6,ALG12,0.0,1.0,-1.0
P_frozen,DIE2,ALG6,OST3,ALG12,1.0,0.0,1.0
P_frozen,DIE2,ALG6,OST5,ALG9,1.0,0.0,1.0
P_frozen,DIE2,ALG6,OST3,ALG9,1.0,0.0,1.0
P_frozen,DIE2,ALG6,MNS1,ALG6,0.0,1.0,-1.0
P_frozen,DIE2,ALG6,OST3,ALG6,1.0,0.0,1.0
P_frozen,DIE2,ALG6,OST5,ALG3,1.0,0.0,1.0
P_frozen,DIE2,ALG6,DIE2,ALG3,1.0,0.0,1.0
P_frozen,DIE2,ALG6,ALG5,ALG3,0.0,1.0,-1.0
P_frozen,DIE2,ALG6,OST3,ALG3,1.0,0.0,1.0
P_frozen,DIE2,ALG6,MNS1,OST3,0.0,1.0,-1.0
P_frozen,DIE2,ALG6,ALG5,OST3,0.0,1.0,-1.0
P_frozen,DIE2,ALG6,ALG12,OST3,0.0,1.0,-1.0
P_frozen,DIE2,ALG6,ALG9,OST3,0.0,1.0,-1.0
P_frozen,DIE2,ALG6,MNN2,ANP1,0.0,1.0,-1.0
P_frozen,ALG8,ALG6,CWH41,MNS1,1.0,0.0,1.0
P_frozen,ALG8,ALG6,MNN2,MNS1,1.0,0.0,1.0
P_frozen,ALG8,ALG6,ROT2,MNS1,1.0,0.0,1.0
P_frozen,ALG8,ALG6,OST5,MNS1,1.0,0.0,1.0
P_frozen,ALG8,ALG6,DIE2,MNS1,1.0,0.0,1.0
P_frozen,ALG8,ALG6,ALG5,MNS1,1.0,0.0,1.0
P_frozen,ALG8,ALG6,ALG8,MNS1,1.0,0.0,1.0
P_frozen,ALG8,ALG6,ALG12,MNS1,1.0,0.0,1.0
P_frozen,ALG8,ALG6,ALG9,MNS1,1.0,0.0,1.0
P_frozen,ALG8,ALG6,ALG6,MNS1,1.0,0.0,1.0
P_frozen,ALG8,ALG6,ALG3,MNS1,1.0,0.0,1.0
P_frozen,ALG8,ALG6,OST3,MNS1,1.0,0.0,1.0
P_frozen,ALG8,ALG6,ANP1,MNS1,1.0,0.0,1.0
P_frozen,ALG8,ALG6,BTS1,HMG1,1.0,0.0,1.0
P_frozen,ALG8,ALG6,PCT1,PSD2,1.0,0.0,1.0
P_frozen,ALG8,ALG6,VPS28,STP22,1.0,0.0,1.0
P_frozen,ALG8,ALG6,STP22,DOA4,1.0,0.0,1.0
P_frozen,ALG8,ALG6,GCS1,DOA4,1.0,0.0,1.0
P_frozen,ALG8,ALG6,VPS28,DOA4,1.0,0.0,1.0
P_frozen,ALG8,ALG6,OST5,CWH41,1.0,0.0,1.0
P_frozen,ALG8,ALG6,DIE2,CWH41,1.0,0.0,1.0
P_frozen,ALG8,ALG6,ALG5,CWH41,1.0,0.0,1.0
P_frozen,ALG8,ALG6,ALG8,CWH41,1.0,0.0,1.0
P_frozen,ALG8,ALG6,ALG12,CWH41,1.0,0.0,1.0
P_frozen,ALG8,ALG6,ALG9,CWH41,1.0,0.0,1.0
P_frozen,ALG8,ALG6,ALG6,CWH41,1.0,0.0,1.0
P_frozen,ALG8,ALG6,OST3,CWH41,1.0,0.0,1.0
P_frozen,ALG8,ALG6,UBC7,UFD2,1.0,0.0,1.0
P_frozen,ALG8,ALG6,HRD1,UFD2,1.0,0.0,1.0
P_frozen,ALG8,ALG6,TLG2,GOS1,1.0,0.0,1.0
P_frozen,ALG8,ALG6,SEC22,GOS1,1.0,0.0,1.0
P_frozen,ALG8,ALG6,CWH41,ROT2,0.0,1.0,-1.0
P_frozen,ALG8,ALG6,OST5,ROT2,1.0,0.0,1.0
P_frozen,ALG8,ALG6,DIE2,ROT2,1.0,0.0,1.0
P_frozen,ALG8,ALG6,ALG5,ROT2,1.0,0.0,1.0
P_frozen,ALG8,ALG6,ALG8,ROT2,1.0,0.0,1.0
P_frozen,ALG8,ALG6,ALG12,ROT2,1.0,0.0,1.0
P_frozen,ALG8,ALG6,ALG9,ROT2,1.0,0.0,1.0
P_frozen,ALG8,ALG6,ALG6,ROT2,1.0,0.0,1.0
P_frozen,ALG8,ALG6,OST3,ROT2,1.0,0.0,1.0
P_frozen,ALG8,ALG6,CWH41,OST5,0.0,1.0,-1.0
P_frozen,ALG8,ALG6,ALG12,OST5,0.0,1.0,-1.0
P_frozen,ALG8,ALG6,ALG9,OST5,0.0,1.0,-1.0
P_frozen,ALG8,ALG6,OST3,OST5,1.0,0.0,1.0
P_frozen,ALG8,ALG6,MNS1,DIE2,0.0,1.0,-1.0
P_frozen,ALG8,ALG6,OST3,DIE2,1.0,0.0,1.0
P_frozen,ALG8,ALG6,HRD1,UBC7,1.0,0.0,1.0
P_frozen,ALG8,ALG6,CWH41,ALG5,1.0,0.0,1.0
P_frozen,ALG8,ALG6,ROT2,ALG5,1.0,0.0,1.0
P_frozen,ALG8,ALG6,OST5,ALG5,1.0,0.0,1.0
P_frozen,ALG8,ALG6,ALG9,ALG5,1.0,0.0,1.0
P_frozen,ALG8,ALG6,OST3,ALG5,1.0,0.0,1.0
P_frozen,ALG8,ALG6,TLG2,SEC22,1.0,0.0,1.0
P_frozen,ALG8,ALG6,OST5,ALG8,1.0,0.0,1.0
P_frozen,ALG8,ALG6,ALG6,ALG8,1.0,0.0,1.0
P_frozen,ALG8,ALG6,OST3,ALG8,1.0,0.0,1.0
P_frozen,ALG8,ALG6,ROT2,ALG12,0.0,1.0,-1.0
P_frozen,ALG8,ALG6,DIE2,ALG12,1.0,0.0,1.0
P_frozen,ALG8,ALG6,ALG5,ALG12,0.0,1.0,-1.0
P_frozen,ALG8,ALG6,ALG8,ALG12,1.0,0.0,1.0
P_frozen,ALG8,ALG6,OST3,ALG12,1.0,0.0,1.0
P_frozen,ALG8,ALG6,ROT2,ALG9,1.0,0.0,1.0
P_frozen,ALG8,ALG6,OST5,ALG9,1.0,0.0,1.0
P_frozen,ALG8,ALG6,OST3,ALG9,1.0,0.0,1.0
P_frozen,ALG8,ALG6,MNS1,ALG6,0.0,1.0,-1.0
P_frozen,ALG8,ALG6,OST5,ALG6,1.0,0.0,1.0
P_frozen,ALG8,ALG6,OST3,ALG6,1.0,0.0,1.0
P_frozen,ALG8,ALG6,MNS1,ALG3,1.0,0.0,1.0
P_frozen,ALG8,ALG6,CWH41,ALG3,1.0,0.0,1.0
P_frozen,ALG8,ALG6,ROT2,ALG3,1.0,0.0,1.0
P_frozen,ALG8,ALG6,OST5,ALG3,1.0,0.0,1.0
P_frozen,ALG8,ALG6,DIE2,ALG3,1.0,0.0,1.0
P_frozen,ALG8,ALG6,OST3,ALG3,1.0,0.0,1.0
P_frozen,ALG8,ALG6,PMT1,PMT2,1.0,0.0,1.0
P_frozen,ALG8,ALG6,DIE2,OST3,1.0,0.0,1.0
P_frozen,ALG8,ALG6,ALG5,OST3,0.0,1.0,-1.0
P_frozen,ALG8,ALG6,ALG12,OST3,0.0,1.0,-1.0
P_frozen,ALG8,ALG6,ALG9,OST3,0.0,1.0,-1.0
P_frozen,ALG12,ALG3,MNN2,MNS1,1.0,0.0,1.0
P_frozen,ALG12,ALG3,OST5,MNS1,1.0,0.0,1.0
P_frozen,ALG12,ALG3,DIE2,MNS1,1.0,0.0,1.0
P_frozen,ALG12,ALG3,ALG8,MNS1,1.0,0.0,1.0
P_frozen,ALG12,ALG3,ALG12,MNS1,1.0,0.0,1.0
P_frozen,ALG12,ALG3,ALG9,MNS1,1.0,0.0,1.0
P_frozen,ALG12,ALG3,ALG6,MNS1,1.0,0.0,1.0
P_frozen,ALG12,ALG3,OST3,MNS1,1.0,0.0,1.0
P_frozen,ALG12,ALG3,ANP1,MNS1,1.0,0.0,1.0
P_frozen,ALG12,ALG3,BTS1,HMG1,1.0,0.0,1.0
P_frozen,ALG12,ALG3,STP22,DOA4,1.0,0.0,1.0
P_frozen,ALG12,ALG3,GCS1,DOA4,1.0,0.0,1.0
P_frozen,ALG12,ALG3,VPS28,DOA4,1.0,0.0,1.0
P_frozen,ALG12,ALG3,OST5,CWH41,1.0,0.0,1.0
P_frozen,ALG12,ALG3,DIE2,CWH41,1.0,0.0,1.0
P_frozen,ALG12,ALG3,ALG6,CWH41,1.0,0.0,1.0
P_frozen,ALG12,ALG3,OST3,CWH41,1.0,0.0,1.0
P_frozen,ALG12,ALG3,HRD1,UFD2,1.0,0.0,1.0
P_frozen,ALG12,ALG3,TLG2,GOS1,1.0,0.0,1.0
P_frozen,ALG12,ALG3,OST5,ROT2,1.0,0.0,1.0
P_frozen,ALG12,ALG3,DIE2,ROT2,1.0,0.0,1.0
P_frozen,ALG12,ALG3,OST3,ROT2,1.0,0.0,1.0
P_frozen,ALG12,ALG3,OST5,ALG5,1.0,0.0,1.0
P_frozen,ALG12,ALG3,OST3,ALG5,1.0,0.0,1.0
P_frozen,ALG12,ALG3,OST3,ALG8,1.0,0.0,1.0
P_frozen,ALG12,ALG3,OST5,ALG12,1.0,0.0,1.0
P_frozen,ALG12,ALG3,DIE2,ALG12,1.0,0.0,1.0
P_frozen,ALG12,ALG3,OST3,ALG12,1.0,0.0,1.0
P_frozen,ALG12,ALG3,OST5,ALG9,1.0,0.0,1.0
P_frozen,ALG12,ALG3,OST3,ALG9,1.0,0.0,1.0
P_frozen,ALG12,ALG3,OST3,ALG6,1.0,0.0,1.0
P_frozen,ALG12,ALG3,OST5,ALG3,1.0,0.0,1.0
P_frozen,ALG12,ALG3,DIE2,ALG3,1.0,0.0,1.0
P_frozen,ALG12,ALG3,ALG5,ALG3,0.0,1.0,-1.0
P_frozen,ALG12,ALG3,ALG8,ALG3,1.0,0.0,1.0
P_frozen,ALG12,ALG3,ALG6,ALG3,1.0,0.0,1.0
P_frozen,ALG12,ALG3,OST3,ALG3,1.0,0.0,1.0
P_frozen,ALG9,ALG3,MNN2,MNS1,1.0,0.0,1.0
P_frozen,ALG9,ALG3,OST5,MNS1,1.0,0.0,1.0
P_frozen,ALG9,ALG3,DIE2,MNS1,1.0,0.0,1.0
P_frozen,ALG9,ALG3,ALG8,MNS1,1.0,0.0,1.0
P_frozen,ALG9,ALG3,ALG12,MNS1,1.0,0.0,1.0
P_frozen,ALG9,ALG3,ALG9,MNS1,1.0,0.0,1.0
P_frozen,ALG9,ALG3,ALG6,MNS1,1.0,0.0,1.0
P_frozen,ALG9,ALG3,OST3,MNS1,1.0,0.0,1.0
P_frozen,ALG9,ALG3,ANP1,MNS1,1.0,0.0,1.0
P_frozen,ALG9,ALG3,BTS1,HMG1,1.0,0.0,1.0
P_frozen,ALG9,ALG3,STP22,DOA4,1.0,0.0,1.0
P_frozen,ALG9,ALG3,GCS1,DOA4,1.0,0.0,1.0
P_frozen,ALG9,ALG3,VPS28,DOA4,1.0,0.0,1.0
P_frozen,ALG9,ALG3,OST5,CWH41,1.0,0.0,1.0
P_frozen,ALG9,ALG3,DIE2,CWH41,1.0,0.0,1.0
P_frozen,ALG9,ALG3,ALG6,CWH41,1.0,0.0,1.0
P_frozen,ALG9,ALG3,OST3,CWH41,1.0,0.0,1.0
P_frozen,ALG9,ALG3,HRD1,UFD2,1.0,0.0,1.0
P_frozen,ALG9,ALG3,TLG2,GOS1,1.0,0.0,1.0
P_frozen,ALG9,ALG3,OST5,ROT2,1.0,0.0,1.0
P_frozen,ALG9,ALG3,DIE2,ROT2,1.0,0.0,1.0
P_frozen,ALG9,ALG3,OST3,ROT2,1.0,0.0,1.0
P_frozen,ALG9,ALG3,DIE2,OST5,0.0,1.0,-1.0
P_frozen,ALG9,ALG3,OST5,ALG5,1.0,0.0,1.0
P_frozen,ALG9,ALG3,OST3,ALG5,1.0,0.0,1.0
P_frozen,ALG9,ALG3,OST5,ALG8,1.0,0.0,1.0
P_frozen,ALG9,ALG3,OST3,ALG8,1.0,0.0,1.0
P_frozen,ALG9,ALG3,OST5,ALG12,1.0,0.0,1.0
P_frozen,ALG9,ALG3,DIE2,ALG12,1.0,0.0,1.0
P_frozen,ALG9,ALG3,OST3,ALG12,1.0,0.0,1.0
P_frozen,ALG9,ALG3,OST5,ALG9,1.0,0.0,1.0
P_frozen,ALG9,ALG3,OST3,ALG9,1.0,0.0,1.0
P_frozen,ALG9,ALG3,OST3,ALG6,1.0,0.0,1.0
P_frozen,ALG9,ALG3,OST5,ALG3,1.0,0.0,1.0
P_frozen,ALG9,ALG3,DIE2,ALG3,1.0,0.0,1.0
P_frozen,ALG9,ALG3,ALG5,ALG3,0.0,1.0,-1.0
P_frozen,ALG9,ALG3,ALG8,ALG3,1.0,0.0,1.0
P_frozen,ALG9,ALG3,OST3,ALG3,1.0,0.0,1.0
P_frozen,OST5,OST3,CWH41,MNS1,1.0,0.0,1.0
P_frozen,OST5,OST3,MNN2,MNS1,1.0,0.0,1.0
P_frozen,OST5,OST3,ROT2,MNS1,1.0,0.0,1.0
P_frozen,OST5,OST3,OST5,MNS1,1.0,0.0,1.0
P_frozen,OST5,OST3,DIE2,MNS1,1.0,0.0,1.0
P_frozen,OST5,OST3,ALG5,MNS1,1.0,0.0,1.0
P_frozen,OST5,OST3,ALG8,MNS1,1.0,0.0,1.0
P_frozen,OST5,OST3,ALG12,MNS1,1.0,0.0,1.0
P_frozen,OST5,OST3,ALG9,MNS1,1.0,0.0,1.0
P_frozen,OST5,OST3,ALG6,MNS1,1.0,0.0,1.0
P_frozen,OST5,OST3,ALG3,MNS1,1.0,0.0,1.0
P_frozen,OST5,OST3,OST3,MNS1,1.0,0.0,1.0
P_frozen,OST5,OST3,ANP1,MNS1,1.0,0.0,1.0
P_frozen,OST5,OST3,BTS1,HMG1,1.0,0.0,1.0
P_frozen,OST5,OST3,PCT1,PSD2,1.0,0.0,1.0
P_frozen,OST5,OST3,VPS28,STP22,1.0,0.0,1.0
P_frozen,OST5,OST3,SEC22,TLG2,1.0,0.0,1.0
P_frozen,OST5,OST3,STP22,DOA4,1.0,0.0,1.0
P_frozen,OST5,OST3,GCS1,DOA4,1.0,0.0,1.0
P_frozen,OST5,OST3,VPS28,DOA4,1.0,0.0,1.0
P_frozen,OST5,OST3,OST5,CWH41,1.0,0.0,1.0
P_frozen,OST5,OST3,DIE2,CWH41,1.0,0.0,1.0
P_frozen,OST5,OST3,ALG5,CWH41,1.0,0.0,1.0
P_frozen,OST5,OST3,ALG8,CWH41,1.0,0.0,1.0
P_frozen,OST5,OST3,ALG12,CWH41,1.0,0.0,1.0
P_frozen,OST5,OST3,ALG9,CWH41,1.0,0.0,1.0
P_frozen,OST5,OST3,ALG6,CWH41,1.0,0.0,1.0
P_frozen,OST5,OST3,ALG3,CWH41,1.0,0.0,1.0
P_frozen,OST5,OST3,OST3,CWH41,1.0,0.0,1.0
P_frozen,OST5,OST3,UBC7,UFD2,1.0,0.0,1.0
P_frozen,OST5,OST3,HRD1,UFD2,1.0,0.0,1.0
P_frozen,OST5,OST3,TLG2,GOS1,1.0,0.0,1.0
P_frozen,OST5,OST3,SEC22,GOS1,1.0,0.0,1.0
P_frozen,OST5,OST3,VPS28,GCS1,1.0,0.0,1.0
P_frozen,OST5,OST3,CWH41,ROT2,1.0,0.0,1.0
P_frozen,OST5,OST3,OST5,ROT2,1.0,0.0,1.0
P_frozen,OST5,OST3,DIE2,ROT2,1.0,0.0,1.0
P_frozen,OST5,OST3,ALG5,ROT2,1.0,0.0,1.0
P_frozen,OST5,OST3,ALG8,ROT2,1.0,0.0,1.0
P_frozen,OST5,OST3,ALG12,ROT2,1.0,0.0,1.0
P_frozen,OST5,OST3,ALG9,ROT2,1.0,0.0,1.0
P_frozen,OST5,OST3,ALG6,ROT2,1.0,0.0,1.0
P_frozen,OST5,OST3,OST3,ROT2,1.0,0.0,1.0
P_frozen,OST5,OST3,GCS1,VPS28,1.0,0.0,1.0
P_frozen,OST5,OST3,ALG12,OST5,0.0,1.0,-1.0
P_frozen,OST5,OST3,ALG9,OST5,0.0,1.0,-1.0
P_frozen,OST5,OST3,OST3,OST5,1.0,0.0,1.0
P_frozen,OST5,OST3,MNS1,DIE2,0.0,1.0,-1.0
P_frozen,OST5,OST3,OST5,DIE2,1.0,0.0,1.0
P_frozen,OST5,OST3,OST3,DIE2,1.0,0.0,1.0
P_frozen,OST5,OST3,HRD1,UBC7,1.0,0.0,1.0
P_frozen,OST5,OST3,CWH41,ALG5,1.0,0.0,1.0
P_frozen,OST5,OST3,ROT2,ALG5,1.0,0.0,1.0
P_frozen,OST5,OST3,OST5,ALG5,1.0,0.0,1.0
P_frozen,OST5,OST3,ALG9,ALG5,1.0,0.0,1.0
P_frozen,OST5,OST3,OST3,ALG5,1.0,0.0,1.0
P_frozen,OST5,OST3,PMT2,PMT1,1.0,0.0,1.0
P_frozen,OST5,OST3,TLG2,SEC22,1.0,0.0,1.0
P_frozen,OST5,OST3,ROT2,ALG8,1.0,0.0,1.0
P_frozen,OST5,OST3,OST5,ALG8,1.0,0.0,1.0
P_frozen,OST5,OST3,ALG12,ALG8,1.0,0.0,1.0
P_frozen,OST5,OST3,ALG9,ALG8,1.0,0.0,1.0
P_frozen,OST5,OST3,ALG6,ALG8,1.0,0.0,1.0
P_frozen,OST5,OST3,OST3,ALG8,1.0,0.0,1.0
P_frozen,OST5,OST3,ROT2,ALG12,1.0,0.0,1.0
P_frozen,OST5,OST3,OST5,ALG12,1.0,0.0,1.0
P_frozen,OST5,OST3,DIE2,ALG12,1.0,0.0,1.0
P_frozen,OST5,OST3,ALG5,ALG12,1.0,0.0,1.0
P_frozen,OST5,OST3,ALG8,ALG12,1.0,0.0,1.0
P_frozen,OST5,OST3,ALG6,ALG12,1.0,0.0,1.0
P_frozen,OST5,OST3,OST3,ALG12,1.0,0.0,1.0
P_frozen,OST5,OST3,ROT2,ALG9,1.0,0.0,1.0
P_frozen,OST5,OST3,OST5,ALG9,1.0,0.0,1.0
P_frozen,OST5,OST3,ALG5,ALG9,1.0,0.0,1.0
P_frozen,OST5,OST3,OST3,ALG9,1.0,0.0,1.0
P_frozen,OST5,OST3,OST5,ALG6,1.0,0.0,1.0
P_frozen,OST5,OST3,ALG12,ALG6,1.0,0.0,1.0
P_frozen,OST5,OST3,OST3,ALG6,1.0,0.0,1.0
P_frozen,OST5,OST3,MNS1,ALG3,1.0,0.0,1.0
P_frozen,OST5,OST3,CWH41,ALG3,1.0,0.0,1.0
P_frozen,OST5,OST3,ROT2,ALG3,1.0,0.0,1.0
P_frozen,OST5,OST3,OST5,ALG3,1.0,0.0,1.0
P_frozen,OST5,OST3,DIE2,ALG3,1.0,0.0,1.0
P_frozen,OST5,OST3,OST3,ALG3,1.0,0.0,1.0
P_frozen,OST5,OST3,PMT1,PMT2,1.0,0.0,1.0
P_frozen,OST5,OST3,DIE2,OST3,1.0,0.0,1.0
P_frozen,OST5,OST3,MNN2,ANP1,1.0,0.0,1.0
P_frozen,MNS1,ANP1,CWH41,MNS1,1.0,0.0,1.0
P_frozen,MNS1,ANP1,MNN2,MNS1,1.0,0.0,1.0
P_frozen,MNS1,ANP1,ROT2,MNS1,1.0,0.0,1.0
P_frozen,MNS1,ANP1,OST5,MNS1,1.0,0.0,1.0
P_frozen,MNS1,ANP1,DIE2,MNS1,1.0,0.0,1.0
P_frozen,MNS1,ANP1,ALG5,MNS1,1.0,0.0,1.0
P_frozen,MNS1,ANP1,ALG8,MNS1,1.0,0.0,1.0
P_frozen,MNS1,ANP1,ALG12,MNS1,1.0,0.0,1.0
P_frozen,MNS1,ANP1,ALG9,MNS1,1.0,0.0,1.0
P_frozen,MNS1,ANP1,ALG6,MNS1,1.0,0.0,1.0
P_frozen,MNS1,ANP1,ALG3,MNS1,1.0,0.0,1.0
P_frozen,MNS1,ANP1,OST3,MNS1,1.0,0.0,1.0
P_frozen,MNS1,ANP1,ANP1,MNS1,1.0,0.0,1.0
P_frozen,MNS1,ANP1,BTS1,HMG1,1.0,0.0,1.0
P_frozen,MNS1,ANP1,PCT1,PSD2,1.0,0.0,1.0
P_frozen,MNS1,ANP1,DOA4,STP22,1.0,0.0,1.0
P_frozen,MNS1,ANP1,GCS1,STP22,1.0,0.0,1.0
P_frozen,MNS1,ANP1,VPS28,STP22,1.0,0.0,1.0
P_frozen,MNS1,ANP1,GOS1,TLG2,1.0,0.0,1.0
P_frozen,MNS1,ANP1,SEC22,TLG2,1.0,0.0,1.0
P_frozen,MNS1,ANP1,STP22,DOA4,1.0,0.0,1.0
P_frozen,MNS1,ANP1,GCS1,DOA4,1.0,0.0,1.0
P_frozen,MNS1,ANP1,VPS28,DOA4,1.0,0.0,1.0
P_frozen,MNS1,ANP1,PSD2,PCT1,1.0,0.0,1.0
P_frozen,MNS1,ANP1,OST5,CWH41,1.0,0.0,1.0
P_frozen,MNS1,ANP1,DIE2,CWH41,1.0,0.0,1.0
P_frozen,MNS1,ANP1,ALG5,CWH41,1.0,0.0,1.0
P_frozen,MNS1,ANP1,ALG8,CWH41,1.0,0.0,1.0
P_frozen,MNS1,ANP1,ALG12,CWH41,1.0,0.0,1.0
P_frozen,MNS1,ANP1,ALG9,CWH41,1.0,0.0,1.0
P_frozen,MNS1,ANP1,ALG6,CWH41,1.0,0.0,1.0
P_frozen,MNS1,ANP1,ALG3,CWH41,1.0,0.0,1.0
P_frozen,MNS1,ANP1,OST3,CWH41,1.0,0.0,1.0
P_frozen,MNS1,ANP1,UBC7,UFD2,1.0,0.0,1.0
P_frozen,MNS1,ANP1,HRD1,UFD2,1.0,0.0,1.0
P_frozen,MNS1,ANP1,TLG2,GOS1,1.0,0.0,1.0
P_frozen,MNS1,ANP1,SEC22,GOS1,1.0,0.0,1.0
P_frozen,MNS1,ANP1,DOA4,GCS1,1.0,0.0,1.0
P_frozen,MNS1,ANP1,VPS28,GCS1,1.0,0.0,1.0
P_frozen,MNS1,ANP1,CWH41,ROT2,1.0,0.0,1.0
P_frozen,MNS1,ANP1,OST5,ROT2,1.0,0.0,1.0
P_frozen,MNS1,ANP1,DIE2,ROT2,1.0,0.0,1.0
P_frozen,MNS1,ANP1,ALG5,ROT2,1.0,0.0,1.0
P_frozen,MNS1,ANP1,ALG8,ROT2,1.0,0.0,1.0
P_frozen,MNS1,ANP1,ALG12,ROT2,1.0,0.0,1.0
P_frozen,MNS1,ANP1,ALG9,ROT2,1.0,0.0,1.0
P_frozen,MNS1,ANP1,ALG6,ROT2,1.0,0.0,1.0
P_frozen,MNS1,ANP1,ALG3,ROT2,1.0,0.0,1.0
P_frozen,MNS1,ANP1,OST3,ROT2,1.0,0.0,1.0
P_frozen,MNS1,ANP1,DOA4,VPS28,1.0,0.0,1.0
P_frozen,MNS1,ANP1,GCS1,VPS28,1.0,0.0,1.0
P_frozen,MNS1,ANP1,MNS1,OST5,1.0,0.0,1.0
P_frozen,MNS1,ANP1,CWH41,OST5,1.0,0.0,1.0
P_frozen,MNS1,ANP1,ROT2,OST5,1.0,0.0,1.0
P_frozen,MNS1,ANP1,ALG5,OST5,1.0,0.0,1.0
P_frozen,MNS1,ANP1,ALG8,OST5,1.0,0.0,1.0
P_frozen,MNS1,ANP1,ALG6,OST5,1.0,0.0,1.0
P_frozen,MNS1,ANP1,ALG3,OST5,1.0,0.0,1.0
P_frozen,MNS1,ANP1,OST3,OST5,1.0,0.0,1.0
P_frozen,MNS1,ANP1,CWH41,DIE2,1.0,0.0,1.0
P_frozen,MNS1,ANP1,ROT2,DIE2,1.0,0.0,1.0
P_frozen,MNS1,ANP1,OST5,DIE2,1.0,0.0,1.0
P_frozen,MNS1,ANP1,ALG5,DIE2,1.0,0.0,1.0
P_frozen,MNS1,ANP1,ALG8,DIE2,1.0,0.0,1.0
P_frozen,MNS1,ANP1,ALG12,DIE2,1.0,0.0,1.0
P_frozen,MNS1,ANP1,ALG9,DIE2,1.0,0.0,1.0
P_frozen,MNS1,ANP1,ALG6,DIE2,1.0,0.0,1.0
P_frozen,MNS1,ANP1,ALG3,DIE2,1.0,0.0,1.0
P_frozen,MNS1,ANP1,OST3,DIE2,1.0,0.0,1.0
P_frozen,MNS1,ANP1,UFD2,UBC7,1.0,0.0,1.0
P_frozen,MNS1,ANP1,HRD1,UBC7,1.0,0.0,1.0
P_frozen,MNS1,ANP1,MNS1,ALG5,1.0,0.0,1.0
P_frozen,MNS1,ANP1,CWH41,ALG5,1.0,0.0,1.0
P_frozen,MNS1,ANP1,ROT2,ALG5,1.0,0.0,1.0
P_frozen,MNS1,ANP1,OST5,ALG5,1.0,0.0,1.0
P_frozen,MNS1,ANP1,ALG9,ALG5,1.0,0.0,1.0
P_frozen,MNS1,ANP1,ALG3,ALG5,1.0,0.0,1.0
P_frozen,MNS1,ANP1,OST3,ALG5,1.0,0.0,1.0
P_frozen,MNS1,ANP1,PMT2,PMT1,1.0,0.0,1.0
P_frozen,MNS1,ANP1,TLG2,SEC22,1.0,0.0,1.0
P_frozen,MNS1,ANP1,GOS1,SEC22,1.0,0.0,1.0
P_frozen,MNS1,ANP1,UFD2,HRD1,1.0,0.0,1.0
P_frozen,MNS1,ANP1,UBC7,HRD1,1.0,0.0,1.0
P_frozen,MNS1,ANP1,MNS1,ALG8,1.0,0.0,1.0
P_frozen,MNS1,ANP1,CWH41,ALG8,1.0,0.0,1.0
P_frozen,MNS1,ANP1,ROT2,ALG8,1.0,0.0,1.0
P_frozen,MNS1,ANP1,OST5,ALG8,1.0,0.0,1.0
P_frozen,MNS1,ANP1,ALG5,ALG8,1.0,0.0,1.0
P_frozen,MNS1,ANP1,ALG9,ALG8,1.0,0.0,1.0
P_frozen,MNS1,ANP1,ALG6,ALG8,1.0,0.0,1.0
P_frozen,MNS1,ANP1,ALG3,ALG8,1.0,0.0,1.0
P_frozen,MNS1,ANP1,OST3,ALG8,1.0,0.0,1.0
P_frozen,MNS1,ANP1,MNS1,ALG12,1.0,0.0,1.0
P_frozen,MNS1,ANP1,CWH41,ALG12,1.0,0.0,1.0
P_frozen,MNS1,ANP1,ROT2,ALG12,1.0,0.0,1.0
P_frozen,MNS1,ANP1,DIE2,ALG12,1.0,0.0,1.0
P_frozen,MNS1,ANP1,ALG8,ALG12,1.0,0.0,1.0
P_frozen,MNS1,ANP1,ALG3,ALG12,1.0,0.0,1.0
P_frozen,MNS1,ANP1,OST3,ALG12,1.0,0.0,1.0
P_frozen,MNS1,ANP1,MNS1,ALG9,1.0,0.0,1.0
P_frozen,MNS1,ANP1,CWH41,ALG9,1.0,0.0,1.0
P_frozen,MNS1,ANP1,ROT2,ALG9,1.0,0.0,1.0
P_frozen,MNS1,ANP1,OST5,ALG9,1.0,0.0,1.0
P_frozen,MNS1,ANP1,ALG5,ALG9,1.0,0.0,1.0
P_frozen,MNS1,ANP1,ALG3,ALG9,1.0,0.0,1.0
P_frozen,MNS1,ANP1,OST3,ALG9,1.0,0.0,1.0
P_frozen,MNS1,ANP1,MNS1,ALG6,1.0,0.0,1.0
P_frozen,MNS1,ANP1,CWH41,ALG6,1.0,0.0,1.0
P_frozen,MNS1,ANP1,ROT2,ALG6,1.0,0.0,1.0
P_frozen,MNS1,ANP1,OST5,ALG6,1.0,0.0,1.0
P_frozen,MNS1,ANP1,ALG5,ALG6,1.0,0.0,1.0
P_frozen,MNS1,ANP1,ALG12,ALG6,1.0,0.0,1.0
P_frozen,MNS1,ANP1,ALG9,ALG6,1.0,0.0,1.0
P_frozen,MNS1,ANP1,ALG3,ALG6,1.0,0.0,1.0
P_frozen,MNS1,ANP1,OST3,ALG6,1.0,0.0,1.0
P_frozen,MNS1,ANP1,MNS1,ALG3,1.0,0.0,1.0
P_frozen,MNS1,ANP1,CWH41,ALG3,1.0,0.0,1.0
P_frozen,MNS1,ANP1,ROT2,ALG3,1.0,0.0,1.0
P_frozen,MNS1,ANP1,OST5,ALG3,1.0,0.0,1.0
P_frozen,MNS1,ANP1,DIE2,ALG3,1.0,0.0,1.0
P_frozen,MNS1,ANP1,OST3,ALG3,1.0,0.0,1.0
P_frozen,MNS1,ANP1,PMT1,PMT2,1.0,0.0,1.0
P_frozen,MNS1,ANP1,MNS1,OST3,1.0,0.0,1.0
P_frozen,MNS1,ANP1,CWH41,OST3,1.0,0.0,1.0
P_frozen,MNS1,ANP1,ROT2,OST3,1.0,0.0,1.0
P_frozen,MNS1,ANP1,DIE2,OST3,1.0,0.0,1.0
P_frozen,MNS1,ANP1,ALG5,OST3,1.0,0.0,1.0
P_frozen,MNS1,ANP1,ALG8,OST3,1.0,0.0,1.0
P_frozen,MNS1,ANP1,ALG12,OST3,1.0,0.0,1.0
P_frozen,MNS1,ANP1,ALG9,OST3,1.0,0.0,1.0
P_frozen,MNS1,ANP1,ALG6,OST3,1.0,0.0,1.0
P_frozen,MNS1,ANP1,ALG3,OST3,1.0,0.0,1.0
A_match,MNS1,CWH41,STP22,DOA4,1.0,0.0,1.0
A_match,MNS1,CWH41,DIE2,CWH41,0.0,1.0,-1.0
A_match,MNS1,CWH41,TLG2,GOS1,1.0,0.0,1.0
A_match,MNS1,CWH41,DOA4,GCS1,0.0,1.0,-1.0
A_match,MNS1,CWH41,OST5,ROT2,0.0,1.0,-1.0
A_match,MNS1,CWH41,DOA4,VPS28,0.0,1.0,-1.0
A_match,MNS1,CWH41,MNS1,OST5,0.0,1.0,-1.0
A_match,MNS1,CWH41,MNS1,ALG5,0.0,1.0,-1.0
A_match,MNS1,CWH41,ALG9,ALG5,0.0,1.0,-1.0
A_match,MNS1,CWH41,TLG2,SEC22,1.0,0.0,1.0
A_match,MNS1,CWH41,MNS1,ALG8,0.0,1.0,-1.0
A_match,MNS1,CWH41,ROT2,ALG12,0.0,1.0,-1.0
A_match,MNS1,CWH41,OST5,ALG12,0.0,1.0,-1.0
A_match,MNS1,CWH41,DIE2,ALG12,0.0,1.0,-1.0
A_match,MNS1,CWH41,ALG8,ALG12,0.0,1.0,-1.0
A_match,MNS1,CWH41,ALG5,ALG9,0.0,1.0,-1.0
A_match,MNS1,CWH41,MNS1,ALG6,0.0,1.0,-1.0
A_match,MNS1,CWH41,ALG12,ALG6,1.0,0.0,1.0
A_match,MNS1,CWH41,ALG9,ALG6,1.0,0.0,1.0
A_match,MNS1,CWH41,CWH41,ALG3,1.0,0.0,1.0
A_match,MNS1,CWH41,ROT2,ALG3,0.0,1.0,-1.0
A_match,MNS1,CWH41,MNS1,OST3,0.0,1.0,-1.0
A_match,MNS1,CWH41,DIE2,OST3,0.0,1.0,-1.0
A_match,MNS1,CWH41,ALG5,OST3,0.0,1.0,-1.0
A_match,MNS1,CWH41,ALG8,OST3,0.0,1.0,-1.0
A_match,MNS1,CWH41,ALG12,OST3,0.0,1.0,-1.0
A_match,MNS1,CWH41,ALG9,OST3,0.0,1.0,-1.0
A_match,MNS1,CWH41,ALG6,OST3,0.0,1.0,-1.0
A_match,MNS1,CWH41,ALG3,OST3,1.0,0.0,1.0
A_match,ROT2,CWH41,CWH41,MNS1,1.0,0.0,1.0
A_match,ROT2,CWH41,STP22,DOA4,1.0,0.0,1.0
A_match,ROT2,CWH41,TLG2,GOS1,1.0,0.0,1.0
A_match,ROT2,CWH41,GCS1,VPS28,1.0,0.0,1.0
A_match,ROT2,CWH41,MNS1,OST5,1.0,0.0,1.0
A_match,ROT2,CWH41,ALG8,DIE2,1.0,0.0,1.0
A_match,ROT2,CWH41,MNS1,ALG5,1.0,0.0,1.0
A_match,ROT2,CWH41,CWH41,ALG5,1.0,0.0,1.0
A_match,ROT2,CWH41,ROT2,ALG5,1.0,0.0,1.0
A_match,ROT2,CWH41,OST5,ALG5,1.0,0.0,1.0
A_match,ROT2,CWH41,TLG2,SEC22,1.0,0.0,1.0
A_match,ROT2,CWH41,ALG5,ALG8,1.0,0.0,1.0
A_match,ROT2,CWH41,ALG9,ALG8,1.0,0.0,1.0
A_match,ROT2,CWH41,ALG3,ALG8,1.0,0.0,1.0
A_match,ROT2,CWH41,ROT2,ALG12,0.0,1.0,-1.0
A_match,ROT2,CWH41,ALG8,ALG12,1.0,0.0,1.0
A_match,ROT2,CWH41,OST3,ALG12,1.0,0.0,1.0
A_match,ROT2,CWH41,ROT2,ALG9,1.0,0.0,1.0
A_match,ROT2,CWH41,MNS1,ALG6,0.0,1.0,-1.0
A_match,ROT2,CWH41,ALG5,ALG6,1.0,0.0,1.0
A_match,ROT2,CWH41,ALG12,ALG6,1.0,0.0,1.0
A_match,ROT2,CWH41,ALG9,ALG6,1.0,0.0,1.0
A_match,ROT2,CWH41,ALG3,ALG6,1.0,0.0,1.0
A_match,ROT2,CWH41,CWH41,ALG3,1.0,0.0,1.0
A_match,ROT2,CWH41,ROT2,ALG3,1.0,0.0,1.0
A_match,ROT2,CWH41,OST3,ALG3,1.0,0.0,1.0
A_match,ROT2,CWH41,ALG5,OST3,0.0,1.0,-1.0
A_match,ROT2,CWH41,ALG9,OST3,0.0,1.0,-1.0
A_match,ROT2,CWH41,ALG3,OST3,1.0,0.0,1.0
A_match,MNS1,MNN2,STP22,DOA4,1.0,0.0,1.0
A_match,MNS1,MNN2,TLG2,GOS1,1.0,0.0,1.0
A_match,MNS1,MNN2,VPS28,GCS1,0.0,1.0,-1.0
A_match,MNS1,MNN2,ROT2,ALG12,0.0,1.0,-1.0
A_match,MNS1,MNN2,OST5,ALG12,0.0,1.0,-1.0
A_match,MNS1,MNN2,ALG6,ALG12,0.0,1.0,-1.0
A_match,MNS1,MNN2,MNS1,ALG6,0.0,1.0,-1.0
A_match,MNS1,MNN2,ALG12,ALG6,1.0,0.0,1.0
A_match,MNS1,MNN2,ALG9,ALG6,1.0,0.0,1.0
A_match,MNS1,MNN2,CWH41,ALG3,1.0,0.0,1.0
A_match,MNS1,MNN2,ALG5,OST3,0.0,1.0,-1.0
A_match,MNS1,MNN2,ALG9,OST3,0.0,1.0,-1.0
A_match,MNS1,MNN2,MNN2,ANP1,0.0,1.0,-1.0
A_match,ANP1,MNN2,STP22,DOA4,1.0,0.0,1.0
A_match,ANP1,MNN2,TLG2,GOS1,1.0,0.0,1.0
A_match,ANP1,MNN2,VPS28,GCS1,1.0,0.0,1.0
A_match,ANP1,MNN2,CWH41,ROT2,1.0,0.0,1.0
A_match,ANP1,MNN2,CWH41,OST5,1.0,0.0,1.0
A_match,ANP1,MNN2,ROT2,ALG5,1.0,0.0,1.0
A_match,ANP1,MNN2,TLG2,SEC22,1.0,0.0,1.0
A_match,ANP1,MNN2,ALG12,ALG8,1.0,0.0,1.0
A_match,ANP1,MNN2,OST5,ALG12,0.0,1.0,-1.0
A_match,ANP1,MNN2,ALG5,ALG12,1.0,0.0,1.0
A_match,ANP1,MNN2,ALG6,ALG12,1.0,0.0,1.0
A_match,ANP1,MNN2,ALG12,ALG6,1.0,0.0,1.0
A_match,ANP1,MNN2,ALG9,ALG6,1.0,0.0,1.0
A_match,ANP1,MNN2,CWH41,ALG3,1.0,0.0,1.0
A_match,ANP1,MNN2,ALG3,OST3,1.0,0.0,1.0
A_match,ANP1,MNN2,MNN2,ANP1,1.0,0.0,1.0
A_match,MNS1,ROT2,STP22,DOA4,1.0,0.0,1.0
A_match,MNS1,ROT2,DIE2,CWH41,0.0,1.0,-1.0
A_match,MNS1,ROT2,TLG2,GOS1,1.0,0.0,1.0
A_match,MNS1,ROT2,DOA4,GCS1,0.0,1.0,-1.0
A_match,MNS1,ROT2,OST5,ROT2,0.0,1.0,-1.0
A_match,MNS1,ROT2,DOA4,VPS28,0.0,1.0,-1.0
A_match,MNS1,ROT2,GCS1,VPS28,0.0,1.0,-1.0
A_match,MNS1,ROT2,MNS1,OST5,0.0,1.0,-1.0
A_match,MNS1,ROT2,MNS1,ALG5,0.0,1.0,-1.0
A_match,MNS1,ROT2,ROT2,ALG5,0.0,1.0,-1.0
A_match,MNS1,ROT2,ALG9,ALG5,0.0,1.0,-1.0
A_match,MNS1,ROT2,MNS1,ALG8,0.0,1.0,-1.0
A_match,MNS1,ROT2,ALG9,ALG8,0.0,1.0,-1.0
A_match,MNS1,ROT2,ROT2,ALG12,0.0,1.0,-1.0
A_match,MNS1,ROT2,OST5,ALG12,0.0,1.0,-1.0
A_match,MNS1,ROT2,DIE2,ALG12,0.0,1.0,-1.0
A_match,MNS1,ROT2,ALG8,ALG12,0.0,1.0,-1.0
A_match,MNS1,ROT2,ROT2,ALG9,0.0,1.0,-1.0
A_match,MNS1,ROT2,ALG5,ALG9,0.0,1.0,-1.0
A_match,MNS1,ROT2,MNS1,ALG6,0.0,1.0,-1.0
A_match,MNS1,ROT2,ALG12,ALG6,1.0,0.0,1.0
A_match,MNS1,ROT2,ALG9,ALG6,1.0,0.0,1.0
A_match,MNS1,ROT2,CWH41,ALG3,1.0,0.0,1.0
A_match,MNS1,ROT2,ROT2,ALG3,0.0,1.0,-1.0
A_match,MNS1,ROT2,MNS1,OST3,0.0,1.0,-1.0
A_match,MNS1,ROT2,DIE2,OST3,0.0,1.0,-1.0
A_match,MNS1,ROT2,ALG5,OST3,0.0,1.0,-1.0
A_match,MNS1,ROT2,ALG8,OST3,0.0,1.0,-1.0
A_match,MNS1,ROT2,ALG12,OST3,0.0,1.0,-1.0
A_match,MNS1,ROT2,ALG9,OST3,0.0,1.0,-1.0
A_match,MNS1,ROT2,ALG6,OST3,0.0,1.0,-1.0
A_match,MNS1,ROT2,ALG3,OST3,1.0,0.0,1.0
A_match,MNS1,ROT2,MNN2,ANP1,0.0,1.0,-1.0
A_match,STP22,VPS28,STP22,DOA4,1.0,0.0,1.0
A_match,STP22,VPS28,STP22,GCS1,1.0,0.0,1.0
A_match,STP22,VPS28,MNS1,DIE2,0.0,1.0,-1.0
A_match,STP22,VPS28,ALG12,ALG5,0.0,1.0,-1.0
A_match,STP22,VPS28,ALG5,ALG12,1.0,0.0,1.0
A_match,STP22,VPS28,ALG9,ALG12,0.0,1.0,-1.0
A_match,STP22,VPS28,ALG12,ALG6,1.0,0.0,1.0
A_match,STP22,VPS28,ALG5,ALG3,0.0,1.0,-1.0
A_match,STP22,VPS28,ALG8,ALG3,0.0,1.0,-1.0
A_match,STP22,VPS28,ALG6,ALG3,0.0,1.0,-1.0
A_match,HMG1,BTS1,STP22,DOA4,1.0,0.0,1.0
A_match,HMG1,BTS1,TLG2,GOS1,1.0,0.0,1.0
A_match,HMG1,BTS1,CWH41,ROT2,1.0,0.0,1.0
A_match,HMG1,BTS1,CWH41,OST5,1.0,0.0,1.0
A_match,HMG1,BTS1,OST5,ALG12,0.0,1.0,-1.0
A_match,HMG1,BTS1,ALG5,ALG12,1.0,0.0,1.0
A_match,HMG1,BTS1,ALG6,ALG12,0.0,1.0,-1.0
A_match,HMG1,BTS1,ALG12,ALG6,1.0,0.0,1.0
A_match,HMG1,BTS1,ALG9,ALG6,1.0,0.0,1.0
A_match,HMG1,BTS1,CWH41,ALG3,1.0,0.0,1.0
A_match,DIE2,ALG5,STP22,DOA4,1.0,0.0,1.0
A_match,DIE2,ALG5,TLG2,GOS1,1.0,0.0,1.0
A_match,DIE2,ALG5,STP22,GCS1,1.0,0.0,1.0
A_match,DIE2,ALG5,CWH41,ROT2,1.0,0.0,1.0
A_match,DIE2,ALG5,CWH41,OST5,1.0,0.0,1.0
A_match,DIE2,ALG5,ALG12,OST5,1.0,0.0,1.0
A_match,DIE2,ALG5,MNS1,DIE2,1.0,0.0,1.0
A_match,DIE2,ALG5,ALG12,ALG8,1.0,0.0,1.0
A_match,DIE2,ALG5,ALG5,ALG12,1.0,0.0,1.0
A_match,DIE2,ALG5,ALG12,ALG6,1.0,0.0,1.0
A_match,DIE2,ALG5,ALG9,ALG6,1.0,0.0,1.0
A_match,DIE2,ALG5,CWH41,ALG3,1.0,0.0,1.0
A_match,ALG8,ALG5,STP22,DOA4,1.0,0.0,1.0
A_match,ALG8,ALG5,TLG2,GOS1,1.0,0.0,1.0
A_match,ALG8,ALG5,STP22,GCS1,1.0,0.0,1.0
A_match,ALG8,ALG5,CWH41,ROT2,1.0,0.0,1.0
A_match,ALG8,ALG5,CWH41,OST5,1.0,0.0,1.0
A_match,ALG8,ALG5,ALG12,ALG8,1.0,0.0,1.0
A_match,ALG8,ALG5,ALG5,ALG12,1.0,0.0,1.0
A_match,ALG8,ALG5,ALG12,ALG6,1.0,0.0,1.0
A_match,ALG8,ALG5,ALG9,ALG6,1.0,0.0,1.0
A_match,ALG8,ALG5,CWH41,ALG3,1.0,0.0,1.0
A_match,ALG6,ALG5,CWH41,MNS1,1.0,0.0,1.0
A_match,ALG6,ALG5,PCT1,PSD2,1.0,0.0,1.0
A_match,ALG6,ALG5,STP22,DOA4,1.0,0.0,1.0
A_match,ALG6,ALG5,GCS1,DOA4,1.0,0.0,1.0
A_match,ALG6,ALG5,VPS28,DOA4,1.0,0.0,1.0
A_match,ALG6,ALG5,DIE2,CWH41,0.0,1.0,-1.0
A_match,ALG6,ALG5,ALG3,CWH41,1.0,0.0,1.0
A_match,ALG6,ALG5,TLG2,GOS1,1.0,0.0,1.0
A_match,ALG6,ALG5,SEC22,GOS1,1.0,0.0,1.0
A_match,ALG6,ALG5,DOA4,GCS1,0.0,1.0,-1.0
A_match,ALG6,ALG5,GCS1,VPS28,1.0,0.0,1.0
A_match,ALG6,ALG5,ROT2,OST5,1.0,0.0,1.0
A_match,ALG6,ALG5,CWH41,DIE2,1.0,0.0,1.0
A_match,ALG6,ALG5,ROT2,DIE2,1.0,0.0,1.0
A_match,ALG6,ALG5,ALG5,DIE2,1.0,0.0,1.0
A_match,ALG6,ALG5,ALG8,DIE2,1.0,0.0,1.0
A_match,ALG6,ALG5,ALG12,DIE2,1.0,0.0,1.0
A_match,ALG6,ALG5,ALG3,DIE2,1.0,0.0,1.0
A_match,ALG6,ALG5,CWH41,ALG5,1.0,0.0,1.0
A_match,ALG6,ALG5,OST5,ALG5,1.0,0.0,1.0
A_match,ALG6,ALG5,ALG9,ALG5,0.0,1.0,-1.0
A_match,ALG6,ALG5,ALG3,ALG5,1.0,0.0,1.0
A_match,ALG6,ALG5,TLG2,SEC22,1.0,0.0,1.0
A_match,ALG6,ALG5,MNS1,ALG8,0.0,1.0,-1.0
A_match,ALG6,ALG5,ROT2,ALG8,1.0,0.0,1.0
A_match,ALG6,ALG5,OST5,ALG8,1.0,0.0,1.0
A_match,ALG6,ALG5,ALG5,ALG8,1.0,0.0,1.0
A_match,ALG6,ALG5,ALG3,ALG8,1.0,0.0,1.0
A_match,ALG6,ALG5,OST3,ALG8,1.0,0.0,1.0
A_match,ALG6,ALG5,CWH41,ALG12,1.0,0.0,1.0
A_match,ALG6,ALG5,DIE2,ALG12,0.0,1.0,-1.0
A_match,ALG6,ALG5,OST3,ALG12,1.0,0.0,1.0
A_match,ALG6,ALG5,ROT2,ALG9,1.0,0.0,1.0
A_match,ALG6,ALG5,OST5,ALG9,1.0,0.0,1.0
A_match,ALG6,ALG5,ALG5,ALG9,0.0,1.0,-1.0
A_match,ALG6,ALG5,ALG3,ALG9,1.0,0.0,1.0
A_match,ALG6,ALG5,ROT2,ALG6,1.0,0.0,1.0
A_match,ALG6,ALG5,OST5,ALG6,1.0,0.0,1.0
A_match,ALG6,ALG5,ALG5,ALG6,1.0,0.0,1.0
A_match,ALG6,ALG5,ALG12,ALG6,1.0,0.0,1.0
A_match,ALG6,ALG5,ALG9,ALG6,1.0,0.0,1.0
A_match,ALG6,ALG5,ALG3,ALG6,1.0,0.0,1.0
A_match,ALG6,ALG5,CWH41,ALG3,1.0,0.0,1.0
A_match,ALG6,ALG5,OST5,ALG3,1.0,0.0,1.0
A_match,ALG6,ALG5,OST3,ALG3,1.0,0.0,1.0
A_match,ALG6,ALG5,PMT1,PMT2,1.0,0.0,1.0
A_match,ALG6,ALG5,MNS1,OST3,0.0,1.0,-1.0
A_match,ALG6,ALG5,ALG5,OST3,0.0,1.0,-1.0
A_match,ALG6,ALG5,ALG8,OST3,0.0,1.0,-1.0
A_match,ALG6,ALG5,ALG12,OST3,0.0,1.0,-1.0
A_match,ALG6,ALG5,ALG9,OST3,0.0,1.0,-1.0
A_match,ALG6,ALG5,ALG6,OST3,0.0,1.0,-1.0
A_match,ALG6,ALG5,ALG3,OST3,1.0,0.0,1.0
A_match,DIE2,ALG8,STP22,DOA4,1.0,0.0,1.0
A_match,DIE2,ALG8,TLG2,GOS1,1.0,0.0,1.0
A_match,DIE2,ALG8,STP22,GCS1,1.0,0.0,1.0
A_match,DIE2,ALG8,CWH41,ROT2,1.0,0.0,1.0
A_match,DIE2,ALG8,CWH41,OST5,1.0,0.0,1.0
A_match,DIE2,ALG8,ALG12,OST5,1.0,0.0,1.0
A_match,DIE2,ALG8,MNS1,DIE2,1.0,0.0,1.0
A_match,DIE2,ALG8,ALG12,ALG5,1.0,0.0,1.0
A_match,DIE2,ALG8,ALG12,ALG8,1.0,0.0,1.0
A_match,DIE2,ALG8,ALG5,ALG12,1.0,0.0,1.0
A_match,DIE2,ALG8,ALG9,ALG12,1.0,0.0,1.0
A_match,DIE2,ALG8,ALG12,ALG6,1.0,0.0,1.0
A_match,DIE2,ALG8,ALG9,ALG6,1.0,0.0,1.0
A_match,DIE2,ALG8,CWH41,ALG3,1.0,0.0,1.0
A_match,DIE2,ALG8,ALG8,ALG3,1.0,0.0,1.0
A_match,DIE2,ALG9,CWH41,MNS1,1.0,0.0,1.0
A_match,DIE2,ALG9,STP22,DOA4,1.0,0.0,1.0
A_match,DIE2,ALG9,TLG2,GOS1,1.0,0.0,1.0
A_match,DIE2,ALG9,VPS28,GCS1,1.0,0.0,1.0
A_match,DIE2,ALG9,CWH41,ROT2,1.0,0.0,1.0
A_match,DIE2,ALG9,GCS1,VPS28,1.0,0.0,1.0
A_match,DIE2,ALG9,CWH41,OST5,1.0,0.0,1.0
A_match,DIE2,ALG9,ALG8,DIE2,1.0,0.0,1.0
A_match,DIE2,ALG9,MNS1,ALG5,1.0,0.0,1.0
A_match,DIE2,ALG9,ROT2,ALG5,1.0,0.0,1.0
A_match,DIE2,ALG9,TLG2,SEC22,1.0,0.0,1.0
A_match,DIE2,ALG9,ALG12,ALG8,1.0,0.0,1.0
A_match,DIE2,ALG9,ALG5,ALG12,1.0,0.0,1.0
A_match,DIE2,ALG9,ALG6,ALG12,1.0,0.0,1.0
A_match,DIE2,ALG9,ALG5,ALG6,1.0,0.0,1.0
A_match,DIE2,ALG9,ALG12,ALG6,1.0,0.0,1.0
A_match,DIE2,ALG9,ALG9,ALG6,1.0,0.0,1.0
A_match,DIE2,ALG9,CWH41,ALG3,1.0,0.0,1.0
A_match,DIE2,ALG9,ROT2,ALG3,1.0,0.0,1.0
A_match,DIE2,ALG9,OST3,ALG3,1.0,0.0,1.0
A_match,DIE2,ALG9,ALG3,OST3,1.0,0.0,1.0
A_match,DIE2,ALG9,MNN2,ANP1,1.0,0.0,1.0
A_match,ALG8,ALG9,STP22,DOA4,1.0,0.0,1.0
A_match,ALG8,ALG9,TLG2,GOS1,1.0,0.0,1.0
A_match,ALG8,ALG9,ROT2,ALG5,1.0,0.0,1.0
A_match,ALG8,ALG9,TLG2,SEC22,1.0,0.0,1.0
A_match,ALG8,ALG9,ROT2,ALG12,0.0,1.0,-1.0
A_match,ALG8,ALG9,OST5,ALG12,0.0,1.0,-1.0
A_match,ALG8,ALG9,MNS1,ALG6,0.0,1.0,-1.0
A_match,ALG8,ALG9,ALG12,ALG6,1.0,0.0,1.0
A_match,ALG8,ALG9,ALG9,ALG6,1.0,0.0,1.0
A_match,ALG8,ALG9,CWH41,ALG3,1.0,0.0,1.0
A_match,ALG8,ALG9,ALG5,OST3,0.0,1.0,-1.0
A_match,ALG8,ALG9,ALG9,OST3,0.0,1.0,-1.0
A_match,ALG8,ALG9,ALG3,OST3,1.0,0.0,1.0
A_match,ALG12,ALG9,STP22,DOA4,1.0,0.0,1.0
A_match,ALG12,ALG9,TLG2,GOS1,1.0,0.0,1.0
A_match,ALG12,ALG9,STP22,GCS1,1.0,0.0,1.0
A_match,ALG12,ALG9,CWH41,ROT2,1.0,0.0,1.0
A_match,ALG12,ALG9,CWH41,OST5,1.0,0.0,1.0
A_match,ALG12,ALG9,ALG12,OST5,1.0,0.0,1.0
A_match,ALG12,ALG9,MNS1,DIE2,1.0,0.0,1.0
A_match,ALG12,ALG9,ALG12,ALG5,1.0,0.0,1.0
A_match,ALG12,ALG9,ALG12,ALG8,1.0,0.0,1.0
A_match,ALG12,ALG9,ALG5,ALG12,1.0,0.0,1.0
A_match,ALG12,ALG9,ALG9,ALG12,1.0,0.0,1.0
A_match,ALG12,ALG9,ALG12,ALG6,1.0,0.0,1.0
A_match,ALG12,ALG9,ALG9,ALG6,1.0,0.0,1.0
A_match,ALG12,ALG9,CWH41,ALG3,1.0,0.0,1.0
A_match,ALG12,ALG9,ALG8,ALG3,1.0,0.0,1.0
A_match,ALG6,ALG9,CWH41,MNS1,1.0,0.0,1.0
A_match,ALG6,ALG9,STP22,DOA4,1.0,0.0,1.0
A_match,ALG6,ALG9,TLG2,GOS1,1.0,0.0,1.0
A_match,ALG6,ALG9,DOA4,GCS1,0.0,1.0,-1.0
A_match,ALG6,ALG9,OST5,ROT2,0.0,1.0,-1.0
A_match,ALG6,ALG9,DOA4,VPS28,0.0,1.0,-1.0
A_match,ALG6,ALG9,MNS1,OST5,0.0,1.0,-1.0
A_match,ALG6,ALG9,TLG2,SEC22,1.0,0.0,1.0
A_match,ALG6,ALG9,ROT2,ALG12,0.0,1.0,-1.0
A_match,ALG6,ALG9,OST5,ALG12,0.0,1.0,-1.0
A_match,ALG6,ALG9,DIE2,ALG12,0.0,1.0,-1.0
A_match,ALG6,ALG9,ALG8,ALG12,0.0,1.0,-1.0
A_match,ALG6,ALG9,ALG5,ALG9,0.0,1.0,-1.0
A_match,ALG6,ALG9,MNS1,ALG6,0.0,1.0,-1.0
A_match,ALG6,ALG9,ALG12,ALG6,1.0,0.0,1.0
A_match,ALG6,ALG9,ALG9,ALG6,1.0,0.0,1.0
A_match,ALG6,ALG9,CWH41,ALG3,1.0,0.0,1.0
A_match,ALG6,ALG9,OST3,ALG3,1.0,0.0,1.0
A_match,ALG6,ALG9,MNS1,OST3,0.0,1.0,-1.0
A_match,ALG6,ALG9,ALG5,OST3,0.0,1.0,-1.0
A_match,ALG6,ALG9,ALG12,OST3,0.0,1.0,-1.0
A_match,ALG6,ALG9,ALG9,OST3,0.0,1.0,-1.0
A_match,ALG6,ALG9,ALG3,OST3,1.0,0.0,1.0
A_match,DIE2,ALG6,STP22,DOA4,1.0,0.0,1.0
A_match,DIE2,ALG6,TLG2,GOS1,1.0,0.0,1.0
A_match,DIE2,ALG6,OST5,ROT2,0.0,1.0,-1.0
A_match,DIE2,ALG6,MNS1,ALG5,1.0,0.0,1.0
A_match,DIE2,ALG6,ROT2,ALG5,1.0,0.0,1.0
A_match,DIE2,ALG6,TLG2,SEC22,1.0,0.0,1.0
A_match,DIE2,ALG6,ROT2,ALG12,0.0,1.0,-1.0
A_match,DIE2,ALG6,OST5,ALG12,0.0,1.0,-1.0
A_match,DIE2,ALG6,MNS1,ALG6,0.0,1.0,-1.0
A_match,DIE2,ALG6,ALG12,ALG6,1.0,0.0,1.0
A_match,DIE2,ALG6,ALG9,ALG6,1.0,0.0,1.0
A_match,DIE2,ALG6,CWH41,ALG3,1.0,0.0,1.0
A_match,DIE2,ALG6,ROT2,ALG3,1.0,0.0,1.0
A_match,DIE2,ALG6,OST3,ALG3,1.0,0.0,1.0
A_match,DIE2,ALG6,MNS1,OST3,0.0,1.0,-1.0
A_match,DIE2,ALG6,ALG5,OST3,0.0,1.0,-1.0
A_match,DIE2,ALG6,ALG12,OST3,0.0,1.0,-1.0
A_match,DIE2,ALG6,ALG9,OST3,0.0,1.0,-1.0
A_match,DIE2,ALG6,ALG3,OST3,1.0,0.0,1.0
A_match,ALG8,ALG6,STP22,GCS1,0.0,1.0,-1.0
A_match,ALG8,ALG6,VPS28,GCS1,0.0,1.0,-1.0
A_match,ALG8,ALG6,CWH41,ROT2,0.0,1.0,-1.0
A_match,ALG8,ALG6,CWH41,OST5,0.0,1.0,-1.0
A_match,ALG8,ALG6,ALG9,OST5,0.0,1.0,-1.0
A_match,ALG8,ALG6,MNS1,DIE2,0.0,1.0,-1.0
A_match,ALG8,ALG6,ALG12,ALG5,0.0,1.0,-1.0
A_match,ALG8,ALG6,ALG12,ALG8,0.0,1.0,-1.0
A_match,ALG8,ALG6,ROT2,ALG12,0.0,1.0,-1.0
A_match,ALG8,ALG6,OST5,ALG12,0.0,1.0,-1.0
A_match,ALG8,ALG6,ALG5,ALG12,0.0,1.0,-1.0
A_match,ALG8,ALG6,ALG9,ALG12,0.0,1.0,-1.0
A_match,ALG8,ALG6,ALG6,ALG12,0.0,1.0,-1.0
A_match,ALG8,ALG6,MNS1,ALG6,0.0,1.0,-1.0
A_match,ALG8,ALG6,ALG5,ALG3,0.0,1.0,-1.0
A_match,ALG8,ALG6,ALG8,ALG3,0.0,1.0,-1.0
A_match,ALG8,ALG6,ALG6,ALG3,0.0,1.0,-1.0
A_match,ALG8,ALG6,ALG5,OST3,0.0,1.0,-1.0
A_match,ALG8,ALG6,ALG12,OST3,0.0,1.0,-1.0
A_match,ALG8,ALG6,ALG9,OST3,0.0,1.0,-1.0
A_match,ALG8,ALG6,MNN2,ANP1,0.0,1.0,-1.0
A_match,ALG12,ALG3,DIE2,OST5,1.0,0.0,1.0
A_match,ALG12,ALG3,ALG5,ALG3,0.0,1.0,-1.0
A_match,ALG9,ALG3,STP22,DOA4,1.0,0.0,1.0
A_match,ALG9,ALG3,STP22,GCS1,1.0,0.0,1.0
A_match,ALG9,ALG3,ALG12,OST5,1.0,0.0,1.0
A_match,ALG9,ALG3,ALG9,OST5,1.0,0.0,1.0
A_match,ALG9,ALG3,ALG5,ALG12,1.0,0.0,1.0
A_match,ALG9,ALG3,ALG12,ALG6,1.0,0.0,1.0
A_match,ALG9,ALG3,ALG5,ALG3,0.0,1.0,-1.0
A_match,ALG9,ALG3,ALG6,ALG3,0.0,1.0,-1.0
A_match,OST5,OST3,CWH41,MNS1,1.0,0.0,1.0
A_match,OST5,OST3,STP22,DOA4,1.0,0.0,1.0
A_match,OST5,OST3,TLG2,GOS1,1.0,0.0,1.0
A_match,OST5,OST3,VPS28,GCS1,1.0,0.0,1.0
A_match,OST5,OST3,CWH41,ROT2,1.0,0.0,1.0
A_match,OST5,OST3,CWH41,OST5,1.0,0.0,1.0
A_match,OST5,OST3,ALG8,DIE2,1.0,0.0,1.0
A_match,OST5,OST3,MNS1,ALG5,1.0,0.0,1.0
A_match,OST5,OST3,ROT2,ALG5,1.0,0.0,1.0
A_match,OST5,OST3,TLG2,SEC22,1.0,0.0,1.0
A_match,OST5,OST3,ALG12,ALG8,1.0,0.0,1.0
A_match,OST5,OST3,ALG5,ALG12,1.0,0.0,1.0
A_match,OST5,OST3,ALG6,ALG12,1.0,0.0,1.0
A_match,OST5,OST3,ALG12,ALG6,1.0,0.0,1.0
A_match,OST5,OST3,ALG9,ALG6,1.0,0.0,1.0
A_match,OST5,OST3,CWH41,ALG3,1.0,0.0,1.0
A_match,OST5,OST3,ROT2,ALG3,1.0,0.0,1.0
A_match,OST5,OST3,OST3,ALG3,1.0,0.0,1.0
A_match,OST5,OST3,ALG3,OST3,1.0,0.0,1.0
A_match,OST5,OST3,MNN2,ANP1,1.0,0.0,1.0
A_match,MNS1,ANP1,CWH41,MNS1,1.0,0.0,1.0
A_match,MNS1,ANP1,PCT1,PSD2,1.0,0.0,1.0
A_match,MNS1,ANP1,STP22,DOA4,1.0,0.0,1.0
A_match,MNS1,ANP1,GCS1,DOA4,1.0,0.0,1.0
A_match,MNS1,ANP1,VPS28,DOA4,1.0,0.0,1.0
A_match,MNS1,ANP1,ALG3,CWH41,1.0,0.0,1.0
A_match,MNS1,ANP1,TLG2,GOS1,1.0,0.0,1.0
A_match,MNS1,ANP1,SEC22,GOS1,1.0,0.0,1.0
A_match,MNS1,ANP1,VPS28,GCS1,1.0,0.0,1.0
A_match,MNS1,ANP1,CWH41,ROT2,1.0,0.0,1.0
A_match,MNS1,ANP1,OST5,ROT2,1.0,0.0,1.0
A_match,MNS1,ANP1,DOA4,VPS28,1.0,0.0,1.0
A_match,MNS1,ANP1,GCS1,VPS28,1.0,0.0,1.0
A_match,MNS1,ANP1,MNS1,OST5,1.0,0.0,1.0
A_match,MNS1,ANP1,CWH41,OST5,1.0,0.0,1.0
A_match,MNS1,ANP1,ROT2,OST5,1.0,0.0,1.0
A_match,MNS1,ANP1,CWH41,DIE2,1.0,0.0,1.0
A_match,MNS1,ANP1,ROT2,DIE2,1.0,0.0,1.0
A_match,MNS1,ANP1,ALG5,DIE2,1.0,0.0,1.0
A_match,MNS1,ANP1,ALG8,DIE2,1.0,0.0,1.0
A_match,MNS1,ANP1,ALG12,DIE2,1.0,0.0,1.0
A_match,MNS1,ANP1,ALG3,DIE2,1.0,0.0,1.0
A_match,MNS1,ANP1,MNS1,ALG5,1.0,0.0,1.0
A_match,MNS1,ANP1,CWH41,ALG5,1.0,0.0,1.0
A_match,MNS1,ANP1,ROT2,ALG5,1.0,0.0,1.0
A_match,MNS1,ANP1,OST5,ALG5,1.0,0.0,1.0
A_match,MNS1,ANP1,ALG3,ALG5,1.0,0.0,1.0
A_match,MNS1,ANP1,TLG2,SEC22,1.0,0.0,1.0
A_match,MNS1,ANP1,UBC7,HRD1,1.0,0.0,1.0
A_match,MNS1,ANP1,ROT2,ALG8,1.0,0.0,1.0
A_match,MNS1,ANP1,OST5,ALG8,1.0,0.0,1.0
A_match,MNS1,ANP1,ALG5,ALG8,1.0,0.0,1.0
A_match,MNS1,ANP1,ALG9,ALG8,1.0,0.0,1.0
A_match,MNS1,ANP1,ALG6,ALG8,1.0,0.0,1.0
A_match,MNS1,ANP1,ALG3,ALG8,1.0,0.0,1.0
A_match,MNS1,ANP1,OST3,ALG8,1.0,0.0,1.0
A_match,MNS1,ANP1,CWH41,ALG12,1.0,0.0,1.0
A_match,MNS1,ANP1,ROT2,ALG12,1.0,0.0,1.0
A_match,MNS1,ANP1,ALG8,ALG12,1.0,0.0,1.0
A_match,MNS1,ANP1,OST3,ALG12,1.0,0.0,1.0
A_match,MNS1,ANP1,ROT2,ALG9,1.0,0.0,1.0
A_match,MNS1,ANP1,OST5,ALG9,1.0,0.0,1.0
A_match,MNS1,ANP1,ALG3,ALG9,1.0,0.0,1.0
A_match,MNS1,ANP1,MNS1,ALG6,1.0,0.0,1.0
A_match,MNS1,ANP1,ROT2,ALG6,1.0,0.0,1.0
A_match,MNS1,ANP1,OST5,ALG6,1.0,0.0,1.0
A_match,MNS1,ANP1,ALG5,ALG6,1.0,0.0,1.0
A_match,MNS1,ANP1,ALG12,ALG6,1.0,0.0,1.0
A_match,MNS1,ANP1,ALG9,ALG6,1.0,0.0,1.0
A_match,MNS1,ANP1,ALG3,ALG6,1.0,0.0,1.0
A_match,MNS1,ANP1,CWH41,ALG3,1.0,0.0,1.0
A_match,MNS1,ANP1,ROT2,ALG3,1.0,0.0,1.0
A_match,MNS1,ANP1,OST5,ALG3,1.0,0.0,1.0
A_match,MNS1,ANP1,OST3,ALG3,1.0,0.0,1.0
A_match,MNS1,ANP1,PMT1,PMT2,1.0,0.0,1.0
A_match,MNS1,ANP1,MNS1,OST3,1.0,0.0,1.0
A_match,MNS1,ANP1,DIE2,OST3,1.0,0.0,1.0
A_match,MNS1,ANP1,ALG3,OST3,1.0,0.0,1.0
A_rbf,MNS1,CWH41,STP22,DOA4,1.0,0.0,1.0
A_rbf,MNS1,CWH41,DIE2,CWH41,0.0,1.0,-1.0
A_rbf,MNS1,CWH41,DOA4,GCS1,0.0,1.0,-1.0
A_rbf,MNS1,CWH41,VPS28,GCS1,0.0,1.0,-1.0
A_rbf,MNS1,CWH41,OST5,ROT2,0.0,1.0,-1.0
A_rbf,MNS1,CWH41,DOA4,VPS28,0.0,1.0,-1.0
A_rbf,MNS1,CWH41,MNS1,OST5,0.0,1.0,-1.0
A_rbf,MNS1,CWH41,ROT2,OST5,1.0,0.0,1.0
A_rbf,MNS1,CWH41,MNS1,ALG5,0.0,1.0,-1.0
A_rbf,MNS1,CWH41,ROT2,ALG5,0.0,1.0,-1.0
A_rbf,MNS1,CWH41,ALG9,ALG5,0.0,1.0,-1.0
A_rbf,MNS1,CWH41,MNS1,ALG8,0.0,1.0,-1.0
A_rbf,MNS1,CWH41,ROT2,ALG12,0.0,1.0,-1.0
A_rbf,MNS1,CWH41,OST5,ALG12,0.0,1.0,-1.0
A_rbf,MNS1,CWH41,DIE2,ALG12,0.0,1.0,-1.0
A_rbf,MNS1,CWH41,ALG8,ALG12,0.0,1.0,-1.0
A_rbf,MNS1,CWH41,ALG9,ALG12,0.0,1.0,-1.0
A_rbf,MNS1,CWH41,ALG6,ALG12,0.0,1.0,-1.0
A_rbf,MNS1,CWH41,ALG5,ALG9,0.0,1.0,-1.0
A_rbf,MNS1,CWH41,MNS1,ALG6,0.0,1.0,-1.0
A_rbf,MNS1,CWH41,ALG12,ALG6,1.0,0.0,1.0
A_rbf,MNS1,CWH41,ALG9,ALG6,1.0,0.0,1.0
A_rbf,MNS1,CWH41,ROT2,ALG3,0.0,1.0,-1.0
A_rbf,MNS1,CWH41,MNS1,OST3,0.0,1.0,-1.0
A_rbf,MNS1,CWH41,DIE2,OST3,0.0,1.0,-1.0
A_rbf,MNS1,CWH41,ALG5,OST3,0.0,1.0,-1.0
A_rbf,MNS1,CWH41,ALG8,OST3,0.0,1.0,-1.0
A_rbf,MNS1,CWH41,ALG12,OST3,0.0,1.0,-1.0
A_rbf,MNS1,CWH41,ALG9,OST3,0.0,1.0,-1.0
A_rbf,MNS1,CWH41,ALG6,OST3,0.0,1.0,-1.0
A_rbf,MNS1,CWH41,MNN2,ANP1,0.0,1.0,-1.0
A_rbf,ROT2,CWH41,STP22,DOA4,1.0,0.0,1.0
A_rbf,ROT2,CWH41,VPS28,GCS1,0.0,1.0,-1.0
A_rbf,ROT2,CWH41,ROT2,OST5,1.0,0.0,1.0
A_rbf,ROT2,CWH41,ROT2,DIE2,1.0,0.0,1.0
A_rbf,ROT2,CWH41,ALG5,DIE2,1.0,0.0,1.0
A_rbf,ROT2,CWH41,MNS1,ALG5,1.0,0.0,1.0
A_rbf,ROT2,CWH41,CWH41,ALG5,1.0,0.0,1.0
A_rbf,ROT2,CWH41,ROT2,ALG5,1.0,0.0,1.0
A_rbf,ROT2,CWH41,ROT2,ALG12,0.0,1.0,-1.0
A_rbf,ROT2,CWH41,OST5,ALG12,0.0,1.0,-1.0
A_rbf,ROT2,CWH41,ALG8,ALG12,1.0,0.0,1.0
A_rbf,ROT2,CWH41,ALG6,ALG12,0.0,1.0,-1.0
A_rbf,ROT2,CWH41,MNS1,ALG6,0.0,1.0,-1.0
A_rbf,ROT2,CWH41,ALG5,ALG6,1.0,0.0,1.0
A_rbf,ROT2,CWH41,ALG12,ALG6,1.0,0.0,1.0
A_rbf,ROT2,CWH41,ALG9,ALG6,1.0,0.0,1.0
A_rbf,ROT2,CWH41,ALG5,OST3,0.0,1.0,-1.0
A_rbf,ROT2,CWH41,ALG9,OST3,0.0,1.0,-1.0
A_rbf,MNS1,MNN2,ROT2,MNS1,1.0,0.0,1.0
A_rbf,MNS1,MNN2,ANP1,MNS1,1.0,0.0,1.0
A_rbf,MNS1,MNN2,PCT1,PSD2,1.0,0.0,1.0
A_rbf,MNS1,MNN2,STP22,DOA4,1.0,0.0,1.0
A_rbf,MNS1,MNN2,TLG2,GOS1,1.0,0.0,1.0
A_rbf,MNS1,MNN2,VPS28,GCS1,0.0,1.0,-1.0
A_rbf,MNS1,MNN2,GCS1,VPS28,1.0,0.0,1.0
A_rbf,MNS1,MNN2,MNS1,OST5,1.0,0.0,1.0
A_rbf,MNS1,MNN2,ROT2,OST5,1.0,0.0,1.0
A_rbf,MNS1,MNN2,CWH41,DIE2,1.0,0.0,1.0
A_rbf,MNS1,MNN2,ROT2,DIE2,1.0,0.0,1.0
A_rbf,MNS1,MNN2,OST5,DIE2,1.0,0.0,1.0
A_rbf,MNS1,MNN2,ALG5,DIE2,1.0,0.0,1.0
A_rbf,MNS1,MNN2,ALG8,DIE2,1.0,0.0,1.0
A_rbf,MNS1,MNN2,MNS1,ALG5,1.0,0.0,1.0
A_rbf,MNS1,MNN2,CWH41,ALG5,1.0,0.0,1.0
A_rbf,MNS1,MNN2,ROT2,ALG5,1.0,0.0,1.0
A_rbf,MNS1,MNN2,OST5,ALG5,1.0,0.0,1.0
A_rbf,MNS1,MNN2,TLG2,SEC22,1.0,0.0,1.0
A_rbf,MNS1,MNN2,MNS1,ALG8,1.0,0.0,1.0
A_rbf,MNS1,MNN2,ROT2,ALG8,1.0,0.0,1.0
A_rbf,MNS1,MNN2,ALG9,ALG8,1.0,0.0,1.0
A_rbf,MNS1,MNN2,ALG3,ALG8,1.0,0.0,1.0
A_rbf,MNS1,MNN2,OST5,ALG12,0.0,1.0,-1.0
A_rbf,MNS1,MNN2,DIE2,ALG12,1.0,0.0,1.0
A_rbf,MNS1,MNN2,ALG8,ALG12,1.0,0.0,1.0
A_rbf,MNS1,MNN2,ALG6,ALG12,0.0,1.0,-1.0
A_rbf,MNS1,MNN2,ALG3,ALG12,1.0,0.0,1.0
A_rbf,MNS1,MNN2,ROT2,ALG6,1.0,0.0,1.0
A_rbf,MNS1,MNN2,ALG5,ALG6,1.0,0.0,1.0
A_rbf,MNS1,MNN2,ALG12,ALG6,1.0,0.0,1.0
A_rbf,MNS1,MNN2,ALG9,ALG6,1.0,0.0,1.0
A_rbf,MNS1,MNN2,ROT2,ALG3,1.0,0.0,1.0
A_rbf,MNS1,MNN2,MNS1,OST3,1.0,0.0,1.0
A_rbf,MNS1,MNN2,ALG5,OST3,0.0,1.0,-1.0
A_rbf,MNS1,MNN2,ALG9,OST3,0.0,1.0,-1.0
A_rbf,ANP1,MNN2,STP22,DOA4,1.0,0.0,1.0
A_rbf,ANP1,MNN2,CWH41,ROT2,1.0,0.0,1.0
A_rbf,ANP1,MNN2,CWH41,OST5,1.0,0.0,1.0
A_rbf,ANP1,MNN2,ROT2,OST5,1.0,0.0,1.0
A_rbf,ANP1,MNN2,ROT2,DIE2,1.0,0.0,1.0
A_rbf,ANP1,MNN2,ALG5,DIE2,1.0,0.0,1.0
A_rbf,ANP1,MNN2,MNS1,ALG5,1.0,0.0,1.0
A_rbf,ANP1,MNN2,CWH41,ALG5,1.0,0.0,1.0
A_rbf,ANP1,MNN2,ROT2,ALG5,1.0,0.0,1.0
A_rbf,ANP1,MNN2,ALG12,ALG8,1.0,0.0,1.0
A_rbf,ANP1,MNN2,OST5,ALG12,0.0,1.0,-1.0
A_rbf,ANP1,MNN2,ALG5,ALG12,1.0,0.0,1.0
A_rbf,ANP1,MNN2,ALG8,ALG12,1.0,0.0,1.0
A_rbf,ANP1,MNN2,ALG5,ALG6,1.0,0.0,1.0
A_rbf,ANP1,MNN2,ALG12,ALG6,1.0,0.0,1.0
A_rbf,ANP1,MNN2,ALG9,ALG6,1.0,0.0,1.0
A_rbf,ANP1,MNN2,MNN2,ANP1,1.0,0.5,0.5
A_rbf,MNS1,ROT2,STP22,DOA4,1.0,0.0,1.0
A_rbf,MNS1,ROT2,DIE2,CWH41,0.0,1.0,-1.0
A_rbf,MNS1,ROT2,DOA4,GCS1,0.0,1.0,-1.0
A_rbf,MNS1,ROT2,VPS28,GCS1,0.0,1.0,-1.0
A_rbf,MNS1,ROT2,OST5,ROT2,0.0,1.0,-1.0
A_rbf,MNS1,ROT2,DOA4,VPS28,0.0,1.0,-1.0
A_rbf,MNS1,ROT2,GCS1,VPS28,0.0,1.0,-1.0
A_rbf,MNS1,ROT2,MNS1,OST5,0.0,1.0,-1.0
A_rbf,MNS1,ROT2,ROT2,OST5,1.0,0.0,1.0
A_rbf,MNS1,ROT2,ROT2,DIE2,1.0,0.0,1.0
A_rbf,MNS1,ROT2,ALG5,DIE2,1.0,0.0,1.0
A_rbf,MNS1,ROT2,MNS1,ALG5,0.0,1.0,-1.0
A_rbf,MNS1,ROT2,ROT2,ALG5,0.0,1.0,-1.0
A_rbf,MNS1,ROT2,ALG9,ALG5,0.0,1.0,-1.0
A_rbf,MNS1,ROT2,MNS1,ALG8,0.0,1.0,-1.0
A_rbf,MNS1,ROT2,ALG9,ALG8,0.0,1.0,-1.0
A_rbf,MNS1,ROT2,ROT2,ALG12,0.0,1.0,-1.0
A_rbf,MNS1,ROT2,OST5,ALG12,0.0,1.0,-1.0
A_rbf,MNS1,ROT2,DIE2,ALG12,0.0,1.0,-1.0
A_rbf,MNS1,ROT2,ALG8,ALG12,0.0,1.0,-1.0
A_rbf,MNS1,ROT2,ALG9,ALG12,0.0,1.0,-1.0
A_rbf,MNS1,ROT2,ALG6,ALG12,0.0,1.0,-1.0
A_rbf,MNS1,ROT2,ROT2,ALG9,0.0,1.0,-1.0
A_rbf,MNS1,ROT2,ALG5,ALG9,0.0,1.0,-1.0
A_rbf,MNS1,ROT2,MNS1,ALG6,0.0,1.0,-1.0
A_rbf,MNS1,ROT2,ALG12,ALG6,1.0,0.0,1.0
A_rbf,MNS1,ROT2,ALG9,ALG6,1.0,0.0,1.0
A_rbf,MNS1,ROT2,ROT2,ALG3,0.0,1.0,-1.0
A_rbf,MNS1,ROT2,MNS1,OST3,0.0,1.0,-1.0
A_rbf,MNS1,ROT2,DIE2,OST3,0.0,1.0,-1.0
A_rbf,MNS1,ROT2,ALG5,OST3,0.0,1.0,-1.0
A_rbf,MNS1,ROT2,ALG8,OST3,0.0,1.0,-1.0
A_rbf,MNS1,ROT2,ALG12,OST3,0.0,1.0,-1.0
A_rbf,MNS1,ROT2,ALG9,OST3,0.0,1.0,-1.0
A_rbf,MNS1,ROT2,ALG6,OST3,0.0,1.0,-1.0
A_rbf,MNS1,ROT2,MNN2,ANP1,0.0,1.0,-1.0
A_rbf,STP22,VPS28,MNS1,DIE2,0.0,1.0,-1.0
A_rbf,STP22,VPS28,ALG12,ALG5,0.0,1.0,-1.0
A_rbf,STP22,VPS28,ALG12,ALG8,1.0,0.0,1.0
A_rbf,STP22,VPS28,ALG5,ALG12,1.0,0.0,1.0
A_rbf,STP22,VPS28,ALG9,ALG12,0.0,1.0,-1.0
A_rbf,STP22,VPS28,ALG12,ALG6,1.0,0.0,1.0
A_rbf,STP22,VPS28,ALG9,ALG6,1.0,0.0,1.0
A_rbf,STP22,VPS28,ALG8,ALG3,0.0,1.0,-1.0
A_rbf,HMG1,BTS1,ROT2,MNS1,1.0,0.0,1.0
A_rbf,HMG1,BTS1,STP22,DOA4,1.0,0.0,1.0
A_rbf,HMG1,BTS1,CWH41,ROT2,1.0,0.0,1.0
A_rbf,HMG1,BTS1,CWH41,OST5,1.0,0.0,1.0
A_rbf,HMG1,BTS1,ROT2,OST5,1.0,0.0,1.0
A_rbf,HMG1,BTS1,ROT2,DIE2,1.0,0.0,1.0
A_rbf,HMG1,BTS1,ALG5,DIE2,1.0,0.0,1.0
A_rbf,HMG1,BTS1,MNS1,ALG5,1.0,0.0,1.0
A_rbf,HMG1,BTS1,CWH41,ALG5,1.0,0.0,1.0
A_rbf,HMG1,BTS1,ROT2,ALG5,1.0,0.0,1.0
A_rbf,HMG1,BTS1,TLG2,SEC22,1.0,0.0,1.0
A_rbf,HMG1,BTS1,ALG9,ALG8,1.0,0.0,1.0
A_rbf,HMG1,BTS1,OST5,ALG12,0.0,1.0,-1.0
A_rbf,HMG1,BTS1,ALG5,ALG12,1.0,0.0,1.0
A_rbf,HMG1,BTS1,ALG8,ALG12,1.0,0.0,1.0
A_rbf,HMG1,BTS1,ALG6,ALG12,0.0,1.0,-1.0
A_rbf,HMG1,BTS1,ALG5,ALG6,1.0,0.0,1.0
A_rbf,HMG1,BTS1,ALG12,ALG6,1.0,0.0,1.0
A_rbf,HMG1,BTS1,ALG9,ALG6,1.0,0.0,1.0
A_rbf,HMG1,BTS1,MNN2,ANP1,1.0,0.0,1.0
A_rbf,DIE2,ALG5,ALG12,OST5,1.0,0.0,1.0
A_rbf,DIE2,ALG5,ALG12,ALG5,0.0,1.0,-1.0
A_rbf,DIE2,ALG5,ALG12,ALG8,1.0,0.0,1.0
A_rbf,DIE2,ALG5,ALG5,ALG12,1.0,0.0,1.0
A_rbf,DIE2,ALG5,ALG9,ALG6,1.0,0.0,1.0
A_rbf,DIE2,ALG5,ALG8,ALG3,0.0,1.0,-1.0
A_rbf,DIE2,ALG5,ALG6,ALG3,0.0,1.0,-1.0
A_rbf,ALG8,ALG5,STP22,DOA4,1.0,0.0,1.0
A_rbf,ALG8,ALG5,STP22,GCS1,1.0,0.0,1.0
A_rbf,ALG8,ALG5,CWH41,ROT2,1.0,0.0,1.0
A_rbf,ALG8,ALG5,CWH41,OST5,1.0,0.0,1.0
A_rbf,ALG8,ALG5,ROT2,OST5,1.0,0.0,1.0
A_rbf,ALG8,ALG5,ROT2,DIE2,1.0,0.0,1.0
A_rbf,ALG8,ALG5,ALG5,DIE2,1.0,0.0,1.0
A_rbf,ALG8,ALG5,MNS1,ALG5,1.0,0.0,1.0
A_rbf,ALG8,ALG5,CWH41,ALG5,1.0,0.0,1.0
A_rbf,ALG8,ALG5,ROT2,ALG5,1.0,0.0,1.0
A_rbf,ALG8,ALG5,ALG12,ALG8,1.0,0.0,1.0
A_rbf,ALG8,ALG5,ALG5,ALG12,1.0,0.0,1.0
A_rbf,ALG8,ALG5,ALG8,ALG12,1.0,0.0,1.0
A_rbf,ALG8,ALG5,ALG5,ALG6,1.0,0.0,1.0
A_rbf,ALG8,ALG5,ALG12,ALG6,1.0,0.0,1.0
A_rbf,ALG8,ALG5,ALG9,ALG6,1.0,0.0,1.0
A_rbf,ALG8,ALG5,MNN2,ANP1,1.0,0.0,1.0
A_rbf,ALG6,ALG5,MNN2,MNS1,1.0,0.0,1.0
A_rbf,ALG6,ALG5,ROT2,MNS1,1.0,0.0,1.0
A_rbf,ALG6,ALG5,DIE2,MNS1,1.0,0.0,1.0
A_rbf,ALG6,ALG5,OST3,MNS1,1.0,0.0,1.0
A_rbf,ALG6,ALG5,ANP1,MNS1,1.0,0.0,1.0
A_rbf,ALG6,ALG5,PCT1,PSD2,1.0,0.0,1.0
A_rbf,ALG6,ALG5,STP22,DOA4,1.0,0.0,1.0
A_rbf,ALG6,ALG5,GCS1,DOA4,1.0,0.0,1.0
A_rbf,ALG6,ALG5,PSD2,PCT1,1.0,0.0,1.0
A_rbf,ALG6,ALG5,TLG2,GOS1,1.0,0.0,1.0
A_rbf,ALG6,ALG5,SEC22,GOS1,1.0,0.0,1.0
A_rbf,ALG6,ALG5,DOA4,GCS1,0.0,1.0,-1.0
A_rbf,ALG6,ALG5,OST5,ROT2,0.0,1.0,-1.0
A_rbf,ALG6,ALG5,GCS1,VPS28,1.0,0.0,1.0
A_rbf,ALG6,ALG5,ROT2,OST5,1.0,0.0,1.0
A_rbf,ALG6,ALG5,CWH41,DIE2,1.0,0.0,1.0
A_rbf,ALG6,ALG5,ROT2,DIE2,1.0,0.0,1.0
A_rbf,ALG6,ALG5,OST5,DIE2,1.0,0.0,1.0
A_rbf,ALG6,ALG5,ALG5,DIE2,1.0,0.0,1.0
A_rbf,ALG6,ALG5,ALG8,DIE2,1.0,0.0,1.0
A_rbf,ALG6,ALG5,ALG12,DIE2,1.0,0.0,1.0
A_rbf,ALG6,ALG5,ALG6,DIE2,1.0,0.0,1.0
A_rbf,ALG6,ALG5,ALG3,DIE2,1.0,0.0,1.0
A_rbf,ALG6,ALG5,CWH41,ALG5,1.0,0.0,1.0
A_rbf,ALG6,ALG5,OST5,ALG5,1.0,0.0,1.0
A_rbf,ALG6,ALG5,ALG3,ALG5,1.0,0.0,1.0
A_rbf,ALG6,ALG5,TLG2,SEC22,1.0,0.0,1.0
A_rbf,ALG6,ALG5,CWH41,ALG8,1.0,0.0,1.0
A_rbf,ALG6,ALG5,ROT2,ALG8,1.0,0.0,1.0
A_rbf,ALG6,ALG5,OST5,ALG8,1.0,0.0,1.0
A_rbf,ALG6,ALG5,ALG5,ALG8,1.0,0.0,1.0
A_rbf,ALG6,ALG5,ALG6,ALG8,1.0,0.0,1.0
A_rbf,ALG6,ALG5,ALG3,ALG8,1.0,0.0,1.0
A_rbf,ALG6,ALG5,CWH41,ALG12,1.0,0.0,1.0
A_rbf,ALG6,ALG5,ALG3,ALG12,1.0,0.0,1.0
A_rbf,ALG6,ALG5,OST3,ALG12,1.0,0.0,1.0
A_rbf,ALG6,ALG5,ROT2,ALG9,1.0,0.0,1.0
A_rbf,ALG6,ALG5,ROT2,ALG6,1.0,0.0,1.0
A_rbf,ALG6,ALG5,OST5,ALG6,1.0,0.0,1.0
A_rbf,ALG6,ALG5,ALG5,ALG6,1.0,0.0,1.0
A_rbf,ALG6,ALG5,ALG12,ALG6,1.0,0.0,1.0
A_rbf,ALG6,ALG5,ALG9,ALG6,1.0,0.0,1.0
A_rbf,ALG6,ALG5,OST5,ALG3,1.0,0.0,1.0
A_rbf,ALG6,ALG5,DIE2,ALG3,1.0,0.0,1.0
A_rbf,ALG6,ALG5,PMT1,PMT2,1.0,0.0,1.0
A_rbf,ALG6,ALG5,ALG12,OST3,0.0,1.0,-1.0
A_rbf,ALG6,ALG5,ALG9,OST3,0.0,1.0,-1.0
A_rbf,ALG6,ALG5,ALG3,OST3,1.0,0.0,1.0
A_rbf,DIE2,ALG8,STP22,DOA4,1.0,0.0,1.0
A_rbf,DIE2,ALG8,STP22,GCS1,1.0,0.0,1.0
A_rbf,DIE2,ALG8,CWH41,ROT2,1.0,0.0,1.0
A_rbf,DIE2,ALG8,CWH41,OST5,1.0,0.0,1.0
A_rbf,DIE2,ALG8,ROT2,OST5,1.0,0.0,1.0
A_rbf,DIE2,ALG8,ALG12,OST5,1.0,0.0,1.0
A_rbf,DIE2,ALG8,MNS1,DIE2,1.0,0.0,1.0
A_rbf,DIE2,ALG8,ROT2,DIE2,1.0,0.0,1.0
A_rbf,DIE2,ALG8,ALG5,DIE2,1.0,0.0,1.0
A_rbf,DIE2,ALG8,CWH41,ALG5,1.0,0.0,1.0
A_rbf,DIE2,ALG8,ROT2,ALG5,1.0,0.0,1.0
A_rbf,DIE2,ALG8,ALG12,ALG5,1.0,0.0,1.0
A_rbf,DIE2,ALG8,ALG12,ALG8,1.0,0.0,1.0
A_rbf,DIE2,ALG8,ALG5,ALG12,1.0,0.0,1.0
A_rbf,DIE2,ALG8,ALG9,ALG12,1.0,0.0,1.0
A_rbf,DIE2,ALG8,ALG5,ALG6,1.0,0.0,1.0
A_rbf,DIE2,ALG8,ALG12,ALG6,1.0,0.0,1.0
A_rbf,DIE2,ALG8,ALG9,ALG6,1.0,0.0,1.0
A_rbf,DIE2,ALG8,ALG8,ALG3,1.0,0.0,1.0
A_rbf,DIE2,ALG9,STP22,DOA4,1.0,0.0,1.0
A_rbf,DIE2,ALG9,CWH41,ROT2,1.0,0.0,1.0
A_rbf,DIE2,ALG9,CWH41,OST5,1.0,0.0,1.0
A_rbf,DIE2,ALG9,ROT2,OST5,1.0,0.0,1.0
A_rbf,DIE2,ALG9,ROT2,DIE2,1.0,0.0,1.0
A_rbf,DIE2,ALG9,ALG5,DIE2,1.0,0.0,1.0
A_rbf,DIE2,ALG9,ALG12,ALG8,1.0,0.0,1.0
A_rbf,DIE2,ALG9,ALG5,ALG12,1.0,0.0,1.0
A_rbf,DIE2,ALG9,ALG9,ALG12,0.0,1.0,-1.0
A_rbf,DIE2,ALG9,ALG12,ALG6,1.0,0.0,1.0
A_rbf,DIE2,ALG9,ALG9,ALG6,1.0,0.0,1.0
A_rbf,ALG8,ALG9,ROT2,MNS1,1.0,0.0,1.0
A_rbf,ALG8,ALG9,STP22,DOA4,1.0,0.0,1.0
A_rbf,ALG8,ALG9,VPS28,GCS1,0.0,1.0,-1.0
A_rbf,ALG8,ALG9,ROT2,OST5,1.0,0.0,1.0
A_rbf,ALG8,ALG9,ROT2,DIE2,1.0,0.0,1.0
A_rbf,ALG8,ALG9,ALG5,DIE2,1.0,0.0,1.0
A_rbf,ALG8,ALG9,MNS1,ALG5,1.0,0.0,1.0
A_rbf,ALG8,ALG9,CWH41,ALG5,1.0,0.0,1.0
A_rbf,ALG8,ALG9,ROT2,ALG5,1.0,0.0,1.0
A_rbf,ALG8,ALG9,TLG2,SEC22,1.0,0.0,1.0
A_rbf,ALG8,ALG9,ROT2,ALG12,0.0,1.0,-1.0
A_rbf,ALG8,ALG9,OST5,ALG12,0.0,1.0,-1.0
A_rbf,ALG8,ALG9,ALG8,ALG12,1.0,0.0,1.0
A_rbf,ALG8,ALG9,ALG6,ALG12,0.0,1.0,-1.0
A_rbf,ALG8,ALG9,MNS1,ALG6,0.0,1.0,-1.0
A_rbf,ALG8,ALG9,ALG5,ALG6,1.0,0.0,1.0
A_rbf,ALG8,ALG9,ALG12,ALG6,1.0,0.0,1.0
A_rbf,ALG8,ALG9,ALG9,ALG6,1.0,0.0,1.0
A_rbf,ALG8,ALG9,ALG5,OST3,0.0,1.0,-1.0
A_rbf,ALG8,ALG9,ALG9,OST3,0.0,1.0,-1.0
A_rbf,ALG12,ALG9,STP22,DOA4,1.0,0.0,1.0
A_rbf,ALG12,ALG9,STP22,GCS1,1.0,0.0,1.0
A_rbf,ALG12,ALG9,CWH41,ROT2,1.0,0.0,1.0
A_rbf,ALG12,ALG9,CWH41,OST5,1.0,0.0,1.0
A_rbf,ALG12,ALG9,ROT2,OST5,1.0,0.0,1.0
A_rbf,ALG12,ALG9,ALG12,OST5,1.0,0.0,1.0
A_rbf,ALG12,ALG9,MNS1,DIE2,1.0,0.0,1.0
A_rbf,ALG12,ALG9,ALG12,ALG5,1.0,0.0,1.0
A_rbf,ALG12,ALG9,ALG12,ALG8,1.0,0.0,1.0
A_rbf,ALG12,ALG9,ALG5,ALG12,1.0,0.0,1.0
A_rbf,ALG12,ALG9,ALG12,ALG6,1.0,0.0,1.0
A_rbf,ALG12,ALG9,ALG9,ALG6,1.0,0.0,1.0
A_rbf,ALG12,ALG9,ALG8,ALG3,1.0,0.0,1.0
A_rbf,ALG6,ALG9,ROT2,MNS1,1.0,0.0,1.0
A_rbf,ALG6,ALG9,ANP1,MNS1,1.0,0.0,1.0
A_rbf,ALG6,ALG9,PCT1,PSD2,1.0,0.0,1.0
A_rbf,ALG6,ALG9,STP22,DOA4,1.0,0.0,1.0
A_rbf,ALG6,ALG9,TLG2,GOS1,1.0,0.0,1.0
A_rbf,ALG6,ALG9,DOA4,GCS1,0.0,1.0,-1.0
A_rbf,ALG6,ALG9,OST5,ROT2,0.0,1.0,-1.0
A_rbf,ALG6,ALG9,GCS1,VPS28,1.0,0.0,1.0
A_rbf,ALG6,ALG9,ROT2,OST5,1.0,0.0,1.0
A_rbf,ALG6,ALG9,CWH41,DIE2,1.0,0.0,1.0
A_rbf,ALG6,ALG9,ROT2,DIE2,1.0,0.0,1.0
A_rbf,ALG6,ALG9,OST5,DIE2,1.0,0.0,1.0
A_rbf,ALG6,ALG9,ALG5,DIE2,1.0,0.0,1.0
A_rbf,ALG6,ALG9,ALG8,DIE2,1.0,0.0,1.0
A_rbf,ALG6,ALG9,CWH41,ALG5,1.0,0.0,1.0
A_rbf,ALG6,ALG9,OST5,ALG5,1.0,0.0,1.0
A_rbf,ALG6,ALG9,TLG2,SEC22,1.0,0.0,1.0
A_rbf,ALG6,ALG9,MNS1,ALG8,1.0,0.0,1.0
A_rbf,ALG6,ALG9,ROT2,ALG8,1.0,0.0,1.0
A_rbf,ALG6,ALG9,ALG9,ALG8,1.0,0.0,1.0
A_rbf,ALG6,ALG9,ALG3,ALG8,1.0,0.0,1.0
A_rbf,ALG6,ALG9,OST5,ALG12,0.0,1.0,-1.0
A_rbf,ALG6,ALG9,ALG6,ALG12,0.0,1.0,-1.0
A_rbf,ALG6,ALG9,ALG3,ALG12,1.0,0.0,1.0
A_rbf,ALG6,ALG9,ALG5,ALG9,0.0,1.0,-1.0
A_rbf,ALG6,ALG9,ROT2,ALG6,1.0,0.0,1.0
A_rbf,ALG6,ALG9,ALG5,ALG6,1.0,0.0,1.0
A_rbf,ALG6,ALG9,ALG12,ALG6,1.0,0.0,1.0
A_rbf,ALG6,ALG9,ALG9,ALG6,1.0,0.0,1.0
A_rbf,ALG6,ALG9,ALG5,OST3,0.0,1.0,-1.0
A_rbf,ALG6,ALG9,ALG12,OST3,0.0,1.0,-1.0
A_rbf,ALG6,ALG9,ALG9,OST3,0.0,1.0,-1.0
A_rbf,DIE2,ALG6,STP22,DOA4,1.0,0.0,1.0
A_rbf,DIE2,ALG6,VPS28,GCS1,0.0,1.0,-1.0
A_rbf,DIE2,ALG6,OST5,ROT2,0.0,1.0,-1.0
A_rbf,DIE2,ALG6,ROT2,OST5,1.0,0.0,1.0
A_rbf,DIE2,ALG6,ROT2,DIE2,1.0,0.0,1.0
A_rbf,DIE2,ALG6,ALG5,DIE2,1.0,0.0,1.0
A_rbf,DIE2,ALG6,MNS1,ALG5,1.0,0.0,1.0
A_rbf,DIE2,ALG6,CWH41,ALG5,1.0,0.0,1.0
A_rbf,DIE2,ALG6,ROT2,ALG5,1.0,0.0,1.0
A_rbf,DIE2,ALG6,ROT2,ALG12,0.0,1.0,-1.0
A_rbf,DIE2,ALG6,OST5,ALG12,0.0,1.0,-1.0
A_rbf,DIE2,ALG6,ALG8,ALG12,1.0,0.0,1.0
A_rbf,DIE2,ALG6,ALG6,ALG12,0.0,1.0,-1.0
A_rbf,DIE2,ALG6,MNS1,ALG6,0.0,1.0,-1.0
A_rbf,DIE2,ALG6,ALG5,ALG6,1.0,0.0,1.0
A_rbf,DIE2,ALG6,ALG12,ALG6,1.0,0.0,1.0
A_rbf,DIE2,ALG6,ALG9,ALG6,1.0,0.0,1.0
A_rbf,DIE2,ALG6,MNS1,OST3,0.0,1.0,-1.0
A_rbf,DIE2,ALG6,ALG5,OST3,0.0,1.0,-1.0
A_rbf,DIE2,ALG6,ALG12,OST3,0.0,1.0,-1.0
A_rbf,DIE2,ALG6,ALG9,OST3,0.0,1.0,-1.0
A_rbf,ALG8,ALG6,STP22,GCS1,0.0,1.0,-1.0
A_rbf,ALG8,ALG6,VPS28,GCS1,0.0,1.0,-1.0
A_rbf,ALG8,ALG6,CWH41,ROT2,0.0,1.0,-1.0
A_rbf,ALG8,ALG6,CWH41,OST5,0.0,1.0,-1.0
A_rbf,ALG8,ALG6,MNS1,DIE2,0.0,1.0,-1.0
A_rbf,ALG8,ALG6,ALG12,ALG5,0.0,1.0,-1.0
A_rbf,ALG8,ALG6,ALG12,ALG8,0.0,1.0,-1.0
A_rbf,ALG8,ALG6,ROT2,ALG12,0.0,1.0,-1.0
A_rbf,ALG8,ALG6,OST5,ALG12,0.0,1.0,-1.0
A_rbf,ALG8,ALG6,ALG5,ALG12,0.0,1.0,-1.0
A_rbf,ALG8,ALG6,ALG9,ALG12,0.0,1.0,-1.0
A_rbf,ALG8,ALG6,ALG6,ALG12,0.0,1.0,-1.0
A_rbf,ALG8,ALG6,MNS1,ALG6,0.0,1.0,-1.0
A_rbf,ALG8,ALG6,ALG5,ALG3,0.0,1.0,-1.0
A_rbf,ALG8,ALG6,ALG8,ALG3,0.0,1.0,-1.0
A_rbf,ALG8,ALG6,ALG6,ALG3,0.0,1.0,-1.0
A_rbf,ALG8,ALG6,ALG5,OST3,0.0,1.0,-1.0
A_rbf,ALG8,ALG6,ALG12,OST3,0.0,1.0,-1.0
A_rbf,ALG8,ALG6,ALG9,OST3,0.0,1.0,-1.0
A_rbf,ALG8,ALG6,MNN2,ANP1,0.0,1.0,-1.0
A_rbf,ALG12,ALG3,DIE2,OST5,1.0,0.0,1.0
A_rbf,ALG12,ALG3,ALG12,OST5,1.0,0.0,1.0
A_rbf,ALG12,ALG3,ALG9,OST5,1.0,0.0,1.0
A_rbf,ALG12,ALG3,ALG5,ALG12,1.0,0.0,1.0
A_rbf,ALG12,ALG3,ALG9,ALG6,1.0,0.0,1.0
A_rbf,ALG9,ALG3,ALG12,OST5,1.0,0.0,1.0
A_rbf,ALG9,ALG3,ALG9,OST5,1.0,0.0,1.0
A_rbf,ALG9,ALG3,ALG12,ALG8,1.0,0.0,1.0
A_rbf,ALG9,ALG3,ALG5,ALG12,1.0,0.0,1.0
A_rbf,ALG9,ALG3,ALG9,ALG6,1.0,0.0,1.0
A_rbf,ALG9,ALG3,ALG6,ALG3,0.0,1.0,-1.0
A_rbf,OST5,OST3,STP22,DOA4,1.0,0.0,1.0
A_rbf,OST5,OST3,CWH41,ROT2,1.0,0.0,1.0
A_rbf,OST5,OST3,CWH41,OST5,1.0,0.0,1.0
A_rbf,OST5,OST3,ROT2,OST5,1.0,0.0,1.0
A_rbf,OST5,OST3,ROT2,DIE2,1.0,0.0,1.0
A_rbf,OST5,OST3,ALG5,DIE2,1.0,0.0,1.0
A_rbf,OST5,OST3,MNS1,ALG5,1.0,0.0,1.0
A_rbf,OST5,OST3,CWH41,ALG5,1.0,0.0,1.0
A_rbf,OST5,OST3,ROT2,ALG5,1.0,0.0,1.0
A_rbf,OST5,OST3,ALG12,ALG8,1.0,0.0,1.0
A_rbf,OST5,OST3,ALG5,ALG12,1.0,0.0,1.0
A_rbf,OST5,OST3,ALG8,ALG12,1.0,0.0,1.0
A_rbf,OST5,OST3,ALG5,ALG6,1.0,0.0,1.0
A_rbf,OST5,OST3,ALG12,ALG6,1.0,0.0,1.0
A_rbf,OST5,OST3,ALG9,ALG6,1.0,0.0,1.0
A_rbf,MNS1,ANP1,MNN2,MNS1,1.0,0.0,1.0
A_rbf,MNS1,ANP1,ROT2,MNS1,1.0,0.0,1.0
A_rbf,MNS1,ANP1,DIE2,MNS1,1.0,0.0,1.0
A_rbf,MNS1,ANP1,OST3,MNS1,1.0,0.0,1.0
A_rbf,MNS1,ANP1,ANP1,MNS1,1.0,0.0,1.0
A_rbf,MNS1,ANP1,PCT1,PSD2,1.0,0.0,1.0
A_rbf,MNS1,ANP1,SEC22,TLG2,1.0,0.0,1.0
A_rbf,MNS1,ANP1,STP22,DOA4,1.0,0.0,1.0
A_rbf,MNS1,ANP1,GCS1,DOA4,1.0,0.0,1.0
A_rbf,MNS1,ANP1,PSD2,PCT1,1.0,0.0,1.0
A_rbf,MNS1,ANP1,OST5,CWH41,1.0,0.0,1.0
A_rbf,MNS1,ANP1,DIE2,CWH41,1.0,0.0,1.0
A_rbf,MNS1,ANP1,TLG2,GOS1,1.0,0.0,1.0
A_rbf,MNS1,ANP1,SEC22,GOS1,1.0,0.0,1.0
A_rbf,MNS1,ANP1,DOA4,GCS1,1.0,0.0,1.0
A_rbf,MNS1,ANP1,VPS28,GCS1,1.0,0.0,1.0
A_rbf,MNS1,ANP1,CWH41,ROT2,1.0,0.0,1.0
A_rbf,MNS1,ANP1,DOA4,VPS28,1.0,0.0,1.0
A_rbf,MNS1,ANP1,GCS1,VPS28,1.0,0.0,1.0
A_rbf,MNS1,ANP1,MNS1,OST5,1.0,0.0,1.0
A_rbf,MNS1,ANP1,CWH41,OST5,1.0,0.0,1.0
A_rbf,MNS1,ANP1,ROT2,OST5,1.0,0.0,1.0
A_rbf,MNS1,ANP1,CWH41,DIE2,1.0,0.0,1.0
A_rbf,MNS1,ANP1,ROT2,DIE2,1.0,0.0,1.0
A_rbf,MNS1,ANP1,OST5,DIE2,1.0,0.0,1.0
A_rbf,MNS1,ANP1,ALG5,DIE2,1.0,0.0,1.0
A_rbf,MNS1,ANP1,ALG8,DIE2,1.0,0.0,1.0
A_rbf,MNS1,ANP1,ALG12,DIE2,1.0,0.0,1.0
A_rbf,MNS1,ANP1,ALG6,DIE2,1.0,0.0,1.0
A_rbf,MNS1,ANP1,ALG3,DIE2,1.0,0.0,1.0
A_rbf,MNS1,ANP1,MNS1,ALG5,1.0,0.0,1.0
A_rbf,MNS1,ANP1,CWH41,ALG5,1.0,0.0,1.0
A_rbf,MNS1,ANP1,ROT2,ALG5,1.0,0.0,1.0
A_rbf,MNS1,ANP1,OST5,ALG5,1.0,0.0,1.0
A_rbf,MNS1,ANP1,ALG9,ALG5,1.0,0.0,1.0
A_rbf,MNS1,ANP1,ALG3,ALG5,1.0,0.0,1.0
A_rbf,MNS1,ANP1,OST3,ALG5,1.0,0.0,1.0
A_rbf,MNS1,ANP1,TLG2,SEC22,1.0,0.0,1.0
A_rbf,MNS1,ANP1,UFD2,HRD1,1.0,0.0,1.0
A_rbf,MNS1,ANP1,MNS1,ALG8,1.0,0.0,1.0
A_rbf,MNS1,ANP1,CWH41,ALG8,1.0,0.0,1.0
A_rbf,MNS1,ANP1,ROT2,ALG8,1.0,0.0,1.0
A_rbf,MNS1,ANP1,OST5,ALG8,1.0,0.0,1.0
A_rbf,MNS1,ANP1,ALG5,ALG8,1.0,0.0,1.0
A_rbf,MNS1,ANP1,ALG9,ALG8,1.0,0.0,1.0
A_rbf,MNS1,ANP1,ALG6,ALG8,1.0,0.0,1.0
A_rbf,MNS1,ANP1,ALG3,ALG8,1.0,0.0,1.0
A_rbf,MNS1,ANP1,OST3,ALG8,1.0,0.0,1.0
A_rbf,MNS1,ANP1,CWH41,ALG12,1.0,0.0,1.0
A_rbf,MNS1,ANP1,ROT2,ALG12,1.0,0.0,1.0
A_rbf,MNS1,ANP1,DIE2,ALG12,1.0,0.0,1.0
A_rbf,MNS1,ANP1,ALG8,ALG12,1.0,0.0,1.0
A_rbf,MNS1,ANP1,ALG3,ALG12,1.0,0.0,1.0
A_rbf,MNS1,ANP1,OST3,ALG12,1.0,0.0,1.0
A_rbf,MNS1,ANP1,ROT2,ALG9,1.0,0.0,1.0
A_rbf,MNS1,ANP1,ALG5,ALG9,1.0,0.0,1.0
A_rbf,MNS1,ANP1,OST3,ALG9,1.0,0.0,1.0
A_rbf,MNS1,ANP1,MNS1,ALG6,1.0,0.0,1.0
A_rbf,MNS1,ANP1,ROT2,ALG6,1.0,0.0,1.0
A_rbf,MNS1,ANP1,OST5,ALG6,1.0,0.0,1.0
A_rbf,MNS1,ANP1,ALG5,ALG6,1.0,0.0,1.0
A_rbf,MNS1,ANP1,ALG12,ALG6,1.0,0.0,1.0
A_rbf,MNS1,ANP1,ALG9,ALG6,1.0,0.0,1.0
A_rbf,MNS1,ANP1,ALG3,ALG6,1.0,0.0,1.0
A_rbf,MNS1,ANP1,OST3,ALG6,1.0,0.0,1.0
A_rbf,MNS1,ANP1,ROT2,ALG3,1.0,0.0,1.0
A_rbf,MNS1,ANP1,OST5,ALG3,1.0,0.0,1.0
A_rbf,MNS1,ANP1,DIE2,ALG3,1.0,0.0,1.0
A_rbf,MNS1,ANP1,PMT1,PMT2,1.0,0.0,1.0
A_rbf,MNS1,ANP1,MNS1,OST3,1.0,0.0,1.0
A_rbf,MNS1,ANP1,DIE2,OST3,1.0,0.0,1.0
A_rbf,MNS1,ANP1,ALG5,OST3,1.0,0.0,1.0
A_rbf,MNS1,ANP1,ALG8,OST3,1.0,0.0,1.0
A_rbf,MNS1,ANP1,ALG12,OST3,1.0,0.0,1.0
A_rbf,MNS1,ANP1,ALG9,OST3,1.0,0.0,1.0
A_rbf,MNS1,ANP1,ALG6,OST3,1.0,0.0,1.0
A_rbf,MNS1,ANP1,ALG3,OST3,1.0,0.0,1.0
svm_17,MNS1,CWH41,MNN2,MNS1,1.0,0.0,1.0
svm_17,MNS1,CWH41,ROT2,MNS1,1.0,0.0,1.0
svm_17,MNS1,CWH41,OST5,MNS1,1.0,0.0,1.0
svm_17,MNS1,CWH41,DIE2,MNS1,1.0,0.0,1.0
svm_17,MNS1,CWH41,ALG12,MNS1,1.0,0.0,1.0
svm_17,MNS1,CWH41,ALG9,MNS1,1.0,0.0,1.0
svm_17,MNS1,CWH41,ALG6,MNS1,1.0,0.0,1.0
svm_17,MNS1,CWH41,ALG3,MNS1,1.0,0.0,1.0
svm_17,MNS1,CWH41,ANP1,MNS1,1.0,0.0,1.0
svm_17,MNS1,CWH41,BTS1,HMG1,1.0,0.0,1.0
svm_17,MNS1,CWH41,PCT1,PSD2,1.0,0.0,1.0
svm_17,MNS1,CWH41,DOA4,STP22,1.0,0.0,1.0
svm_17,MNS1,CWH41,GCS1,STP22,1.0,0.0,1.0
svm_17,MNS1,CWH41,VPS28,STP22,1.0,0.0,1.0
svm_17,MNS1,CWH41,GOS1,TLG2,1.0,0.0,1.0
svm_17,MNS1,CWH41,SEC22,TLG2,1.0,0.0,1.0
svm_17,MNS1,CWH41,STP22,DOA4,1.0,0.0,1.0
svm_17,MNS1,CWH41,GCS1,DOA4,1.0,0.0,1.0
svm_17,MNS1,CWH41,PSD2,PCT1,1.0,0.0,1.0
svm_17,MNS1,CWH41,OST5,CWH41,1.0,0.0,1.0
svm_17,MNS1,CWH41,ALG5,CWH41,1.0,0.0,1.0
svm_17,MNS1,CWH41,TLG2,GOS1,1.0,0.0,1.0
svm_17,MNS1,CWH41,SEC22,GOS1,1.0,0.0,1.0
svm_17,MNS1,CWH41,DIE2,ROT2,1.0,0.0,1.0
svm_17,MNS1,CWH41,ALG5,ROT2,1.0,0.0,1.0
svm_17,MNS1,CWH41,ALG6,ROT2,1.0,0.0,1.0
svm_17,MNS1,CWH41,ALG3,ROT2,1.0,0.0,1.0
svm_17,MNS1,CWH41,GCS1,VPS28,1.0,0.0,1.0
svm_17,MNS1,CWH41,ROT2,OST5,1.0,0.0,1.0
svm_17,MNS1,CWH41,ALG3,OST5,1.0,0.0,1.0
svm_17,MNS1,CWH41,OST3,OST5,1.0,0.0,1.0
svm_17,MNS1,CWH41,CWH41,DIE2,1.0,0.0,1.0
svm_17,MNS1,CWH41,ROT2,DIE2,1.0,0.0,1.0
svm_17,MNS1,CWH41,OST5,DIE2,1.0,0.0,1.0
svm_17,MNS1,CWH41,ALG5,DIE2,1.0,0.0,1.0
svm_17,MNS1,CWH41,ALG8,DIE2,1.0,0.0,1.0
svm_17,MNS1,CWH41,ALG12,DIE2,1.0,0.0,1.0
svm_17,MNS1,CWH41,ALG6,DIE2,1.0,0.0,1.0
svm_17,MNS1,CWH41,ALG3,DIE2,1.0,0.0,1.0
svm_17,MNS1,CWH41,OST3,DIE2,1.0,0.0,1.0
svm_17,MNS1,CWH41,UFD2,UBC7,1.0,0.0,1.0
svm_17,MNS1,CWH41,HRD1,UBC7,1.0,0.0,1.0
svm_17,MNS1,CWH41,CWH41,ALG5,1.0,0.0,1.0
svm_17,MNS1,CWH41,ROT2,ALG5,0.0,1.0,-1.0
svm_17,MNS1,CWH41,OST5,ALG5,1.0,0.0,1.0
svm_17,MNS1,CWH41,TLG2,SEC22,1.0,0.0,1.0
svm_17,MNS1,CWH41,GOS1,SEC22,1.0,0.0,1.0
svm_17,MNS1,CWH41,UFD2,HRD1,1.0,0.0,1.0
svm_17,MNS1,CWH41,UBC7,HRD1,1.0,0.0,1.0
svm_17,MNS1,CWH41,OST5,ALG8,1.0,0.0,1.0
svm_17,MNS1,CWH41,ALG5,ALG8,1.0,0.0,1.0
svm_17,MNS1,CWH41,ALG6,ALG8,1.0,0.0,1.0
svm_17,MNS1,CWH41,ALG3,ALG8,1.0,0.0,1.0
svm_17,MNS1,CWH41,MNS1,ALG12,1.0,0.0,1.0
svm_17,MNS1,CWH41,CWH41,ALG12,1.0,0.0,1.0
svm_17,MNS1,CWH41,ALG3,ALG12,1.0,0.0,1.0
svm_17,MNS1,CWH41,MNS1,ALG9,1.0,0.0,1.0
svm_17,MNS1,CWH41,OST5,ALG9,1.0,0.0,1.0
svm_17,MNS1,CWH41,ALG5,ALG9,0.0,1.0,-1.0
svm_17,MNS1,CWH41,ALG3,ALG9,1.0,0.0,1.0
svm_17,MNS1,CWH41,CWH41,ALG6,1.0,0.0,1.0
svm_17,MNS1,CWH41,ROT2,ALG6,1.0,0.0,1.0
svm_17,MNS1,CWH41,OST5,ALG6,1.0,0.0,1.0
svm_17,MNS1,CWH41,ALG5,ALG6,1.0,0.0,1.0
svm_17,MNS1,CWH41,ALG12,ALG6,1.0,0.0,1.0
svm_17,MNS1,CWH41,ALG9,ALG6,1.0,0.0,1.0
svm_17,MNS1,CWH41,ALG3,ALG6,1.0,0.0,1.0
svm_17,MNS1,CWH41,MNS1,ALG3,1.0,0.0,1.0
svm_17,MNS1,CWH41,OST5,ALG3,1.0,0.0,1.0
svm_17,MNS1,CWH41,DIE2,ALG3,1.0,0.0,1.0
svm_17,MNS1,CWH41,OST3,ALG3,1.0,0.0,1.0
svm_17,MNS1,CWH41,PMT1,PMT2,1.0,0.0,1.0
svm_17,MNS1,CWH41,ALG3,OST3,1.0,0.0,1.0
svm_17,ROT2,CWH41,PSD2,PCT1,1.0,0.0,1.0
svm_17,ROT2,CWH41,OST5,CWH41,1.0,0.0,1.0
svm_17,ROT2,CWH41,VPS28,GCS1,0.0,1.0,-1.0
svm_17,ROT2,CWH41,OST5,ROT2,1.0,0.0,1.0
svm_17,ROT2,CWH41,ALG3,ROT2,1.0,0.0,1.0
svm_17,ROT2,CWH41,DOA4,VPS28,1.0,0.0,1.0
svm_17,ROT2,CWH41,ROT2,OST5,1.0,0.0,1.0
svm_17,ROT2,CWH41,OST5,DIE2,1.0,0.0,1.0
svm_17,ROT2,CWH41,ALG5,DIE2,1.0,0.0,1.0
svm_17,ROT2,CWH41,ALG8,DIE2,1.0,0.0,1.0
svm_17,ROT2,CWH41,ALG3,DIE2,1.0,0.0,1.0
svm_17,ROT2,CWH41,OST5,ALG5,1.0,0.0,1.0
svm_17,ROT2,CWH41,ALG9,ALG5,1.0,0.0,1.0
svm_17,ROT2,CWH41,UBC7,HRD1,1.0,0.0,1.0
svm_17,ROT2,CWH41,ALG6,ALG8,1.0,0.0,1.0
svm_17,ROT2,CWH41,ROT2,ALG12,0.0,1.0,-1.0
svm_17,ROT2,CWH41,DIE2,ALG12,1.0,0.0,1.0
svm_17,ROT2,CWH41,ALG8,ALG12,1.0,0.0,1.0
svm_17,ROT2,CWH41,ALG3,ALG12,1.0,0.0,1.0
svm_17,ROT2,CWH41,ALG3,ALG9,1.0,0.0,1.0
svm_17,ROT2,CWH41,MNS1,ALG6,0.0,1.0,-1.0
svm_17,ROT2,CWH41,ALG5,ALG6,1.0,0.0,1.0
svm_17,ROT2,CWH41,ALG12,ALG6,1.0,0.0,1.0
svm_17,ROT2,CWH41,ALG9,ALG6,1.0,0.0,1.0
svm_17,ROT2,CWH41,ROT2,ALG3,1.0,0.0,1.0
svm_17,ROT2,CWH41,DIE2,ALG3,1.0,0.0,1.0
svm_17,ROT2,CWH41,ALG6,ALG3,0.0,1.0,-1.0
svm_17,ROT2,CWH41,ALG5,OST3,0.0,1.0,-1.0
svm_17,ROT2,CWH41,ALG9,OST3,0.0,1.0,-1.0
svm_17,ROT2,CWH41,MNN2,ANP1,0.0,1.0,-1.0
svm_17,MNS1,MNN2,ANP1,MNS1,1.0,0.0,1.0
svm_17,MNS1,MNN2,DOA4,STP22,1.0,0.0,1.0
svm_17,MNS1,MNN2,PSD2,PCT1,1.0,0.0,1.0
svm_17,MNS1,MNN2,OST5,CWH41,1.0,0.0,1.0
svm_17,MNS1,MNN2,DIE2,CWH41,1.0,0.0,1.0
svm_17,MNS1,MNN2,SEC22,GOS1,1.0,0.0,1.0
svm_17,MNS1,MNN2,DOA4,GCS1,1.0,0.0,1.0
svm_17,MNS1,MNN2,VPS28,GCS1,0.0,1.0,-1.0
svm_17,MNS1,MNN2,OST5,ROT2,1.0,0.0,1.0
svm_17,MNS1,MNN2,ALG3,ROT2,1.0,0.0,1.0
svm_17,MNS1,MNN2,DOA4,VPS28,1.0,0.0,1.0
svm_17,MNS1,MNN2,ROT2,OST5,1.0,0.0,1.0
svm_17,MNS1,MNN2,ALG3,OST5,1.0,0.0,1.0
svm_17,MNS1,MNN2,OST5,DIE2,1.0,0.0,1.0
svm_17,MNS1,MNN2,ALG5,DIE2,1.0,0.0,1.0
svm_17,MNS1,MNN2,ALG8,DIE2,1.0,0.0,1.0
svm_17,MNS1,MNN2,ALG3,DIE2,1.0,0.0,1.0
svm_17,MNS1,MNN2,OST5,ALG5,1.0,0.0,1.0
svm_17,MNS1,MNN2,ALG9,ALG5,1.0,0.0,1.0
svm_17,MNS1,MNN2,UBC7,HRD1,1.0,0.0,1.0
svm_17,MNS1,MNN2,ALG5,ALG8,1.0,0.0,1.0
svm_17,MNS1,MNN2,ALG6,ALG8,1.0,0.0,1.0
svm_17,MNS1,MNN2,ROT2,ALG12,0.0,1.0,-1.0
svm_17,MNS1,MNN2,DIE2,ALG12,1.0,0.0,1.0
svm_17,MNS1,MNN2,ALG8,ALG12,1.0,0.0,1.0
svm_17,MNS1,MNN2,ALG3,ALG12,1.0,0.0,1.0
svm_17,MNS1,MNN2,ALG3,ALG9,1.0,0.0,1.0
svm_17,MNS1,MNN2,ALG5,ALG6,1.0,0.0,1.0
svm_17,MNS1,MNN2,ALG12,ALG6,1.0,0.0,1.0
svm_17,MNS1,MNN2,ALG9,ALG6,1.0,0.0,1.0
svm_17,MNS1,MNN2,ROT2,ALG3,1.0,0.0,1.0
svm_17,MNS1,MNN2,OST5,ALG3,1.0,0.0,1.0
svm_17,MNS1,MNN2,DIE2,ALG3,1.0,0.0,1.0
svm_17,MNS1,MNN2,ALG6,ALG3,0.0,1.0,-1.0
svm_17,MNS1,MNN2,DIE2,OST3,1.0,0.0,1.0
svm_17,MNS1,MNN2,ALG5,OST3,0.0,1.0,-1.0
svm_17,MNS1,MNN2,ALG9,OST3,0.0,1.0,-1.0
svm_17,ANP1,MNN2,ANP1,MNS1,1.0,0.0,1.0
svm_17,ANP1,MNN2,DOA4,STP22,1.0,0.0,1.0
svm_17,ANP1,MNN2,PSD2,PCT1,1.0,0.0,1.0
svm_17,ANP1,MNN2,OST5,CWH41,1.0,0.0,1.0
svm_17,ANP1,MNN2,SEC22,GOS1,1.0,0.0,1.0
svm_17,ANP1,MNN2,CWH41,ROT2,1.0,0.0,1.0
svm_17,ANP1,MNN2,OST5,ROT2,1.0,0.0,1.0
svm_17,ANP1,MNN2,ALG3,ROT2,1.0,0.0,1.0
svm_17,ANP1,MNN2,DOA4,VPS28,1.0,0.0,1.0
svm_17,ANP1,MNN2,CWH41,OST5,1.0,0.0,1.0
svm_17,ANP1,MNN2,ROT2,OST5,1.0,0.0,1.0
svm_17,ANP1,MNN2,ALG3,OST5,1.0,0.0,1.0
svm_17,ANP1,MNN2,OST5,DIE2,1.0,0.0,1.0
svm_17,ANP1,MNN2,ALG5,DIE2,1.0,0.0,1.0
svm_17,ANP1,MNN2,ALG8,DIE2,1.0,0.0,1.0
svm_17,ANP1,MNN2,ALG3,DIE2,1.0,0.0,1.0
svm_17,ANP1,MNN2,OST5,ALG5,1.0,0.0,1.0
svm_17,ANP1,MNN2,ALG9,ALG5,1.0,0.0,1.0
svm_17,ANP1,MNN2,UBC7,HRD1,1.0,0.0,1.0
svm_17,ANP1,MNN2,ALG5,ALG8,1.0,0.0,1.0
svm_17,ANP1,MNN2,ALG12,ALG8,1.0,0.0,1.0
svm_17,ANP1,MNN2,ALG6,ALG8,1.0,0.0,1.0
svm_17,ANP1,MNN2,DIE2,ALG12,1.0,0.0,1.0
svm_17,ANP1,MNN2,ALG5,ALG12,1.0,0.0,1.0
svm_17,ANP1,MNN2,ALG8,ALG12,1.0,0.0,1.0
svm_17,ANP1,MNN2,ALG6,ALG12,1.0,0.0,1.0
svm_17,ANP1,MNN2,ALG3,ALG12,1.0,0.0,1.0
svm_17,ANP1,MNN2,ALG3,ALG9,1.0,0.0,1.0
svm_17,ANP1,MNN2,MNS1,ALG6,1.0,0.0,1.0
svm_17,ANP1,MNN2,ALG5,ALG6,1.0,0.0,1.0
svm_17,ANP1,MNN2,ALG12,ALG6,1.0,0.0,1.0
svm_17,ANP1,MNN2,ALG9,ALG6,1.0,0.0,1.0
svm_17,ANP1,MNN2,ROT2,ALG3,1.0,0.0,1.0
svm_17,ANP1,MNN2,OST5,ALG3,1.0,0.0,1.0
svm_17,ANP1,MNN2,DIE2,ALG3,1.0,0.0,1.0
svm_17,ANP1,MNN2,ALG6,ALG3,0.0,1.0,-1.0
svm_17,ANP1,MNN2,DIE2,OST3,1.0,0.0,1.0
svm_17,MNS1,ROT2,PSD2,PCT1,1.0,0.0,1.0
svm_17,MNS1,ROT2,DIE2,CWH41,0.0,1.0,-1.0
svm_17,MNS1,ROT2,DOA4,GCS1,0.0,1.0,-1.0
svm_17,MNS1,ROT2,VPS28,GCS1,0.0,1.0,-1.0
svm_17,MNS1,ROT2,CWH41,ROT2,0.0,1.0,-1.0
svm_17,MNS1,ROT2,GCS1,VPS28,0.0,1.0,-1.0
svm_17,MNS1,ROT2,MNS1,OST5,0.0,1.0,-1.0
svm_17,MNS1,ROT2,ROT2,OST5,1.0,0.0,1.0
svm_17,MNS1,ROT2,OST5,DIE2,1.0,0.0,1.0
svm_17,MNS1,ROT2,ALG5,DIE2,1.0,0.0,1.0
svm_17,MNS1,ROT2,ALG8,DIE2,1.0,0.0,1.0
svm_17,MNS1,ROT2,ALG3,DIE2,1.0,0.0,1.0
svm_17,MNS1,ROT2,MNS1,ALG5,0.0,1.0,-1.0
svm_17,MNS1,ROT2,ROT2,ALG5,0.0,1.0,-1.0
svm_17,MNS1,ROT2,ALG9,ALG5,0.0,1.0,-1.0
svm_17,MNS1,ROT2,UBC7,HRD1,1.0,0.0,1.0
svm_17,MNS1,ROT2,MNS1,ALG8,0.0,1.0,-1.0
svm_17,MNS1,ROT2,ALG9,ALG8,0.0,1.0,-1.0
svm_17,MNS1,ROT2,ALG6,ALG8,1.0,0.0,1.0
svm_17,MNS1,ROT2,ROT2,ALG12,0.0,1.0,-1.0
svm_17,MNS1,ROT2,ALG3,ALG12,1.0,0.0,1.0
svm_17,MNS1,ROT2,ROT2,ALG9,0.0,1.0,-1.0
svm_17,MNS1,ROT2,ALG5,ALG9,0.0,1.0,-1.0
svm_17,MNS1,ROT2,MNS1,ALG6,0.0,1.0,-1.0
svm_17,MNS1,ROT2,ALG5,ALG6,1.0,0.0,1.0
svm_17,MNS1,ROT2,ALG12,ALG6,1.0,0.0,1.0
svm_17,MNS1,ROT2,ALG9,ALG6,1.0,0.0,1.0
svm_17,MNS1,ROT2,DIE2,ALG3,1.0,0.0,1.0
svm_17,MNS1,ROT2,ALG6,ALG3,0.0,1.0,-1.0
svm_17,MNS1,ROT2,MNS1,OST3,0.0,1.0,-1.0
svm_17,MNS1,ROT2,DIE2,OST3,0.0,1.0,-1.0
svm_17,MNS1,ROT2,ALG5,OST3,0.0,1.0,-1.0
svm_17,MNS1,ROT2,ALG8,OST3,0.0,1.0,-1.0
svm_17,MNS1,ROT2,ALG12,OST3,0.0,1.0,-1.0
svm_17,MNS1,ROT2,ALG9,OST3,0.0,1.0,-1.0
svm_17,MNS1,ROT2,ALG6,OST3,0.0,1.0,-1.0
svm_17,MNS1,ROT2,MNN2,ANP1,0.0,1.0,-1.0
svm_17,STP22,VPS28,STP22,GCS1,1.0,0.0,1.0
svm_17,STP22,VPS28,CWH41,OST5,1.0,0.0,1.0
svm_17,STP22,VPS28,MNS1,DIE2,0.0,1.0,-1.0
svm_17,STP22,VPS28,ALG5,DIE2,1.0,0.0,1.0
svm_17,STP22,VPS28,ALG8,DIE2,1.0,0.0,1.0
svm_17,STP22,VPS28,ALG12,ALG8,1.0,0.0,1.0
svm_17,STP22,VPS28,ALG5,ALG12,1.0,0.0,1.0
svm_17,STP22,VPS28,ALG8,ALG12,1.0,0.0,1.0
svm_17,STP22,VPS28,ALG6,ALG12,1.0,0.0,1.0
svm_17,STP22,VPS28,ALG3,ALG12,1.0,0.0,1.0
svm_17,STP22,VPS28,ALG12,ALG6,1.0,0.0,1.0
svm_17,STP22,VPS28,ALG9,ALG6,1.0,0.0,1.0
svm_17,STP22,VPS28,ALG6,ALG3,0.0,1.0,-1.0
svm_17,HMG1,BTS1,PSD2,PCT1,1.0,0.0,1.0
svm_17,HMG1,BTS1,OST5,ROT2,1.0,0.0,1.0
svm_17,HMG1,BTS1,DOA4,VPS28,1.0,0.0,1.0
svm_17,HMG1,BTS1,CWH41,OST5,1.0,0.0,1.0
svm_17,HMG1,BTS1,ROT2,OST5,1.0,0.0,1.0
svm_17,HMG1,BTS1,OST5,DIE2,1.0,0.0,1.0
svm_17,HMG1,BTS1,ALG5,DIE2,1.0,0.0,1.0
svm_17,HMG1,BTS1,ALG8,DIE2,1.0,0.0,1.0
svm_17,HMG1,BTS1,ALG3,DIE2,1.0,0.0,1.0
svm_17,HMG1,BTS1,ALG9,ALG5,1.0,0.0,1.0
svm_17,HMG1,BTS1,UBC7,HRD1,1.0,0.0,1.0
svm_17,HMG1,BTS1,ALG6,ALG8,1.0,0.0,1.0
svm_17,HMG1,BTS1,DIE2,ALG12,1.0,0.0,1.0
svm_17,HMG1,BTS1,ALG5,ALG12,1.0,0.0,1.0
svm_17,HMG1,BTS1,ALG8,ALG12,1.0,0.0,1.0
svm_17,HMG1,BTS1,ALG3,ALG12,1.0,0.0,1.0
svm_17,HMG1,BTS1,ALG3,ALG9,1.0,0.0,1.0
svm_17,HMG1,BTS1,ALG5,ALG6,1.0,0.0,1.0
svm_17,HMG1,BTS1,ALG12,ALG6,1.0,0.0,1.0
svm_17,HMG1,BTS1,ALG9,ALG6,1.0,0.0,1.0
svm_17,HMG1,BTS1,ROT2,ALG3,1.0,0.0,1.0
svm_17,HMG1,BTS1,DIE2,ALG3,1.0,0.0,1.0
svm_17,HMG1,BTS1,ALG6,ALG3,0.0,1.0,-1.0
svm_17,DIE2,ALG5,DIE2,OST5,0.0,1.0,-1.0
svm_17,DIE2,ALG5,ALG12,ALG5,0.0,1.0,-1.0
svm_17,DIE2,ALG5,ALG5,ALG3,0.0,1.0,-1.0
svm_17,DIE2,ALG5,ALG8,ALG3,0.0,1.0,-1.0
svm_17,DIE2,ALG5,ALG6,ALG3,0.0,1.0,-1.0
svm_17,ALG8,ALG5,STP22,GCS1,1.0,0.0,1.0
svm_17,ALG8,ALG5,CWH41,OST5,1.0,0.0,1.0
svm_17,ALG8,ALG5,MNS1,DIE2,0.0,1.0,-1.0
svm_17,ALG8,ALG5,ALG5,DIE2,1.0,0.0,1.0
svm_17,ALG8,ALG5,ALG8,DIE2,1.0,0.0,1.0
svm_17,ALG8,ALG5,ALG12,ALG8,1.0,0.0,1.0
svm_17,ALG8,ALG5,ALG5,ALG12,1.0,0.0,1.0
svm_17,ALG8,ALG5,ALG8,ALG12,1.0,0.0,1.0
svm_17,ALG8,ALG5,ALG6,ALG12,1.0,0.0,1.0
svm_17,ALG8,ALG5,ALG3,ALG12,1.0,0.0,1.0
svm_17,ALG8,ALG5,ALG12,ALG6,1.0,0.0,1.0
svm_17,ALG8,ALG5,ALG9,ALG6,1.0,0.0,1.0
svm_17,ALG8,ALG5,ALG6,ALG3,0.0,1.0,-1.0
svm_17,ALG6,ALG5,MNN2,MNS1,1.0,0.0,1.0
svm_17,ALG6,ALG5,ANP1,MNS1,1.0,0.0,1.0
svm_17,ALG6,ALG5,DOA4,STP22,1.0,0.0,1.0
svm_17,ALG6,ALG5,STP22,DOA4,1.0,0.0,1.0
svm_17,ALG6,ALG5,PSD2,PCT1,1.0,0.0,1.0
svm_17,ALG6,ALG5,OST5,CWH41,1.0,0.0,1.0
svm_17,ALG6,ALG5,TLG2,GOS1,1.0,0.0,1.0
svm_17,ALG6,ALG5,SEC22,GOS1,1.0,0.0,1.0
svm_17,ALG6,ALG5,ALG3,ROT2,1.0,0.0,1.0
svm_17,ALG6,ALG5,ROT2,OST5,1.0,0.0,1.0
svm_17,ALG6,ALG5,ALG3,OST5,1.0,0.0,1.0
svm_17,ALG6,ALG5,OST5,DIE2,1.0,0.0,1.0
svm_17,ALG6,ALG5,ALG5,DIE2,1.0,0.0,1.0
svm_17,ALG6,ALG5,ALG8,DIE2,1.0,0.0,1.0
svm_17,ALG6,ALG5,ALG3,DIE2,1.0,0.0,1.0
svm_17,ALG6,ALG5,MNS1,ALG5,0.0,1.0,-1.0
svm_17,ALG6,ALG5,ROT2,ALG5,0.0,1.0,-1.0
svm_17,ALG6,ALG5,OST5,ALG5,1.0,0.0,1.0
svm_17,ALG6,ALG5,UBC7,HRD1,1.0,0.0,1.0
svm_17,ALG6,ALG5,ALG5,ALG8,1.0,0.0,1.0
svm_17,ALG6,ALG5,ALG9,ALG8,0.0,1.0,-1.0
svm_17,ALG6,ALG5,ALG6,ALG8,1.0,0.0,1.0
svm_17,ALG6,ALG5,ALG3,ALG8,1.0,0.0,1.0
svm_17,ALG6,ALG5,ROT2,ALG12,0.0,1.0,-1.0
svm_17,ALG6,ALG5,ALG3,ALG12,1.0,0.0,1.0
svm_17,ALG6,ALG5,ALG5,ALG9,0.0,1.0,-1.0
svm_17,ALG6,ALG5,ALG3,ALG9,1.0,0.0,1.0
svm_17,ALG6,ALG5,ALG5,ALG6,1.0,0.0,1.0
svm_17,ALG6,ALG5,ALG12,ALG6,1.0,0.0,1.0
svm_17,ALG6,ALG5,ALG9,ALG6,1.0,0.0,1.0
svm_17,ALG6,ALG5,OST5,ALG3,1.0,0.0,1.0
svm_17,ALG6,ALG5,DIE2,ALG3,1.0,0.0,1.0
svm_17,ALG6,ALG5,ALG6,ALG3,0.0,1.0,-1.0
svm_17,ALG6,ALG5,OST3,ALG3,1.0,0.0,1.0
svm_17,ALG6,ALG5,MNS1,OST3,0.0,1.0,-1.0
svm_17,ALG6,ALG5,ALG8,OST3,0.0,1.0,-1.0
svm_17,ALG6,ALG5,ALG12,OST3,0.0,1.0,-1.0
svm_17,ALG6,ALG5,ALG9,OST3,0.0,1.0,-1.0
svm_17,ALG6,ALG5,ALG6,OST3,0.0,1.0,-1.0
svm_17,ALG6,ALG5,ALG3,OST3,1.0,0.0,1.0
svm_17,DIE2,ALG8,MNN2,MNS1,1.0,0.0,1.0
svm_17,DIE2,ALG8,ALG12,MNS1,1.0,0.0,1.0
svm_17,DIE2,ALG8,ALG6,MNS1,1.0,0.0,1.0
svm_17,DIE2,ALG8,ANP1,MNS1,1.0,0.0,1.0
svm_17,DIE2,ALG8,DOA4,STP22,1.0,0.0,1.0
svm_17,DIE2,ALG8,VPS28,STP22,1.0,0.0,1.0
svm_17,DIE2,ALG8,SEC22,TLG2,1.0,0.0,1.0
svm_17,DIE2,ALG8,STP22,DOA4,1.0,0.0,1.0
svm_17,DIE2,ALG8,PSD2,PCT1,1.0,0.0,1.0
svm_17,DIE2,ALG8,OST5,CWH41,1.0,0.0,1.0
svm_17,DIE2,ALG8,DIE2,CWH41,1.0,0.0,1.0
svm_17,DIE2,ALG8,TLG2,GOS1,1.0,0.0,1.0
svm_17,DIE2,ALG8,SEC22,GOS1,1.0,0.0,1.0
svm_17,DIE2,ALG8,STP22,GCS1,1.0,0.0,1.0
svm_17,DIE2,ALG8,DOA4,GCS1,1.0,0.0,1.0
svm_17,DIE2,ALG8,VPS28,GCS1,1.0,0.0,1.0
svm_17,DIE2,ALG8,CWH41,ROT2,1.0,0.0,1.0
svm_17,DIE2,ALG8,OST5,ROT2,1.0,0.0,1.0
svm_17,DIE2,ALG8,DIE2,ROT2,1.0,0.0,1.0
svm_17,DIE2,ALG8,ALG5,ROT2,1.0,0.0,1.0
svm_17,DIE2,ALG8,ALG3,ROT2,1.0,0.0,1.0
svm_17,DIE2,ALG8,DOA4,VPS28,1.0,0.0,1.0
svm_17,DIE2,ALG8,GCS1,VPS28,1.0,0.0,1.0
svm_17,DIE2,ALG8,MNS1,OST5,1.0,0.0,1.0
svm_17,DIE2,ALG8,CWH41,OST5,1.0,0.0,1.0
svm_17,DIE2,ALG8,ROT2,OST5,1.0,0.0,1.0
svm_17,DIE2,ALG8,ALG12,OST5,1.0,0.0,1.0
svm_17,DIE2,ALG8,ALG3,OST5,1.0,0.0,1.0
svm_17,DIE2,ALG8,MNS1,DIE2,1.0,0.0,1.0
svm_17,DIE2,ALG8,OST5,DIE2,1.0,0.0,1.0
svm_17,DIE2,ALG8,ALG5,DIE2,1.0,0.0,1.0
svm_17,DIE2,ALG8,ALG8,DIE2,1.0,0.0,1.0
svm_17,DIE2,ALG8,ALG12,DIE2,1.0,0.0,1.0
svm_17,DIE2,ALG8,ALG3,DIE2,1.0,0.0,1.0
svm_17,DIE2,ALG8,OST3,DIE2,1.0,0.0,1.0
svm_17,DIE2,ALG8,HRD1,UBC7,1.0,0.0,1.0
svm_17,DIE2,ALG8,MNS1,ALG5,1.0,0.0,1.0
svm_17,DIE2,ALG8,CWH41,ALG5,1.0,0.0,1.0
svm_17,DIE2,ALG8,OST5,ALG5,1.0,0.0,1.0
svm_17,DIE2,ALG8,ALG12,ALG5,1.0,0.0,1.0
svm_17,DIE2,ALG8,ALG9,ALG5,1.0,0.0,1.0
svm_17,DIE2,ALG8,TLG2,SEC22,1.0,0.0,1.0
svm_17,DIE2,ALG8,UBC7,HRD1,1.0,0.0,1.0
svm_17,DIE2,ALG8,MNS1,ALG8,1.0,0.0,1.0
svm_17,DIE2,ALG8,ALG5,ALG8,1.0,0.0,1.0
svm_17,DIE2,ALG8,ALG12,ALG8,1.0,0.0,1.0
svm_17,DIE2,ALG8,ALG6,ALG8,1.0,0.0,1.0
svm_17,DIE2,ALG8,ALG3,ALG8,1.0,0.0,1.0
svm_17,DIE2,ALG8,OST5,ALG12,1.0,0.0,1.0
svm_17,DIE2,ALG8,DIE2,ALG12,1.0,0.0,1.0
svm_17,DIE2,ALG8,ALG5,ALG12,1.0,0.0,1.0
svm_17,DIE2,ALG8,ALG8,ALG12,1.0,0.0,1.0
svm_17,DIE2,ALG8,ALG9,ALG12,1.0,0.0,1.0
svm_17,DIE2,ALG8,ALG6,ALG12,1.0,0.0,1.0
svm_17,DIE2,ALG8,ALG3,ALG12,1.0,0.0,1.0
svm_17,DIE2,ALG8,ALG3,ALG9,1.0,0.0,1.0
svm_17,DIE2,ALG8,MNS1,ALG6,1.0,0.0,1.0
svm_17,DIE2,ALG8,ROT2,ALG6,1.0,0.0,1.0
svm_17,DIE2,ALG8,ALG5,ALG6,1.0,0.0,1.0
svm_17,DIE2,ALG8,ALG12,ALG6,1.0,0.0,1.0
svm_17,DIE2,ALG8,ALG9,ALG6,1.0,0.0,1.0
svm_17,DIE2,ALG8,ALG3,ALG6,1.0,0.0,1.0
svm_17,DIE2,ALG8,ROT2,ALG3,1.0,0.0,1.0
svm_17,DIE2,ALG8,OST5,ALG3,1.0,0.0,1.0
svm_17,DIE2,ALG8,DIE2,ALG3,1.0,0.0,1.0
svm_17,DIE2,ALG8,ALG8,ALG3,1.0,0.0,1.0
svm_17,DIE2,ALG8,OST3,ALG3,1.0,0.0,1.0
svm_17,DIE2,ALG8,MNS1,OST3,1.0,0.0,1.0
svm_17,DIE2,ALG8,DIE2,OST3,1.0,0.0,1.0
svm_17,DIE2,ALG8,ALG5,OST3,1.0,0.0,1.0
svm_17,DIE2,ALG8,ALG12,OST3,1.0,0.0,1.0
svm_17,DIE2,ALG8,ALG9,OST3,1.0,0.0,1.0
svm_17,DIE2,ALG8,ALG6,OST3,1.0,0.0,1.0
svm_17,DIE2,ALG8,ALG3,OST3,1.0,0.0,1.0
svm_17,DIE2,ALG8,MNN2,ANP1,1.0,0.0,1.0
svm_17,DIE2,ALG9,STP22,GCS1,0.0,1.0,-1.0
svm_17,DIE2,ALG9,CWH41,OST5,1.0,0.0,1.0
svm_17,DIE2,ALG9,MNS1,DIE2,0.0,1.0,-1.0
svm_17,DIE2,ALG9,ALG12,ALG5,0.0,1.0,-1.0
svm_17,DIE2,ALG9,ALG9,ALG12,0.0,1.0,-1.0
svm_17,DIE2,ALG9,ALG6,ALG12,1.0,0.0,1.0
svm_17,DIE2,ALG9,ALG3,ALG12,1.0,0.0,1.0
svm_17,DIE2,ALG9,ALG12,ALG6,1.0,0.0,1.0
svm_17,DIE2,ALG9,ALG9,ALG6,1.0,0.0,1.0
svm_17,DIE2,ALG9,ALG8,ALG3,0.0,1.0,-1.0
svm_17,DIE2,ALG9,ALG6,ALG3,0.0,1.0,-1.0
svm_17,ALG8,ALG9,MNN2,MNS1,1.0,0.0,1.0
svm_17,ALG8,ALG9,ROT2,MNS1,1.0,0.0,1.0
svm_17,ALG8,ALG9,ALG12,MNS1,1.0,0.0,1.0
svm_17,ALG8,ALG9,ALG9,MNS1,1.0,0.0,1.0
svm_17,ALG8,ALG9,ALG6,MNS1,1.0,0.0,1.0
svm_17,ALG8,ALG9,ALG3,MNS1,1.0,0.0,1.0
svm_17,ALG8,ALG9,ANP1,MNS1,1.0,0.0,1.0
svm_17,ALG8,ALG9,BTS1,HMG1,1.0,0.0,1.0
svm_17,ALG8,ALG9,PCT1,PSD2,1.0,0.0,1.0
svm_17,ALG8,ALG9,DOA4,STP22,1.0,0.0,1.0
svm_17,ALG8,ALG9,GCS1,STP22,1.0,0.0,1.0
svm_17,ALG8,ALG9,VPS28,STP22,1.0,0.0,1.0
svm_17,ALG8,ALG9,GOS1,TLG2,1.0,0.0,1.0
svm_17,ALG8,ALG9,SEC22,TLG2,1.0,0.0,1.0
svm_17,ALG8,ALG9,STP22,DOA4,1.0,0.0,1.0
svm_17,ALG8,ALG9,GCS1,DOA4,1.0,0.0,1.0
svm_17,ALG8,ALG9,PSD2,PCT1,1.0,0.0,1.0
svm_17,ALG8,ALG9,OST5,CWH41,1.0,0.0,1.0
svm_17,ALG8,ALG9,DIE2,CWH41,1.0,0.0,1.0
svm_17,ALG8,ALG9,ALG5,CWH41,1.0,0.0,1.0
svm_17,ALG8,ALG9,TLG2,GOS1,1.0,0.0,1.0
svm_17,ALG8,ALG9,SEC22,GOS1,1.0,0.0,1.0
svm_17,ALG8,ALG9,DOA4,GCS1,1.0,0.0,1.0
svm_17,ALG8,ALG9,OST5,ROT2,1.0,0.0,1.0
svm_17,ALG8,ALG9,DIE2,ROT2,1.0,0.0,1.0
svm_17,ALG8,ALG9,ALG5,ROT2,1.0,0.0,1.0
svm_17,ALG8,ALG9,ALG6,ROT2,1.0,0.0,1.0
svm_17,ALG8,ALG9,ALG3,ROT2,1.0,0.0,1.0
svm_17,ALG8,ALG9,DOA4,VPS28,1.0,0.0,1.0
svm_17,ALG8,ALG9,GCS1,VPS28,1.0,0.0,1.0
svm_17,ALG8,ALG9,MNS1,OST5,1.0,0.0,1.0
svm_17,ALG8,ALG9,ROT2,OST5,1.0,0.0,1.0
svm_17,ALG8,ALG9,ALG3,OST5,1.0,0.0,1.0
svm_17,ALG8,ALG9,CWH41,DIE2,1.0,0.0,1.0
svm_17,ALG8,ALG9,ROT2,DIE2,1.0,0.0,1.0
svm_17,ALG8,ALG9,OST5,DIE2,1.0,0.0,1.0
svm_17,ALG8,ALG9,ALG5,DIE2,1.0,0.0,1.0
svm_17,ALG8,ALG9,ALG8,DIE2,1.0,0.0,1.0
svm_17,ALG8,ALG9,ALG12,DIE2,1.0,0.0,1.0
svm_17,ALG8,ALG9,ALG6,DIE2,1.0,0.0,1.0
svm_17,ALG8,ALG9,ALG3,DIE2,1.0,0.0,1.0
svm_17,ALG8,ALG9,OST3,DIE2,1.0,0.0,1.0
svm_17,ALG8,ALG9,UFD2,UBC7,1.0,0.0,1.0
svm_17,ALG8,ALG9,HRD1,UBC7,1.0,0.0,1.0
svm_17,ALG8,ALG9,MNS1,ALG5,1.0,0.0,1.0
svm_17,ALG8,ALG9,CWH41,ALG5,1.0,0.0,1.0
svm_17,ALG8,ALG9,OST5,ALG5,1.0,0.0,1.0
svm_17,ALG8,ALG9,ALG9,ALG5,1.0,0.0,1.0
svm_17,ALG8,ALG9,TLG2,SEC22,1.0,0.0,1.0
svm_17,ALG8,ALG9,GOS1,SEC22,1.0,0.0,1.0
svm_17,ALG8,ALG9,UFD2,HRD1,1.0,0.0,1.0
svm_17,ALG8,ALG9,UBC7,HRD1,1.0,0.0,1.0
svm_17,ALG8,ALG9,MNS1,ALG8,1.0,0.0,1.0
svm_17,ALG8,ALG9,OST5,ALG8,1.0,0.0,1.0
svm_17,ALG8,ALG9,ALG5,ALG8,1.0,0.0,1.0
svm_17,ALG8,ALG9,ALG6,ALG8,1.0,0.0,1.0
svm_17,ALG8,ALG9,ALG3,ALG8,1.0,0.0,1.0
svm_17,ALG8,ALG9,MNS1,ALG12,1.0,0.0,1.0
svm_17,ALG8,ALG9,DIE2,ALG12,1.0,0.0,1.0
svm_17,ALG8,ALG9,ALG8,ALG12,1.0,0.0,1.0
svm_17,ALG8,ALG9,ALG3,ALG12,1.0,0.0,1.0
svm_17,ALG8,ALG9,MNS1,ALG9,1.0,0.0,1.0
svm_17,ALG8,ALG9,OST5,ALG9,1.0,0.0,1.0
svm_17,ALG8,ALG9,ALG3,ALG9,1.0,0.0,1.0
svm_17,ALG8,ALG9,CWH41,ALG6,1.0,0.0,1.0
svm_17,ALG8,ALG9,ROT2,ALG6,1.0,0.0,1.0
svm_17,ALG8,ALG9,OST5,ALG6,1.0,0.0,1.0
svm_17,ALG8,ALG9,ALG5,ALG6,1.0,0.0,1.0
svm_17,ALG8,ALG9,ALG12,ALG6,1.0,0.0,1.0
svm_17,ALG8,ALG9,ALG9,ALG6,1.0,0.0,1.0
svm_17,ALG8,ALG9,ALG3,ALG6,1.0,0.0,1.0
svm_17,ALG8,ALG9,MNS1,ALG3,1.0,0.0,1.0
svm_17,ALG8,ALG9,ROT2,ALG3,1.0,0.0,1.0
svm_17,ALG8,ALG9,OST5,ALG3,1.0,0.0,1.0
svm_17,ALG8,ALG9,DIE2,ALG3,1.0,0.0,1.0
svm_17,ALG8,ALG9,OST3,ALG3,1.0,0.0,1.0
svm_17,ALG8,ALG9,PMT1,PMT2,1.0,0.0,1.0
svm_17,ALG8,ALG9,MNS1,OST3,1.0,0.0,1.0
svm_17,ALG8,ALG9,DIE2,OST3,1.0,0.0,1.0
svm_17,ALG8,ALG9,ALG8,OST3,1.0,0.0,1.0
svm_17,ALG8,ALG9,ALG12,OST3,1.0,0.0,1.0
svm_17,ALG8,ALG9,ALG6,OST3,1.0,0.0,1.0
svm_17,ALG8,ALG9,ALG3,OST3,1.0,0.0,1.0
svm_17,ALG12,ALG9,CWH41,OST5,1.0,0.0,1.0
svm_17,ALG12,ALG9,ALG12,OST5,1.0,0.0,1.0
svm_17,ALG12,ALG9,ALG12,ALG5,1.0,0.0,1.0
svm_17,ALG12,ALG9,ALG12,ALG8,1.0,0.0,1.0
svm_17,ALG12,ALG9,ALG5,ALG12,1.0,0.0,1.0
svm_17,ALG12,ALG9,ALG6,ALG12,1.0,0.0,1.0
svm_17,ALG12,ALG9,ALG3,ALG12,1.0,0.0,1.0
svm_17,ALG12,ALG9,ALG12,ALG6,1.0,0.0,1.0
svm_17,ALG12,ALG9,ALG9,ALG6,1.0,0.0,1.0
svm_17,ALG12,ALG9,ALG6,ALG3,0.0,1.0,-1.0
svm_17,ALG6,ALG9,DOA4,GCS1,0.0,1.0,-1.0
svm_17,ALG6,ALG9,VPS28,GCS1,0.0,1.0,-1.0
svm_17,ALG6,ALG9,CWH41,ROT2,0.0,1.0,-1.0
svm_17,ALG6,ALG9,OST5,ROT2,0.0,1.0,-1.0
svm_17,ALG6,ALG9,MNS1,OST5,0.0,1.0,-1.0
svm_17,ALG6,ALG9,MNS1,DIE2,0.0,1.0,-1.0
svm_17,ALG6,ALG9,OST5,DIE2,1.0,0.0,1.0
svm_17,ALG6,ALG9,ALG5,DIE2,1.0,0.0,1.0
svm_17,ALG6,ALG9,ALG8,DIE2,1.0,0.0,1.0
svm_17,ALG6,ALG9,ALG3,DIE2,1.0,0.0,1.0
svm_17,ALG6,ALG9,MNS1,ALG5,0.0,1.0,-1.0
svm_17,ALG6,ALG9,ROT2,ALG5,0.0,1.0,-1.0
svm_17,ALG6,ALG9,UBC7,HRD1,1.0,0.0,1.0
svm_17,ALG6,ALG9,ROT2,ALG12,0.0,1.0,-1.0
svm_17,ALG6,ALG9,ALG3,ALG12,1.0,0.0,1.0
svm_17,ALG6,ALG9,ALG5,ALG9,0.0,1.0,-1.0
svm_17,ALG6,ALG9,MNS1,ALG6,0.0,1.0,-1.0
svm_17,ALG6,ALG9,ALG12,ALG6,1.0,0.0,1.0
svm_17,ALG6,ALG9,ALG9,ALG6,1.0,0.0,1.0
svm_17,ALG6,ALG9,ROT2,ALG3,0.0,1.0,-1.0
svm_17,ALG6,ALG9,DIE2,ALG3,1.0,0.0,1.0
svm_17,ALG6,ALG9,ALG6,ALG3,0.0,1.0,-1.0
svm_17,ALG6,ALG9,MNS1,OST3,0.0,1.0,-1.0
svm_17,ALG6,ALG9,ALG5,OST3,0.0,1.0,-1.0
svm_17,ALG6,ALG9,ALG12,OST3,0.0,1.0,-1.0
svm_17,ALG6,ALG9,ALG9,OST3,0.0,1.0,-1.0
svm_17,ALG6,ALG9,MNN2,ANP1,0.0,1.0,-1.0
svm_17,DIE2,ALG6,VPS28,GCS1,0.0,1.0,-1.0
svm_17,DIE2,ALG6,CWH41,ROT2,0.0,1.0,-1.0
svm_17,DIE2,ALG6,OST5,ROT2,0.0,1.0,-1.0
svm_17,DIE2,ALG6,MNS1,DIE2,0.0,1.0,-1.0
svm_17,DIE2,ALG6,ALG5,DIE2,1.0,0.0,1.0
svm_17,DIE2,ALG6,ROT2,ALG12,0.0,1.0,-1.0
svm_17,DIE2,ALG6,OST5,ALG12,0.0,1.0,-1.0
svm_17,DIE2,ALG6,ALG8,ALG12,1.0,0.0,1.0
svm_17,DIE2,ALG6,ALG3,ALG12,1.0,0.0,1.0
svm_17,DIE2,ALG6,MNS1,ALG6,0.0,1.0,-1.0
svm_17,DIE2,ALG6,ALG12,ALG6,1.0,0.0,1.0
svm_17,DIE2,ALG6,ALG9,ALG6,1.0,0.0,1.0
svm_17,DIE2,ALG6,ALG8,ALG3,0.0,1.0,-1.0
svm_17,DIE2,ALG6,ALG6,ALG3,0.0,1.0,-1.0
svm_17,DIE2,ALG6,MNS1,OST3,0.0,1.0,-1.0
svm_17,DIE2,ALG6,ALG5,OST3,0.0,1.0,-1.0
svm_17,DIE2,ALG6,ALG12,OST3,0.0,1.0,-1.0
svm_17,DIE2,ALG6,ALG9,OST3,0.0,1.0,-1.0
svm_17,DIE2,ALG6,MNN2,ANP1,0.0,1.0,-1.0
svm_17,ALG8,ALG6,STP22,GCS1,0.0,1.0,-1.0
svm_17,ALG8,ALG6,VPS28,GCS1,0.0,1.0,-1.0
svm_17,ALG8,ALG6,CWH41,ROT2,0.0,1.0,-1.0
svm_17,ALG8,ALG6,CWH41,OST5,0.0,1.0,-1.0
svm_17,ALG8,ALG6,DIE2,OST5,0.0,1.0,-1.0
svm_17,ALG8,ALG6,ALG12,OST5,0.0,1.0,-1.0
svm_17,ALG8,ALG6,MNS1,DIE2,0.0,1.0,-1.0
svm_17,ALG8,ALG6,ALG12,ALG5,0.0,1.0,-1.0
svm_17,ALG8,ALG6,ALG12,ALG8,0.0,1.0,-1.0
svm_17,ALG8,ALG6,ROT2,ALG12,0.0,1.0,-1.0
svm_17,ALG8,ALG6,OST5,ALG12,0.0,1.0,-1.0
svm_17,ALG8,ALG6,ALG5,ALG12,0.0,1.0,-1.0
svm_17,ALG8,ALG6,ALG9,ALG12,0.0,1.0,-1.0
svm_17,ALG8,ALG6,ALG6,ALG12,0.0,1.0,-1.0
svm_17,ALG8,ALG6,MNS1,ALG6,0.0,1.0,-1.0
svm_17,ALG8,ALG6,ALG5,ALG3,0.0,1.0,-1.0
svm_17,ALG8,ALG6,ALG8,ALG3,0.0,1.0,-1.0
svm_17,ALG8,ALG6,ALG6,ALG3,0.0,1.0,-1.0
svm_17,ALG8,ALG6,ALG5,OST3,0.0,1.0,-1.0
svm_17,ALG8,ALG6,ALG12,OST3,0.0,1.0,-1.0
svm_17,ALG8,ALG6,ALG9,OST3,0.0,1.0,-1.0
svm_17,ALG8,ALG6,MNN2,ANP1,0.0,1.0,-1.0
svm_17,ALG12,ALG3,ALG9,OST5,1.0,0.0,1.0
svm_17,ALG12,ALG3,ALG5,ALG3,0.0,1.0,-1.0
svm_17,ALG9,ALG3,STP22,GCS1,1.0,0.0,1.0
svm_17,ALG9,ALG3,DOA4,VPS28,1.0,0.0,1.0
svm_17,ALG9,ALG3,CWH41,OST5,1.0,0.0,1.0
svm_17,ALG9,ALG3,ALG12,OST5,1.0,0.0,1.0
svm_17,ALG9,ALG3,ALG9,OST5,1.0,0.0,1.0
svm_17,ALG9,ALG3,ALG5,DIE2,1.0,0.0,1.0
svm_17,ALG9,ALG3,ALG8,DIE2,1.0,0.0,1.0
svm_17,ALG9,ALG3,ALG12,ALG5,1.0,0.0,1.0
svm_17,ALG9,ALG3,UBC7,HRD1,1.0,0.0,1.0
svm_17,ALG9,ALG3,ALG12,ALG8,1.0,0.0,1.0
svm_17,ALG9,ALG3,OST5,ALG12,1.0,0.0,1.0
svm_17,ALG9,ALG3,DIE2,ALG12,1.0,0.0,1.0
svm_17,ALG9,ALG3,ALG5,ALG12,1.0,0.0,1.0
svm_17,ALG9,ALG3,ALG8,ALG12,1.0,0.0,1.0
svm_17,ALG9,ALG3,ALG9,ALG12,1.0,0.0,1.0
svm_17,ALG9,ALG3,ALG6,ALG12,1.0,0.0,1.0
svm_17,ALG9,ALG3,ALG3,ALG12,1.0,0.0,1.0
svm_17,ALG9,ALG3,ALG12,ALG6,1.0,0.0,1.0
svm_17,ALG9,ALG3,ALG9,ALG6,1.0,0.0,1.0
svm_17,ALG9,ALG3,ALG8,ALG3,1.0,0.0,1.0
svm_17,ALG9,ALG3,ALG6,ALG3,0.0,1.0,-1.0
svm_17,OST5,OST3,DOA4,VPS28,1.0,0.0,1.0
svm_17,OST5,OST3,CWH41,OST5,1.0,0.0,1.0
svm_17,OST5,OST3,MNS1,DIE2,0.0,1.0,-1.0
svm_17,OST5,OST3,OST5,DIE2,1.0,0.0,1.0
svm_17,OST5,OST3,ALG5,DIE2,1.0,0.0,1.0
svm_17,OST5,OST3,ALG8,DIE2,1.0,0.0,1.0
svm_17,OST5,OST3,ALG3,DIE2,1.0,0.0,1.0
svm_17,OST5,OST3,UBC7,HRD1,1.0,0.0,1.0
svm_17,OST5,OST3,ALG12,ALG8,1.0,0.0,1.0
svm_17,OST5,OST3,OST5,ALG12,1.0,0.0,1.0
svm_17,OST5,OST3,DIE2,ALG12,1.0,0.0,1.0
svm_17,OST5,OST3,ALG5,ALG12,1.0,0.0,1.0
svm_17,OST5,OST3,ALG8,ALG12,1.0,0.0,1.0
svm_17,OST5,OST3,ALG6,ALG12,1.0,0.0,1.0
svm_17,OST5,OST3,ALG3,ALG12,1.0,0.0,1.0
svm_17,OST5,OST3,ALG12,ALG6,1.0,0.0,1.0
svm_17,OST5,OST3,ALG9,ALG6,1.0,0.0,1.0
svm_17,OST5,OST3,DIE2,ALG3,1.0,0.0,1.0
svm_17,OST5,OST3,ALG6,ALG3,0.0,1.0,-1.0
svm_17,MNS1,ANP1,ANP1,MNS1,1.0,0.5,0.5
svm_17,MNS1,ANP1,PSD2,PCT1,1.0,0.0,1.0
svm_17,MNS1,ANP1,OST5,CWH41,1.0,0.0,1.0
svm_17,MNS1,ANP1,CWH41,ROT2,1.0,0.0,1.0
svm_17,MNS1,ANP1,OST5,ROT2,1.0,0.0,1.0
svm_17,MNS1,ANP1,ALG3,ROT2,1.0,0.0,1.0
svm_17,MNS1,ANP1,DOA4,VPS28,1.0,0.0,1.0
svm_17,MNS1,ANP1,CWH41,OST5,1.0,0.0,1.0
svm_17,MNS1,ANP1,ROT2,OST5,1.0,0.0,1.0
svm_17,MNS1,ANP1,OST5,DIE2,1.0,0.0,1.0
svm_17,MNS1,ANP1,ALG5,DIE2,1.0,0.0,1.0
svm_17,MNS1,ANP1,ALG8,DIE2,1.0,0.0,1.0
svm_17,MNS1,ANP1,ALG3,DIE2,1.0,0.0,1.0
svm_17,MNS1,ANP1,OST5,ALG5,1.0,0.0,1.0
svm_17,MNS1,ANP1,ALG9,ALG5,1.0,0.0,1.0
svm_17,MNS1,ANP1,UBC7,HRD1,1.0,0.0,1.0
svm_17,MNS1,ANP1,ALG6,ALG8,1.0,0.0,1.0
svm_17,MNS1,ANP1,DIE2,ALG12,1.0,0.0,1.0
svm_17,MNS1,ANP1,ALG8,ALG12,1.0,0.0,1.0
svm_17,MNS1,ANP1,ALG3,ALG12,1.0,0.0,1.0
svm_17,MNS1,ANP1,ALG3,ALG9,1.0,0.0,1.0
svm_17,MNS1,ANP1,ALG5,ALG6,1.0,0.0,1.0
svm_17,MNS1,ANP1,ALG12,ALG6,1.0,0.0,1.0
svm_17,MNS1,ANP1,ALG9,ALG6,1.0,0.0,1.0
svm_17,MNS1,ANP1,ROT2,ALG3,1.0,0.0,1.0
svm_17,MNS1,ANP1,DIE2,ALG3,1.0,0.0,1.0
svm_17,MNS1,ANP1,ALG6,ALG3,0.0,1.0,-1.0
svm_17,MNS1,ANP1,DIE2,OST3,1.0,0.0,1.0
svm_17,MNS1,ANP1,MNN2,ANP1,0.0,1.0,-1.0
xgboost_17,MNS1,CWH41,DOA4,STP22,1.0,0.0,1.0
xgboost_17,MNS1,CWH41,STP22,DOA4,1.0,0.0,1.0
xgboost_17,MNS1,CWH41,GCS1,DOA4,1.0,0.0,1.0
xgboost_17,MNS1,CWH41,PSD2,PCT1,1.0,0.0,1.0
xgboost_17,MNS1,CWH41,OST5,CWH41,1.0,0.0,1.0
xgboost_17,MNS1,CWH41,DIE2,CWH41,0.0,1.0,-1.0
xgboost_17,MNS1,CWH41,OST5,ROT2,0.0,1.0,-1.0
xgboost_17,MNS1,CWH41,MNS1,OST5,0.0,1.0,-1.0
xgboost_17,MNS1,CWH41,ROT2,OST5,1.0,0.0,1.0
xgboost_17,MNS1,CWH41,ALG12,OST5,0.0,1.0,-1.0
xgboost_17,MNS1,CWH41,MNS1,DIE2,0.0,1.0,-1.0
xgboost_17,MNS1,CWH41,HRD1,UBC7,1.0,0.0,1.0
xgboost_17,MNS1,CWH41,MNS1,ALG5,0.0,1.0,-1.0
xgboost_17,MNS1,CWH41,OST5,ALG5,1.0,0.0,1.0
xgboost_17,MNS1,CWH41,ALG9,ALG5,0.0,1.0,-1.0
xgboost_17,MNS1,CWH41,UBC7,HRD1,1.0,0.0,1.0
xgboost_17,MNS1,CWH41,MNS1,ALG8,0.0,1.0,-1.0
xgboost_17,MNS1,CWH41,ALG12,ALG8,0.0,1.0,-1.0
xgboost_17,MNS1,CWH41,ALG6,ALG8,1.0,0.0,1.0
xgboost_17,MNS1,CWH41,OST3,ALG8,1.0,0.0,1.0
xgboost_17,MNS1,CWH41,ROT2,ALG12,0.0,1.0,-1.0
xgboost_17,MNS1,CWH41,DIE2,ALG12,0.0,1.0,-1.0
xgboost_17,MNS1,CWH41,ALG8,ALG12,0.0,1.0,-1.0
xgboost_17,MNS1,CWH41,OST3,ALG12,1.0,0.0,1.0
xgboost_17,MNS1,CWH41,OST5,ALG9,1.0,0.0,1.0
xgboost_17,MNS1,CWH41,ALG5,ALG9,0.0,1.0,-1.0
xgboost_17,MNS1,CWH41,MNS1,ALG6,0.0,1.0,-1.0
xgboost_17,MNS1,CWH41,ALG5,ALG6,1.0,0.0,1.0
xgboost_17,MNS1,CWH41,ALG12,ALG6,1.0,0.0,1.0
xgboost_17,MNS1,CWH41,ALG9,ALG6,1.0,0.0,1.0
xgboost_17,MNS1,CWH41,OST3,ALG6,1.0,0.0,1.0
xgboost_17,MNS1,CWH41,OST3,ALG3,1.0,0.0,1.0
xgboost_17,MNS1,CWH41,PMT1,PMT2,1.0,0.0,1.0
xgboost_17,MNS1,CWH41,MNS1,OST3,0.0,1.0,-1.0
xgboost_17,MNS1,CWH41,DIE2,OST3,0.0,1.0,-1.0
xgboost_17,MNS1,CWH41,ALG5,OST3,0.0,1.0,-1.0
xgboost_17,MNS1,CWH41,ALG12,OST3,0.0,1.0,-1.0
xgboost_17,MNS1,CWH41,ALG9,OST3,0.0,1.0,-1.0
xgboost_17,MNS1,CWH41,ALG6,OST3,0.0,1.0,-1.0
xgboost_17,MNS1,CWH41,MNN2,ANP1,0.0,1.0,-1.0
xgboost_17,ROT2,CWH41,DOA4,STP22,1.0,0.0,1.0
xgboost_17,ROT2,CWH41,STP22,DOA4,1.0,0.0,1.0
xgboost_17,ROT2,CWH41,GCS1,DOA4,1.0,0.0,1.0
xgboost_17,ROT2,CWH41,PSD2,PCT1,1.0,0.0,1.0
xgboost_17,ROT2,CWH41,OST5,CWH41,1.0,0.0,1.0
xgboost_17,ROT2,CWH41,DOA4,GCS1,1.0,0.0,1.0
xgboost_17,ROT2,CWH41,DOA4,VPS28,1.0,0.0,1.0
xgboost_17,ROT2,CWH41,GCS1,VPS28,1.0,0.0,1.0
xgboost_17,ROT2,CWH41,ROT2,OST5,1.0,0.0,1.0
xgboost_17,ROT2,CWH41,ALG12,OST5,0.0,1.0,-1.0
xgboost_17,ROT2,CWH41,MNS1,DIE2,0.0,1.0,-1.0
xgboost_17,ROT2,CWH41,HRD1,UBC7,1.0,0.0,1.0
xgboost_17,ROT2,CWH41,CWH41,ALG5,1.0,0.0,1.0
xgboost_17,ROT2,CWH41,ROT2,ALG5,1.0,0.0,1.0
xgboost_17,ROT2,CWH41,OST5,ALG5,1.0,0.0,1.0
xgboost_17,ROT2,CWH41,TLG2,SEC22,1.0,0.0,1.0
xgboost_17,ROT2,CWH41,UBC7,HRD1,1.0,0.0,1.0
xgboost_17,ROT2,CWH41,ALG12,ALG8,0.0,1.0,-1.0
xgboost_17,ROT2,CWH41,ALG6,ALG8,1.0,0.0,1.0
xgboost_17,ROT2,CWH41,OST3,ALG8,1.0,0.0,1.0
xgboost_17,ROT2,CWH41,ROT2,ALG12,0.0,1.0,-1.0
xgboost_17,ROT2,CWH41,OST3,ALG12,1.0,0.0,1.0
xgboost_17,ROT2,CWH41,OST5,ALG9,1.0,0.0,1.0
xgboost_17,ROT2,CWH41,ALG5,ALG9,1.0,0.0,1.0
xgboost_17,ROT2,CWH41,MNS1,ALG6,0.0,1.0,-1.0
xgboost_17,ROT2,CWH41,ALG5,ALG6,1.0,0.0,1.0
xgboost_17,ROT2,CWH41,ALG12,ALG6,1.0,0.0,1.0
xgboost_17,ROT2,CWH41,ALG9,ALG6,1.0,0.0,1.0
xgboost_17,ROT2,CWH41,OST3,ALG6,1.0,0.0,1.0
xgboost_17,ROT2,CWH41,ROT2,ALG3,1.0,0.0,1.0
xgboost_17,ROT2,CWH41,OST3,ALG3,1.0,0.0,1.0
xgboost_17,ROT2,CWH41,PMT1,PMT2,1.0,0.0,1.0
xgboost_17,ROT2,CWH41,ALG5,OST3,0.0,1.0,-1.0
xgboost_17,ROT2,CWH41,ALG8,OST3,1.0,0.0,1.0
xgboost_17,ROT2,CWH41,ALG9,OST3,0.0,1.0,-1.0
xgboost_17,ROT2,CWH41,ALG3,OST3,1.0,0.0,1.0
xgboost_17,ROT2,CWH41,MNN2,ANP1,0.0,1.0,-1.0
xgboost_17,MNS1,MNN2,STP22,DOA4,1.0,0.0,1.0
xgboost_17,MNS1,MNN2,GCS1,DOA4,1.0,0.0,1.0
xgboost_17,MNS1,MNN2,PSD2,PCT1,1.0,0.0,1.0
xgboost_17,MNS1,MNN2,OST5,CWH41,1.0,0.0,1.0
xgboost_17,MNS1,MNN2,ROT2,OST5,1.0,0.0,1.0
xgboost_17,MNS1,MNN2,ALG12,OST5,0.0,1.0,-1.0
xgboost_17,MNS1,MNN2,MNS1,DIE2,0.0,1.0,-1.0
xgboost_17,MNS1,MNN2,HRD1,UBC7,1.0,0.0,1.0
xgboost_17,MNS1,MNN2,ROT2,ALG5,1.0,0.0,1.0
xgboost_17,MNS1,MNN2,OST5,ALG5,1.0,0.0,1.0
xgboost_17,MNS1,MNN2,UBC7,HRD1,1.0,0.0,1.0
xgboost_17,MNS1,MNN2,ALG12,ALG8,0.0,1.0,-1.0
xgboost_17,MNS1,MNN2,ALG6,ALG8,1.0,0.0,1.0
xgboost_17,MNS1,MNN2,OST3,ALG8,1.0,0.0,1.0
xgboost_17,MNS1,MNN2,ROT2,ALG12,0.0,1.0,-1.0
xgboost_17,MNS1,MNN2,OST3,ALG12,1.0,0.0,1.0
xgboost_17,MNS1,MNN2,MNS1,ALG6,0.0,1.0,-1.0
xgboost_17,MNS1,MNN2,ALG5,ALG6,1.0,0.0,1.0
xgboost_17,MNS1,MNN2,ALG12,ALG6,1.0,0.0,1.0
xgboost_17,MNS1,MNN2,OST3,ALG6,1.0,0.0,1.0
xgboost_17,MNS1,MNN2,ROT2,ALG3,1.0,0.0,1.0
xgboost_17,MNS1,MNN2,OST3,ALG3,1.0,0.0,1.0
xgboost_17,MNS1,MNN2,PMT1,PMT2,1.0,0.0,1.0
xgboost_17,MNS1,MNN2,ALG5,OST3,0.0,1.0,-1.0
xgboost_17,MNS1,MNN2,ALG9,OST3,0.0,1.0,-1.0
xgboost_17,MNS1,MNN2,MNN2,ANP1,0.0,1.0,-1.0
xgboost_17,ANP1,MNN2,DOA4,STP22,1.0,0.0,1.0
xgboost_17,ANP1,MNN2,VPS28,STP22,1.0,0.0,1.0
xgboost_17,ANP1,MNN2,STP22,DOA4,1.0,0.0,1.0
xgboost_17,ANP1,MNN2,GCS1,DOA4,1.0,0.0,1.0
xgboost_17,ANP1,MNN2,PSD2,PCT1,1.0,0.0,1.0
xgboost_17,ANP1,MNN2,OST5,CWH41,1.0,0.0,1.0
xgboost_17,ANP1,MNN2,DOA4,GCS1,1.0,0.0,1.0
xgboost_17,ANP1,MNN2,VPS28,GCS1,1.0,0.0,1.0
xgboost_17,ANP1,MNN2,CWH41,ROT2,1.0,0.0,1.0
xgboost_17,ANP1,MNN2,DOA4,VPS28,1.0,0.0,1.0
xgboost_17,ANP1,MNN2,GCS1,VPS28,1.0,0.0,1.0
xgboost_17,ANP1,MNN2,CWH41,OST5,1.0,0.0,1.0
xgboost_17,ANP1,MNN2,ROT2,OST5,1.0,0.0,1.0
xgboost_17,ANP1,MNN2,ALG12,OST5,0.0,1.0,-1.0
xgboost_17,ANP1,MNN2,OST5,DIE2,1.0,0.0,1.0
xgboost_17,ANP1,MNN2,HRD1,UBC7,1.0,0.0,1.0
xgboost_17,ANP1,MNN2,CWH41,ALG5,1.0,0.0,1.0
xgboost_17,ANP1,MNN2,ROT2,ALG5,1.0,0.0,1.0
xgboost_17,ANP1,MNN2,OST5,ALG5,1.0,0.0,1.0
xgboost_17,ANP1,MNN2,TLG2,SEC22,1.0,0.0,1.0
xgboost_17,ANP1,MNN2,UBC7,HRD1,1.0,0.0,1.0
xgboost_17,ANP1,MNN2,OST5,ALG8,1.0,0.0,1.0
xgboost_17,ANP1,MNN2,ALG12,ALG8,1.0,0.0,1.0
xgboost_17,ANP1,MNN2,ALG6,ALG8,1.0,0.0,1.0
xgboost_17,ANP1,MNN2,OST3,ALG8,1.0,0.0,1.0
xgboost_17,ANP1,MNN2,ROT2,ALG12,1.0,0.0,1.0
xgboost_17,ANP1,MNN2,DIE2,ALG12,1.0,0.0,1.0
xgboost_17,ANP1,MNN2,ALG5,ALG12,1.0,0.0,1.0
xgboost_17,ANP1,MNN2,ALG8,ALG12,1.0,0.0,1.0
xgboost_17,ANP1,MNN2,ALG6,ALG12,1.0,0.0,1.0
xgboost_17,ANP1,MNN2,ALG3,ALG12,1.0,0.0,1.0
xgboost_17,ANP1,MNN2,OST3,ALG12,1.0,0.0,1.0
xgboost_17,ANP1,MNN2,OST5,ALG9,1.0,0.0,1.0
xgboost_17,ANP1,MNN2,ALG5,ALG9,1.0,0.0,1.0
xgboost_17,ANP1,MNN2,ALG5,ALG6,1.0,0.0,1.0
xgboost_17,ANP1,MNN2,ALG12,ALG6,1.0,0.0,1.0
xgboost_17,ANP1,MNN2,ALG9,ALG6,1.0,0.0,1.0
xgboost_17,ANP1,MNN2,OST3,ALG6,1.0,0.0,1.0
xgboost_17,ANP1,MNN2,ROT2,ALG3,1.0,0.0,1.0
xgboost_17,ANP1,MNN2,OST3,ALG3,1.0,0.0,1.0
xgboost_17,ANP1,MNN2,PMT1,PMT2,1.0,0.0,1.0
xgboost_17,ANP1,MNN2,ALG5,OST3,1.0,0.0,1.0
xgboost_17,ANP1,MNN2,ALG8,OST3,1.0,0.0,1.0
xgboost_17,ANP1,MNN2,ALG6,OST3,1.0,0.0,1.0
xgboost_17,ANP1,MNN2,ALG3,OST3,1.0,0.0,1.0
xgboost_17,ANP1,MNN2,MNN2,ANP1,1.0,0.0,1.0
xgboost_17,MNS1,ROT2,PSD2,PCT1,1.0,0.0,1.0
xgboost_17,MNS1,ROT2,DIE2,CWH41,0.0,1.0,-1.0
xgboost_17,MNS1,ROT2,STP22,GCS1,0.0,1.0,-1.0
xgboost_17,MNS1,ROT2,DOA4,GCS1,0.0,1.0,-1.0
xgboost_17,MNS1,ROT2,VPS28,GCS1,0.0,1.0,-1.0
xgboost_17,MNS1,ROT2,CWH41,ROT2,0.0,1.0,-1.0
xgboost_17,MNS1,ROT2,OST5,ROT2,0.0,1.0,-1.0
xgboost_17,MNS1,ROT2,DOA4,VPS28,0.0,1.0,-1.0
xgboost_17,MNS1,ROT2,GCS1,VPS28,0.0,1.0,-1.0
xgboost_17,MNS1,ROT2,MNS1,OST5,0.0,1.0,-1.0
xgboost_17,MNS1,ROT2,ALG12,OST5,0.0,1.0,-1.0
xgboost_17,MNS1,ROT2,ALG9,OST5,0.0,1.0,-1.0
xgboost_17,MNS1,ROT2,MNS1,DIE2,0.0,1.0,-1.0
xgboost_17,MNS1,ROT2,HRD1,UBC7,1.0,0.0,1.0
xgboost_17,MNS1,ROT2,MNS1,ALG5,0.0,1.0,-1.0
xgboost_17,MNS1,ROT2,ROT2,ALG5,0.0,1.0,-1.0
xgboost_17,MNS1,ROT2,OST5,ALG5,1.0,0.0,1.0
xgboost_17,MNS1,ROT2,ALG12,ALG5,0.0,1.0,-1.0
xgboost_17,MNS1,ROT2,ALG9,ALG5,0.0,1.0,-1.0
xgboost_17,MNS1,ROT2,MNS1,ALG8,0.0,1.0,-1.0
xgboost_17,MNS1,ROT2,ALG12,ALG8,0.0,1.0,-1.0
xgboost_17,MNS1,ROT2,ALG9,ALG8,0.0,1.0,-1.0
xgboost_17,MNS1,ROT2,ROT2,ALG12,0.0,1.0,-1.0
xgboost_17,MNS1,ROT2,DIE2,ALG12,0.0,1.0,-1.0
xgboost_17,MNS1,ROT2,ALG8,ALG12,0.0,1.0,-1.0
xgboost_17,MNS1,ROT2,OST3,ALG12,1.0,0.0,1.0
xgboost_17,MNS1,ROT2,ROT2,ALG9,0.0,1.0,-1.0
xgboost_17,MNS1,ROT2,ALG5,ALG9,0.0,1.0,-1.0
xgboost_17,MNS1,ROT2,MNS1,ALG6,0.0,1.0,-1.0
xgboost_17,MNS1,ROT2,ALG12,ALG6,1.0,0.0,1.0
xgboost_17,MNS1,ROT2,OST3,ALG6,1.0,0.0,1.0
xgboost_17,MNS1,ROT2,ROT2,ALG3,0.0,1.0,-1.0
xgboost_17,MNS1,ROT2,OST3,ALG3,1.0,0.0,1.0
xgboost_17,MNS1,ROT2,MNS1,OST3,0.0,1.0,-1.0
xgboost_17,MNS1,ROT2,DIE2,OST3,0.0,1.0,-1.0
xgboost_17,MNS1,ROT2,ALG5,OST3,0.0,1.0,-1.0
xgboost_17,MNS1,ROT2,ALG8,OST3,0.0,1.0,-1.0
xgboost_17,MNS1,ROT2,ALG12,OST3,0.0,1.0,-1.0
xgboost_17,MNS1,ROT2,ALG9,OST3,0.0,1.0,-1.0
xgboost_17,MNS1,ROT2,ALG6,OST3,0.0,1.0,-1.0
xgboost_17,MNS1,ROT2,MNN2,ANP1,0.0,1.0,-1.0
xgboost_17,STP22,VPS28,STP22,DOA4,1.0,0.0,1.0
xgboost_17,STP22,VPS28,GCS1,DOA4,1.0,0.0,1.0
xgboost_17,STP22,VPS28,PSD2,PCT1,1.0,0.0,1.0
xgboost_17,STP22,VPS28,OST5,CWH41,1.0,0.0,1.0
xgboost_17,STP22,VPS28,STP22,GCS1,1.0,0.0,1.0
xgboost_17,STP22,VPS28,DOA4,GCS1,1.0,0.0,1.0
xgboost_17,STP22,VPS28,VPS28,GCS1,1.0,0.0,1.0
xgboost_17,STP22,VPS28,CWH41,ROT2,1.0,0.0,1.0
xgboost_17,STP22,VPS28,CWH41,OST5,1.0,0.0,1.0
xgboost_17,STP22,VPS28,ROT2,OST5,1.0,0.0,1.0
xgboost_17,STP22,VPS28,ALG12,OST5,0.0,1.0,-1.0
xgboost_17,STP22,VPS28,MNS1,DIE2,0.0,1.0,-1.0
xgboost_17,STP22,VPS28,HRD1,UBC7,1.0,0.0,1.0
xgboost_17,STP22,VPS28,ROT2,ALG5,1.0,0.0,1.0
xgboost_17,STP22,VPS28,OST5,ALG5,1.0,0.0,1.0
xgboost_17,STP22,VPS28,UBC7,HRD1,1.0,0.0,1.0
xgboost_17,STP22,VPS28,ALG6,ALG8,1.0,0.0,1.0
xgboost_17,STP22,VPS28,OST3,ALG8,1.0,0.0,1.0
xgboost_17,STP22,VPS28,OST5,ALG12,1.0,0.0,1.0
xgboost_17,STP22,VPS28,ALG5,ALG12,1.0,0.0,1.0
xgboost_17,STP22,VPS28,ALG6,ALG12,1.0,0.0,1.0
xgboost_17,STP22,VPS28,OST3,ALG12,1.0,0.0,1.0
xgboost_17,STP22,VPS28,OST5,ALG9,1.0,0.0,1.0
xgboost_17,STP22,VPS28,ALG5,ALG6,1.0,0.0,1.0
xgboost_17,STP22,VPS28,ALG12,ALG6,1.0,0.0,1.0
xgboost_17,STP22,VPS28,OST3,ALG6,1.0,0.0,1.0
xgboost_17,STP22,VPS28,ROT2,ALG3,1.0,0.0,1.0
xgboost_17,STP22,VPS28,OST3,ALG3,1.0,0.0,1.0
xgboost_17,STP22,VPS28,PMT1,PMT2,1.0,0.0,1.0
xgboost_17,STP22,VPS28,ALG8,OST3,1.0,0.0,1.0
xgboost_17,HMG1,BTS1,DOA4,STP22,1.0,0.0,1.0
xgboost_17,HMG1,BTS1,VPS28,STP22,1.0,0.0,1.0
xgboost_17,HMG1,BTS1,STP22,DOA4,1.0,0.0,1.0
xgboost_17,HMG1,BTS1,GCS1,DOA4,1.0,0.0,1.0
xgboost_17,HMG1,BTS1,PSD2,PCT1,1.0,0.0,1.0
xgboost_17,HMG1,BTS1,OST5,CWH41,1.0,0.0,1.0
xgboost_17,HMG1,BTS1,TLG2,GOS1,1.0,0.0,1.0
xgboost_17,HMG1,BTS1,DOA4,GCS1,1.0,0.0,1.0
xgboost_17,HMG1,BTS1,VPS28,GCS1,1.0,0.0,1.0
xgboost_17,HMG1,BTS1,CWH41,ROT2,1.0,0.0,1.0
xgboost_17,HMG1,BTS1,DOA4,VPS28,1.0,0.0,1.0
xgboost_17,HMG1,BTS1,GCS1,VPS28,1.0,0.0,1.0
xgboost_17,HMG1,BTS1,CWH41,OST5,1.0,0.0,1.0
xgboost_17,HMG1,BTS1,ROT2,OST5,1.0,0.0,1.0
xgboost_17,HMG1,BTS1,ALG12,OST5,0.0,1.0,-1.0
xgboost_17,HMG1,BTS1,CWH41,DIE2,1.0,0.0,1.0
xgboost_17,HMG1,BTS1,OST5,DIE2,1.0,0.0,1.0
xgboost_17,HMG1,BTS1,ALG12,DIE2,1.0,0.0,1.0
xgboost_17,HMG1,BTS1,HRD1,UBC7,1.0,0.0,1.0
xgboost_17,HMG1,BTS1,CWH41,ALG5,1.0,0.0,1.0
xgboost_17,HMG1,BTS1,ROT2,ALG5,1.0,0.0,1.0
xgboost_17,HMG1,BTS1,OST5,ALG5,1.0,0.0,1.0
xgboost_17,HMG1,BTS1,TLG2,SEC22,1.0,0.0,1.0
xgboost_17,HMG1,BTS1,UBC7,HRD1,1.0,0.0,1.0
xgboost_17,HMG1,BTS1,OST5,ALG8,1.0,0.0,1.0
xgboost_17,HMG1,BTS1,ALG6,ALG8,1.0,0.0,1.0
xgboost_17,HMG1,BTS1,OST3,ALG8,1.0,0.0,1.0
xgboost_17,HMG1,BTS1,ROT2,ALG12,1.0,0.0,1.0
xgboost_17,HMG1,BTS1,DIE2,ALG12,1.0,0.0,1.0
xgboost_17,HMG1,BTS1,ALG5,ALG12,1.0,0.0,1.0
xgboost_17,HMG1,BTS1,ALG8,ALG12,1.0,0.0,1.0
xgboost_17,HMG1,BTS1,ALG3,ALG12,1.0,0.0,1.0
xgboost_17,HMG1,BTS1,OST3,ALG12,1.0,0.0,1.0
xgboost_17,HMG1,BTS1,OST5,ALG9,1.0,0.0,1.0
xgboost_17,HMG1,BTS1,ALG5,ALG9,1.0,0.0,1.0
xgboost_17,HMG1,BTS1,OST3,ALG9,1.0,0.0,1.0
xgboost_17,HMG1,BTS1,ALG5,ALG6,1.0,0.0,1.0
xgboost_17,HMG1,BTS1,ALG12,ALG6,1.0,0.0,1.0
xgboost_17,HMG1,BTS1,ALG9,ALG6,1.0,0.0,1.0
xgboost_17,HMG1,BTS1,OST3,ALG6,1.0,0.0,1.0
xgboost_17,HMG1,BTS1,ROT2,ALG3,1.0,0.0,1.0
xgboost_17,HMG1,BTS1,OST3,ALG3,1.0,0.0,1.0
xgboost_17,HMG1,BTS1,PMT1,PMT2,1.0,0.0,1.0
xgboost_17,HMG1,BTS1,ALG5,OST3,1.0,0.0,1.0
xgboost_17,HMG1,BTS1,ALG8,OST3,1.0,0.0,1.0
xgboost_17,HMG1,BTS1,ALG12,OST3,1.0,0.0,1.0
xgboost_17,HMG1,BTS1,ALG6,OST3,1.0,0.0,1.0
xgboost_17,HMG1,BTS1,ALG3,OST3,1.0,0.0,1.0
xgboost_17,HMG1,BTS1,MNN2,ANP1,1.0,0.0,1.0
xgboost_17,DIE2,ALG5,DIE2,OST5,0.0,1.0,-1.0
xgboost_17,DIE2,ALG5,ALG9,OST5,0.0,1.0,-1.0
xgboost_17,DIE2,ALG5,ALG12,ALG5,0.0,1.0,-1.0
xgboost_17,DIE2,ALG5,ALG5,ALG3,0.0,1.0,-1.0
xgboost_17,DIE2,ALG5,ALG8,ALG3,0.0,1.0,-1.0
xgboost_17,DIE2,ALG5,ALG6,ALG3,0.0,1.0,-1.0
xgboost_17,ALG8,ALG5,ANP1,MNS1,1.0,0.0,1.0
xgboost_17,ALG8,ALG5,PCT1,PSD2,1.0,0.0,1.0
xgboost_17,ALG8,ALG5,DOA4,STP22,1.0,0.0,1.0
xgboost_17,ALG8,ALG5,GCS1,STP22,1.0,0.0,1.0
xgboost_17,ALG8,ALG5,VPS28,STP22,1.0,0.0,1.0
xgboost_17,ALG8,ALG5,GOS1,TLG2,1.0,0.0,1.0
xgboost_17,ALG8,ALG5,STP22,DOA4,1.0,0.0,1.0
xgboost_17,ALG8,ALG5,GCS1,DOA4,1.0,0.0,1.0
xgboost_17,ALG8,ALG5,VPS28,DOA4,1.0,0.0,1.0
xgboost_17,ALG8,ALG5,PSD2,PCT1,1.0,0.0,1.0
xgboost_17,ALG8,ALG5,OST5,CWH41,1.0,0.0,1.0
xgboost_17,ALG8,ALG5,OST3,CWH41,1.0,0.0,1.0
xgboost_17,ALG8,ALG5,TLG2,GOS1,1.0,0.0,1.0
xgboost_17,ALG8,ALG5,STP22,GCS1,1.0,0.0,1.0
xgboost_17,ALG8,ALG5,DOA4,GCS1,1.0,0.0,1.0
xgboost_17,ALG8,ALG5,VPS28,GCS1,1.0,0.0,1.0
xgboost_17,ALG8,ALG5,CWH41,ROT2,1.0,0.0,1.0
xgboost_17,ALG8,ALG5,OST5,ROT2,1.0,0.0,1.0
xgboost_17,ALG8,ALG5,ALG5,ROT2,1.0,0.0,1.0
xgboost_17,ALG8,ALG5,OST3,ROT2,1.0,0.0,1.0
xgboost_17,ALG8,ALG5,DOA4,VPS28,1.0,0.0,1.0
xgboost_17,ALG8,ALG5,GCS1,VPS28,1.0,0.0,1.0
xgboost_17,ALG8,ALG5,MNS1,OST5,1.0,0.0,1.0
xgboost_17,ALG8,ALG5,CWH41,OST5,1.0,0.0,1.0
xgboost_17,ALG8,ALG5,ROT2,OST5,1.0,0.0,1.0
xgboost_17,ALG8,ALG5,OST3,OST5,1.0,0.0,1.0
xgboost_17,ALG8,ALG5,CWH41,DIE2,1.0,0.0,1.0
xgboost_17,ALG8,ALG5,ROT2,DIE2,1.0,0.0,1.0
xgboost_17,ALG8,ALG5,OST5,DIE2,1.0,0.0,1.0
xgboost_17,ALG8,ALG5,ALG12,DIE2,1.0,0.0,1.0
xgboost_17,ALG8,ALG5,ALG3,DIE2,1.0,0.0,1.0
xgboost_17,ALG8,ALG5,UFD2,UBC7,1.0,0.0,1.0
xgboost_17,ALG8,ALG5,HRD1,UBC7,1.0,0.0,1.0
xgboost_17,ALG8,ALG5,MNS1,ALG5,1.0,0.0,1.0
xgboost_17,ALG8,ALG5,CWH41,ALG5,1.0,0.0,1.0
xgboost_17,ALG8,ALG5,ROT2,ALG5,1.0,0.0,1.0
xgboost_17,ALG8,ALG5,OST5,ALG5,1.0,0.0,1.0
xgboost_17,ALG8,ALG5,PMT2,PMT1,1.0,0.0,1.0
xgboost_17,ALG8,ALG5,TLG2,SEC22,1.0,0.0,1.0
xgboost_17,ALG8,ALG5,GOS1,SEC22,1.0,0.0,1.0
xgboost_17,ALG8,ALG5,UFD2,HRD1,1.0,0.0,1.0
xgboost_17,ALG8,ALG5,UBC7,HRD1,1.0,0.0,1.0
xgboost_17,ALG8,ALG5,CWH41,ALG8,1.0,0.0,1.0
xgboost_17,ALG8,ALG5,OST5,ALG8,1.0,0.0,1.0
xgboost_17,ALG8,ALG5,ALG12,ALG8,1.0,0.0,1.0
xgboost_17,ALG8,ALG5,ALG6,ALG8,1.0,0.0,1.0
xgboost_17,ALG8,ALG5,ALG3,ALG8,1.0,0.0,1.0
xgboost_17,ALG8,ALG5,OST3,ALG8,1.0,0.0,1.0
xgboost_17,ALG8,ALG5,CWH41,ALG12,1.0,0.0,1.0
xgboost_17,ALG8,ALG5,ROT2,ALG12,1.0,0.0,1.0
xgboost_17,ALG8,ALG5,OST5,ALG12,1.0,0.0,1.0
xgboost_17,ALG8,ALG5,DIE2,ALG12,1.0,0.0,1.0
xgboost_17,ALG8,ALG5,ALG5,ALG12,1.0,0.0,1.0
xgboost_17,ALG8,ALG5,ALG8,ALG12,1.0,0.0,1.0
xgboost_17,ALG8,ALG5,ALG6,ALG12,1.0,0.0,1.0
xgboost_17,ALG8,ALG5,ALG3,ALG12,1.0,0.0,1.0
xgboost_17,ALG8,ALG5,OST3,ALG12,1.0,0.0,1.0
xgboost_17,ALG8,ALG5,CWH41,ALG9,1.0,0.0,1.0
xgboost_17,ALG8,ALG5,ROT2,ALG9,1.0,0.0,1.0
xgboost_17,ALG8,ALG5,OST5,ALG9,1.0,0.0,1.0
xgboost_17,ALG8,ALG5,ALG5,ALG9,1.0,0.0,1.0
xgboost_17,ALG8,ALG5,OST3,ALG9,1.0,0.0,1.0
xgboost_17,ALG8,ALG5,MNS1,ALG6,1.0,0.0,1.0
xgboost_17,ALG8,ALG5,CWH41,ALG6,1.0,0.0,1.0
xgboost_17,ALG8,ALG5,ROT2,ALG6,1.0,0.0,1.0
xgboost_17,ALG8,ALG5,OST5,ALG6,1.0,0.0,1.0
xgboost_17,ALG8,ALG5,ALG5,ALG6,1.0,0.0,1.0
xgboost_17,ALG8,ALG5,ALG12,ALG6,1.0,0.0,1.0
xgboost_17,ALG8,ALG5,ALG9,ALG6,1.0,0.0,1.0
xgboost_17,ALG8,ALG5,ALG3,ALG6,1.0,0.0,1.0
xgboost_17,ALG8,ALG5,OST3,ALG6,1.0,0.0,1.0
xgboost_17,ALG8,ALG5,MNS1,ALG3,1.0,0.0,1.0
xgboost_17,ALG8,ALG5,ROT2,ALG3,1.0,0.0,1.0
xgboost_17,ALG8,ALG5,DIE2,ALG3,1.0,0.0,1.0
xgboost_17,ALG8,ALG5,OST3,ALG3,1.0,0.0,1.0
xgboost_17,ALG8,ALG5,PMT1,PMT2,1.0,0.0,1.0
xgboost_17,ALG8,ALG5,CWH41,OST3,1.0,0.0,1.0
xgboost_17,ALG8,ALG5,ROT2,OST3,1.0,0.0,1.0
xgboost_17,ALG8,ALG5,DIE2,OST3,1.0,0.0,1.0
xgboost_17,ALG8,ALG5,ALG5,OST3,1.0,0.0,1.0
xgboost_17,ALG8,ALG5,ALG8,OST3,1.0,0.0,1.0
xgboost_17,ALG8,ALG5,ALG12,OST3,1.0,0.0,1.0
xgboost_17,ALG8,ALG5,ALG9,OST3,1.0,0.0,1.0
xgboost_17,ALG8,ALG5,ALG6,OST3,1.0,0.0,1.0
xgboost_17,ALG8,ALG5,ALG3,OST3,1.0,0.0,1.0
xgboost_17,ALG8,ALG5,MNN2,ANP1,1.0,0.0,1.0
xgboost_17,ALG6,ALG5,ANP1,MNS1,1.0,0.0,1.0
xgboost_17,ALG6,ALG5,BTS1,HMG1,1.0,0.0,1.0
xgboost_17,ALG6,ALG5,PCT1,PSD2,1.0,0.0,1.0
xgboost_17,ALG6,ALG5,DOA4,STP22,1.0,0.0,1.0
xgboost_17,ALG6,ALG5,GCS1,STP22,1.0,0.0,1.0
xgboost_17,ALG6,ALG5,VPS28,STP22,1.0,0.0,1.0
xgboost_17,ALG6,ALG5,GOS1,TLG2,1.0,0.0,1.0
xgboost_17,ALG6,ALG5,SEC22,TLG2,1.0,0.0,1.0
xgboost_17,ALG6,ALG5,STP22,DOA4,1.0,0.0,1.0
xgboost_17,ALG6,ALG5,GCS1,DOA4,1.0,0.0,1.0
xgboost_17,ALG6,ALG5,VPS28,DOA4,1.0,0.0,1.0
xgboost_17,ALG6,ALG5,PSD2,PCT1,1.0,0.0,1.0
xgboost_17,ALG6,ALG5,OST5,CWH41,1.0,0.0,1.0
xgboost_17,ALG6,ALG5,ALG8,CWH41,1.0,0.0,1.0
xgboost_17,ALG6,ALG5,ALG12,CWH41,1.0,0.0,1.0
xgboost_17,ALG6,ALG5,OST3,CWH41,1.0,0.0,1.0
xgboost_17,ALG6,ALG5,TLG2,GOS1,1.0,0.0,1.0
xgboost_17,ALG6,ALG5,SEC22,GOS1,1.0,0.0,1.0
xgboost_17,ALG6,ALG5,ALG5,ROT2,1.0,0.0,1.0
xgboost_17,ALG6,ALG5,ALG6,ROT2,1.0,0.0,1.0
xgboost_17,ALG6,ALG5,OST3,ROT2,1.0,0.0,1.0
xgboost_17,ALG6,ALG5,GCS1,VPS28,1.0,0.0,1.0
xgboost_17,ALG6,ALG5,ROT2,OST5,1.0,0.0,1.0
xgboost_17,ALG6,ALG5,ALG8,OST5,1.0,0.0,1.0
xgboost_17,ALG6,ALG5,OST3,OST5,1.0,0.0,1.0
xgboost_17,ALG6,ALG5,CWH41,DIE2,1.0,0.0,1.0
xgboost_17,ALG6,ALG5,ROT2,DIE2,1.0,0.0,1.0
xgboost_17,ALG6,ALG5,OST5,DIE2,1.0,0.0,1.0
xgboost_17,ALG6,ALG5,ALG5,DIE2,1.0,0.0,1.0
xgboost_17,ALG6,ALG5,ALG12,DIE2,1.0,0.0,1.0
xgboost_17,ALG6,ALG5,ALG9,DIE2,1.0,0.0,1.0
xgboost_17,ALG6,ALG5,ALG3,DIE2,1.0,0.0,1.0
xgboost_17,ALG6,ALG5,OST3,DIE2,1.0,0.0,1.0
xgboost_17,ALG6,ALG5,UFD2,UBC7,1.0,0.0,1.0
xgboost_17,ALG6,ALG5,HRD1,UBC7,1.0,0.0,1.0
xgboost_17,ALG6,ALG5,CWH41,ALG5,1.0,0.0,1.0
xgboost_17,ALG6,ALG5,OST5,ALG5,1.0,0.0,1.0
xgboost_17,ALG6,ALG5,ALG9,ALG5,0.0,1.0,-1.0
xgboost_17,ALG6,ALG5,PMT2,PMT1,1.0,0.0,1.0
xgboost_17,ALG6,ALG5,TLG2,SEC22,1.0,0.0,1.0
xgboost_17,ALG6,ALG5,GOS1,SEC22,1.0,0.0,1.0
xgboost_17,ALG6,ALG5,UFD2,HRD1,1.0,0.0,1.0
xgboost_17,ALG6,ALG5,UBC7,HRD1,1.0,0.0,1.0
xgboost_17,ALG6,ALG5,CWH41,ALG8,1.0,0.0,1.0
xgboost_17,ALG6,ALG5,ROT2,ALG8,1.0,0.0,1.0
xgboost_17,ALG6,ALG5,OST5,ALG8,1.0,0.0,1.0
xgboost_17,ALG6,ALG5,ALG5,ALG8,1.0,0.0,1.0
xgboost_17,ALG6,ALG5,ALG6,ALG8,1.0,0.0,1.0
xgboost_17,ALG6,ALG5,ALG3,ALG8,1.0,0.0,1.0
xgboost_17,ALG6,ALG5,OST3,ALG8,1.0,0.0,1.0
xgboost_17,ALG6,ALG5,CWH41,ALG12,1.0,0.0,1.0
xgboost_17,ALG6,ALG5,ALG3,ALG12,1.0,0.0,1.0
xgboost_17,ALG6,ALG5,OST3,ALG12,1.0,0.0,1.0
xgboost_17,ALG6,ALG5,MNS1,ALG9,1.0,0.0,1.0
xgboost_17,ALG6,ALG5,CWH41,ALG9,1.0,0.0,1.0
xgboost_17,ALG6,ALG5,ROT2,ALG9,1.0,0.0,1.0
xgboost_17,ALG6,ALG5,OST5,ALG9,1.0,0.0,1.0
xgboost_17,ALG6,ALG5,ALG3,ALG9,1.0,0.0,1.0
xgboost_17,ALG6,ALG5,OST3,ALG9,1.0,0.0,1.0
xgboost_17,ALG6,ALG5,CWH41,ALG6,1.0,0.0,1.0
xgboost_17,ALG6,ALG5,ROT2,ALG6,1.0,0.0,1.0
xgboost_17,ALG6,ALG5,OST5,ALG6,1.0,0.0,1.0
xgboost_17,ALG6,ALG5,ALG5,ALG6,1.0,0.0,1.0
xgboost_17,ALG6,ALG5,ALG12,ALG6,1.0,0.0,1.0
xgboost_17,ALG6,ALG5,ALG9,ALG6,1.0,0.0,1.0
xgboost_17,ALG6,ALG5,ALG3,ALG6,1.0,0.0,1.0
xgboost_17,ALG6,ALG5,OST3,ALG6,1.0,0.0,1.0
xgboost_17,ALG6,ALG5,MNS1,ALG3,1.0,0.0,1.0
xgboost_17,ALG6,ALG5,OST5,ALG3,1.0,0.0,1.0
xgboost_17,ALG6,ALG5,DIE2,ALG3,1.0,0.0,1.0
xgboost_17,ALG6,ALG5,OST3,ALG3,1.0,0.0,1.0
xgboost_17,ALG6,ALG5,PMT1,PMT2,1.0,0.0,1.0
xgboost_17,ALG6,ALG5,CWH41,OST3,1.0,0.0,1.0
xgboost_17,ALG6,ALG5,ROT2,OST3,1.0,0.0,1.0
xgboost_17,ALG6,ALG5,ALG3,OST3,1.0,0.0,1.0
xgboost_17,DIE2,ALG8,CWH41,MNS1,1.0,0.0,1.0
xgboost_17,DIE2,ALG8,MNN2,MNS1,1.0,0.0,1.0
xgboost_17,DIE2,ALG8,ROT2,MNS1,1.0,0.0,1.0
xgboost_17,DIE2,ALG8,OST5,MNS1,1.0,0.0,1.0
xgboost_17,DIE2,ALG8,DIE2,MNS1,1.0,0.0,1.0
xgboost_17,DIE2,ALG8,ALG9,MNS1,1.0,0.0,1.0
xgboost_17,DIE2,ALG8,ALG6,MNS1,1.0,0.0,1.0
xgboost_17,DIE2,ALG8,ANP1,MNS1,1.0,0.0,1.0
xgboost_17,DIE2,ALG8,BTS1,HMG1,1.0,0.0,1.0
xgboost_17,DIE2,ALG8,PCT1,PSD2,1.0,0.0,1.0
xgboost_17,DIE2,ALG8,DOA4,STP22,1.0,0.0,1.0
xgboost_17,DIE2,ALG8,GCS1,STP22,1.0,0.0,1.0
xgboost_17,DIE2,ALG8,VPS28,STP22,1.0,0.0,1.0
xgboost_17,DIE2,ALG8,GOS1,TLG2,1.0,0.0,1.0
xgboost_17,DIE2,ALG8,SEC22,TLG2,1.0,0.0,1.0
xgboost_17,DIE2,ALG8,STP22,DOA4,1.0,0.0,1.0
xgboost_17,DIE2,ALG8,GCS1,DOA4,1.0,0.0,1.0
xgboost_17,DIE2,ALG8,VPS28,DOA4,1.0,0.0,1.0
xgboost_17,DIE2,ALG8,PSD2,PCT1,1.0,0.0,1.0
xgboost_17,DIE2,ALG8,OST5,CWH41,1.0,0.0,1.0
xgboost_17,DIE2,ALG8,DIE2,CWH41,1.0,0.0,1.0
xgboost_17,DIE2,ALG8,ALG5,CWH41,1.0,0.0,1.0
xgboost_17,DIE2,ALG8,ALG8,CWH41,1.0,0.0,1.0
xgboost_17,DIE2,ALG8,ALG12,CWH41,1.0,0.0,1.0
xgboost_17,DIE2,ALG8,ALG9,CWH41,1.0,0.0,1.0
xgboost_17,DIE2,ALG8,ALG6,CWH41,1.0,0.0,1.0
xgboost_17,DIE2,ALG8,ALG3,CWH41,1.0,0.0,1.0
xgboost_17,DIE2,ALG8,OST3,CWH41,1.0,0.0,1.0
xgboost_17,DIE2,ALG8,TLG2,GOS1,1.0,0.0,1.0
xgboost_17,DIE2,ALG8,SEC22,GOS1,1.0,0.0,1.0
xgboost_17,DIE2,ALG8,STP22,GCS1,1.0,0.0,1.0
xgboost_17,DIE2,ALG8,DOA4,GCS1,1.0,0.0,1.0
xgboost_17,DIE2,ALG8,VPS28,GCS1,1.0,0.0,1.0
xgboost_17,DIE2,ALG8,CWH41,ROT2,1.0,0.0,1.0
xgboost_17,DIE2,ALG8,OST5,ROT2,1.0,0.0,1.0
xgboost_17,DIE2,ALG8,ALG5,ROT2,1.0,0.0,1.0
xgboost_17,DIE2,ALG8,ALG9,ROT2,1.0,0.0,1.0
xgboost_17,DIE2,ALG8,ALG6,ROT2,1.0,0.0,1.0
xgboost_17,DIE2,ALG8,ALG3,ROT2,1.0,0.0,1.0
xgboost_17,DIE2,ALG8,OST3,ROT2,1.0,0.0,1.0
xgboost_17,DIE2,ALG8,DOA4,VPS28,1.0,0.0,1.0
xgboost_17,DIE2,ALG8,GCS1,VPS28,1.0,0.0,1.0
xgboost_17,DIE2,ALG8,MNS1,OST5,1.0,0.0,1.0
xgboost_17,DIE2,ALG8,CWH41,OST5,1.0,0.0,1.0
xgboost_17,DIE2,ALG8,ROT2,OST5,1.0,0.0,1.0
xgboost_17,DIE2,ALG8,ALG5,OST5,1.0,0.0,1.0
xgboost_17,DIE2,ALG8,ALG8,OST5,1.0,0.0,1.0
xgboost_17,DIE2,ALG8,ALG12,OST5,1.0,0.0,1.0
xgboost_17,DIE2,ALG8,ALG6,OST5,1.0,0.0,1.0
xgboost_17,DIE2,ALG8,OST3,OST5,1.0,0.0,1.0
xgboost_17,DIE2,ALG8,MNS1,DIE2,1.0,0.0,1.0
xgboost_17,DIE2,ALG8,CWH41,DIE2,1.0,0.0,1.0
xgboost_17,DIE2,ALG8,ROT2,DIE2,1.0,0.0,1.0
xgboost_17,DIE2,ALG8,OST5,DIE2,1.0,0.0,1.0
xgboost_17,DIE2,ALG8,ALG5,DIE2,1.0,0.0,1.0
xgboost_17,DIE2,ALG8,ALG12,DIE2,1.0,0.0,1.0
xgboost_17,DIE2,ALG8,ALG9,DIE2,1.0,0.0,1.0
xgboost_17,DIE2,ALG8,ALG6,DIE2,1.0,0.0,1.0
xgboost_17,DIE2,ALG8,ALG3,DIE2,1.0,0.0,1.0
xgboost_17,DIE2,ALG8,OST3,DIE2,1.0,0.0,1.0
xgboost_17,DIE2,ALG8,UFD2,UBC7,1.0,0.0,1.0
xgboost_17,DIE2,ALG8,HRD1,UBC7,1.0,0.0,1.0
xgboost_17,DIE2,ALG8,MNS1,ALG5,1.0,0.0,1.0
xgboost_17,DIE2,ALG8,CWH41,ALG5,1.0,0.0,1.0
xgboost_17,DIE2,ALG8,ROT2,ALG5,1.0,0.0,1.0
xgboost_17,DIE2,ALG8,OST5,ALG5,1.0,0.0,1.0
xgboost_17,DIE2,ALG8,ALG12,ALG5,1.0,0.0,1.0
xgboost_17,DIE2,ALG8,ALG9,ALG5,1.0,0.0,1.0
xgboost_17,DIE2,ALG8,ALG3,ALG5,1.0,0.0,1.0
xgboost_17,DIE2,ALG8,OST3,ALG5,1.0,0.0,1.0
xgboost_17,DIE2,ALG8,PMT2,PMT1,1.0,0.0,1.0
xgboost_17,DIE2,ALG8,TLG2,SEC22,1.0,0.0,1.0
xgboost_17,DIE2,ALG8,GOS1,SEC22,1.0,0.0,1.0
xgboost_17,DIE2,ALG8,UFD2,HRD1,1.0,0.0,1.0
xgboost_17,DIE2,ALG8,UBC7,HRD1,1.0,0.0,1.0
xgboost_17,DIE2,ALG8,MNS1,ALG8,1.0,0.0,1.0
xgboost_17,DIE2,ALG8,CWH41,ALG8,1.0,0.0,1.0
xgboost_17,DIE2,ALG8,ROT2,ALG8,1.0,0.0,1.0
xgboost_17,DIE2,ALG8,OST5,ALG8,1.0,0.0,1.0
xgboost_17,DIE2,ALG8,ALG5,ALG8,1.0,0.0,1.0
xgboost_17,DIE2,ALG8,ALG12,ALG8,1.0,0.0,1.0
xgboost_17,DIE2,ALG8,ALG9,ALG8,1.0,0.0,1.0
xgboost_17,DIE2,ALG8,ALG6,ALG8,1.0,0.0,1.0
xgboost_17,DIE2,ALG8,ALG3,ALG8,1.0,0.0,1.0
xgboost_17,DIE2,ALG8,OST3,ALG8,1.0,0.0,1.0
xgboost_17,DIE2,ALG8,MNS1,ALG12,1.0,0.0,1.0
xgboost_17,DIE2,ALG8,CWH41,ALG12,1.0,0.0,1.0
xgboost_17,DIE2,ALG8,ROT2,ALG12,1.0,0.0,1.0
xgboost_17,DIE2,ALG8,OST5,ALG12,1.0,0.0,1.0
xgboost_17,DIE2,ALG8,DIE2,ALG12,1.0,0.0,1.0
xgboost_17,DIE2,ALG8,ALG5,ALG12,1.0,0.0,1.0
xgboost_17,DIE2,ALG8,ALG8,ALG12,1.0,0.0,1.0
xgboost_17,DIE2,ALG8,ALG9,ALG12,1.0,0.0,1.0
xgboost_17,DIE2,ALG8,ALG6,ALG12,1.0,0.0,1.0
xgboost_17,DIE2,ALG8,ALG3,ALG12,1.0,0.0,1.0
xgboost_17,DIE2,ALG8,OST3,ALG12,1.0,0.0,1.0
xgboost_17,DIE2,ALG8,MNS1,ALG9,1.0,0.0,1.0
xgboost_17,DIE2,ALG8,CWH41,ALG9,1.0,0.0,1.0
xgboost_17,DIE2,ALG8,ROT2,ALG9,1.0,0.0,1.0
xgboost_17,DIE2,ALG8,OST5,ALG9,1.0,0.0,1.0
xgboost_17,DIE2,ALG8,ALG5,ALG9,1.0,0.0,1.0
xgboost_17,DIE2,ALG8,ALG3,ALG9,1.0,0.0,1.0
xgboost_17,DIE2,ALG8,OST3,ALG9,1.0,0.0,1.0
xgboost_17,DIE2,ALG8,MNS1,ALG6,1.0,0.0,1.0
xgboost_17,DIE2,ALG8,CWH41,ALG6,1.0,0.0,1.0
xgboost_17,DIE2,ALG8,ROT2,ALG6,1.0,0.0,1.0
xgboost_17,DIE2,ALG8,OST5,ALG6,1.0,0.0,1.0
xgboost_17,DIE2,ALG8,ALG5,ALG6,1.0,0.0,1.0
xgboost_17,DIE2,ALG8,ALG12,ALG6,1.0,0.0,1.0
xgboost_17,DIE2,ALG8,ALG9,ALG6,1.0,0.0,1.0
xgboost_17,DIE2,ALG8,ALG3,ALG6,1.0,0.0,1.0
xgboost_17,DIE2,ALG8,OST3,ALG6,1.0,0.0,1.0
xgboost_17,DIE2,ALG8,MNS1,ALG3,1.0,0.0,1.0
xgboost_17,DIE2,ALG8,CWH41,ALG3,1.0,0.0,1.0
xgboost_17,DIE2,ALG8,ROT2,ALG3,1.0,0.0,1.0
xgboost_17,DIE2,ALG8,OST5,ALG3,1.0,0.0,1.0
xgboost_17,DIE2,ALG8,DIE2,ALG3,1.0,0.0,1.0
xgboost_17,DIE2,ALG8,ALG8,ALG3,1.0,0.0,1.0
xgboost_17,DIE2,ALG8,OST3,ALG3,1.0,0.0,1.0
xgboost_17,DIE2,ALG8,PMT1,PMT2,1.0,0.0,1.0
xgboost_17,DIE2,ALG8,MNS1,OST3,1.0,0.0,1.0
xgboost_17,DIE2,ALG8,CWH41,OST3,1.0,0.0,1.0
xgboost_17,DIE2,ALG8,ROT2,OST3,1.0,0.0,1.0
xgboost_17,DIE2,ALG8,DIE2,OST3,1.0,0.0,1.0
xgboost_17,DIE2,ALG8,ALG5,OST3,1.0,0.0,1.0
xgboost_17,DIE2,ALG8,ALG8,OST3,1.0,0.0,1.0
xgboost_17,DIE2,ALG8,ALG12,OST3,1.0,0.0,1.0
xgboost_17,DIE2,ALG8,ALG9,OST3,1.0,0.0,1.0
xgboost_17,DIE2,ALG8,ALG6,OST3,1.0,0.0,1.0
xgboost_17,DIE2,ALG8,ALG3,OST3,1.0,0.0,1.0
xgboost_17,DIE2,ALG8,MNN2,ANP1,1.0,0.0,1.0
xgboost_17,DIE2,ALG9,ANP1,MNS1,1.0,0.0,1.0
xgboost_17,DIE2,ALG9,BTS1,HMG1,1.0,0.0,1.0
xgboost_17,DIE2,ALG9,PCT1,PSD2,1.0,0.0,1.0
xgboost_17,DIE2,ALG9,DOA4,STP22,1.0,0.0,1.0
xgboost_17,DIE2,ALG9,GCS1,STP22,1.0,0.0,1.0
xgboost_17,DIE2,ALG9,VPS28,STP22,1.0,0.0,1.0
xgboost_17,DIE2,ALG9,GOS1,TLG2,1.0,0.0,1.0
xgboost_17,DIE2,ALG9,STP22,DOA4,1.0,0.0,1.0
xgboost_17,DIE2,ALG9,GCS1,DOA4,1.0,0.0,1.0
xgboost_17,DIE2,ALG9,VPS28,DOA4,1.0,0.0,1.0
xgboost_17,DIE2,ALG9,PSD2,PCT1,1.0,0.0,1.0
xgboost_17,DIE2,ALG9,OST5,CWH41,1.0,0.0,1.0
xgboost_17,DIE2,ALG9,DIE2,CWH41,1.0,0.0,1.0
xgboost_17,DIE2,ALG9,OST3,CWH41,1.0,0.0,1.0
xgboost_17,DIE2,ALG9,TLG2,GOS1,1.0,0.0,1.0
xgboost_17,DIE2,ALG9,DOA4,GCS1,1.0,0.0,1.0
xgboost_17,DIE2,ALG9,VPS28,GCS1,1.0,0.0,1.0
xgboost_17,DIE2,ALG9,CWH41,ROT2,1.0,0.0,1.0
xgboost_17,DIE2,ALG9,OST5,ROT2,1.0,0.0,1.0
xgboost_17,DIE2,ALG9,ALG5,ROT2,1.0,0.0,1.0
xgboost_17,DIE2,ALG9,OST3,ROT2,1.0,0.0,1.0
xgboost_17,DIE2,ALG9,DOA4,VPS28,1.0,0.0,1.0
xgboost_17,DIE2,ALG9,GCS1,VPS28,1.0,0.0,1.0
xgboost_17,DIE2,ALG9,MNS1,OST5,1.0,0.0,1.0
xgboost_17,DIE2,ALG9,CWH41,OST5,1.0,0.0,1.0
xgboost_17,DIE2,ALG9,ROT2,OST5,1.0,0.0,1.0
xgboost_17,DIE2,ALG9,OST3,OST5,1.0,0.0,1.0
xgboost_17,DIE2,ALG9,CWH41,DIE2,1.0,0.0,1.0
xgboost_17,DIE2,ALG9,ROT2,DIE2,1.0,0.0,1.0
xgboost_17,DIE2,ALG9,OST5,DIE2,1.0,0.0,1.0
xgboost_17,DIE2,ALG9,ALG5,DIE2,1.0,0.0,1.0
xgboost_17,DIE2,ALG9,ALG12,DIE2,1.0,0.0,1.0
xgboost_17,DIE2,ALG9,ALG3,DIE2,1.0,0.0,1.0
xgboost_17,DIE2,ALG9,UFD2,UBC7,1.0,0.0,1.0
xgboost_17,DIE2,ALG9,HRD1,UBC7,1.0,0.0,1.0
xgboost_17,DIE2,ALG9,MNS1,ALG5,1.0,0.0,1.0
xgboost_17,DIE2,ALG9,CWH41,ALG5,1.0,0.0,1.0
xgboost_17,DIE2,ALG9,ROT2,ALG5,1.0,0.0,1.0
xgboost_17,DIE2,ALG9,OST5,ALG5,1.0,0.0,1.0
xgboost_17,DIE2,ALG9,PMT2,PMT1,1.0,0.0,1.0
xgboost_17,DIE2,ALG9,TLG2,SEC22,1.0,0.0,1.0
xgboost_17,DIE2,ALG9,GOS1,SEC22,1.0,0.0,1.0
xgboost_17,DIE2,ALG9,UFD2,HRD1,1.0,0.0,1.0
xgboost_17,DIE2,ALG9,UBC7,HRD1,1.0,0.0,1.0
xgboost_17,DIE2,ALG9,MNS1,ALG8,1.0,0.0,1.0
xgboost_17,DIE2,ALG9,CWH41,ALG8,1.0,0.0,1.0
xgboost_17,DIE2,ALG9,OST5,ALG8,1.0,0.0,1.0
xgboost_17,DIE2,ALG9,ALG12,ALG8,1.0,0.0,1.0
xgboost_17,DIE2,ALG9,ALG6,ALG8,1.0,0.0,1.0
xgboost_17,DIE2,ALG9,ALG3,ALG8,1.0,0.0,1.0
xgboost_17,DIE2,ALG9,OST3,ALG8,1.0,0.0,1.0
xgboost_17,DIE2,ALG9,CWH41,ALG12,1.0,0.0,1.0
xgboost_17,DIE2,ALG9,ROT2,ALG12,1.0,0.0,1.0
xgboost_17,DIE2,ALG9,OST5,ALG12,1.0,0.0,1.0
xgboost_17,DIE2,ALG9,DIE2,ALG12,1.0,0.0,1.0
xgboost_17,DIE2,ALG9,ALG5,ALG12,1.0,0.0,1.0
xgboost_17,DIE2,ALG9,ALG8,ALG12,1.0,0.0,1.0
xgboost_17,DIE2,ALG9,ALG6,ALG12,1.0,0.0,1.0
xgboost_17,DIE2,ALG9,ALG3,ALG12,1.0,0.0,1.0
xgboost_17,DIE2,ALG9,OST3,ALG12,1.0,0.0,1.0
xgboost_17,DIE2,ALG9,MNS1,ALG9,1.0,0.0,1.0
xgboost_17,DIE2,ALG9,CWH41,ALG9,1.0,0.0,1.0
xgboost_17,DIE2,ALG9,ROT2,ALG9,1.0,0.0,1.0
xgboost_17,DIE2,ALG9,OST5,ALG9,1.0,0.0,1.0
xgboost_17,DIE2,ALG9,ALG5,ALG9,1.0,0.0,1.0
xgboost_17,DIE2,ALG9,OST3,ALG9,1.0,0.0,1.0
xgboost_17,DIE2,ALG9,MNS1,ALG6,1.0,0.0,1.0
xgboost_17,DIE2,ALG9,CWH41,ALG6,1.0,0.0,1.0
xgboost_17,DIE2,ALG9,ROT2,ALG6,1.0,0.0,1.0
xgboost_17,DIE2,ALG9,OST5,ALG6,1.0,0.0,1.0
xgboost_17,DIE2,ALG9,ALG5,ALG6,1.0,0.0,1.0
xgboost_17,DIE2,ALG9,ALG12,ALG6,1.0,0.0,1.0
xgboost_17,DIE2,ALG9,ALG9,ALG6,1.0,0.0,1.0
xgboost_17,DIE2,ALG9,ALG3,ALG6,1.0,0.0,1.0
xgboost_17,DIE2,ALG9,OST3,ALG6,1.0,0.0,1.0
xgboost_17,DIE2,ALG9,MNS1,ALG3,1.0,0.0,1.0
xgboost_17,DIE2,ALG9,ROT2,ALG3,1.0,0.0,1.0
xgboost_17,DIE2,ALG9,DIE2,ALG3,1.0,0.0,1.0
xgboost_17,DIE2,ALG9,OST3,ALG3,1.0,0.0,1.0
xgboost_17,DIE2,ALG9,PMT1,PMT2,1.0,0.0,1.0
xgboost_17,DIE2,ALG9,MNS1,OST3,1.0,0.0,1.0
xgboost_17,DIE2,ALG9,CWH41,OST3,1.0,0.0,1.0
xgboost_17,DIE2,ALG9,ROT2,OST3,1.0,0.0,1.0
xgboost_17,DIE2,ALG9,DIE2,OST3,1.0,0.0,1.0
xgboost_17,DIE2,ALG9,ALG5,OST3,1.0,0.0,1.0
xgboost_17,DIE2,ALG9,ALG8,OST3,1.0,0.0,1.0
xgboost_17,DIE2,ALG9,ALG12,OST3,1.0,0.0,1.0
xgboost_17,DIE2,ALG9,ALG9,OST3,1.0,0.0,1.0
xgboost_17,DIE2,ALG9,ALG6,OST3,1.0,0.0,1.0
xgboost_17,DIE2,ALG9,ALG3,OST3,1.0,0.0,1.0
xgboost_17,DIE2,ALG9,MNN2,ANP1,1.0,0.0,1.0
xgboost_17,ALG8,ALG9,ANP1,MNS1,1.0,0.0,1.0
xgboost_17,ALG8,ALG9,DOA4,STP22,1.0,0.0,1.0
xgboost_17,ALG8,ALG9,GCS1,STP22,1.0,0.0,1.0
xgboost_17,ALG8,ALG9,VPS28,STP22,1.0,0.0,1.0
xgboost_17,ALG8,ALG9,STP22,DOA4,1.0,0.0,1.0
xgboost_17,ALG8,ALG9,GCS1,DOA4,1.0,0.0,1.0
xgboost_17,ALG8,ALG9,PSD2,PCT1,1.0,0.0,1.0
xgboost_17,ALG8,ALG9,OST5,CWH41,1.0,0.0,1.0
xgboost_17,ALG8,ALG9,TLG2,GOS1,1.0,0.0,1.0
xgboost_17,ALG8,ALG9,DOA4,GCS1,1.0,0.0,1.0
xgboost_17,ALG8,ALG9,OST5,ROT2,1.0,0.0,1.0
xgboost_17,ALG8,ALG9,ALG5,ROT2,1.0,0.0,1.0
xgboost_17,ALG8,ALG9,OST3,ROT2,1.0,0.0,1.0
xgboost_17,ALG8,ALG9,DOA4,VPS28,1.0,0.0,1.0
xgboost_17,ALG8,ALG9,GCS1,VPS28,1.0,0.0,1.0
xgboost_17,ALG8,ALG9,MNS1,OST5,1.0,0.0,1.0
xgboost_17,ALG8,ALG9,ROT2,OST5,1.0,0.0,1.0
xgboost_17,ALG8,ALG9,CWH41,DIE2,1.0,0.0,1.0
xgboost_17,ALG8,ALG9,ROT2,DIE2,1.0,0.0,1.0
xgboost_17,ALG8,ALG9,OST5,DIE2,1.0,0.0,1.0
xgboost_17,ALG8,ALG9,ALG12,DIE2,1.0,0.0,1.0
xgboost_17,ALG8,ALG9,ALG3,DIE2,1.0,0.0,1.0
xgboost_17,ALG8,ALG9,HRD1,UBC7,1.0,0.0,1.0
xgboost_17,ALG8,ALG9,CWH41,ALG5,1.0,0.0,1.0
xgboost_17,ALG8,ALG9,ROT2,ALG5,1.0,0.0,1.0
xgboost_17,ALG8,ALG9,OST5,ALG5,1.0,0.0,1.0
xgboost_17,ALG8,ALG9,TLG2,SEC22,1.0,0.0,1.0
xgboost_17,ALG8,ALG9,GOS1,SEC22,1.0,0.0,1.0
xgboost_17,ALG8,ALG9,UBC7,HRD1,1.0,0.0,1.0
xgboost_17,ALG8,ALG9,CWH41,ALG8,1.0,0.0,1.0
xgboost_17,ALG8,ALG9,OST5,ALG8,1.0,0.0,1.0
xgboost_17,ALG8,ALG9,ALG6,ALG8,1.0,0.0,1.0
xgboost_17,ALG8,ALG9,OST3,ALG8,1.0,0.0,1.0
xgboost_17,ALG8,ALG9,DIE2,ALG12,1.0,0.0,1.0
xgboost_17,ALG8,ALG9,ALG8,ALG12,1.0,0.0,1.0
xgboost_17,ALG8,ALG9,ALG3,ALG12,1.0,0.0,1.0
xgboost_17,ALG8,ALG9,OST3,ALG12,1.0,0.0,1.0
xgboost_17,ALG8,ALG9,CWH41,ALG9,1.0,0.0,1.0
xgboost_17,ALG8,ALG9,OST5,ALG9,1.0,0.0,1.0
xgboost_17,ALG8,ALG9,ALG5,ALG9,1.0,0.0,1.0
xgboost_17,ALG8,ALG9,OST3,ALG9,1.0,0.0,1.0
xgboost_17,ALG8,ALG9,ROT2,ALG6,1.0,0.0,1.0
xgboost_17,ALG8,ALG9,OST5,ALG6,1.0,0.0,1.0
xgboost_17,ALG8,ALG9,ALG5,ALG6,1.0,0.0,1.0
xgboost_17,ALG8,ALG9,ALG12,ALG6,1.0,0.0,1.0
xgboost_17,ALG8,ALG9,ALG9,ALG6,1.0,0.0,1.0
xgboost_17,ALG8,ALG9,ALG3,ALG6,1.0,0.0,1.0
xgboost_17,ALG8,ALG9,OST3,ALG6,1.0,0.0,1.0
xgboost_17,ALG8,ALG9,MNS1,ALG3,1.0,0.0,1.0
xgboost_17,ALG8,ALG9,ROT2,ALG3,1.0,0.0,1.0
xgboost_17,ALG8,ALG9,DIE2,ALG3,1.0,0.0,1.0
xgboost_17,ALG8,ALG9,OST3,ALG3,1.0,0.0,1.0
xgboost_17,ALG8,ALG9,PMT1,PMT2,1.0,0.0,1.0
xgboost_17,ALG8,ALG9,CWH41,OST3,1.0,0.0,1.0
xgboost_17,ALG8,ALG9,ROT2,OST3,1.0,0.0,1.0
xgboost_17,ALG8,ALG9,ALG8,OST3,1.0,0.0,1.0
xgboost_17,ALG8,ALG9,ALG12,OST3,1.0,0.0,1.0
xgboost_17,ALG8,ALG9,ALG6,OST3,1.0,0.0,1.0
xgboost_17,ALG8,ALG9,ALG3,OST3,1.0,0.0,1.0
xgboost_17,ALG12,ALG9,PSD2,PCT1,1.0,0.0,1.0
xgboost_17,ALG12,ALG9,CWH41,OST5,1.0,0.0,1.0
xgboost_17,ALG12,ALG9,ALG9,OST5,0.0,1.0,-1.0
xgboost_17,ALG12,ALG9,HRD1,UBC7,1.0,0.0,1.0
xgboost_17,ALG12,ALG9,OST5,ALG5,1.0,0.0,1.0
xgboost_17,ALG12,ALG9,OST5,ALG12,1.0,0.0,1.0
xgboost_17,ALG12,ALG9,ALG5,ALG12,1.0,0.0,1.0
xgboost_17,ALG12,ALG9,ALG9,ALG12,1.0,0.0,1.0
xgboost_17,ALG12,ALG9,ALG6,ALG12,1.0,0.0,1.0
xgboost_17,ALG12,ALG9,OST3,ALG12,1.0,0.0,1.0
xgboost_17,ALG12,ALG9,ALG12,ALG6,1.0,0.0,1.0
xgboost_17,ALG12,ALG9,OST3,ALG6,1.0,0.0,1.0
xgboost_17,ALG12,ALG9,ALG8,ALG3,1.0,0.0,1.0
xgboost_17,ALG12,ALG9,OST3,ALG3,1.0,0.0,1.0
xgboost_17,ALG6,ALG9,PSD2,PCT1,1.0,0.0,1.0
xgboost_17,ALG6,ALG9,STP22,GCS1,0.0,1.0,-1.0
xgboost_17,ALG6,ALG9,DOA4,GCS1,0.0,1.0,-1.0
xgboost_17,ALG6,ALG9,VPS28,GCS1,0.0,1.0,-1.0
xgboost_17,ALG6,ALG9,CWH41,ROT2,0.0,1.0,-1.0
xgboost_17,ALG6,ALG9,OST5,ROT2,0.0,1.0,-1.0
xgboost_17,ALG6,ALG9,DOA4,VPS28,0.0,1.0,-1.0
xgboost_17,ALG6,ALG9,MNS1,OST5,0.0,1.0,-1.0
xgboost_17,ALG6,ALG9,ALG12,OST5,0.0,1.0,-1.0
xgboost_17,ALG6,ALG9,ALG9,OST5,0.0,1.0,-1.0
xgboost_17,ALG6,ALG9,MNS1,DIE2,0.0,1.0,-1.0
xgboost_17,ALG6,ALG9,HRD1,UBC7,1.0,0.0,1.0
xgboost_17,ALG6,ALG9,MNS1,ALG5,0.0,1.0,-1.0
xgboost_17,ALG6,ALG9,ROT2,ALG5,0.0,1.0,-1.0
xgboost_17,ALG6,ALG9,OST5,ALG5,1.0,0.0,1.0
xgboost_17,ALG6,ALG9,ALG12,ALG5,0.0,1.0,-1.0
xgboost_17,ALG6,ALG9,ALG12,ALG8,0.0,1.0,-1.0
xgboost_17,ALG6,ALG9,ROT2,ALG12,0.0,1.0,-1.0
xgboost_17,ALG6,ALG9,DIE2,ALG12,0.0,1.0,-1.0
xgboost_17,ALG6,ALG9,ALG8,ALG12,0.0,1.0,-1.0
xgboost_17,ALG6,ALG9,ALG9,ALG12,0.0,1.0,-1.0
xgboost_17,ALG6,ALG9,OST3,ALG12,1.0,0.0,1.0
xgboost_17,ALG6,ALG9,ALG5,ALG9,0.0,1.0,-1.0
xgboost_17,ALG6,ALG9,MNS1,ALG6,0.0,1.0,-1.0
xgboost_17,ALG6,ALG9,ALG12,ALG6,1.0,0.0,1.0
xgboost_17,ALG6,ALG9,OST3,ALG6,1.0,0.0,1.0
xgboost_17,ALG6,ALG9,ROT2,ALG3,0.0,1.0,-1.0
xgboost_17,ALG6,ALG9,OST3,ALG3,1.0,0.0,1.0
xgboost_17,ALG6,ALG9,MNS1,OST3,0.0,1.0,-1.0
xgboost_17,ALG6,ALG9,ALG5,OST3,0.0,1.0,-1.0
xgboost_17,ALG6,ALG9,ALG12,OST3,0.0,1.0,-1.0
xgboost_17,ALG6,ALG9,ALG9,OST3,0.0,1.0,-1.0
xgboost_17,ALG6,ALG9,MNN2,ANP1,0.0,1.0,-1.0
xgboost_17,DIE2,ALG6,DOA4,STP22,1.0,0.0,1.0
xgboost_17,DIE2,ALG6,VPS28,STP22,1.0,0.0,1.0
xgboost_17,DIE2,ALG6,STP22,DOA4,1.0,0.0,1.0
xgboost_17,DIE2,ALG6,GCS1,DOA4,1.0,0.0,1.0
xgboost_17,DIE2,ALG6,PSD2,PCT1,1.0,0.0,1.0
xgboost_17,DIE2,ALG6,OST5,CWH41,1.0,0.0,1.0
xgboost_17,DIE2,ALG6,TLG2,GOS1,1.0,0.0,1.0
xgboost_17,DIE2,ALG6,DOA4,GCS1,1.0,0.0,1.0
xgboost_17,DIE2,ALG6,OST5,ROT2,0.0,1.0,-1.0
xgboost_17,DIE2,ALG6,DOA4,VPS28,1.0,0.0,1.0
xgboost_17,DIE2,ALG6,GCS1,VPS28,1.0,0.0,1.0
xgboost_17,DIE2,ALG6,ROT2,OST5,1.0,0.0,1.0
xgboost_17,DIE2,ALG6,ALG12,OST5,0.0,1.0,-1.0
xgboost_17,DIE2,ALG6,CWH41,DIE2,1.0,0.0,1.0
xgboost_17,DIE2,ALG6,OST5,DIE2,1.0,0.0,1.0
xgboost_17,DIE2,ALG6,ALG12,DIE2,1.0,0.0,1.0
xgboost_17,DIE2,ALG6,HRD1,UBC7,1.0,0.0,1.0
xgboost_17,DIE2,ALG6,CWH41,ALG5,1.0,0.0,1.0
xgboost_17,DIE2,ALG6,ROT2,ALG5,1.0,0.0,1.0
xgboost_17,DIE2,ALG6,OST5,ALG5,1.0,0.0,1.0
xgboost_17,DIE2,ALG6,TLG2,SEC22,1.0,0.0,1.0
xgboost_17,DIE2,ALG6,UBC7,HRD1,1.0,0.0,1.0
xgboost_17,DIE2,ALG6,CWH41,ALG8,1.0,0.0,1.0
xgboost_17,DIE2,ALG6,OST5,ALG8,1.0,0.0,1.0
xgboost_17,DIE2,ALG6,ALG6,ALG8,1.0,0.0,1.0
xgboost_17,DIE2,ALG6,OST3,ALG8,1.0,0.0,1.0
xgboost_17,DIE2,ALG6,DIE2,ALG12,1.0,0.0,1.0
xgboost_17,DIE2,ALG6,ALG8,ALG12,1.0,0.0,1.0
xgboost_17,DIE2,ALG6,ALG3,ALG12,1.0,0.0,1.0
xgboost_17,DIE2,ALG6,OST3,ALG12,1.0,0.0,1.0
xgboost_17,DIE2,ALG6,OST5,ALG9,1.0,0.0,1.0
xgboost_17,DIE2,ALG6,ALG5,ALG9,1.0,0.0,1.0
xgboost_17,DIE2,ALG6,OST3,ALG9,1.0,0.0,1.0
xgboost_17,DIE2,ALG6,ALG5,ALG6,1.0,0.0,1.0
xgboost_17,DIE2,ALG6,ALG12,ALG6,1.0,0.0,1.0
xgboost_17,DIE2,ALG6,ALG9,ALG6,1.0,0.0,1.0
xgboost_17,DIE2,ALG6,ALG3,ALG6,1.0,0.0,1.0
xgboost_17,DIE2,ALG6,OST3,ALG6,1.0,0.0,1.0
xgboost_17,DIE2,ALG6,ROT2,ALG3,1.0,0.0,1.0
xgboost_17,DIE2,ALG6,DIE2,ALG3,1.0,0.0,1.0
xgboost_17,DIE2,ALG6,OST3,ALG3,1.0,0.0,1.0
xgboost_17,DIE2,ALG6,PMT1,PMT2,1.0,0.0,1.0
xgboost_17,DIE2,ALG6,MNS1,OST3,0.0,1.0,-1.0
xgboost_17,DIE2,ALG6,ALG8,OST3,1.0,0.0,1.0
xgboost_17,DIE2,ALG6,ALG9,OST3,0.0,1.0,-1.0
xgboost_17,DIE2,ALG6,ALG6,OST3,1.0,0.0,1.0
xgboost_17,DIE2,ALG6,ALG3,OST3,1.0,0.0,1.0
xgboost_17,ALG8,ALG6,PSD2,PCT1,1.0,0.0,1.0
xgboost_17,ALG8,ALG6,STP22,GCS1,0.0,1.0,-1.0
xgboost_17,ALG8,ALG6,VPS28,GCS1,0.0,1.0,-1.0
xgboost_17,ALG8,ALG6,ALG12,OST5,0.0,1.0,-1.0
xgboost_17,ALG8,ALG6,ALG9,OST5,0.0,1.0,-1.0
xgboost_17,ALG8,ALG6,MNS1,DIE2,0.0,1.0,-1.0
xgboost_17,ALG8,ALG6,HRD1,UBC7,1.0,0.0,1.0
xgboost_17,ALG8,ALG6,OST5,ALG5,1.0,0.0,1.0
xgboost_17,ALG8,ALG6,ALG12,ALG5,0.0,1.0,-1.0
xgboost_17,ALG8,ALG6,ALG12,ALG8,0.0,1.0,-1.0
xgboost_17,ALG8,ALG6,ROT2,ALG12,0.0,1.0,-1.0
xgboost_17,ALG8,ALG6,OST3,ALG12,1.0,0.0,1.0
xgboost_17,ALG8,ALG6,MNS1,ALG6,0.0,1.0,-1.0
xgboost_17,ALG8,ALG6,ALG12,ALG6,1.0,0.0,1.0
xgboost_17,ALG8,ALG6,OST3,ALG6,1.0,0.0,1.0
xgboost_17,ALG8,ALG6,ROT2,ALG3,1.0,0.0,1.0
xgboost_17,ALG8,ALG6,OST3,ALG3,1.0,0.0,1.0
xgboost_17,ALG8,ALG6,ALG5,OST3,0.0,1.0,-1.0
xgboost_17,ALG8,ALG6,ALG12,OST3,0.0,1.0,-1.0
xgboost_17,ALG8,ALG6,ALG9,OST3,0.0,1.0,-1.0
xgboost_17,ALG8,ALG6,MNN2,ANP1,0.0,1.0,-1.0
xgboost_17,ALG12,ALG3,DIE2,OST5,1.0,0.0,1.0
xgboost_17,ALG12,ALG3,OST5,ALG12,1.0,0.0,1.0
xgboost_17,ALG12,ALG3,ALG6,ALG3,1.0,0.0,1.0
xgboost_17,ALG9,ALG3,PSD2,PCT1,1.0,0.0,1.0
xgboost_17,ALG9,ALG3,HRD1,UBC7,1.0,0.0,1.0
xgboost_17,ALG9,ALG3,OST5,ALG5,1.0,0.0,1.0
xgboost_17,ALG9,ALG3,OST5,ALG12,1.0,0.0,1.0
xgboost_17,ALG9,ALG3,ALG6,ALG12,1.0,0.0,1.0
xgboost_17,ALG9,ALG3,ALG12,ALG6,1.0,0.0,1.0
xgboost_17,ALG9,ALG3,OST3,ALG6,1.0,0.0,1.0
xgboost_17,ALG9,ALG3,OST3,ALG3,1.0,0.0,1.0
xgboost_17,OST5,OST3,PSD2,PCT1,1.0,0.0,1.0
xgboost_17,OST5,OST3,STP22,GCS1,0.0,1.0,-1.0
xgboost_17,OST5,OST3,VPS28,GCS1,1.0,0.0,1.0
xgboost_17,OST5,OST3,CWH41,ROT2,1.0,0.0,1.0
xgboost_17,OST5,OST3,CWH41,OST5,1.0,0.0,1.0
xgboost_17,OST5,OST3,ALG12,OST5,0.0,1.0,-1.0
xgboost_17,OST5,OST3,MNS1,DIE2,0.0,1.0,-1.0
xgboost_17,OST5,OST3,HRD1,UBC7,1.0,0.0,1.0
xgboost_17,OST5,OST3,ROT2,ALG5,1.0,0.0,1.0
xgboost_17,OST5,OST3,OST5,ALG5,1.0,0.0,1.0
xgboost_17,OST5,OST3,ALG12,ALG5,0.0,1.0,-1.0
xgboost_17,OST5,OST3,OST3,ALG8,1.0,0.0,1.0
xgboost_17,OST5,OST3,OST5,ALG12,1.0,0.0,1.0
xgboost_17,OST5,OST3,ALG5,ALG12,1.0,0.0,1.0
xgboost_17,OST5,OST3,ALG6,ALG12,1.0,0.0,1.0
xgboost_17,OST5,OST3,OST3,ALG12,1.0,0.0,1.0
xgboost_17,OST5,OST3,ALG12,ALG6,1.0,0.0,1.0
xgboost_17,OST5,OST3,OST3,ALG6,1.0,0.0,1.0
xgboost_17,OST5,OST3,ROT2,ALG3,1.0,0.0,1.0
xgboost_17,OST5,OST3,OST3,ALG3,1.0,0.0,1.0
xgboost_17,OST5,OST3,PMT1,PMT2,1.0,0.0,1.0
xgboost_17,MNS1,ANP1,ANP1,MNS1,1.0,0.0,1.0
xgboost_17,MNS1,ANP1,BTS1,HMG1,1.0,0.0,1.0
xgboost_17,MNS1,ANP1,PCT1,PSD2,1.0,0.0,1.0
xgboost_17,MNS1,ANP1,DOA4,STP22,1.0,0.0,1.0
xgboost_17,MNS1,ANP1,GCS1,STP22,1.0,0.0,1.0
xgboost_17,MNS1,ANP1,VPS28,STP22,1.0,0.0,1.0
xgboost_17,MNS1,ANP1,GOS1,TLG2,1.0,0.0,1.0
xgboost_17,MNS1,ANP1,STP22,DOA4,1.0,0.0,1.0
xgboost_17,MNS1,ANP1,GCS1,DOA4,1.0,0.0,1.0
xgboost_17,MNS1,ANP1,VPS28,DOA4,1.0,0.0,1.0
xgboost_17,MNS1,ANP1,PSD2,PCT1,1.0,0.0,1.0
xgboost_17,MNS1,ANP1,OST5,CWH41,1.0,0.0,1.0
xgboost_17,MNS1,ANP1,DIE2,CWH41,1.0,0.0,1.0
xgboost_17,MNS1,ANP1,OST3,CWH41,1.0,0.0,1.0
xgboost_17,MNS1,ANP1,TLG2,GOS1,1.0,0.0,1.0
xgboost_17,MNS1,ANP1,DOA4,GCS1,1.0,0.0,1.0
xgboost_17,MNS1,ANP1,VPS28,GCS1,1.0,0.0,1.0
xgboost_17,MNS1,ANP1,CWH41,ROT2,1.0,0.0,1.0
xgboost_17,MNS1,ANP1,OST5,ROT2,1.0,0.0,1.0
xgboost_17,MNS1,ANP1,ALG5,ROT2,1.0,0.0,1.0
xgboost_17,MNS1,ANP1,ALG6,ROT2,1.0,0.0,1.0
xgboost_17,MNS1,ANP1,OST3,ROT2,1.0,0.0,1.0
xgboost_17,MNS1,ANP1,DOA4,VPS28,1.0,0.0,1.0
xgboost_17,MNS1,ANP1,GCS1,VPS28,1.0,0.0,1.0
xgboost_17,MNS1,ANP1,MNS1,OST5,1.0,0.0,1.0
xgboost_17,MNS1,ANP1,CWH41,OST5,1.0,0.0,1.0
xgboost_17,MNS1,ANP1,ROT2,OST5,1.0,0.0,1.0
xgboost_17,MNS1,ANP1,OST3,OST5,1.0,0.0,1.0
xgboost_17,MNS1,ANP1,CWH41,DIE2,1.0,0.0,1.0
xgboost_17,MNS1,ANP1,ROT2,DIE2,1.0,0.0,1.0
xgboost_17,MNS1,ANP1,OST5,DIE2,1.0,0.0,1.0
xgboost_17,MNS1,ANP1,ALG5,DIE2,1.0,0.0,1.0
xgboost_17,MNS1,ANP1,ALG12,DIE2,1.0,0.0,1.0
xgboost_17,MNS1,ANP1,ALG3,DIE2,1.0,0.0,1.0
xgboost_17,MNS1,ANP1,UFD2,UBC7,1.0,0.0,1.0
xgboost_17,MNS1,ANP1,HRD1,UBC7,1.0,0.0,1.0
xgboost_17,MNS1,ANP1,MNS1,ALG5,1.0,0.0,1.0
xgboost_17,MNS1,ANP1,CWH41,ALG5,1.0,0.0,1.0
xgboost_17,MNS1,ANP1,ROT2,ALG5,1.0,0.0,1.0
xgboost_17,MNS1,ANP1,OST5,ALG5,1.0,0.0,1.0
xgboost_17,MNS1,ANP1,PMT2,PMT1,1.0,0.0,1.0
xgboost_17,MNS1,ANP1,TLG2,SEC22,1.0,0.0,1.0
xgboost_17,MNS1,ANP1,GOS1,SEC22,1.0,0.0,1.0
xgboost_17,MNS1,ANP1,UFD2,HRD1,1.0,0.0,1.0
xgboost_17,MNS1,ANP1,UBC7,HRD1,1.0,0.0,1.0
xgboost_17,MNS1,ANP1,MNS1,ALG8,1.0,0.0,1.0
xgboost_17,MNS1,ANP1,CWH41,ALG8,1.0,0.0,1.0
xgboost_17,MNS1,ANP1,OST5,ALG8,1.0,0.0,1.0
xgboost_17,MNS1,ANP1,ALG6,ALG8,1.0,0.0,1.0
xgboost_17,MNS1,ANP1,ALG3,ALG8,1.0,0.0,1.0
xgboost_17,MNS1,ANP1,OST3,ALG8,1.0,0.0,1.0
xgboost_17,MNS1,ANP1,CWH41,ALG12,1.0,0.0,1.0
xgboost_17,MNS1,ANP1,ROT2,ALG12,1.0,0.0,1.0
xgboost_17,MNS1,ANP1,DIE2,ALG12,1.0,0.0,1.0
xgboost_17,MNS1,ANP1,ALG8,ALG12,1.0,0.0,1.0
xgboost_17,MNS1,ANP1,ALG3,ALG12,1.0,0.0,1.0
xgboost_17,MNS1,ANP1,OST3,ALG12,1.0,0.0,1.0
xgboost_17,MNS1,ANP1,MNS1,ALG9,1.0,0.0,1.0
xgboost_17,MNS1,ANP1,CWH41,ALG9,1.0,0.0,1.0
xgboost_17,MNS1,ANP1,ROT2,ALG9,1.0,0.0,1.0
xgboost_17,MNS1,ANP1,OST5,ALG9,1.0,0.0,1.0
xgboost_17,MNS1,ANP1,ALG5,ALG9,1.0,0.0,1.0
xgboost_17,MNS1,ANP1,OST3,ALG9,1.0,0.0,1.0
xgboost_17,MNS1,ANP1,MNS1,ALG6,1.0,0.0,1.0
xgboost_17,MNS1,ANP1,CWH41,ALG6,1.0,0.0,1.0
xgboost_17,MNS1,ANP1,ROT2,ALG6,1.0,0.0,1.0
xgboost_17,MNS1,ANP1,OST5,ALG6,1.0,0.0,1.0
xgboost_17,MNS1,ANP1,ALG5,ALG6,1.0,0.0,1.0
xgboost_17,MNS1,ANP1,ALG12,ALG6,1.0,0.0,1.0
xgboost_17,MNS1,ANP1,ALG9,ALG6,1.0,0.0,1.0
xgboost_17,MNS1,ANP1,ALG3,ALG6,1.0,0.0,1.0
xgboost_17,MNS1,ANP1,OST3,ALG6,1.0,0.0,1.0
xgboost_17,MNS1,ANP1,MNS1,ALG3,1.0,0.0,1.0
xgboost_17,MNS1,ANP1,ROT2,ALG3,1.0,0.0,1.0
xgboost_17,MNS1,ANP1,DIE2,ALG3,1.0,0.0,1.0
xgboost_17,MNS1,ANP1,OST3,ALG3,1.0,0.0,1.0
xgboost_17,MNS1,ANP1,PMT1,PMT2,1.0,0.0,1.0
xgboost_17,MNS1,ANP1,MNS1,OST3,1.0,0.0,1.0
xgboost_17,MNS1,ANP1,CWH41,OST3,1.0,0.0,1.0
xgboost_17,MNS1,ANP1,ROT2,OST3,1.0,0.0,1.0
xgboost_17,MNS1,ANP1,DIE2,OST3,1.0,0.0,1.0
xgboost_17,MNS1,ANP1,ALG5,OST3,1.0,0.0,1.0
xgboost_17,MNS1,ANP1,ALG8,OST3,1.0,0.0,1.0
xgboost_17,MNS1,ANP1,ALG12,OST3,1.0,0.0,1.0
xgboost_17,MNS1,ANP1,ALG9,OST3,1.0,0.0,1.0
xgboost_17,MNS1,ANP1,ALG6,OST3,1.0,0.0,1.0
xgboost_17,MNS1,ANP1,ALG3,OST3,1.0,0.0,1.0
catboost_17,MNS1,CWH41,MNN2,MNS1,1.0,0.0,1.0
catboost_17,MNS1,CWH41,ANP1,MNS1,1.0,0.0,1.0
catboost_17,MNS1,CWH41,BTS1,HMG1,1.0,0.0,1.0
catboost_17,MNS1,CWH41,PCT1,PSD2,1.0,0.0,1.0
catboost_17,MNS1,CWH41,DOA4,STP22,1.0,0.0,1.0
catboost_17,MNS1,CWH41,GCS1,STP22,1.0,0.0,1.0
catboost_17,MNS1,CWH41,VPS28,STP22,1.0,0.0,1.0
catboost_17,MNS1,CWH41,STP22,DOA4,1.0,0.0,1.0
catboost_17,MNS1,CWH41,PSD2,PCT1,1.0,0.0,1.0
catboost_17,MNS1,CWH41,OST5,CWH41,1.0,0.0,1.0
catboost_17,MNS1,CWH41,DIE2,CWH41,0.0,1.0,-1.0
catboost_17,MNS1,CWH41,CWH41,ROT2,0.0,1.0,-1.0
catboost_17,MNS1,CWH41,GCS1,VPS28,1.0,0.0,1.0
catboost_17,MNS1,CWH41,ROT2,OST5,1.0,0.0,1.0
catboost_17,MNS1,CWH41,ALG12,OST5,0.0,1.0,-1.0
catboost_17,MNS1,CWH41,MNS1,DIE2,0.0,1.0,-1.0
catboost_17,MNS1,CWH41,CWH41,DIE2,1.0,0.0,1.0
catboost_17,MNS1,CWH41,ROT2,DIE2,1.0,0.0,1.0
catboost_17,MNS1,CWH41,OST5,DIE2,1.0,0.0,1.0
catboost_17,MNS1,CWH41,HRD1,UBC7,1.0,0.0,1.0
catboost_17,MNS1,CWH41,CWH41,ALG5,1.0,0.0,1.0
catboost_17,MNS1,CWH41,OST5,ALG5,1.0,0.0,1.0
catboost_17,MNS1,CWH41,OST3,ALG5,1.0,0.0,1.0
catboost_17,MNS1,CWH41,TLG2,SEC22,1.0,0.0,1.0
catboost_17,MNS1,CWH41,MNS1,ALG8,0.0,1.0,-1.0
catboost_17,MNS1,CWH41,OST5,ALG8,1.0,0.0,1.0
catboost_17,MNS1,CWH41,ALG12,ALG8,0.0,1.0,-1.0
catboost_17,MNS1,CWH41,ALG6,ALG8,1.0,0.0,1.0
catboost_17,MNS1,CWH41,OST3,ALG8,1.0,0.0,1.0
catboost_17,MNS1,CWH41,MNS1,ALG12,1.0,0.0,1.0
catboost_17,MNS1,CWH41,OST3,ALG12,1.0,0.0,1.0
catboost_17,MNS1,CWH41,OST5,ALG9,1.0,0.0,1.0
catboost_17,MNS1,CWH41,MNS1,ALG6,0.0,1.0,-1.0
catboost_17,MNS1,CWH41,ALG5,ALG6,1.0,0.0,1.0
catboost_17,MNS1,CWH41,ALG12,ALG6,1.0,0.0,1.0
catboost_17,MNS1,CWH41,ALG9,ALG6,1.0,0.0,1.0
catboost_17,MNS1,CWH41,OST3,ALG6,1.0,0.0,1.0
catboost_17,MNS1,CWH41,OST5,ALG3,1.0,0.0,1.0
catboost_17,MNS1,CWH41,OST3,ALG3,1.0,0.0,1.0
catboost_17,MNS1,CWH41,PMT1,PMT2,1.0,0.0,1.0
catboost_17,MNS1,CWH41,MNS1,OST3,0.0,1.0,-1.0
catboost_17,MNS1,CWH41,DIE2,OST3,0.0,1.0,-1.0
catboost_17,MNS1,CWH41,ALG9,OST3,0.0,1.0,-1.0
catboost_17,MNS1,CWH41,ALG3,OST3,1.0,0.0,1.0
catboost_17,ROT2,CWH41,MNN2,MNS1,1.0,0.0,1.0
catboost_17,ROT2,CWH41,ANP1,MNS1,1.0,0.0,1.0
catboost_17,ROT2,CWH41,BTS1,HMG1,1.0,0.0,1.0
catboost_17,ROT2,CWH41,PCT1,PSD2,1.0,0.0,1.0
catboost_17,ROT2,CWH41,DOA4,STP22,1.0,0.0,1.0
catboost_17,ROT2,CWH41,GCS1,STP22,1.0,0.0,1.0
catboost_17,ROT2,CWH41,VPS28,STP22,1.0,0.0,1.0
catboost_17,ROT2,CWH41,STP22,DOA4,1.0,0.0,1.0
catboost_17,ROT2,CWH41,PSD2,PCT1,1.0,0.0,1.0
catboost_17,ROT2,CWH41,OST5,CWH41,1.0,0.0,1.0
catboost_17,ROT2,CWH41,DOA4,GCS1,1.0,0.0,1.0
catboost_17,ROT2,CWH41,CWH41,ROT2,0.0,1.0,-1.0
catboost_17,ROT2,CWH41,OST5,ROT2,1.0,0.0,1.0
catboost_17,ROT2,CWH41,ALG3,ROT2,1.0,0.0,1.0
catboost_17,ROT2,CWH41,DOA4,VPS28,1.0,0.0,1.0
catboost_17,ROT2,CWH41,GCS1,VPS28,1.0,0.0,1.0
catboost_17,ROT2,CWH41,MNS1,OST5,1.0,0.0,1.0
catboost_17,ROT2,CWH41,ROT2,OST5,1.0,0.0,1.0
catboost_17,ROT2,CWH41,ALG12,OST5,0.0,1.0,-1.0
catboost_17,ROT2,CWH41,MNS1,DIE2,0.0,1.0,-1.0
catboost_17,ROT2,CWH41,CWH41,DIE2,1.0,0.0,1.0
catboost_17,ROT2,CWH41,ROT2,DIE2,1.0,0.0,1.0
catboost_17,ROT2,CWH41,OST5,DIE2,1.0,0.0,1.0
catboost_17,ROT2,CWH41,HRD1,UBC7,1.0,0.0,1.0
catboost_17,ROT2,CWH41,MNS1,ALG5,1.0,0.0,1.0
catboost_17,ROT2,CWH41,CWH41,ALG5,1.0,0.0,1.0
catboost_17,ROT2,CWH41,ROT2,ALG5,1.0,0.0,1.0
catboost_17,ROT2,CWH41,OST5,ALG5,1.0,0.0,1.0
catboost_17,ROT2,CWH41,ALG9,ALG5,1.0,0.0,1.0
catboost_17,ROT2,CWH41,OST3,ALG5,1.0,0.0,1.0
catboost_17,ROT2,CWH41,TLG2,SEC22,1.0,0.0,1.0
catboost_17,ROT2,CWH41,OST5,ALG8,1.0,0.0,1.0
catboost_17,ROT2,CWH41,ALG12,ALG8,0.0,1.0,-1.0
catboost_17,ROT2,CWH41,ALG6,ALG8,1.0,0.0,1.0
catboost_17,ROT2,CWH41,OST3,ALG8,1.0,0.0,1.0
catboost_17,ROT2,CWH41,MNS1,ALG12,1.0,0.0,1.0
catboost_17,ROT2,CWH41,DIE2,ALG12,1.0,0.0,1.0
catboost_17,ROT2,CWH41,ALG8,ALG12,1.0,0.0,1.0
catboost_17,ROT2,CWH41,OST3,ALG12,1.0,0.0,1.0
catboost_17,ROT2,CWH41,OST5,ALG9,1.0,0.0,1.0
catboost_17,ROT2,CWH41,ALG5,ALG9,1.0,0.0,1.0
catboost_17,ROT2,CWH41,MNS1,ALG6,0.0,1.0,-1.0
catboost_17,ROT2,CWH41,ALG5,ALG6,1.0,0.0,1.0
catboost_17,ROT2,CWH41,ALG12,ALG6,1.0,0.0,1.0
catboost_17,ROT2,CWH41,ALG9,ALG6,1.0,0.0,1.0
catboost_17,ROT2,CWH41,OST3,ALG6,1.0,0.0,1.0
catboost_17,ROT2,CWH41,ROT2,ALG3,1.0,0.0,1.0
catboost_17,ROT2,CWH41,OST5,ALG3,1.0,0.0,1.0
catboost_17,ROT2,CWH41,OST3,ALG3,1.0,0.0,1.0
catboost_17,ROT2,CWH41,PMT1,PMT2,1.0,0.0,1.0
catboost_17,ROT2,CWH41,ALG8,OST3,1.0,0.0,1.0
catboost_17,ROT2,CWH41,ALG12,OST3,1.0,0.0,1.0
catboost_17,ROT2,CWH41,ALG9,OST3,0.0,1.0,-1.0
catboost_17,ROT2,CWH41,ALG6,OST3,1.0,0.0,1.0
catboost_17,ROT2,CWH41,ALG3,OST3,1.0,0.0,1.0
catboost_17,MNS1,MNN2,PCT1,PSD2,1.0,0.0,1.0
catboost_17,MNS1,MNN2,DOA4,STP22,1.0,0.0,1.0
catboost_17,MNS1,MNN2,GCS1,STP22,1.0,0.0,1.0
catboost_17,MNS1,MNN2,STP22,DOA4,1.0,0.0,1.0
catboost_17,MNS1,MNN2,PSD2,PCT1,1.0,0.0,1.0
catboost_17,MNS1,MNN2,CWH41,ROT2,0.0,1.0,-1.0
catboost_17,MNS1,MNN2,OST5,ROT2,1.0,0.0,1.0
catboost_17,MNS1,MNN2,GCS1,VPS28,1.0,0.0,1.0
catboost_17,MNS1,MNN2,ROT2,OST5,1.0,0.0,1.0
catboost_17,MNS1,MNN2,ALG12,OST5,0.0,1.0,-1.0
catboost_17,MNS1,MNN2,MNS1,DIE2,0.0,1.0,-1.0
catboost_17,MNS1,MNN2,ROT2,DIE2,1.0,0.0,1.0
catboost_17,MNS1,MNN2,HRD1,UBC7,1.0,0.0,1.0
catboost_17,MNS1,MNN2,MNS1,ALG5,1.0,0.0,1.0
catboost_17,MNS1,MNN2,CWH41,ALG5,1.0,0.0,1.0
catboost_17,MNS1,MNN2,ROT2,ALG5,1.0,0.0,1.0
catboost_17,MNS1,MNN2,OST5,ALG5,1.0,0.0,1.0
catboost_17,MNS1,MNN2,OST5,ALG8,1.0,0.0,1.0
catboost_17,MNS1,MNN2,ALG12,ALG8,0.0,1.0,-1.0
catboost_17,MNS1,MNN2,OST3,ALG8,1.0,0.0,1.0
catboost_17,MNS1,MNN2,DIE2,ALG12,1.0,0.0,1.0
catboost_17,MNS1,MNN2,OST3,ALG12,1.0,0.0,1.0
catboost_17,MNS1,MNN2,ALG5,ALG9,1.0,0.0,1.0
catboost_17,MNS1,MNN2,MNS1,ALG6,0.0,1.0,-1.0
catboost_17,MNS1,MNN2,ALG5,ALG6,1.0,0.0,1.0
catboost_17,MNS1,MNN2,ALG12,ALG6,1.0,0.0,1.0
catboost_17,MNS1,MNN2,ALG9,ALG6,1.0,0.0,1.0
catboost_17,MNS1,MNN2,OST3,ALG6,1.0,0.0,1.0
catboost_17,MNS1,MNN2,ROT2,ALG3,1.0,0.0,1.0
catboost_17,MNS1,MNN2,OST3,ALG3,1.0,0.0,1.0
catboost_17,MNS1,MNN2,PMT1,PMT2,1.0,0.0,1.0
catboost_17,MNS1,MNN2,ALG5,OST3,0.0,1.0,-1.0
catboost_17,MNS1,MNN2,ALG9,OST3,0.0,1.0,-1.0
catboost_17,MNS1,MNN2,ALG6,OST3,1.0,0.0,1.0
catboost_17,MNS1,MNN2,ALG3,OST3,1.0,0.0,1.0
catboost_17,ANP1,MNN2,PCT1,PSD2,1.0,0.0,1.0
catboost_17,ANP1,MNN2,DOA4,STP22,1.0,0.0,1.0
catboost_17,ANP1,MNN2,GCS1,STP22,1.0,0.0,1.0
catboost_17,ANP1,MNN2,STP22,DOA4,1.0,0.0,1.0
catboost_17,ANP1,MNN2,PSD2,PCT1,1.0,0.0,1.0
catboost_17,ANP1,MNN2,STP22,GCS1,0.0,1.0,-1.0
catboost_17,ANP1,MNN2,VPS28,GCS1,1.0,0.0,1.0
catboost_17,ANP1,MNN2,OST5,ROT2,1.0,0.0,1.0
catboost_17,ANP1,MNN2,GCS1,VPS28,1.0,0.0,1.0
catboost_17,ANP1,MNN2,CWH41,OST5,1.0,0.0,1.0
catboost_17,ANP1,MNN2,ROT2,OST5,1.0,0.0,1.0
catboost_17,ANP1,MNN2,ALG12,OST5,0.0,1.0,-1.0
catboost_17,ANP1,MNN2,MNS1,DIE2,0.0,1.0,-1.0
catboost_17,ANP1,MNN2,MNS1,ALG5,1.0,0.0,1.0
catboost_17,ANP1,MNN2,CWH41,ALG5,1.0,0.0,1.0
catboost_17,ANP1,MNN2,ROT2,ALG5,1.0,0.0,1.0
catboost_17,ANP1,MNN2,OST5,ALG5,1.0,0.0,1.0
catboost_17,ANP1,MNN2,OST5,ALG8,1.0,0.0,1.0
catboost_17,ANP1,MNN2,OST3,ALG8,1.0,0.0,1.0
catboost_17,ANP1,MNN2,ROT2,ALG12,1.0,0.0,1.0
catboost_17,ANP1,MNN2,DIE2,ALG12,1.0,0.0,1.0
catboost_17,ANP1,MNN2,ALG5,ALG12,1.0,0.0,1.0
catboost_17,ANP1,MNN2,ALG6,ALG12,1.0,0.0,1.0
catboost_17,ANP1,MNN2,ALG5,ALG9,1.0,0.0,1.0
catboost_17,ANP1,MNN2,ALG5,ALG6,1.0,0.0,1.0
catboost_17,ANP1,MNN2,ALG12,ALG6,1.0,0.0,1.0
catboost_17,ANP1,MNN2,ALG9,ALG6,1.0,0.0,1.0
catboost_17,ANP1,MNN2,OST3,ALG6,1.0,0.0,1.0
catboost_17,ANP1,MNN2,ROT2,ALG3,1.0,0.0,1.0
catboost_17,ANP1,MNN2,OST3,ALG3,1.0,0.0,1.0
catboost_17,ANP1,MNN2,PMT1,PMT2,1.0,0.0,1.0
catboost_17,ANP1,MNN2,ALG6,OST3,1.0,0.0,1.0
catboost_17,ANP1,MNN2,ALG3,OST3,1.0,0.0,1.0
catboost_17,ANP1,MNN2,MNN2,ANP1,1.0,0.0,1.0
catboost_17,MNS1,ROT2,PCT1,PSD2,1.0,0.0,1.0
catboost_17,MNS1,ROT2,DOA4,STP22,1.0,0.0,1.0
catboost_17,MNS1,ROT2,GCS1,STP22,1.0,0.0,1.0
catboost_17,MNS1,ROT2,STP22,DOA4,1.0,0.0,1.0
catboost_17,MNS1,ROT2,PSD2,PCT1,1.0,0.0,1.0
catboost_17,MNS1,ROT2,DIE2,CWH41,0.0,1.0,-1.0
catboost_17,MNS1,ROT2,STP22,GCS1,0.0,1.0,-1.0
catboost_17,MNS1,ROT2,DOA4,GCS1,0.0,1.0,-1.0
catboost_17,MNS1,ROT2,CWH41,ROT2,0.0,1.0,-1.0
catboost_17,MNS1,ROT2,DOA4,VPS28,0.0,1.0,-1.0
catboost_17,MNS1,ROT2,MNS1,OST5,0.0,1.0,-1.0
catboost_17,MNS1,ROT2,ROT2,OST5,1.0,0.0,1.0
catboost_17,MNS1,ROT2,ALG12,OST5,0.0,1.0,-1.0
catboost_17,MNS1,ROT2,MNS1,DIE2,0.0,1.0,-1.0
catboost_17,MNS1,ROT2,CWH41,ALG5,1.0,0.0,1.0
catboost_17,MNS1,ROT2,OST5,ALG5,1.0,0.0,1.0
catboost_17,MNS1,ROT2,ALG9,ALG5,0.0,1.0,-1.0
catboost_17,MNS1,ROT2,MNS1,ALG8,0.0,1.0,-1.0
catboost_17,MNS1,ROT2,OST5,ALG8,1.0,0.0,1.0
catboost_17,MNS1,ROT2,ALG12,ALG8,0.0,1.0,-1.0
catboost_17,MNS1,ROT2,ALG9,ALG8,0.0,1.0,-1.0
catboost_17,MNS1,ROT2,OST3,ALG8,1.0,0.0,1.0
catboost_17,MNS1,ROT2,ALG8,ALG12,0.0,1.0,-1.0
catboost_17,MNS1,ROT2,ROT2,ALG9,0.0,1.0,-1.0
catboost_17,MNS1,ROT2,MNS1,ALG6,0.0,1.0,-1.0
catboost_17,MNS1,ROT2,ALG5,ALG6,1.0,0.0,1.0
catboost_17,MNS1,ROT2,ALG12,ALG6,1.0,0.0,1.0
catboost_17,MNS1,ROT2,ALG9,ALG6,1.0,0.0,1.0
catboost_17,MNS1,ROT2,OST3,ALG6,1.0,0.0,1.0
catboost_17,MNS1,ROT2,OST3,ALG3,1.0,0.0,1.0
catboost_17,MNS1,ROT2,PMT1,PMT2,1.0,0.0,1.0
catboost_17,MNS1,ROT2,MNS1,OST3,0.0,1.0,-1.0
catboost_17,MNS1,ROT2,DIE2,OST3,0.0,1.0,-1.0
catboost_17,MNS1,ROT2,ALG5,OST3,0.0,1.0,-1.0
catboost_17,MNS1,ROT2,ALG8,OST3,0.0,1.0,-1.0
catboost_17,MNS1,ROT2,ALG12,OST3,0.0,1.0,-1.0
catboost_17,MNS1,ROT2,ALG9,OST3,0.0,1.0,-1.0
catboost_17,MNS1,ROT2,ALG3,OST3,1.0,0.0,1.0
catboost_17,STP22,VPS28,PCT1,PSD2,1.0,0.0,1.0
catboost_17,STP22,VPS28,DOA4,STP22,1.0,0.0,1.0
catboost_17,STP22,VPS28,GCS1,STP22,1.0,0.0,1.0
catboost_17,STP22,VPS28,STP22,DOA4,1.0,0.0,1.0
catboost_17,STP22,VPS28,PSD2,PCT1,1.0,0.0,1.0
catboost_17,STP22,VPS28,STP22,GCS1,1.0,0.0,1.0
catboost_17,STP22,VPS28,VPS28,GCS1,1.0,0.0,1.0
catboost_17,STP22,VPS28,OST5,ROT2,1.0,0.0,1.0
catboost_17,STP22,VPS28,GCS1,VPS28,1.0,0.0,1.0
catboost_17,STP22,VPS28,CWH41,OST5,1.0,0.0,1.0
catboost_17,STP22,VPS28,ROT2,OST5,1.0,0.0,1.0
catboost_17,STP22,VPS28,ALG12,OST5,0.0,1.0,-1.0
catboost_17,STP22,VPS28,MNS1,DIE2,0.0,1.0,-1.0
catboost_17,STP22,VPS28,ROT2,DIE2,1.0,0.0,1.0
catboost_17,STP22,VPS28,HRD1,UBC7,1.0,0.0,1.0
catboost_17,STP22,VPS28,MNS1,ALG5,1.0,0.0,1.0
catboost_17,STP22,VPS28,CWH41,ALG5,1.0,0.0,1.0
catboost_17,STP22,VPS28,ROT2,ALG5,1.0,0.0,1.0
catboost_17,STP22,VPS28,OST5,ALG5,1.0,0.0,1.0
catboost_17,STP22,VPS28,OST5,ALG8,1.0,0.0,1.0
catboost_17,STP22,VPS28,OST3,ALG8,1.0,0.0,1.0
catboost_17,STP22,VPS28,ROT2,ALG12,1.0,0.0,1.0
catboost_17,STP22,VPS28,OST5,ALG12,1.0,0.0,1.0
catboost_17,STP22,VPS28,DIE2,ALG12,1.0,0.0,1.0
catboost_17,STP22,VPS28,ALG5,ALG12,1.0,0.0,1.0
catboost_17,STP22,VPS28,ALG6,ALG12,1.0,0.0,1.0
catboost_17,STP22,VPS28,OST3,ALG12,1.0,0.0,1.0
catboost_17,STP22,VPS28,ALG5,ALG9,1.0,0.0,1.0
catboost_17,STP22,VPS28,ALG5,ALG6,1.0,0.0,1.0
catboost_17,STP22,VPS28,ALG12,ALG6,1.0,0.0,1.0
catboost_17,STP22,VPS28,ALG9,ALG6,1.0,0.0,1.0
catboost_17,STP22,VPS28,OST3,ALG6,1.0,0.0,1.0
catboost_17,STP22,VPS28,ROT2,ALG3,1.0,0.0,1.0
catboost_17,STP22,VPS28,OST3,ALG3,1.0,0.0,1.0
catboost_17,STP22,VPS28,PMT1,PMT2,1.0,0.0,1.0
catboost_17,STP22,VPS28,ALG6,OST3,1.0,0.0,1.0
catboost_17,STP22,VPS28,ALG3,OST3,1.0,0.0,1.0
catboost_17,STP22,VPS28,MNN2,ANP1,1.0,0.0,1.0
catboost_17,HMG1,BTS1,PCT1,PSD2,1.0,0.0,1.0
catboost_17,HMG1,BTS1,DOA4,STP22,1.0,0.0,1.0
catboost_17,HMG1,BTS1,GCS1,STP22,1.0,0.0,1.0
catboost_17,HMG1,BTS1,STP22,DOA4,1.0,0.0,1.0
catboost_17,HMG1,BTS1,PSD2,PCT1,1.0,0.0,1.0
catboost_17,HMG1,BTS1,STP22,GCS1,0.0,1.0,-1.0
catboost_17,HMG1,BTS1,VPS28,GCS1,1.0,0.0,1.0
catboost_17,HMG1,BTS1,OST5,ROT2,1.0,0.0,1.0
catboost_17,HMG1,BTS1,GCS1,VPS28,1.0,0.0,1.0
catboost_17,HMG1,BTS1,CWH41,OST5,1.0,0.0,1.0
catboost_17,HMG1,BTS1,ROT2,OST5,1.0,0.0,1.0
catboost_17,HMG1,BTS1,ALG12,OST5,0.0,1.0,-1.0
catboost_17,HMG1,BTS1,MNS1,DIE2,0.0,1.0,-1.0
catboost_17,HMG1,BTS1,MNS1,ALG5,1.0,0.0,1.0
catboost_17,HMG1,BTS1,CWH41,ALG5,1.0,0.0,1.0
catboost_17,HMG1,BTS1,ROT2,ALG5,1.0,0.0,1.0
catboost_17,HMG1,BTS1,OST5,ALG5,1.0,0.0,1.0
catboost_17,HMG1,BTS1,OST5,ALG8,1.0,0.0,1.0
catboost_17,HMG1,BTS1,ALG12,ALG8,0.0,1.0,-1.0
catboost_17,HMG1,BTS1,OST3,ALG8,1.0,0.0,1.0
catboost_17,HMG1,BTS1,ROT2,ALG12,1.0,0.0,1.0
catboost_17,HMG1,BTS1,DIE2,ALG12,1.0,0.0,1.0
catboost_17,HMG1,BTS1,ALG5,ALG12,1.0,0.0,1.0
catboost_17,HMG1,BTS1,ALG5,ALG9,1.0,0.0,1.0
catboost_17,HMG1,BTS1,ALG5,ALG6,1.0,0.0,1.0
catboost_17,HMG1,BTS1,ALG12,ALG6,1.0,0.0,1.0
catboost_17,HMG1,BTS1,ALG9,ALG6,1.0,0.0,1.0
catboost_17,HMG1,BTS1,OST3,ALG6,1.0,0.0,1.0
catboost_17,HMG1,BTS1,ROT2,ALG3,1.0,0.0,1.0
catboost_17,HMG1,BTS1,OST3,ALG3,1.0,0.0,1.0
catboost_17,HMG1,BTS1,PMT1,PMT2,1.0,0.0,1.0
catboost_17,HMG1,BTS1,ALG6,OST3,1.0,0.0,1.0
catboost_17,HMG1,BTS1,ALG3,OST3,1.0,0.0,1.0
catboost_17,HMG1,BTS1,MNN2,ANP1,1.0,0.0,1.0
catboost_17,DIE2,ALG5,DIE2,OST5,0.0,1.0,-1.0
catboost_17,DIE2,ALG5,ALG9,OST5,0.0,1.0,-1.0
catboost_17,DIE2,ALG5,ALG12,ALG5,0.0,1.0,-1.0
catboost_17,DIE2,ALG5,ALG8,ALG3,0.0,1.0,-1.0
catboost_17,ALG8,ALG5,PCT1,PSD2,1.0,0.0,1.0
catboost_17,ALG8,ALG5,DOA4,STP22,1.0,0.0,1.0
catboost_17,ALG8,ALG5,GCS1,STP22,1.0,0.0,1.0
catboost_17,ALG8,ALG5,VPS28,STP22,1.0,0.0,1.0
catboost_17,ALG8,ALG5,STP22,DOA4,1.0,0.0,1.0
catboost_17,ALG8,ALG5,PSD2,PCT1,1.0,0.0,1.0
catboost_17,ALG8,ALG5,STP22,GCS1,1.0,0.0,1.0
catboost_17,ALG8,ALG5,DOA4,GCS1,1.0,0.0,1.0
catboost_17,ALG8,ALG5,VPS28,GCS1,1.0,0.0,1.0
catboost_17,ALG8,ALG5,OST5,ROT2,1.0,0.0,1.0
catboost_17,ALG8,ALG5,DOA4,VPS28,1.0,0.0,1.0
catboost_17,ALG8,ALG5,GCS1,VPS28,1.0,0.0,1.0
catboost_17,ALG8,ALG5,MNS1,OST5,1.0,0.0,1.0
catboost_17,ALG8,ALG5,CWH41,OST5,1.0,0.0,1.0
catboost_17,ALG8,ALG5,ROT2,OST5,1.0,0.0,1.0
catboost_17,ALG8,ALG5,ALG12,OST5,0.0,1.0,-1.0
catboost_17,ALG8,ALG5,MNS1,DIE2,0.0,1.0,-1.0
catboost_17,ALG8,ALG5,ROT2,DIE2,1.0,0.0,1.0
catboost_17,ALG8,ALG5,OST5,DIE2,1.0,0.0,1.0
catboost_17,ALG8,ALG5,HRD1,UBC7,1.0,0.0,1.0
catboost_17,ALG8,ALG5,MNS1,ALG5,1.0,0.0,1.0
catboost_17,ALG8,ALG5,CWH41,ALG5,1.0,0.0,1.0
catboost_17,ALG8,ALG5,ROT2,ALG5,1.0,0.0,1.0
catboost_17,ALG8,ALG5,OST5,ALG5,1.0,0.0,1.0
catboost_17,ALG8,ALG5,OST3,ALG5,1.0,0.0,1.0
catboost_17,ALG8,ALG5,OST5,ALG8,1.0,0.0,1.0
catboost_17,ALG8,ALG5,ALG6,ALG8,1.0,0.0,1.0
catboost_17,ALG8,ALG5,OST3,ALG8,1.0,0.0,1.0
catboost_17,ALG8,ALG5,ROT2,ALG12,1.0,0.0,1.0
catboost_17,ALG8,ALG5,OST5,ALG12,1.0,0.0,1.0
catboost_17,ALG8,ALG5,DIE2,ALG12,1.0,0.0,1.0
catboost_17,ALG8,ALG5,ALG5,ALG12,1.0,0.0,1.0
catboost_17,ALG8,ALG5,ALG8,ALG12,1.0,0.0,1.0
catboost_17,ALG8,ALG5,ALG6,ALG12,1.0,0.0,1.0
catboost_17,ALG8,ALG5,OST3,ALG12,1.0,0.0,1.0
catboost_17,ALG8,ALG5,OST5,ALG9,1.0,0.0,1.0
catboost_17,ALG8,ALG5,ALG5,ALG9,1.0,0.0,1.0
catboost_17,ALG8,ALG5,ALG5,ALG6,1.0,0.0,1.0
catboost_17,ALG8,ALG5,ALG12,ALG6,1.0,0.0,1.0
catboost_17,ALG8,ALG5,ALG9,ALG6,1.0,0.0,1.0
catboost_17,ALG8,ALG5,OST3,ALG6,1.0,0.0,1.0
catboost_17,ALG8,ALG5,ROT2,ALG3,1.0,0.0,1.0
catboost_17,ALG8,ALG5,OST5,ALG3,1.0,0.0,1.0
catboost_17,ALG8,ALG5,OST3,ALG3,1.0,0.0,1.0
catboost_17,ALG8,ALG5,PMT1,PMT2,1.0,0.0,1.0
catboost_17,ALG8,ALG5,ALG6,OST3,1.0,0.0,1.0
catboost_17,ALG8,ALG5,ALG3,OST3,1.0,0.0,1.0
catboost_17,ALG8,ALG5,MNN2,ANP1,1.0,0.0,1.0
catboost_17,ALG6,ALG5,PCT1,PSD2,1.0,0.0,1.0
catboost_17,ALG6,ALG5,DOA4,STP22,1.0,0.0,1.0
catboost_17,ALG6,ALG5,GCS1,STP22,1.0,0.0,1.0
catboost_17,ALG6,ALG5,VPS28,STP22,1.0,0.0,1.0
catboost_17,ALG6,ALG5,STP22,DOA4,1.0,0.0,1.0
catboost_17,ALG6,ALG5,PSD2,PCT1,1.0,0.0,1.0
catboost_17,ALG6,ALG5,DIE2,CWH41,0.0,1.0,-1.0
catboost_17,ALG6,ALG5,CWH41,ROT2,0.0,1.0,-1.0
catboost_17,ALG6,ALG5,GCS1,VPS28,1.0,0.0,1.0
catboost_17,ALG6,ALG5,ROT2,OST5,1.0,0.0,1.0
catboost_17,ALG6,ALG5,ALG12,OST5,0.0,1.0,-1.0
catboost_17,ALG6,ALG5,MNS1,DIE2,0.0,1.0,-1.0
catboost_17,ALG6,ALG5,ROT2,DIE2,1.0,0.0,1.0
catboost_17,ALG6,ALG5,OST5,DIE2,1.0,0.0,1.0
catboost_17,ALG6,ALG5,HRD1,UBC7,1.0,0.0,1.0
catboost_17,ALG6,ALG5,CWH41,ALG5,1.0,0.0,1.0
catboost_17,ALG6,ALG5,OST5,ALG5,1.0,0.0,1.0
catboost_17,ALG6,ALG5,ALG9,ALG5,0.0,1.0,-1.0
catboost_17,ALG6,ALG5,OST3,ALG5,1.0,0.0,1.0
catboost_17,ALG6,ALG5,MNS1,ALG8,0.0,1.0,-1.0
catboost_17,ALG6,ALG5,OST5,ALG8,1.0,0.0,1.0
catboost_17,ALG6,ALG5,ALG12,ALG8,0.0,1.0,-1.0
catboost_17,ALG6,ALG5,ALG9,ALG8,0.0,1.0,-1.0
catboost_17,ALG6,ALG5,ALG6,ALG8,1.0,0.0,1.0
catboost_17,ALG6,ALG5,OST3,ALG8,1.0,0.0,1.0
catboost_17,ALG6,ALG5,OST3,ALG12,1.0,0.0,1.0
catboost_17,ALG6,ALG5,OST5,ALG9,1.0,0.0,1.0
catboost_17,ALG6,ALG5,MNS1,ALG6,0.0,1.0,-1.0
catboost_17,ALG6,ALG5,ALG5,ALG6,1.0,0.0,1.0
catboost_17,ALG6,ALG5,ALG12,ALG6,1.0,0.0,1.0
catboost_17,ALG6,ALG5,ALG9,ALG6,1.0,0.0,1.0
catboost_17,ALG6,ALG5,OST3,ALG6,1.0,0.0,1.0
catboost_17,ALG6,ALG5,OST5,ALG3,1.0,0.0,1.0
catboost_17,ALG6,ALG5,OST3,ALG3,1.0,0.0,1.0
catboost_17,ALG6,ALG5,PMT1,PMT2,1.0,0.0,1.0
catboost_17,ALG6,ALG5,MNS1,OST3,0.0,1.0,-1.0
catboost_17,ALG6,ALG5,DIE2,OST3,0.0,1.0,-1.0
catboost_17,ALG6,ALG5,ALG5,OST3,0.0,1.0,-1.0
catboost_17,ALG6,ALG5,ALG8,OST3,0.0,1.0,-1.0
catboost_17,ALG6,ALG5,ALG12,OST3,0.0,1.0,-1.0
catboost_17,ALG6,ALG5,ALG9,OST3,0.0,1.0,-1.0
catboost_17,ALG6,ALG5,ALG3,OST3,1.0,0.0,1.0
catboost_17,DIE2,ALG8,ANP1,MNS1,1.0,0.0,1.0
catboost_17,DIE2,ALG8,BTS1,HMG1,1.0,0.0,1.0
catboost_17,DIE2,ALG8,PCT1,PSD2,1.0,0.0,1.0
catboost_17,DIE2,ALG8,DOA4,STP22,1.0,0.0,1.0
catboost_17,DIE2,ALG8,GCS1,STP22,1.0,0.0,1.0
catboost_17,DIE2,ALG8,VPS28,STP22,1.0,0.0,1.0
catboost_17,DIE2,ALG8,STP22,DOA4,1.0,0.0,1.0
catboost_17,DIE2,ALG8,PSD2,PCT1,1.0,0.0,1.0
catboost_17,DIE2,ALG8,OST5,CWH41,1.0,0.0,1.0
catboost_17,DIE2,ALG8,STP22,GCS1,1.0,0.0,1.0
catboost_17,DIE2,ALG8,DOA4,GCS1,1.0,0.0,1.0
catboost_17,DIE2,ALG8,VPS28,GCS1,1.0,0.0,1.0
catboost_17,DIE2,ALG8,OST5,ROT2,1.0,0.0,1.0
catboost_17,DIE2,ALG8,DOA4,VPS28,1.0,0.0,1.0
catboost_17,DIE2,ALG8,GCS1,VPS28,1.0,0.0,1.0
catboost_17,DIE2,ALG8,MNS1,OST5,1.0,0.0,1.0
catboost_17,DIE2,ALG8,CWH41,OST5,1.0,0.0,1.0
catboost_17,DIE2,ALG8,ROT2,OST5,1.0,0.0,1.0
catboost_17,DIE2,ALG8,CWH41,DIE2,1.0,0.0,1.0
catboost_17,DIE2,ALG8,ROT2,DIE2,1.0,0.0,1.0
catboost_17,DIE2,ALG8,OST5,DIE2,1.0,0.0,1.0
catboost_17,DIE2,ALG8,HRD1,UBC7,1.0,0.0,1.0
catboost_17,DIE2,ALG8,MNS1,ALG5,1.0,0.0,1.0
catboost_17,DIE2,ALG8,CWH41,ALG5,1.0,0.0,1.0
catboost_17,DIE2,ALG8,ROT2,ALG5,1.0,0.0,1.0
catboost_17,DIE2,ALG8,OST5,ALG5,1.0,0.0,1.0
catboost_17,DIE2,ALG8,ALG12,ALG5,1.0,0.0,1.0
catboost_17,DIE2,ALG8,OST3,ALG5,1.0,0.0,1.0
catboost_17,DIE2,ALG8,OST5,ALG8,1.0,0.0,1.0
catboost_17,DIE2,ALG8,ALG6,ALG8,1.0,0.0,1.0
catboost_17,DIE2,ALG8,OST3,ALG8,1.0,0.0,1.0
catboost_17,DIE2,ALG8,ROT2,ALG12,1.0,0.0,1.0
catboost_17,DIE2,ALG8,OST5,ALG12,1.0,0.0,1.0
catboost_17,DIE2,ALG8,DIE2,ALG12,1.0,0.0,1.0
catboost_17,DIE2,ALG8,ALG5,ALG12,1.0,0.0,1.0
catboost_17,DIE2,ALG8,ALG8,ALG12,1.0,0.0,1.0
catboost_17,DIE2,ALG8,ALG9,ALG12,1.0,0.0,1.0
catboost_17,DIE2,ALG8,ALG6,ALG12,1.0,0.0,1.0
catboost_17,DIE2,ALG8,OST3,ALG12,1.0,0.0,1.0
catboost_17,DIE2,ALG8,OST5,ALG9,1.0,0.0,1.0
catboost_17,DIE2,ALG8,ALG5,ALG9,1.0,0.0,1.0
catboost_17,DIE2,ALG8,ALG5,ALG6,1.0,0.0,1.0
catboost_17,DIE2,ALG8,ALG12,ALG6,1.0,0.0,1.0
catboost_17,DIE2,ALG8,ALG9,ALG6,1.0,0.0,1.0
catboost_17,DIE2,ALG8,OST3,ALG6,1.0,0.0,1.0
catboost_17,DIE2,ALG8,ROT2,ALG3,1.0,0.0,1.0
catboost_17,DIE2,ALG8,OST5,ALG3,1.0,0.0,1.0
catboost_17,DIE2,ALG8,ALG8,ALG3,1.0,0.0,1.0
catboost_17,DIE2,ALG8,OST3,ALG3,1.0,0.0,1.0
catboost_17,DIE2,ALG8,PMT1,PMT2,1.0,0.0,1.0
catboost_17,DIE2,ALG8,ALG5,OST3,1.0,0.0,1.0
catboost_17,DIE2,ALG8,ALG8,OST3,1.0,0.0,1.0
catboost_17,DIE2,ALG8,ALG12,OST3,1.0,0.0,1.0
catboost_17,DIE2,ALG8,ALG6,OST3,1.0,0.0,1.0
catboost_17,DIE2,ALG8,ALG3,OST3,1.0,0.0,1.0
catboost_17,DIE2,ALG8,MNN2,ANP1,1.0,0.0,1.0
catboost_17,DIE2,ALG9,MNN2,MNS1,1.0,0.0,1.0
catboost_17,DIE2,ALG9,ANP1,MNS1,1.0,0.0,1.0
catboost_17,DIE2,ALG9,BTS1,HMG1,1.0,0.0,1.0
catboost_17,DIE2,ALG9,PCT1,PSD2,1.0,0.0,1.0
catboost_17,DIE2,ALG9,DOA4,STP22,1.0,0.0,1.0
catboost_17,DIE2,ALG9,GCS1,STP22,1.0,0.0,1.0
catboost_17,DIE2,ALG9,VPS28,STP22,1.0,0.0,1.0
catboost_17,DIE2,ALG9,STP22,DOA4,1.0,0.0,1.0
catboost_17,DIE2,ALG9,PSD2,PCT1,1.0,0.0,1.0
catboost_17,DIE2,ALG9,OST5,CWH41,1.0,0.0,1.0
catboost_17,DIE2,ALG9,DOA4,GCS1,1.0,0.0,1.0
catboost_17,DIE2,ALG9,VPS28,GCS1,1.0,0.0,1.0
catboost_17,DIE2,ALG9,OST5,ROT2,1.0,0.0,1.0
catboost_17,DIE2,ALG9,DOA4,VPS28,1.0,0.0,1.0
catboost_17,DIE2,ALG9,GCS1,VPS28,1.0,0.0,1.0
catboost_17,DIE2,ALG9,MNS1,OST5,1.0,0.0,1.0
catboost_17,DIE2,ALG9,CWH41,OST5,1.0,0.0,1.0
catboost_17,DIE2,ALG9,ROT2,OST5,1.0,0.0,1.0
catboost_17,DIE2,ALG9,ALG12,OST5,0.0,1.0,-1.0
catboost_17,DIE2,ALG9,MNS1,DIE2,0.0,1.0,-1.0
catboost_17,DIE2,ALG9,CWH41,DIE2,1.0,0.0,1.0
catboost_17,DIE2,ALG9,ROT2,DIE2,1.0,0.0,1.0
catboost_17,DIE2,ALG9,OST5,DIE2,1.0,0.0,1.0
catboost_17,DIE2,ALG9,HRD1,UBC7,1.0,0.0,1.0
catboost_17,DIE2,ALG9,MNS1,ALG5,1.0,0.0,1.0
catboost_17,DIE2,ALG9,CWH41,ALG5,1.0,0.0,1.0
catboost_17,DIE2,ALG9,ROT2,ALG5,1.0,0.0,1.0
catboost_17,DIE2,ALG9,OST5,ALG5,1.0,0.0,1.0
catboost_17,DIE2,ALG9,ALG9,ALG5,1.0,0.0,1.0
catboost_17,DIE2,ALG9,OST3,ALG5,1.0,0.0,1.0
catboost_17,DIE2,ALG9,TLG2,SEC22,1.0,0.0,1.0
catboost_17,DIE2,ALG9,OST5,ALG8,1.0,0.0,1.0
catboost_17,DIE2,ALG9,ALG6,ALG8,1.0,0.0,1.0
catboost_17,DIE2,ALG9,OST3,ALG8,1.0,0.0,1.0
catboost_17,DIE2,ALG9,ROT2,ALG12,1.0,0.0,1.0
catboost_17,DIE2,ALG9,OST5,ALG12,1.0,0.0,1.0
catboost_17,DIE2,ALG9,DIE2,ALG12,1.0,0.0,1.0
catboost_17,DIE2,ALG9,ALG5,ALG12,1.0,0.0,1.0
catboost_17,DIE2,ALG9,ALG8,ALG12,1.0,0.0,1.0
catboost_17,DIE2,ALG9,ALG6,ALG12,1.0,0.0,1.0
catboost_17,DIE2,ALG9,OST3,ALG12,1.0,0.0,1.0
catboost_17,DIE2,ALG9,OST5,ALG9,1.0,0.0,1.0
catboost_17,DIE2,ALG9,ALG5,ALG9,1.0,0.0,1.0
catboost_17,DIE2,ALG9,ALG5,ALG6,1.0,0.0,1.0
catboost_17,DIE2,ALG9,ALG12,ALG6,1.0,0.0,1.0
catboost_17,DIE2,ALG9,ALG9,ALG6,1.0,0.0,1.0
catboost_17,DIE2,ALG9,OST3,ALG6,1.0,0.0,1.0
catboost_17,DIE2,ALG9,ROT2,ALG3,1.0,0.0,1.0
catboost_17,DIE2,ALG9,OST5,ALG3,1.0,0.0,1.0
catboost_17,DIE2,ALG9,OST3,ALG3,1.0,0.0,1.0
catboost_17,DIE2,ALG9,PMT1,PMT2,1.0,0.0,1.0
catboost_17,DIE2,ALG9,ALG5,OST3,1.0,0.0,1.0
catboost_17,DIE2,ALG9,ALG8,OST3,1.0,0.0,1.0
catboost_17,DIE2,ALG9,ALG12,OST3,1.0,0.0,1.0
catboost_17,DIE2,ALG9,ALG6,OST3,1.0,0.0,1.0
catboost_17,DIE2,ALG9,ALG3,OST3,1.0,0.0,1.0
catboost_17,DIE2,ALG9,MNN2,ANP1,1.0,0.0,1.0
catboost_17,ALG8,ALG9,PCT1,PSD2,1.0,0.0,1.0
catboost_17,ALG8,ALG9,DOA4,STP22,1.0,0.0,1.0
catboost_17,ALG8,ALG9,GCS1,STP22,1.0,0.0,1.0
catboost_17,ALG8,ALG9,VPS28,STP22,1.0,0.0,1.0
catboost_17,ALG8,ALG9,STP22,DOA4,1.0,0.0,1.0
catboost_17,ALG8,ALG9,PSD2,PCT1,1.0,0.0,1.0
catboost_17,ALG8,ALG9,DOA4,GCS1,1.0,0.0,1.0
catboost_17,ALG8,ALG9,CWH41,ROT2,0.0,1.0,-1.0
catboost_17,ALG8,ALG9,OST5,ROT2,1.0,0.0,1.0
catboost_17,ALG8,ALG9,DOA4,VPS28,1.0,0.0,1.0
catboost_17,ALG8,ALG9,GCS1,VPS28,1.0,0.0,1.0
catboost_17,ALG8,ALG9,MNS1,OST5,1.0,0.0,1.0
catboost_17,ALG8,ALG9,ROT2,OST5,1.0,0.0,1.0
catboost_17,ALG8,ALG9,ALG12,OST5,0.0,1.0,-1.0
catboost_17,ALG8,ALG9,MNS1,DIE2,0.0,1.0,-1.0
catboost_17,ALG8,ALG9,ROT2,DIE2,1.0,0.0,1.0
catboost_17,ALG8,ALG9,OST5,DIE2,1.0,0.0,1.0
catboost_17,ALG8,ALG9,HRD1,UBC7,1.0,0.0,1.0
catboost_17,ALG8,ALG9,MNS1,ALG5,1.0,0.0,1.0
catboost_17,ALG8,ALG9,CWH41,ALG5,1.0,0.0,1.0
catboost_17,ALG8,ALG9,ROT2,ALG5,1.0,0.0,1.0
catboost_17,ALG8,ALG9,OST5,ALG5,1.0,0.0,1.0
catboost_17,ALG8,ALG9,OST3,ALG5,1.0,0.0,1.0
catboost_17,ALG8,ALG9,OST5,ALG8,1.0,0.0,1.0
catboost_17,ALG8,ALG9,ALG12,ALG8,0.0,1.0,-1.0
catboost_17,ALG8,ALG9,ALG6,ALG8,1.0,0.0,1.0
catboost_17,ALG8,ALG9,OST3,ALG8,1.0,0.0,1.0
catboost_17,ALG8,ALG9,DIE2,ALG12,1.0,0.0,1.0
catboost_17,ALG8,ALG9,ALG8,ALG12,1.0,0.0,1.0
catboost_17,ALG8,ALG9,OST3,ALG12,1.0,0.0,1.0
catboost_17,ALG8,ALG9,OST5,ALG9,1.0,0.0,1.0
catboost_17,ALG8,ALG9,ALG5,ALG9,1.0,0.0,1.0
catboost_17,ALG8,ALG9,MNS1,ALG6,0.0,1.0,-1.0
catboost_17,ALG8,ALG9,ALG5,ALG6,1.0,0.0,1.0
catboost_17,ALG8,ALG9,ALG12,ALG6,1.0,0.0,1.0
catboost_17,ALG8,ALG9,ALG9,ALG6,1.0,0.0,1.0
catboost_17,ALG8,ALG9,OST3,ALG6,1.0,0.0,1.0
catboost_17,ALG8,ALG9,ROT2,ALG3,1.0,0.0,1.0
catboost_17,ALG8,ALG9,OST5,ALG3,1.0,0.0,1.0
catboost_17,ALG8,ALG9,OST3,ALG3,1.0,0.0,1.0
catboost_17,ALG8,ALG9,PMT1,PMT2,1.0,0.0,1.0
catboost_17,ALG8,ALG9,ALG5,OST3,0.0,1.0,-1.0
catboost_17,ALG8,ALG9,ALG9,OST3,0.0,1.0,-1.0
catboost_17,ALG8,ALG9,ALG6,OST3,1.0,0.0,1.0
catboost_17,ALG8,ALG9,ALG3,OST3,1.0,0.0,1.0
catboost_17,ALG12,ALG9,ALG9,OST5,0.0,1.0,-1.0
catboost_17,ALG12,ALG9,OST5,ALG12,1.0,0.0,1.0
catboost_17,ALG12,ALG9,ALG6,ALG12,1.0,0.0,1.0
catboost_17,ALG12,ALG9,ALG8,ALG3,1.0,0.0,1.0
catboost_17,ALG6,ALG9,DOA4,STP22,1.0,0.0,1.0
catboost_17,ALG6,ALG9,PSD2,PCT1,1.0,0.0,1.0
catboost_17,ALG6,ALG9,STP22,GCS1,0.0,1.0,-1.0
catboost_17,ALG6,ALG9,DOA4,GCS1,0.0,1.0,-1.0
catboost_17,ALG6,ALG9,VPS28,GCS1,0.0,1.0,-1.0
catboost_17,ALG6,ALG9,CWH41,ROT2,0.0,1.0,-1.0
catboost_17,ALG6,ALG9,OST5,ROT2,0.0,1.0,-1.0
catboost_17,ALG6,ALG9,DOA4,VPS28,0.0,1.0,-1.0
catboost_17,ALG6,ALG9,MNS1,OST5,0.0,1.0,-1.0
catboost_17,ALG6,ALG9,CWH41,OST5,0.0,1.0,-1.0
catboost_17,ALG6,ALG9,ROT2,OST5,1.0,0.0,1.0
catboost_17,ALG6,ALG9,ALG12,OST5,0.0,1.0,-1.0
catboost_17,ALG6,ALG9,MNS1,DIE2,0.0,1.0,-1.0
catboost_17,ALG6,ALG9,MNS1,ALG5,0.0,1.0,-1.0
catboost_17,ALG6,ALG9,ROT2,ALG5,0.0,1.0,-1.0
catboost_17,ALG6,ALG9,OST5,ALG5,1.0,0.0,1.0
catboost_17,ALG6,ALG9,ALG12,ALG5,0.0,1.0,-1.0
catboost_17,ALG6,ALG9,ALG12,ALG8,0.0,1.0,-1.0
catboost_17,ALG6,ALG9,OST3,ALG8,1.0,0.0,1.0
catboost_17,ALG6,ALG9,ROT2,ALG12,0.0,1.0,-1.0
catboost_17,ALG6,ALG9,DIE2,ALG12,0.0,1.0,-1.0
catboost_17,ALG6,ALG9,ALG8,ALG12,0.0,1.0,-1.0
catboost_17,ALG6,ALG9,MNS1,ALG6,0.0,1.0,-1.0
catboost_17,ALG6,ALG9,ALG5,ALG6,1.0,0.0,1.0
catboost_17,ALG6,ALG9,OST3,ALG6,1.0,0.0,1.0
catboost_17,ALG6,ALG9,OST3,ALG3,1.0,0.0,1.0
catboost_17,ALG6,ALG9,MNS1,OST3,0.0,1.0,-1.0
catboost_17,ALG6,ALG9,ALG5,OST3,0.0,1.0,-1.0
catboost_17,ALG6,ALG9,ALG12,OST3,0.0,1.0,-1.0
catboost_17,ALG6,ALG9,ALG9,OST3,0.0,1.0,-1.0
catboost_17,ALG6,ALG9,MNN2,ANP1,0.0,1.0,-1.0
catboost_17,DIE2,ALG6,MNN2,MNS1,1.0,0.0,1.0
catboost_17,DIE2,ALG6,OST5,MNS1,1.0,0.0,1.0
catboost_17,DIE2,ALG6,ALG5,MNS1,1.0,0.0,1.0
catboost_17,DIE2,ALG6,ALG12,MNS1,1.0,0.0,1.0
catboost_17,DIE2,ALG6,ANP1,MNS1,1.0,0.0,1.0
catboost_17,DIE2,ALG6,BTS1,HMG1,1.0,0.0,1.0
catboost_17,DIE2,ALG6,PCT1,PSD2,1.0,0.0,1.0
catboost_17,DIE2,ALG6,DOA4,STP22,1.0,0.0,1.0
catboost_17,DIE2,ALG6,GCS1,STP22,1.0,0.0,1.0
catboost_17,DIE2,ALG6,VPS28,STP22,1.0,0.0,1.0
catboost_17,DIE2,ALG6,STP22,DOA4,1.0,0.0,1.0
catboost_17,DIE2,ALG6,GCS1,DOA4,1.0,0.0,1.0
catboost_17,DIE2,ALG6,VPS28,DOA4,1.0,0.0,1.0
catboost_17,DIE2,ALG6,PSD2,PCT1,1.0,0.0,1.0
catboost_17,DIE2,ALG6,OST5,CWH41,1.0,0.0,1.0
catboost_17,DIE2,ALG6,ALG5,CWH41,1.0,0.0,1.0
catboost_17,DIE2,ALG6,ALG9,CWH41,1.0,0.0,1.0
catboost_17,DIE2,ALG6,ALG6,CWH41,1.0,0.0,1.0
catboost_17,DIE2,ALG6,OST3,CWH41,1.0,0.0,1.0
catboost_17,DIE2,ALG6,TLG2,GOS1,1.0,0.0,1.0
catboost_17,DIE2,ALG6,DOA4,GCS1,1.0,0.0,1.0
catboost_17,DIE2,ALG6,ALG12,ROT2,1.0,0.0,1.0
catboost_17,DIE2,ALG6,ALG6,ROT2,1.0,0.0,1.0
catboost_17,DIE2,ALG6,ALG3,ROT2,1.0,0.0,1.0
catboost_17,DIE2,ALG6,DOA4,VPS28,1.0,0.0,1.0
catboost_17,DIE2,ALG6,GCS1,VPS28,1.0,0.0,1.0
catboost_17,DIE2,ALG6,MNS1,OST5,1.0,0.0,1.0
catboost_17,DIE2,ALG6,ROT2,OST5,1.0,0.0,1.0
catboost_17,DIE2,ALG6,ALG5,OST5,1.0,0.0,1.0
catboost_17,DIE2,ALG6,ALG8,OST5,1.0,0.0,1.0
catboost_17,DIE2,ALG6,ALG3,OST5,1.0,0.0,1.0
catboost_17,DIE2,ALG6,OST3,OST5,1.0,0.0,1.0
catboost_17,DIE2,ALG6,CWH41,DIE2,1.0,0.0,1.0
catboost_17,DIE2,ALG6,ROT2,DIE2,1.0,0.0,1.0
catboost_17,DIE2,ALG6,OST5,DIE2,1.0,0.0,1.0
catboost_17,DIE2,ALG6,ALG8,DIE2,1.0,0.0,1.0
catboost_17,DIE2,ALG6,ALG12,DIE2,1.0,0.0,1.0
catboost_17,DIE2,ALG6,ALG9,DIE2,1.0,0.0,1.0
catboost_17,DIE2,ALG6,ALG3,DIE2,1.0,0.0,1.0
catboost_17,DIE2,ALG6,UFD2,UBC7,1.0,0.0,1.0
catboost_17,DIE2,ALG6,HRD1,UBC7,1.0,0.0,1.0
catboost_17,DIE2,ALG6,MNS1,ALG5,1.0,0.0,1.0
catboost_17,DIE2,ALG6,CWH41,ALG5,1.0,0.0,1.0
catboost_17,DIE2,ALG6,ROT2,ALG5,1.0,0.0,1.0
catboost_17,DIE2,ALG6,OST5,ALG5,1.0,0.0,1.0
catboost_17,DIE2,ALG6,ALG9,ALG5,1.0,0.0,1.0
catboost_17,DIE2,ALG6,OST3,ALG5,1.0,0.0,1.0
catboost_17,DIE2,ALG6,PMT2,PMT1,1.0,0.0,1.0
catboost_17,DIE2,ALG6,TLG2,SEC22,1.0,0.0,1.0
catboost_17,DIE2,ALG6,GOS1,SEC22,1.0,0.0,1.0
catboost_17,DIE2,ALG6,UBC7,HRD1,1.0,0.0,1.0
catboost_17,DIE2,ALG6,MNS1,ALG8,1.0,0.0,1.0
catboost_17,DIE2,ALG6,ROT2,ALG8,1.0,0.0,1.0
catboost_17,DIE2,ALG6,OST5,ALG8,1.0,0.0,1.0
catboost_17,DIE2,ALG6,ALG9,ALG8,1.0,0.0,1.0
catboost_17,DIE2,ALG6,ALG6,ALG8,1.0,0.0,1.0
catboost_17,DIE2,ALG6,ALG3,ALG8,1.0,0.0,1.0
catboost_17,DIE2,ALG6,OST3,ALG8,1.0,0.0,1.0
catboost_17,DIE2,ALG6,MNS1,ALG12,1.0,0.0,1.0
catboost_17,DIE2,ALG6,DIE2,ALG12,1.0,0.0,1.0
catboost_17,DIE2,ALG6,ALG8,ALG12,1.0,0.0,1.0
catboost_17,DIE2,ALG6,OST3,ALG12,1.0,0.0,1.0
catboost_17,DIE2,ALG6,CWH41,ALG9,1.0,0.0,1.0
catboost_17,DIE2,ALG6,OST5,ALG9,1.0,0.0,1.0
catboost_17,DIE2,ALG6,ALG5,ALG9,1.0,0.0,1.0
catboost_17,DIE2,ALG6,ALG3,ALG9,1.0,0.0,1.0
catboost_17,DIE2,ALG6,CWH41,ALG6,1.0,0.0,1.0
catboost_17,DIE2,ALG6,ROT2,ALG6,1.0,0.0,1.0
catboost_17,DIE2,ALG6,OST5,ALG6,1.0,0.0,1.0
catboost_17,DIE2,ALG6,ALG5,ALG6,1.0,0.0,1.0
catboost_17,DIE2,ALG6,ALG12,ALG6,1.0,0.0,1.0
catboost_17,DIE2,ALG6,ALG9,ALG6,1.0,0.0,1.0
catboost_17,DIE2,ALG6,OST3,ALG6,1.0,0.0,1.0
catboost_17,DIE2,ALG6,ROT2,ALG3,1.0,0.0,1.0
catboost_17,DIE2,ALG6,OST5,ALG3,1.0,0.0,1.0
catboost_17,DIE2,ALG6,OST3,ALG3,1.0,0.0,1.0
catboost_17,DIE2,ALG6,PMT1,PMT2,1.0,0.0,1.0
catboost_17,DIE2,ALG6,MNS1,OST3,0.0,1.0,-1.0
catboost_17,DIE2,ALG6,CWH41,OST3,1.0,0.0,1.0
catboost_17,DIE2,ALG6,DIE2,OST3,1.0,0.0,1.0
catboost_17,DIE2,ALG6,ALG8,OST3,1.0,0.0,1.0
catboost_17,DIE2,ALG6,ALG6,OST3,1.0,0.0,1.0
catboost_17,DIE2,ALG6,ALG3,OST3,1.0,0.0,1.0
catboost_17,ALG8,ALG6,MNN2,MNS1,1.0,0.0,1.0
catboost_17,ALG8,ALG6,ANP1,MNS1,1.0,0.0,1.0
catboost_17,ALG8,ALG6,BTS1,HMG1,1.0,0.0,1.0
catboost_17,ALG8,ALG6,PCT1,PSD2,1.0,0.0,1.0
catboost_17,ALG8,ALG6,DOA4,STP22,1.0,0.0,1.0
catboost_17,ALG8,ALG6,GCS1,STP22,1.0,0.0,1.0
catboost_17,ALG8,ALG6,VPS28,STP22,1.0,0.0,1.0
catboost_17,ALG8,ALG6,STP22,DOA4,1.0,0.0,1.0
catboost_17,ALG8,ALG6,PSD2,PCT1,1.0,0.0,1.0
catboost_17,ALG8,ALG6,OST5,CWH41,1.0,0.0,1.0
catboost_17,ALG8,ALG6,DOA4,GCS1,1.0,0.0,1.0
catboost_17,ALG8,ALG6,CWH41,ROT2,0.0,1.0,-1.0
catboost_17,ALG8,ALG6,OST5,ROT2,1.0,0.0,1.0
catboost_17,ALG8,ALG6,ALG3,ROT2,1.0,0.0,1.0
catboost_17,ALG8,ALG6,DOA4,VPS28,1.0,0.0,1.0
catboost_17,ALG8,ALG6,GCS1,VPS28,1.0,0.0,1.0
catboost_17,ALG8,ALG6,MNS1,OST5,1.0,0.0,1.0
catboost_17,ALG8,ALG6,ROT2,OST5,1.0,0.0,1.0
catboost_17,ALG8,ALG6,ALG5,OST5,1.0,0.0,1.0
catboost_17,ALG8,ALG6,ALG12,OST5,0.0,1.0,-1.0
catboost_17,ALG8,ALG6,MNS1,DIE2,0.0,1.0,-1.0
catboost_17,ALG8,ALG6,CWH41,DIE2,1.0,0.0,1.0
catboost_17,ALG8,ALG6,ROT2,DIE2,1.0,0.0,1.0
catboost_17,ALG8,ALG6,OST5,DIE2,1.0,0.0,1.0
catboost_17,ALG8,ALG6,HRD1,UBC7,1.0,0.0,1.0
catboost_17,ALG8,ALG6,MNS1,ALG5,1.0,0.0,1.0
catboost_17,ALG8,ALG6,CWH41,ALG5,1.0,0.0,1.0
catboost_17,ALG8,ALG6,ROT2,ALG5,1.0,0.0,1.0
catboost_17,ALG8,ALG6,OST5,ALG5,1.0,0.0,1.0
catboost_17,ALG8,ALG6,ALG9,ALG5,1.0,0.0,1.0
catboost_17,ALG8,ALG6,OST3,ALG5,1.0,0.0,1.0
catboost_17,ALG8,ALG6,TLG2,SEC22,1.0,0.0,1.0
catboost_17,ALG8,ALG6,GOS1,SEC22,1.0,0.0,1.0
catboost_17,ALG8,ALG6,OST5,ALG8,1.0,0.0,1.0
catboost_17,ALG8,ALG6,ALG12,ALG8,0.0,1.0,-1.0
catboost_17,ALG8,ALG6,ALG9,ALG8,1.0,0.0,1.0
catboost_17,ALG8,ALG6,ALG6,ALG8,1.0,0.0,1.0
catboost_17,ALG8,ALG6,OST3,ALG8,1.0,0.0,1.0
catboost_17,ALG8,ALG6,MNS1,ALG12,1.0,0.0,1.0
catboost_17,ALG8,ALG6,DIE2,ALG12,1.0,0.0,1.0
catboost_17,ALG8,ALG6,ALG8,ALG12,1.0,0.0,1.0
catboost_17,ALG8,ALG6,OST3,ALG12,1.0,0.0,1.0
catboost_17,ALG8,ALG6,OST5,ALG9,1.0,0.0,1.0
catboost_17,ALG8,ALG6,ALG5,ALG9,1.0,0.0,1.0
catboost_17,ALG8,ALG6,MNS1,ALG6,0.0,1.0,-1.0
catboost_17,ALG8,ALG6,ALG5,ALG6,1.0,0.0,1.0
catboost_17,ALG8,ALG6,ALG12,ALG6,1.0,0.0,1.0
catboost_17,ALG8,ALG6,ALG9,ALG6,1.0,0.0,1.0
catboost_17,ALG8,ALG6,OST3,ALG6,1.0,0.0,1.0
catboost_17,ALG8,ALG6,ROT2,ALG3,1.0,0.0,1.0
catboost_17,ALG8,ALG6,OST5,ALG3,1.0,0.0,1.0
catboost_17,ALG8,ALG6,OST3,ALG3,1.0,0.0,1.0
catboost_17,ALG8,ALG6,PMT1,PMT2,1.0,0.0,1.0
catboost_17,ALG8,ALG6,ALG8,OST3,1.0,0.0,1.0
catboost_17,ALG8,ALG6,ALG9,OST3,0.0,1.0,-1.0
catboost_17,ALG8,ALG6,ALG6,OST3,1.0,0.0,1.0
catboost_17,ALG8,ALG6,ALG3,OST3,1.0,0.0,1.0
catboost_17,ALG12,ALG3,ALG5,ALG3,0.0,1.0,-1.0
catboost_17,ALG9,ALG3,PSD2,PCT1,1.0,0.0,1.0
catboost_17,ALG9,ALG3,OST5,ALG5,1.0,0.0,1.0
catboost_17,ALG9,ALG3,OST3,ALG8,1.0,0.0,1.0
catboost_17,ALG9,ALG3,OST5,ALG12,1.0,0.0,1.0
catboost_17,ALG9,ALG3,ALG5,ALG12,1.0,0.0,1.0
catboost_17,ALG9,ALG3,ALG9,ALG12,1.0,0.0,1.0
catboost_17,ALG9,ALG3,ALG6,ALG12,1.0,0.0,1.0
catboost_17,ALG9,ALG3,ALG5,ALG9,1.0,0.0,1.0
catboost_17,ALG9,ALG3,ALG5,ALG6,1.0,0.0,1.0
catboost_17,ALG9,ALG3,OST3,ALG6,1.0,0.0,1.0
catboost_17,ALG9,ALG3,ALG8,ALG3,1.0,0.0,1.0
catboost_17,ALG9,ALG3,OST3,ALG3,1.0,0.0,1.0
catboost_17,OST5,OST3,DOA4,STP22,1.0,0.0,1.0
catboost_17,OST5,OST3,PSD2,PCT1,1.0,0.0,1.0
catboost_17,OST5,OST3,STP22,GCS1,0.0,1.0,-1.0
catboost_17,OST5,OST3,ALG12,OST5,0.0,1.0,-1.0
catboost_17,OST5,OST3,MNS1,DIE2,0.0,1.0,-1.0
catboost_17,OST5,OST3,OST5,ALG5,1.0,0.0,1.0
catboost_17,OST5,OST3,ALG12,ALG5,0.0,1.0,-1.0
catboost_17,OST5,OST3,OST3,ALG8,1.0,0.0,1.0
catboost_17,OST5,OST3,OST5,ALG12,1.0,0.0,1.0
catboost_17,OST5,OST3,ALG5,ALG12,1.0,0.0,1.0
catboost_17,OST5,OST3,ALG6,ALG12,1.0,0.0,1.0
catboost_17,OST5,OST3,ALG5,ALG9,1.0,0.0,1.0
catboost_17,OST5,OST3,ALG5,ALG6,1.0,0.0,1.0
catboost_17,OST5,OST3,OST3,ALG6,1.0,0.0,1.0
catboost_17,OST5,OST3,ROT2,ALG3,1.0,0.0,1.0
catboost_17,OST5,OST3,OST3,ALG3,1.0,0.0,1.0
catboost_17,MNS1,ANP1,ANP1,MNS1,1.0,0.0,1.0
catboost_17,MNS1,ANP1,PCT1,PSD2,1.0,0.0,1.0
catboost_17,MNS1,ANP1,DOA4,STP22,1.0,0.0,1.0
catboost_17,MNS1,ANP1,GCS1,STP22,1.0,0.0,1.0
catboost_17,MNS1,ANP1,VPS28,STP22,1.0,0.0,1.0
catboost_17,MNS1,ANP1,STP22,DOA4,1.0,0.0,1.0
catboost_17,MNS1,ANP1,PSD2,PCT1,1.0,0.0,1.0
catboost_17,MNS1,ANP1,OST5,CWH41,1.0,0.0,1.0
catboost_17,MNS1,ANP1,DOA4,GCS1,1.0,0.0,1.0
catboost_17,MNS1,ANP1,VPS28,GCS1,1.0,0.0,1.0
catboost_17,MNS1,ANP1,OST5,ROT2,1.0,0.0,1.0
catboost_17,MNS1,ANP1,DOA4,VPS28,1.0,0.0,1.0
catboost_17,MNS1,ANP1,GCS1,VPS28,1.0,0.0,1.0
catboost_17,MNS1,ANP1,MNS1,OST5,1.0,0.0,1.0
catboost_17,MNS1,ANP1,CWH41,OST5,1.0,0.0,1.0
catboost_17,MNS1,ANP1,ROT2,OST5,1.0,0.0,1.0
catboost_17,MNS1,ANP1,ALG12,OST5,0.0,1.0,-1.0
catboost_17,MNS1,ANP1,MNS1,DIE2,0.0,1.0,-1.0
catboost_17,MNS1,ANP1,ROT2,DIE2,1.0,0.0,1.0
catboost_17,MNS1,ANP1,OST5,DIE2,1.0,0.0,1.0
catboost_17,MNS1,ANP1,HRD1,UBC7,1.0,0.0,1.0
catboost_17,MNS1,ANP1,MNS1,ALG5,1.0,0.0,1.0
catboost_17,MNS1,ANP1,CWH41,ALG5,1.0,0.0,1.0
catboost_17,MNS1,ANP1,ROT2,ALG5,1.0,0.0,1.0
catboost_17,MNS1,ANP1,OST5,ALG5,1.0,0.0,1.0
catboost_17,MNS1,ANP1,OST3,ALG5,1.0,0.0,1.0
catboost_17,MNS1,ANP1,OST5,ALG8,1.0,0.0,1.0
catboost_17,MNS1,ANP1,ALG12,ALG8,0.0,1.0,-1.0
catboost_17,MNS1,ANP1,ALG6,ALG8,1.0,0.0,1.0
catboost_17,MNS1,ANP1,OST3,ALG8,1.0,0.0,1.0
catboost_17,MNS1,ANP1,ROT2,ALG12,1.0,0.0,1.0
catboost_17,MNS1,ANP1,DIE2,ALG12,1.0,0.0,1.0
catboost_17,MNS1,ANP1,ALG8,ALG12,1.0,0.0,1.0
catboost_17,MNS1,ANP1,OST3,ALG12,1.0,0.0,1.0
catboost_17,MNS1,ANP1,OST5,ALG9,1.0,0.0,1.0
catboost_17,MNS1,ANP1,ALG5,ALG9,1.0,0.0,1.0
catboost_17,MNS1,ANP1,ALG5,ALG6,1.0,0.0,1.0
catboost_17,MNS1,ANP1,ALG12,ALG6,1.0,0.0,1.0
catboost_17,MNS1,ANP1,ALG9,ALG6,1.0,0.0,1.0
catboost_17,MNS1,ANP1,OST3,ALG6,1.0,0.0,1.0
catboost_17,MNS1,ANP1,ROT2,ALG3,1.0,0.0,1.0
catboost_17,MNS1,ANP1,OST5,ALG3,1.0,0.0,1.0
catboost_17,MNS1,ANP1,OST3,ALG3,1.0,0.0,1.0
catboost_17,MNS1,ANP1,PMT1,PMT2,1.0,0.0,1.0
catboost_17,MNS1,ANP1,ALG5,OST3,1.0,0.0,1.0
catboost_17,MNS1,ANP1,ALG8,OST3,1.0,0.0,1.0
catboost_17,MNS1,ANP1,ALG12,OST3,1.0,0.0,1.0
catboost_17,MNS1,ANP1,ALG6,OST3,1.0,0.0,1.0
catboost_17,MNS1,ANP1,ALG3,OST3,1.0,0.0,1.0
catboost_29,MNS1,CWH41,MNN2,MNS1,1.0,0.0,1.0
catboost_29,MNS1,CWH41,ALG5,MNS1,1.0,0.0,1.0
catboost_29,MNS1,CWH41,ALG3,MNS1,1.0,0.0,1.0
catboost_29,MNS1,CWH41,ANP1,MNS1,1.0,0.0,1.0
catboost_29,MNS1,CWH41,BTS1,HMG1,1.0,0.0,1.0
catboost_29,MNS1,CWH41,PCT1,PSD2,1.0,0.0,1.0
catboost_29,MNS1,CWH41,DOA4,STP22,1.0,0.0,1.0
catboost_29,MNS1,CWH41,GCS1,STP22,1.0,0.0,1.0
catboost_29,MNS1,CWH41,VPS28,STP22,1.0,0.0,1.0
catboost_29,MNS1,CWH41,GCS1,DOA4,1.0,0.0,1.0
catboost_29,MNS1,CWH41,PSD2,PCT1,1.0,0.0,1.0
catboost_29,MNS1,CWH41,OST5,CWH41,1.0,0.0,1.0
catboost_29,MNS1,CWH41,DIE2,CWH41,0.0,1.0,-1.0
catboost_29,MNS1,CWH41,OST3,CWH41,1.0,0.0,1.0
catboost_29,MNS1,CWH41,ALG12,ROT2,1.0,0.0,1.0
catboost_29,MNS1,CWH41,GCS1,VPS28,1.0,0.0,1.0
catboost_29,MNS1,CWH41,ROT2,OST5,1.0,0.0,1.0
catboost_29,MNS1,CWH41,ALG5,OST5,1.0,0.0,1.0
catboost_29,MNS1,CWH41,OST3,OST5,1.0,0.0,1.0
catboost_29,MNS1,CWH41,CWH41,DIE2,1.0,0.0,1.0
catboost_29,MNS1,CWH41,ROT2,DIE2,1.0,0.0,1.0
catboost_29,MNS1,CWH41,OST5,DIE2,1.0,0.0,1.0
catboost_29,MNS1,CWH41,UFD2,UBC7,1.0,0.0,1.0
catboost_29,MNS1,CWH41,HRD1,UBC7,1.0,0.0,1.0
catboost_29,MNS1,CWH41,OST5,ALG5,1.0,0.0,1.0
catboost_29,MNS1,CWH41,ALG3,ALG5,1.0,0.0,1.0
catboost_29,MNS1,CWH41,OST3,ALG5,1.0,0.0,1.0
catboost_29,MNS1,CWH41,UBC7,HRD1,1.0,0.0,1.0
catboost_29,MNS1,CWH41,OST5,ALG8,1.0,0.0,1.0
catboost_29,MNS1,CWH41,ALG12,ALG8,0.0,1.0,-1.0
catboost_29,MNS1,CWH41,ALG9,ALG8,1.0,0.0,1.0
catboost_29,MNS1,CWH41,ALG6,ALG8,1.0,0.0,1.0
catboost_29,MNS1,CWH41,OST3,ALG8,1.0,0.0,1.0
catboost_29,MNS1,CWH41,MNS1,ALG12,1.0,0.0,1.0
catboost_29,MNS1,CWH41,ALG3,ALG12,1.0,0.0,1.0
catboost_29,MNS1,CWH41,OST3,ALG12,1.0,0.0,1.0
catboost_29,MNS1,CWH41,MNS1,ALG9,1.0,0.0,1.0
catboost_29,MNS1,CWH41,CWH41,ALG9,1.0,0.0,1.0
catboost_29,MNS1,CWH41,ROT2,ALG9,1.0,0.0,1.0
catboost_29,MNS1,CWH41,OST5,ALG9,1.0,0.0,1.0
catboost_29,MNS1,CWH41,MNS1,ALG6,0.0,1.0,-1.0
catboost_29,MNS1,CWH41,CWH41,ALG6,1.0,0.0,1.0
catboost_29,MNS1,CWH41,ROT2,ALG6,1.0,0.0,1.0
catboost_29,MNS1,CWH41,ALG5,ALG6,1.0,0.0,1.0
catboost_29,MNS1,CWH41,ALG12,ALG6,1.0,0.0,1.0
catboost_29,MNS1,CWH41,ALG9,ALG6,1.0,0.0,1.0
catboost_29,MNS1,CWH41,OST3,ALG6,1.0,0.0,1.0
catboost_29,MNS1,CWH41,MNS1,ALG3,1.0,0.0,1.0
catboost_29,MNS1,CWH41,CWH41,ALG3,1.0,0.0,1.0
catboost_29,MNS1,CWH41,OST5,ALG3,1.0,0.0,1.0
catboost_29,MNS1,CWH41,OST3,ALG3,1.0,0.0,1.0
catboost_29,MNS1,CWH41,PMT1,PMT2,1.0,0.0,1.0
catboost_29,MNS1,CWH41,ALG8,OST3,0.0,1.0,-1.0
catboost_29,MNS1,CWH41,ALG9,OST3,0.0,1.0,-1.0
catboost_29,MNS1,CWH41,ALG3,OST3,1.0,0.0,1.0
catboost_29,ROT2,CWH41,VPS28,STP22,1.0,0.0,1.0
catboost_29,ROT2,CWH41,PSD2,PCT1,1.0,0.0,1.0
catboost_29,ROT2,CWH41,STP22,GCS1,0.0,1.0,-1.0
catboost_29,ROT2,CWH41,DOA4,GCS1,1.0,0.0,1.0
catboost_29,ROT2,CWH41,VPS28,GCS1,0.0,1.0,-1.0
catboost_29,ROT2,CWH41,OST5,ROT2,1.0,0.0,1.0
catboost_29,ROT2,CWH41,ROT2,OST5,1.0,0.0,1.0
catboost_29,ROT2,CWH41,ALG12,OST5,0.0,1.0,-1.0
catboost_29,ROT2,CWH41,ALG9,OST5,0.0,1.0,-1.0
catboost_29,ROT2,CWH41,MNS1,DIE2,0.0,1.0,-1.0
catboost_29,ROT2,CWH41,CWH41,DIE2,1.0,0.0,1.0
catboost_29,ROT2,CWH41,OST5,ALG5,1.0,0.0,1.0
catboost_29,ROT2,CWH41,ALG12,ALG8,0.0,1.0,-1.0
catboost_29,ROT2,CWH41,OST3,ALG12,1.0,0.0,1.0
catboost_29,ROT2,CWH41,ALG5,ALG9,1.0,0.0,1.0
catboost_29,ROT2,CWH41,MNS1,ALG6,0.0,1.0,-1.0
catboost_29,ROT2,CWH41,ALG5,ALG6,1.0,0.0,1.0
catboost_29,ROT2,CWH41,ALG9,ALG6,1.0,0.0,1.0
catboost_29,ROT2,CWH41,OST3,ALG6,1.0,0.0,1.0
catboost_29,ROT2,CWH41,ROT2,ALG3,1.0,0.0,1.0
catboost_29,ROT2,CWH41,OST3,ALG3,1.0,0.0,1.0
catboost_29,ROT2,CWH41,ALG5,OST3,0.0,1.0,-1.0
catboost_29,ROT2,CWH41,ALG9,OST3,0.0,1.0,-1.0
catboost_29,ROT2,CWH41,ALG3,OST3,1.0,0.0,1.0
catboost_29,ROT2,CWH41,MNN2,ANP1,0.0,1.0,-1.0
catboost_29,MNS1,MNN2,VPS28,STP22,1.0,0.0,1.0
catboost_29,MNS1,MNN2,PSD2,PCT1,1.0,0.0,1.0
catboost_29,MNS1,MNN2,STP22,GCS1,0.0,1.0,-1.0
catboost_29,MNS1,MNN2,DOA4,GCS1,1.0,0.0,1.0
catboost_29,MNS1,MNN2,OST5,ROT2,1.0,0.0,1.0
catboost_29,MNS1,MNN2,ROT2,OST5,1.0,0.0,1.0
catboost_29,MNS1,MNN2,MNS1,DIE2,0.0,1.0,-1.0
catboost_29,MNS1,MNN2,CWH41,DIE2,1.0,0.0,1.0
catboost_29,MNS1,MNN2,ROT2,DIE2,1.0,0.0,1.0
catboost_29,MNS1,MNN2,MNS1,ALG5,1.0,0.0,1.0
catboost_29,MNS1,MNN2,OST5,ALG5,1.0,0.0,1.0
catboost_29,MNS1,MNN2,OST5,ALG8,1.0,0.0,1.0
catboost_29,MNS1,MNN2,ALG12,ALG8,0.0,1.0,-1.0
catboost_29,MNS1,MNN2,DIE2,ALG12,1.0,0.0,1.0
catboost_29,MNS1,MNN2,OST3,ALG12,1.0,0.0,1.0
catboost_29,MNS1,MNN2,OST5,ALG9,1.0,0.0,1.0
catboost_29,MNS1,MNN2,ALG5,ALG9,1.0,0.0,1.0
catboost_29,MNS1,MNN2,MNS1,ALG6,0.0,1.0,-1.0
catboost_29,MNS1,MNN2,ALG5,ALG6,1.0,0.0,1.0
catboost_29,MNS1,MNN2,ALG12,ALG6,1.0,0.0,1.0
catboost_29,MNS1,MNN2,ALG9,ALG6,1.0,0.0,1.0
catboost_29,MNS1,MNN2,OST3,ALG6,1.0,0.0,1.0
catboost_29,MNS1,MNN2,ROT2,ALG3,1.0,0.0,1.0
catboost_29,MNS1,MNN2,OST3,ALG3,1.0,0.0,1.0
catboost_29,MNS1,MNN2,ALG5,OST3,0.0,1.0,-1.0
catboost_29,MNS1,MNN2,ALG9,OST3,0.0,1.0,-1.0
catboost_29,MNS1,MNN2,ALG3,OST3,1.0,0.0,1.0
catboost_29,ANP1,MNN2,ANP1,MNS1,1.0,0.0,1.0
catboost_29,ANP1,MNN2,PCT1,PSD2,1.0,0.0,1.0
catboost_29,ANP1,MNN2,GCS1,STP22,1.0,0.0,1.0
catboost_29,ANP1,MNN2,VPS28,STP22,1.0,0.0,1.0
catboost_29,ANP1,MNN2,GCS1,DOA4,1.0,0.0,1.0
catboost_29,ANP1,MNN2,PSD2,PCT1,1.0,0.0,1.0
catboost_29,ANP1,MNN2,OST5,CWH41,1.0,0.0,1.0
catboost_29,ANP1,MNN2,STP22,GCS1,0.0,1.0,-1.0
catboost_29,ANP1,MNN2,DOA4,GCS1,1.0,0.0,1.0
catboost_29,ANP1,MNN2,VPS28,GCS1,1.0,0.0,1.0
catboost_29,ANP1,MNN2,CWH41,ROT2,1.0,0.0,1.0
catboost_29,ANP1,MNN2,OST5,ROT2,1.0,0.0,1.0
catboost_29,ANP1,MNN2,CWH41,OST5,1.0,0.0,1.0
catboost_29,ANP1,MNN2,ROT2,OST5,1.0,0.0,1.0
catboost_29,ANP1,MNN2,CWH41,DIE2,1.0,0.0,1.0
catboost_29,ANP1,MNN2,ROT2,DIE2,1.0,0.0,1.0
catboost_29,ANP1,MNN2,OST5,DIE2,1.0,0.0,1.0
catboost_29,ANP1,MNN2,HRD1,UBC7,1.0,0.0,1.0
catboost_29,ANP1,MNN2,MNS1,ALG5,1.0,0.0,1.0
catboost_29,ANP1,MNN2,OST5,ALG5,1.0,0.0,1.0
catboost_29,ANP1,MNN2,OST3,ALG5,1.0,0.0,1.0
catboost_29,ANP1,MNN2,OST5,ALG8,1.0,0.0,1.0
catboost_29,ANP1,MNN2,OST3,ALG8,1.0,0.0,1.0
catboost_29,ANP1,MNN2,ROT2,ALG12,1.0,0.0,1.0
catboost_29,ANP1,MNN2,DIE2,ALG12,1.0,0.0,1.0
catboost_29,ANP1,MNN2,ALG5,ALG12,1.0,0.0,1.0
catboost_29,ANP1,MNN2,ALG8,ALG12,1.0,0.0,1.0
catboost_29,ANP1,MNN2,ALG6,ALG12,1.0,0.0,1.0
catboost_29,ANP1,MNN2,OST3,ALG12,1.0,0.0,1.0
catboost_29,ANP1,MNN2,OST5,ALG9,1.0,0.0,1.0
catboost_29,ANP1,MNN2,ALG5,ALG9,1.0,0.0,1.0
catboost_29,ANP1,MNN2,ALG5,ALG6,1.0,0.0,1.0
catboost_29,ANP1,MNN2,ALG12,ALG6,1.0,0.0,1.0
catboost_29,ANP1,MNN2,ALG9,ALG6,1.0,0.0,1.0
catboost_29,ANP1,MNN2,OST3,ALG6,1.0,0.0,1.0
catboost_29,ANP1,MNN2,ROT2,ALG3,1.0,0.0,1.0
catboost_29,ANP1,MNN2,OST5,ALG3,1.0,0.0,1.0
catboost_29,ANP1,MNN2,OST3,ALG3,1.0,0.0,1.0
catboost_29,ANP1,MNN2,ALG5,OST3,1.0,0.0,1.0
catboost_29,ANP1,MNN2,ALG12,OST3,1.0,0.0,1.0
catboost_29,ANP1,MNN2,ALG3,OST3,1.0,0.0,1.0
catboost_29,ANP1,MNN2,MNN2,ANP1,1.0,0.0,1.0
catboost_29,MNS1,ROT2,ANP1,MNS1,1.0,0.0,1.0
catboost_29,MNS1,ROT2,PCT1,PSD2,1.0,0.0,1.0
catboost_29,MNS1,ROT2,DOA4,STP22,1.0,0.0,1.0
catboost_29,MNS1,ROT2,GCS1,STP22,1.0,0.0,1.0
catboost_29,MNS1,ROT2,VPS28,STP22,1.0,0.0,1.0
catboost_29,MNS1,ROT2,GCS1,DOA4,1.0,0.0,1.0
catboost_29,MNS1,ROT2,PSD2,PCT1,1.0,0.0,1.0
catboost_29,MNS1,ROT2,OST5,CWH41,1.0,0.0,1.0
catboost_29,MNS1,ROT2,DIE2,CWH41,0.0,1.0,-1.0
catboost_29,MNS1,ROT2,MNS1,OST5,0.0,1.0,-1.0
catboost_29,MNS1,ROT2,ROT2,OST5,1.0,0.0,1.0
catboost_29,MNS1,ROT2,CWH41,DIE2,1.0,0.0,1.0
catboost_29,MNS1,ROT2,ROT2,DIE2,1.0,0.0,1.0
catboost_29,MNS1,ROT2,OST5,DIE2,1.0,0.0,1.0
catboost_29,MNS1,ROT2,HRD1,UBC7,1.0,0.0,1.0
catboost_29,MNS1,ROT2,OST5,ALG5,1.0,0.0,1.0
catboost_29,MNS1,ROT2,ALG9,ALG5,0.0,1.0,-1.0
catboost_29,MNS1,ROT2,OST3,ALG5,1.0,0.0,1.0
catboost_29,MNS1,ROT2,MNS1,ALG8,0.0,1.0,-1.0
catboost_29,MNS1,ROT2,OST5,ALG8,1.0,0.0,1.0
catboost_29,MNS1,ROT2,ALG12,ALG8,0.0,1.0,-1.0
catboost_29,MNS1,ROT2,ALG9,ALG8,0.0,1.0,-1.0
catboost_29,MNS1,ROT2,ALG6,ALG8,1.0,0.0,1.0
catboost_29,MNS1,ROT2,OST3,ALG8,1.0,0.0,1.0
catboost_29,MNS1,ROT2,ALG3,ALG12,1.0,0.0,1.0
catboost_29,MNS1,ROT2,OST3,ALG12,1.0,0.0,1.0
catboost_29,MNS1,ROT2,CWH41,ALG9,1.0,0.0,1.0
catboost_29,MNS1,ROT2,ROT2,ALG9,0.0,1.0,-1.0
catboost_29,MNS1,ROT2,OST5,ALG9,1.0,0.0,1.0
catboost_29,MNS1,ROT2,MNS1,ALG6,0.0,1.0,-1.0
catboost_29,MNS1,ROT2,ALG5,ALG6,1.0,0.0,1.0
catboost_29,MNS1,ROT2,ALG12,ALG6,1.0,0.0,1.0
catboost_29,MNS1,ROT2,ALG9,ALG6,1.0,0.0,1.0
catboost_29,MNS1,ROT2,OST3,ALG6,1.0,0.0,1.0
catboost_29,MNS1,ROT2,MNS1,ALG3,1.0,0.0,1.0
catboost_29,MNS1,ROT2,OST5,ALG3,1.0,0.0,1.0
catboost_29,MNS1,ROT2,OST3,ALG3,1.0,0.0,1.0
catboost_29,MNS1,ROT2,PMT1,PMT2,1.0,0.0,1.0
catboost_29,MNS1,ROT2,MNS1,OST3,0.0,1.0,-1.0
catboost_29,MNS1,ROT2,ALG8,OST3,0.0,1.0,-1.0
catboost_29,MNS1,ROT2,ALG9,OST3,0.0,1.0,-1.0
catboost_29,MNS1,ROT2,ALG3,OST3,1.0,0.0,1.0
catboost_29,STP22,VPS28,VPS28,STP22,1.0,0.0,1.0
catboost_29,STP22,VPS28,PSD2,PCT1,1.0,0.0,1.0
catboost_29,STP22,VPS28,DOA4,GCS1,1.0,0.0,1.0
catboost_29,STP22,VPS28,CWH41,ROT2,1.0,0.0,1.0
catboost_29,STP22,VPS28,OST5,ROT2,1.0,0.0,1.0
catboost_29,STP22,VPS28,CWH41,OST5,1.0,0.0,1.0
catboost_29,STP22,VPS28,ROT2,OST5,1.0,0.0,1.0
catboost_29,STP22,VPS28,ALG9,OST5,0.0,1.0,-1.0
catboost_29,STP22,VPS28,MNS1,DIE2,0.0,1.0,-1.0
catboost_29,STP22,VPS28,CWH41,DIE2,1.0,0.0,1.0
catboost_29,STP22,VPS28,OST5,ALG5,1.0,0.0,1.0
catboost_29,STP22,VPS28,ROT2,ALG12,1.0,0.0,1.0
catboost_29,STP22,VPS28,OST5,ALG12,1.0,0.0,1.0
catboost_29,STP22,VPS28,DIE2,ALG12,1.0,0.0,1.0
catboost_29,STP22,VPS28,ALG5,ALG12,1.0,0.0,1.0
catboost_29,STP22,VPS28,ALG6,ALG12,1.0,0.0,1.0
catboost_29,STP22,VPS28,OST3,ALG12,1.0,0.0,1.0
catboost_29,STP22,VPS28,ALG5,ALG9,1.0,0.0,1.0
catboost_29,STP22,VPS28,ALG5,ALG6,1.0,0.0,1.0
catboost_29,STP22,VPS28,ALG12,ALG6,1.0,0.0,1.0
catboost_29,STP22,VPS28,ALG9,ALG6,1.0,0.0,1.0
catboost_29,STP22,VPS28,OST3,ALG6,1.0,0.0,1.0
catboost_29,STP22,VPS28,ROT2,ALG3,1.0,0.0,1.0
catboost_29,STP22,VPS28,OST3,ALG3,1.0,0.0,1.0
catboost_29,STP22,VPS28,ALG3,OST3,1.0,0.0,1.0
catboost_29,HMG1,BTS1,VPS28,STP22,1.0,0.0,1.0
catboost_29,HMG1,BTS1,PSD2,PCT1,1.0,0.0,1.0
catboost_29,HMG1,BTS1,STP22,GCS1,0.0,1.0,-1.0
catboost_29,HMG1,BTS1,DOA4,GCS1,1.0,0.0,1.0
catboost_29,HMG1,BTS1,VPS28,GCS1,1.0,0.0,1.0
catboost_29,HMG1,BTS1,CWH41,ROT2,1.0,0.0,1.0
catboost_29,HMG1,BTS1,OST5,ROT2,1.0,0.0,1.0
catboost_29,HMG1,BTS1,CWH41,OST5,1.0,0.0,1.0
catboost_29,HMG1,BTS1,ROT2,OST5,1.0,0.0,1.0
catboost_29,HMG1,BTS1,MNS1,DIE2,0.0,1.0,-1.0
catboost_29,HMG1,BTS1,CWH41,DIE2,1.0,0.0,1.0
catboost_29,HMG1,BTS1,ROT2,DIE2,1.0,0.0,1.0
catboost_29,HMG1,BTS1,MNS1,ALG5,1.0,0.0,1.0
catboost_29,HMG1,BTS1,OST5,ALG5,1.0,0.0,1.0
catboost_29,HMG1,BTS1,OST5,ALG8,1.0,0.0,1.0
catboost_29,HMG1,BTS1,ALG12,ALG8,0.0,1.0,-1.0
catboost_29,HMG1,BTS1,ROT2,ALG12,1.0,0.0,1.0
catboost_29,HMG1,BTS1,DIE2,ALG12,1.0,0.0,1.0
catboost_29,HMG1,BTS1,ALG5,ALG12,1.0,0.0,1.0
catboost_29,HMG1,BTS1,OST3,ALG12,1.0,0.0,1.0
catboost_29,HMG1,BTS1,ALG5,ALG9,1.0,0.0,1.0
catboost_29,HMG1,BTS1,ALG5,ALG6,1.0,0.0,1.0
catboost_29,HMG1,BTS1,ALG12,ALG6,1.0,0.0,1.0
catboost_29,HMG1,BTS1,ALG9,ALG6,1.0,0.0,1.0
catboost_29,HMG1,BTS1,OST3,ALG6,1.0,0.0,1.0
catboost_29,HMG1,BTS1,ROT2,ALG3,1.0,0.0,1.0
catboost_29,HMG1,BTS1,OST3,ALG3,1.0,0.0,1.0
catboost_29,HMG1,BTS1,ALG3,OST3,1.0,0.0,1.0
catboost_29,DIE2,ALG5,DIE2,OST5,0.0,1.0,-1.0
catboost_29,DIE2,ALG5,ALG9,OST5,0.0,1.0,-1.0
catboost_29,DIE2,ALG5,ALG12,ALG5,0.0,1.0,-1.0
catboost_29,DIE2,ALG5,ALG5,ALG3,0.0,1.0,-1.0
catboost_29,DIE2,ALG5,ALG8,ALG3,0.0,1.0,-1.0
catboost_29,DIE2,ALG5,ALG6,ALG3,0.0,1.0,-1.0
catboost_29,ALG8,ALG5,ANP1,MNS1,1.0,0.0,1.0
catboost_29,ALG8,ALG5,PCT1,PSD2,1.0,0.0,1.0
catboost_29,ALG8,ALG5,DOA4,STP22,1.0,0.0,1.0
catboost_29,ALG8,ALG5,GCS1,STP22,1.0,0.0,1.0
catboost_29,ALG8,ALG5,VPS28,STP22,1.0,0.0,1.0
catboost_29,ALG8,ALG5,GCS1,DOA4,1.0,0.0,1.0
catboost_29,ALG8,ALG5,PSD2,PCT1,1.0,0.0,1.0
catboost_29,ALG8,ALG5,OST5,CWH41,1.0,0.0,1.0
catboost_29,ALG8,ALG5,STP22,GCS1,1.0,0.0,1.0
catboost_29,ALG8,ALG5,DOA4,GCS1,1.0,0.0,1.0
catboost_29,ALG8,ALG5,VPS28,GCS1,1.0,0.0,1.0
catboost_29,ALG8,ALG5,CWH41,ROT2,1.0,0.0,1.0
catboost_29,ALG8,ALG5,OST5,ROT2,1.0,0.0,1.0
catboost_29,ALG8,ALG5,GCS1,VPS28,1.0,0.0,1.0
catboost_29,ALG8,ALG5,CWH41,OST5,1.0,0.0,1.0
catboost_29,ALG8,ALG5,ROT2,OST5,1.0,0.0,1.0
catboost_29,ALG8,ALG5,CWH41,DIE2,1.0,0.0,1.0
catboost_29,ALG8,ALG5,ROT2,DIE2,1.0,0.0,1.0
catboost_29,ALG8,ALG5,OST5,DIE2,1.0,0.0,1.0
catboost_29,ALG8,ALG5,HRD1,UBC7,1.0,0.0,1.0
catboost_29,ALG8,ALG5,MNS1,ALG5,1.0,0.0,1.0
catboost_29,ALG8,ALG5,OST5,ALG5,1.0,0.0,1.0
catboost_29,ALG8,ALG5,OST3,ALG5,1.0,0.0,1.0
catboost_29,ALG8,ALG5,OST5,ALG8,1.0,0.0,1.0
catboost_29,ALG8,ALG5,ALG6,ALG8,1.0,0.0,1.0
catboost_29,ALG8,ALG5,OST3,ALG8,1.0,0.0,1.0
catboost_29,ALG8,ALG5,ROT2,ALG12,1.0,0.0,1.0
catboost_29,ALG8,ALG5,OST5,ALG12,1.0,0.0,1.0
catboost_29,ALG8,ALG5,DIE2,ALG12,1.0,0.0,1.0
catboost_29,ALG8,ALG5,ALG5,ALG12,1.0,0.0,1.0
catboost_29,ALG8,ALG5,ALG8,ALG12,1.0,0.0,1.0
catboost_29,ALG8,ALG5,ALG6,ALG12,1.0,0.0,1.0
catboost_29,ALG8,ALG5,ALG3,ALG12,1.0,0.0,1.0
catboost_29,ALG8,ALG5,OST3,ALG12,1.0,0.0,1.0
catboost_29,ALG8,ALG5,OST5,ALG9,1.0,0.0,1.0
catboost_29,ALG8,ALG5,ALG5,ALG9,1.0,0.0,1.0
catboost_29,ALG8,ALG5,ALG5,ALG6,1.0,0.0,1.0
catboost_29,ALG8,ALG5,ALG12,ALG6,1.0,0.0,1.0
catboost_29,ALG8,ALG5,ALG9,ALG6,1.0,0.0,1.0
catboost_29,ALG8,ALG5,OST3,ALG6,1.0,0.0,1.0
catboost_29,ALG8,ALG5,ROT2,ALG3,1.0,0.0,1.0
catboost_29,ALG8,ALG5,OST5,ALG3,1.0,0.0,1.0
catboost_29,ALG8,ALG5,OST3,ALG3,1.0,0.0,1.0
catboost_29,ALG8,ALG5,DIE2,OST3,1.0,0.0,1.0
catboost_29,ALG8,ALG5,ALG5,OST3,1.0,0.0,1.0
catboost_29,ALG8,ALG5,ALG12,OST3,1.0,0.0,1.0
catboost_29,ALG8,ALG5,ALG3,OST3,1.0,0.0,1.0
catboost_29,ALG8,ALG5,MNN2,ANP1,1.0,0.0,1.0
catboost_29,ALG6,ALG5,GCS1,STP22,1.0,0.0,1.0
catboost_29,ALG6,ALG5,VPS28,STP22,1.0,0.0,1.0
catboost_29,ALG6,ALG5,PSD2,PCT1,1.0,0.0,1.0
catboost_29,ALG6,ALG5,OST5,CWH41,1.0,0.0,1.0
catboost_29,ALG6,ALG5,DIE2,CWH41,0.0,1.0,-1.0
catboost_29,ALG6,ALG5,STP22,GCS1,0.0,1.0,-1.0
catboost_29,ALG6,ALG5,DOA4,VPS28,0.0,1.0,-1.0
catboost_29,ALG6,ALG5,MNS1,OST5,0.0,1.0,-1.0
catboost_29,ALG6,ALG5,ROT2,OST5,1.0,0.0,1.0
catboost_29,ALG6,ALG5,MNS1,DIE2,0.0,1.0,-1.0
catboost_29,ALG6,ALG5,CWH41,DIE2,1.0,0.0,1.0
catboost_29,ALG6,ALG5,ROT2,DIE2,1.0,0.0,1.0
catboost_29,ALG6,ALG5,OST5,DIE2,1.0,0.0,1.0
catboost_29,ALG6,ALG5,HRD1,UBC7,1.0,0.0,1.0
catboost_29,ALG6,ALG5,ROT2,ALG5,0.0,1.0,-1.0
catboost_29,ALG6,ALG5,OST5,ALG5,1.0,0.0,1.0
catboost_29,ALG6,ALG5,ALG9,ALG5,0.0,1.0,-1.0
catboost_29,ALG6,ALG5,MNS1,ALG8,0.0,1.0,-1.0
catboost_29,ALG6,ALG5,OST5,ALG8,1.0,0.0,1.0
catboost_29,ALG6,ALG5,ALG12,ALG8,0.0,1.0,-1.0
catboost_29,ALG6,ALG5,ALG9,ALG8,0.0,1.0,-1.0
catboost_29,ALG6,ALG5,OST3,ALG12,1.0,0.0,1.0
catboost_29,ALG6,ALG5,OST5,ALG9,1.0,0.0,1.0
catboost_29,ALG6,ALG5,MNS1,ALG6,0.0,1.0,-1.0
catboost_29,ALG6,ALG5,ALG5,ALG6,1.0,0.0,1.0
catboost_29,ALG6,ALG5,ALG12,ALG6,1.0,0.0,1.0
catboost_29,ALG6,ALG5,ALG9,ALG6,1.0,0.0,1.0
catboost_29,ALG6,ALG5,OST3,ALG6,1.0,0.0,1.0
catboost_29,ALG6,ALG5,OST3,ALG3,1.0,0.0,1.0
catboost_29,ALG6,ALG5,MNS1,OST3,0.0,1.0,-1.0
catboost_29,ALG6,ALG5,DIE2,OST3,0.0,1.0,-1.0
catboost_29,ALG6,ALG5,ALG5,OST3,0.0,1.0,-1.0
catboost_29,ALG6,ALG5,ALG8,OST3,0.0,1.0,-1.0
catboost_29,ALG6,ALG5,ALG9,OST3,0.0,1.0,-1.0
catboost_29,ALG6,ALG5,ALG6,OST3,0.0,1.0,-1.0
catboost_29,ALG6,ALG5,ALG3,OST3,1.0,0.0,1.0
catboost_29,DIE2,ALG8,MNN2,MNS1,1.0,0.0,1.0
catboost_29,DIE2,ALG8,OST5,MNS1,1.0,0.0,1.0
catboost_29,DIE2,ALG8,DIE2,MNS1,1.0,0.0,1.0
catboost_29,DIE2,ALG8,ALG5,MNS1,1.0,0.0,1.0
catboost_29,DIE2,ALG8,ALG12,MNS1,1.0,0.0,1.0
catboost_29,DIE2,ALG8,ALG9,MNS1,1.0,0.0,1.0
catboost_29,DIE2,ALG8,ALG3,MNS1,1.0,0.0,1.0
catboost_29,DIE2,ALG8,OST3,MNS1,1.0,0.0,1.0
catboost_29,DIE2,ALG8,ANP1,MNS1,1.0,0.0,1.0
catboost_29,DIE2,ALG8,BTS1,HMG1,1.0,0.0,1.0
catboost_29,DIE2,ALG8,PCT1,PSD2,1.0,0.0,1.0
catboost_29,DIE2,ALG8,DOA4,STP22,1.0,0.0,1.0
catboost_29,DIE2,ALG8,GCS1,STP22,1.0,0.0,1.0
catboost_29,DIE2,ALG8,VPS28,STP22,1.0,0.0,1.0
catboost_29,DIE2,ALG8,GOS1,TLG2,1.0,0.0,1.0
catboost_29,DIE2,ALG8,STP22,DOA4,1.0,0.0,1.0
catboost_29,DIE2,ALG8,GCS1,DOA4,1.0,0.0,1.0
catboost_29,DIE2,ALG8,VPS28,DOA4,1.0,0.0,1.0
catboost_29,DIE2,ALG8,PSD2,PCT1,1.0,0.0,1.0
catboost_29,DIE2,ALG8,OST5,CWH41,1.0,0.0,1.0
catboost_29,DIE2,ALG8,ALG9,CWH41,1.0,0.0,1.0
catboost_29,DIE2,ALG8,ALG6,CWH41,1.0,0.0,1.0
catboost_29,DIE2,ALG8,ALG3,CWH41,1.0,0.0,1.0
catboost_29,DIE2,ALG8,OST3,CWH41,1.0,0.0,1.0
catboost_29,DIE2,ALG8,TLG2,GOS1,1.0,0.0,1.0
catboost_29,DIE2,ALG8,STP22,GCS1,1.0,0.0,1.0
catboost_29,DIE2,ALG8,DOA4,GCS1,1.0,0.0,1.0
catboost_29,DIE2,ALG8,VPS28,GCS1,1.0,0.0,1.0
catboost_29,DIE2,ALG8,CWH41,ROT2,1.0,0.0,1.0
catboost_29,DIE2,ALG8,OST5,ROT2,1.0,0.0,1.0
catboost_29,DIE2,ALG8,ALG12,ROT2,1.0,0.0,1.0
catboost_29,DIE2,ALG8,ALG9,ROT2,1.0,0.0,1.0
catboost_29,DIE2,ALG8,ALG6,ROT2,1.0,0.0,1.0
catboost_29,DIE2,ALG8,ALG3,ROT2,1.0,0.0,1.0
catboost_29,DIE2,ALG8,OST3,ROT2,1.0,0.0,1.0
catboost_29,DIE2,ALG8,DOA4,VPS28,1.0,0.0,1.0
catboost_29,DIE2,ALG8,GCS1,VPS28,1.0,0.0,1.0
catboost_29,DIE2,ALG8,MNS1,OST5,1.0,0.0,1.0
catboost_29,DIE2,ALG8,CWH41,OST5,1.0,0.0,1.0
catboost_29,DIE2,ALG8,ROT2,OST5,1.0,0.0,1.0
catboost_29,DIE2,ALG8,ALG5,OST5,1.0,0.0,1.0
catboost_29,DIE2,ALG8,ALG8,OST5,1.0,0.0,1.0
catboost_29,DIE2,ALG8,ALG12,OST5,1.0,0.0,1.0
catboost_29,DIE2,ALG8,ALG3,OST5,1.0,0.0,1.0
catboost_29,DIE2,ALG8,OST3,OST5,1.0,0.0,1.0
catboost_29,DIE2,ALG8,MNS1,DIE2,1.0,0.0,1.0
catboost_29,DIE2,ALG8,CWH41,DIE2,1.0,0.0,1.0
catboost_29,DIE2,ALG8,ROT2,DIE2,1.0,0.0,1.0
catboost_29,DIE2,ALG8,OST5,DIE2,1.0,0.0,1.0
catboost_29,DIE2,ALG8,ALG12,DIE2,1.0,0.0,1.0
catboost_29,DIE2,ALG8,ALG6,DIE2,1.0,0.0,1.0
catboost_29,DIE2,ALG8,ALG3,DIE2,1.0,0.0,1.0
catboost_29,DIE2,ALG8,OST3,DIE2,1.0,0.0,1.0
catboost_29,DIE2,ALG8,UFD2,UBC7,1.0,0.0,1.0
catboost_29,DIE2,ALG8,HRD1,UBC7,1.0,0.0,1.0
catboost_29,DIE2,ALG8,MNS1,ALG5,1.0,0.0,1.0
catboost_29,DIE2,ALG8,CWH41,ALG5,1.0,0.0,1.0
catboost_29,DIE2,ALG8,ROT2,ALG5,1.0,0.0,1.0
catboost_29,DIE2,ALG8,OST5,ALG5,1.0,0.0,1.0
catboost_29,DIE2,ALG8,ALG12,ALG5,1.0,0.0,1.0
catboost_29,DIE2,ALG8,ALG9,ALG5,1.0,0.0,1.0
catboost_29,DIE2,ALG8,ALG3,ALG5,1.0,0.0,1.0
catboost_29,DIE2,ALG8,OST3,ALG5,1.0,0.0,1.0
catboost_29,DIE2,ALG8,TLG2,SEC22,1.0,0.0,1.0
catboost_29,DIE2,ALG8,GOS1,SEC22,1.0,0.0,1.0
catboost_29,DIE2,ALG8,UFD2,HRD1,1.0,0.0,1.0
catboost_29,DIE2,ALG8,UBC7,HRD1,1.0,0.0,1.0
catboost_29,DIE2,ALG8,MNS1,ALG8,1.0,0.0,1.0
catboost_29,DIE2,ALG8,CWH41,ALG8,1.0,0.0,1.0
catboost_29,DIE2,ALG8,ROT2,ALG8,1.0,0.0,1.0
catboost_29,DIE2,ALG8,OST5,ALG8,1.0,0.0,1.0
catboost_29,DIE2,ALG8,ALG5,ALG8,1.0,0.0,1.0
catboost_29,DIE2,ALG8,ALG12,ALG8,1.0,0.0,1.0
catboost_29,DIE2,ALG8,ALG9,ALG8,1.0,0.0,1.0
catboost_29,DIE2,ALG8,ALG6,ALG8,1.0,0.0,1.0
catboost_29,DIE2,ALG8,ALG3,ALG8,1.0,0.0,1.0
catboost_29,DIE2,ALG8,OST3,ALG8,1.0,0.0,1.0
catboost_29,DIE2,ALG8,MNS1,ALG12,1.0,0.0,1.0
catboost_29,DIE2,ALG8,ROT2,ALG12,1.0,0.0,1.0
catboost_29,DIE2,ALG8,OST5,ALG12,1.0,0.0,1.0
catboost_29,DIE2,ALG8,DIE2,ALG12,1.0,0.0,1.0
catboost_29,DIE2,ALG8,ALG5,ALG12,1.0,0.0,1.0
catboost_29,DIE2,ALG8,ALG8,ALG12,1.0,0.0,1.0
catboost_29,DIE2,ALG8,ALG9,ALG12,1.0,0.0,1.0
catboost_29,DIE2,ALG8,ALG6,ALG12,1.0,0.0,1.0
catboost_29,DIE2,ALG8,ALG3,ALG12,1.0,0.0,1.0
catboost_29,DIE2,ALG8,OST3,ALG12,1.0,0.0,1.0
catboost_29,DIE2,ALG8,MNS1,ALG9,1.0,0.0,1.0
catboost_29,DIE2,ALG8,CWH41,ALG9,1.0,0.0,1.0
catboost_29,DIE2,ALG8,ROT2,ALG9,1.0,0.0,1.0
catboost_29,DIE2,ALG8,OST5,ALG9,1.0,0.0,1.0
catboost_29,DIE2,ALG8,ALG5,ALG9,1.0,0.0,1.0
catboost_29,DIE2,ALG8,OST3,ALG9,1.0,0.0,1.0
catboost_29,DIE2,ALG8,MNS1,ALG6,1.0,0.0,1.0
catboost_29,DIE2,ALG8,CWH41,ALG6,1.0,0.0,1.0
catboost_29,DIE2,ALG8,ROT2,ALG6,1.0,0.0,1.0
catboost_29,DIE2,ALG8,OST5,ALG6,1.0,0.0,1.0
catboost_29,DIE2,ALG8,ALG5,ALG6,1.0,0.0,1.0
catboost_29,DIE2,ALG8,ALG12,ALG6,1.0,0.0,1.0
catboost_29,DIE2,ALG8,ALG9,ALG6,1.0,0.0,1.0
catboost_29,DIE2,ALG8,OST3,ALG6,1.0,0.0,1.0
catboost_29,DIE2,ALG8,MNS1,ALG3,1.0,0.0,1.0
catboost_29,DIE2,ALG8,CWH41,ALG3,1.0,0.0,1.0
catboost_29,DIE2,ALG8,ROT2,ALG3,1.0,0.0,1.0
catboost_29,DIE2,ALG8,OST5,ALG3,1.0,0.0,1.0
catboost_29,DIE2,ALG8,ALG8,ALG3,1.0,0.0,1.0
catboost_29,DIE2,ALG8,OST3,ALG3,1.0,0.0,1.0
catboost_29,DIE2,ALG8,PMT1,PMT2,1.0,0.0,1.0
catboost_29,DIE2,ALG8,MNS1,OST3,1.0,0.0,1.0
catboost_29,DIE2,ALG8,CWH41,OST3,1.0,0.0,1.0
catboost_29,DIE2,ALG8,ROT2,OST3,1.0,0.0,1.0
catboost_29,DIE2,ALG8,DIE2,OST3,1.0,0.0,1.0
catboost_29,DIE2,ALG8,ALG5,OST3,1.0,0.0,1.0
catboost_29,DIE2,ALG8,ALG8,OST3,1.0,0.0,1.0
catboost_29,DIE2,ALG8,ALG12,OST3,1.0,0.0,1.0
catboost_29,DIE2,ALG8,ALG9,OST3,1.0,0.0,1.0
catboost_29,DIE2,ALG8,ALG6,OST3,1.0,0.0,1.0
catboost_29,DIE2,ALG8,ALG3,OST3,1.0,0.0,1.0
catboost_29,DIE2,ALG8,MNN2,ANP1,1.0,0.0,1.0
catboost_29,DIE2,ALG9,CWH41,MNS1,1.0,0.0,1.0
catboost_29,DIE2,ALG9,MNN2,MNS1,1.0,0.0,1.0
catboost_29,DIE2,ALG9,ROT2,MNS1,1.0,0.0,1.0
catboost_29,DIE2,ALG9,OST5,MNS1,1.0,0.0,1.0
catboost_29,DIE2,ALG9,DIE2,MNS1,1.0,0.0,1.0
catboost_29,DIE2,ALG9,ALG5,MNS1,1.0,0.0,1.0
catboost_29,DIE2,ALG9,ALG12,MNS1,1.0,0.0,1.0
catboost_29,DIE2,ALG9,ALG9,MNS1,1.0,0.0,1.0
catboost_29,DIE2,ALG9,ALG3,MNS1,1.0,0.0,1.0
catboost_29,DIE2,ALG9,OST3,MNS1,1.0,0.0,1.0
catboost_29,DIE2,ALG9,ANP1,MNS1,1.0,0.0,1.0
catboost_29,DIE2,ALG9,BTS1,HMG1,1.0,0.0,1.0
catboost_29,DIE2,ALG9,PCT1,PSD2,1.0,0.0,1.0
catboost_29,DIE2,ALG9,DOA4,STP22,1.0,0.0,1.0
catboost_29,DIE2,ALG9,GCS1,STP22,1.0,0.0,1.0
catboost_29,DIE2,ALG9,VPS28,STP22,1.0,0.0,1.0
catboost_29,DIE2,ALG9,GOS1,TLG2,1.0,0.0,1.0
catboost_29,DIE2,ALG9,STP22,DOA4,1.0,0.0,1.0
catboost_29,DIE2,ALG9,GCS1,DOA4,1.0,0.0,1.0
catboost_29,DIE2,ALG9,VPS28,DOA4,1.0,0.0,1.0
catboost_29,DIE2,ALG9,PSD2,PCT1,1.0,0.0,1.0
catboost_29,DIE2,ALG9,OST5,CWH41,1.0,0.0,1.0
catboost_29,DIE2,ALG9,DIE2,CWH41,1.0,0.0,1.0
catboost_29,DIE2,ALG9,ALG5,CWH41,1.0,0.0,1.0
catboost_29,DIE2,ALG9,ALG9,CWH41,1.0,0.0,1.0
catboost_29,DIE2,ALG9,ALG6,CWH41,1.0,0.0,1.0
catboost_29,DIE2,ALG9,ALG3,CWH41,1.0,0.0,1.0
catboost_29,DIE2,ALG9,OST3,CWH41,1.0,0.0,1.0
catboost_29,DIE2,ALG9,UBC7,UFD2,1.0,0.0,1.0
catboost_29,DIE2,ALG9,HRD1,UFD2,1.0,0.0,1.0
catboost_29,DIE2,ALG9,TLG2,GOS1,1.0,0.0,1.0
catboost_29,DIE2,ALG9,SEC22,GOS1,1.0,0.0,1.0
catboost_29,DIE2,ALG9,DOA4,GCS1,1.0,0.0,1.0
catboost_29,DIE2,ALG9,VPS28,GCS1,1.0,0.0,1.0
catboost_29,DIE2,ALG9,CWH41,ROT2,1.0,0.0,1.0
catboost_29,DIE2,ALG9,OST5,ROT2,1.0,0.0,1.0
catboost_29,DIE2,ALG9,DIE2,ROT2,1.0,0.0,1.0
catboost_29,DIE2,ALG9,ALG5,ROT2,1.0,0.0,1.0
catboost_29,DIE2,ALG9,ALG12,ROT2,1.0,0.0,1.0
catboost_29,DIE2,ALG9,ALG9,ROT2,1.0,0.0,1.0
catboost_29,DIE2,ALG9,ALG6,ROT2,1.0,0.0,1.0
catboost_29,DIE2,ALG9,ALG3,ROT2,1.0,0.0,1.0
catboost_29,DIE2,ALG9,OST3,ROT2,1.0,0.0,1.0
catboost_29,DIE2,ALG9,DOA4,VPS28,1.0,0.0,1.0
catboost_29,DIE2,ALG9,GCS1,VPS28,1.0,0.0,1.0
catboost_29,DIE2,ALG9,MNS1,OST5,1.0,0.0,1.0
catboost_29,DIE2,ALG9,CWH41,OST5,1.0,0.0,1.0
catboost_29,DIE2,ALG9,ROT2,OST5,1.0,0.0,1.0
catboost_29,DIE2,ALG9,ALG5,OST5,1.0,0.0,1.0
catboost_29,DIE2,ALG9,ALG8,OST5,1.0,0.0,1.0
catboost_29,DIE2,ALG9,ALG3,OST5,1.0,0.0,1.0
catboost_29,DIE2,ALG9,OST3,OST5,1.0,0.0,1.0
catboost_29,DIE2,ALG9,CWH41,DIE2,1.0,0.0,1.0
catboost_29,DIE2,ALG9,ROT2,DIE2,1.0,0.0,1.0
catboost_29,DIE2,ALG9,OST5,DIE2,1.0,0.0,1.0
catboost_29,DIE2,ALG9,ALG5,DIE2,1.0,0.0,1.0
catboost_29,DIE2,ALG9,ALG8,DIE2,1.0,0.0,1.0
catboost_29,DIE2,ALG9,ALG12,DIE2,1.0,0.0,1.0
catboost_29,DIE2,ALG9,ALG6,DIE2,1.0,0.0,1.0
catboost_29,DIE2,ALG9,ALG3,DIE2,1.0,0.0,1.0
catboost_29,DIE2,ALG9,OST3,DIE2,1.0,0.0,1.0
catboost_29,DIE2,ALG9,UFD2,UBC7,1.0,0.0,1.0
catboost_29,DIE2,ALG9,HRD1,UBC7,1.0,0.0,1.0
catboost_29,DIE2,ALG9,MNS1,ALG5,1.0,0.0,1.0
catboost_29,DIE2,ALG9,CWH41,ALG5,1.0,0.0,1.0
catboost_29,DIE2,ALG9,ROT2,ALG5,1.0,0.0,1.0
catboost_29,DIE2,ALG9,OST5,ALG5,1.0,0.0,1.0
catboost_29,DIE2,ALG9,ALG9,ALG5,1.0,0.0,1.0
catboost_29,DIE2,ALG9,ALG3,ALG5,1.0,0.0,1.0
catboost_29,DIE2,ALG9,OST3,ALG5,1.0,0.0,1.0
catboost_29,DIE2,ALG9,PMT2,PMT1,1.0,0.0,1.0
catboost_29,DIE2,ALG9,TLG2,SEC22,1.0,0.0,1.0
catboost_29,DIE2,ALG9,GOS1,SEC22,1.0,0.0,1.0
catboost_29,DIE2,ALG9,UFD2,HRD1,1.0,0.0,1.0
catboost_29,DIE2,ALG9,UBC7,HRD1,1.0,0.0,1.0
catboost_29,DIE2,ALG9,MNS1,ALG8,1.0,0.0,1.0
catboost_29,DIE2,ALG9,CWH41,ALG8,1.0,0.0,1.0
catboost_29,DIE2,ALG9,ROT2,ALG8,1.0,0.0,1.0
catboost_29,DIE2,ALG9,OST5,ALG8,1.0,0.0,1.0
catboost_29,DIE2,ALG9,ALG5,ALG8,1.0,0.0,1.0
catboost_29,DIE2,ALG9,ALG12,ALG8,1.0,0.0,1.0
catboost_29,DIE2,ALG9,ALG9,ALG8,1.0,0.0,1.0
catboost_29,DIE2,ALG9,ALG6,ALG8,1.0,0.0,1.0
catboost_29,DIE2,ALG9,ALG3,ALG8,1.0,0.0,1.0
catboost_29,DIE2,ALG9,OST3,ALG8,1.0,0.0,1.0
catboost_29,DIE2,ALG9,MNS1,ALG12,1.0,0.0,1.0
catboost_29,DIE2,ALG9,CWH41,ALG12,1.0,0.0,1.0
catboost_29,DIE2,ALG9,ROT2,ALG12,1.0,0.0,1.0
catboost_29,DIE2,ALG9,OST5,ALG12,1.0,0.0,1.0
catboost_29,DIE2,ALG9,DIE2,ALG12,1.0,0.0,1.0
catboost_29,DIE2,ALG9,ALG5,ALG12,1.0,0.0,1.0
catboost_29,DIE2,ALG9,ALG8,ALG12,1.0,0.0,1.0
catboost_29,DIE2,ALG9,ALG6,ALG12,1.0,0.0,1.0
catboost_29,DIE2,ALG9,ALG3,ALG12,1.0,0.0,1.0
catboost_29,DIE2,ALG9,OST3,ALG12,1.0,0.0,1.0
catboost_29,DIE2,ALG9,MNS1,ALG9,1.0,0.0,1.0
catboost_29,DIE2,ALG9,CWH41,ALG9,1.0,0.0,1.0
catboost_29,DIE2,ALG9,ROT2,ALG9,1.0,0.0,1.0
catboost_29,DIE2,ALG9,OST5,ALG9,1.0,0.0,1.0
catboost_29,DIE2,ALG9,ALG5,ALG9,1.0,0.0,1.0
catboost_29,DIE2,ALG9,ALG3,ALG9,1.0,0.0,1.0
catboost_29,DIE2,ALG9,OST3,ALG9,1.0,0.0,1.0
catboost_29,DIE2,ALG9,MNS1,ALG6,1.0,0.0,1.0
catboost_29,DIE2,ALG9,CWH41,ALG6,1.0,0.0,1.0
catboost_29,DIE2,ALG9,ROT2,ALG6,1.0,0.0,1.0
catboost_29,DIE2,ALG9,OST5,ALG6,1.0,0.0,1.0
catboost_29,DIE2,ALG9,ALG5,ALG6,1.0,0.0,1.0
catboost_29,DIE2,ALG9,ALG12,ALG6,1.0,0.0,1.0
catboost_29,DIE2,ALG9,ALG9,ALG6,1.0,0.0,1.0
catboost_29,DIE2,ALG9,ALG3,ALG6,1.0,0.0,1.0
catboost_29,DIE2,ALG9,OST3,ALG6,1.0,0.0,1.0
catboost_29,DIE2,ALG9,MNS1,ALG3,1.0,0.0,1.0
catboost_29,DIE2,ALG9,CWH41,ALG3,1.0,0.0,1.0
catboost_29,DIE2,ALG9,ROT2,ALG3,1.0,0.0,1.0
catboost_29,DIE2,ALG9,OST5,ALG3,1.0,0.0,1.0
catboost_29,DIE2,ALG9,DIE2,ALG3,1.0,0.0,1.0
catboost_29,DIE2,ALG9,OST3,ALG3,1.0,0.0,1.0
catboost_29,DIE2,ALG9,PMT1,PMT2,1.0,0.0,1.0
catboost_29,DIE2,ALG9,MNS1,OST3,1.0,0.0,1.0
catboost_29,DIE2,ALG9,CWH41,OST3,1.0,0.0,1.0
catboost_29,DIE2,ALG9,ROT2,OST3,1.0,0.0,1.0
catboost_29,DIE2,ALG9,DIE2,OST3,1.0,0.0,1.0
catboost_29,DIE2,ALG9,ALG5,OST3,1.0,0.0,1.0
catboost_29,DIE2,ALG9,ALG8,OST3,1.0,0.0,1.0
catboost_29,DIE2,ALG9,ALG12,OST3,1.0,0.0,1.0
catboost_29,DIE2,ALG9,ALG9,OST3,1.0,0.0,1.0
catboost_29,DIE2,ALG9,ALG6,OST3,1.0,0.0,1.0
catboost_29,DIE2,ALG9,ALG3,OST3,1.0,0.0,1.0
catboost_29,DIE2,ALG9,MNN2,ANP1,1.0,0.0,1.0
catboost_29,ALG8,ALG9,VPS28,STP22,1.0,0.0,1.0
catboost_29,ALG8,ALG9,PSD2,PCT1,1.0,0.0,1.0
catboost_29,ALG8,ALG9,STP22,GCS1,0.0,1.0,-1.0
catboost_29,ALG8,ALG9,DOA4,GCS1,1.0,0.0,1.0
catboost_29,ALG8,ALG9,OST5,ROT2,1.0,0.0,1.0
catboost_29,ALG8,ALG9,ROT2,OST5,1.0,0.0,1.0
catboost_29,ALG8,ALG9,MNS1,DIE2,0.0,1.0,-1.0
catboost_29,ALG8,ALG9,CWH41,DIE2,1.0,0.0,1.0
catboost_29,ALG8,ALG9,ROT2,DIE2,1.0,0.0,1.0
catboost_29,ALG8,ALG9,OST5,DIE2,1.0,0.0,1.0
catboost_29,ALG8,ALG9,MNS1,ALG5,1.0,0.0,1.0
catboost_29,ALG8,ALG9,OST5,ALG5,1.0,0.0,1.0
catboost_29,ALG8,ALG9,OST5,ALG8,1.0,0.0,1.0
catboost_29,ALG8,ALG9,ALG12,ALG8,0.0,1.0,-1.0
catboost_29,ALG8,ALG9,DIE2,ALG12,1.0,0.0,1.0
catboost_29,ALG8,ALG9,ALG8,ALG12,1.0,0.0,1.0
catboost_29,ALG8,ALG9,OST3,ALG12,1.0,0.0,1.0
catboost_29,ALG8,ALG9,OST5,ALG9,1.0,0.0,1.0
catboost_29,ALG8,ALG9,ALG5,ALG9,1.0,0.0,1.0
catboost_29,ALG8,ALG9,MNS1,ALG6,0.0,1.0,-1.0
catboost_29,ALG8,ALG9,ALG5,ALG6,1.0,0.0,1.0
catboost_29,ALG8,ALG9,ALG12,ALG6,1.0,0.0,1.0
catboost_29,ALG8,ALG9,ALG9,ALG6,1.0,0.0,1.0
catboost_29,ALG8,ALG9,OST3,ALG6,1.0,0.0,1.0
catboost_29,ALG8,ALG9,ROT2,ALG3,1.0,0.0,1.0
catboost_29,ALG8,ALG9,OST3,ALG3,1.0,0.0,1.0
catboost_29,ALG8,ALG9,ALG5,OST3,0.0,1.0,-1.0
catboost_29,ALG8,ALG9,ALG12,OST3,1.0,0.0,1.0
catboost_29,ALG8,ALG9,ALG9,OST3,0.0,1.0,-1.0
catboost_29,ALG8,ALG9,ALG3,OST3,1.0,0.0,1.0
catboost_29,ALG12,ALG9,PSD2,PCT1,1.0,0.0,1.0
catboost_29,ALG12,ALG9,ALG9,OST5,0.0,1.0,-1.0
catboost_29,ALG12,ALG9,OST5,ALG5,1.0,0.0,1.0
catboost_29,ALG12,ALG9,OST5,ALG12,1.0,0.0,1.0
catboost_29,ALG12,ALG9,ALG6,ALG12,1.0,0.0,1.0
catboost_29,ALG12,ALG9,ALG8,ALG3,1.0,0.0,1.0
catboost_29,ALG12,ALG9,OST3,ALG3,1.0,0.0,1.0
catboost_29,ALG6,ALG9,PSD2,PCT1,1.0,0.0,1.0
catboost_29,ALG6,ALG9,STP22,GCS1,0.0,1.0,-1.0
catboost_29,ALG6,ALG9,DOA4,GCS1,0.0,1.0,-1.0
catboost_29,ALG6,ALG9,VPS28,GCS1,0.0,1.0,-1.0
catboost_29,ALG6,ALG9,CWH41,ROT2,0.0,1.0,-1.0
catboost_29,ALG6,ALG9,OST5,ROT2,0.0,1.0,-1.0
catboost_29,ALG6,ALG9,DOA4,VPS28,0.0,1.0,-1.0
catboost_29,ALG6,ALG9,MNS1,OST5,0.0,1.0,-1.0
catboost_29,ALG6,ALG9,CWH41,OST5,0.0,1.0,-1.0
catboost_29,ALG6,ALG9,ROT2,OST5,1.0,0.0,1.0
catboost_29,ALG6,ALG9,ALG12,OST5,0.0,1.0,-1.0
catboost_29,ALG6,ALG9,ALG9,OST5,0.0,1.0,-1.0
catboost_29,ALG6,ALG9,MNS1,DIE2,0.0,1.0,-1.0
catboost_29,ALG6,ALG9,MNS1,ALG5,0.0,1.0,-1.0
catboost_29,ALG6,ALG9,ROT2,ALG5,0.0,1.0,-1.0
catboost_29,ALG6,ALG9,OST5,ALG5,1.0,0.0,1.0
catboost_29,ALG6,ALG9,ALG12,ALG8,0.0,1.0,-1.0
catboost_29,ALG6,ALG9,ROT2,ALG12,0.0,1.0,-1.0
catboost_29,ALG6,ALG9,DIE2,ALG12,0.0,1.0,-1.0
catboost_29,ALG6,ALG9,ALG8,ALG12,0.0,1.0,-1.0
catboost_29,ALG6,ALG9,OST3,ALG12,1.0,0.0,1.0
catboost_29,ALG6,ALG9,MNS1,ALG6,0.0,1.0,-1.0
catboost_29,ALG6,ALG9,ALG5,ALG6,1.0,0.0,1.0
catboost_29,ALG6,ALG9,OST3,ALG3,1.0,0.0,1.0
catboost_29,ALG6,ALG9,MNS1,OST3,0.0,1.0,-1.0
catboost_29,ALG6,ALG9,ALG5,OST3,0.0,1.0,-1.0
catboost_29,ALG6,ALG9,ALG12,OST3,0.0,1.0,-1.0
catboost_29,ALG6,ALG9,ALG9,OST3,0.0,1.0,-1.0
catboost_29,ALG6,ALG9,MNN2,ANP1,0.0,1.0,-1.0
catboost_29,DIE2,ALG6,MNN2,MNS1,1.0,0.0,1.0
catboost_29,DIE2,ALG6,ANP1,MNS1,1.0,0.0,1.0
catboost_29,DIE2,ALG6,BTS1,HMG1,1.0,0.0,1.0
catboost_29,DIE2,ALG6,PCT1,PSD2,1.0,0.0,1.0
catboost_29,DIE2,ALG6,DOA4,STP22,1.0,0.0,1.0
catboost_29,DIE2,ALG6,GCS1,STP22,1.0,0.0,1.0
catboost_29,DIE2,ALG6,VPS28,STP22,1.0,0.0,1.0
catboost_29,DIE2,ALG6,GCS1,DOA4,1.0,0.0,1.0
catboost_29,DIE2,ALG6,PSD2,PCT1,1.0,0.0,1.0
catboost_29,DIE2,ALG6,OST5,CWH41,1.0,0.0,1.0
catboost_29,DIE2,ALG6,DOA4,GCS1,1.0,0.0,1.0
catboost_29,DIE2,ALG6,ALG12,ROT2,1.0,0.0,1.0
catboost_29,DIE2,ALG6,DOA4,VPS28,1.0,0.0,1.0
catboost_29,DIE2,ALG6,GCS1,VPS28,1.0,0.0,1.0
catboost_29,DIE2,ALG6,MNS1,OST5,1.0,0.0,1.0
catboost_29,DIE2,ALG6,ROT2,OST5,1.0,0.0,1.0
catboost_29,DIE2,ALG6,OST3,OST5,1.0,0.0,1.0
catboost_29,DIE2,ALG6,CWH41,DIE2,1.0,0.0,1.0
catboost_29,DIE2,ALG6,ROT2,DIE2,1.0,0.0,1.0
catboost_29,DIE2,ALG6,OST5,DIE2,1.0,0.0,1.0
catboost_29,DIE2,ALG6,UFD2,UBC7,1.0,0.0,1.0
catboost_29,DIE2,ALG6,HRD1,UBC7,1.0,0.0,1.0
catboost_29,DIE2,ALG6,MNS1,ALG5,1.0,0.0,1.0
catboost_29,DIE2,ALG6,ROT2,ALG5,1.0,0.0,1.0
catboost_29,DIE2,ALG6,OST5,ALG5,1.0,0.0,1.0
catboost_29,DIE2,ALG6,ALG9,ALG5,1.0,0.0,1.0
catboost_29,DIE2,ALG6,ALG3,ALG5,1.0,0.0,1.0
catboost_29,DIE2,ALG6,OST3,ALG5,1.0,0.0,1.0
catboost_29,DIE2,ALG6,UBC7,HRD1,1.0,0.0,1.0
catboost_29,DIE2,ALG6,OST5,ALG8,1.0,0.0,1.0
catboost_29,DIE2,ALG6,ALG12,ALG8,0.0,1.0,-1.0
catboost_29,DIE2,ALG6,ALG9,ALG8,1.0,0.0,1.0
catboost_29,DIE2,ALG6,ALG6,ALG8,1.0,0.0,1.0
catboost_29,DIE2,ALG6,OST3,ALG8,1.0,0.0,1.0
catboost_29,DIE2,ALG6,MNS1,ALG12,1.0,0.0,1.0
catboost_29,DIE2,ALG6,DIE2,ALG12,1.0,0.0,1.0
catboost_29,DIE2,ALG6,ALG8,ALG12,1.0,0.0,1.0
catboost_29,DIE2,ALG6,ALG3,ALG12,1.0,0.0,1.0
catboost_29,DIE2,ALG6,OST3,ALG12,1.0,0.0,1.0
catboost_29,DIE2,ALG6,MNS1,ALG9,1.0,0.0,1.0
catboost_29,DIE2,ALG6,CWH41,ALG9,1.0,0.0,1.0
catboost_29,DIE2,ALG6,ROT2,ALG9,1.0,0.0,1.0
catboost_29,DIE2,ALG6,OST5,ALG9,1.0,0.0,1.0
catboost_29,DIE2,ALG6,ALG5,ALG9,1.0,0.0,1.0
catboost_29,DIE2,ALG6,MNS1,ALG6,0.0,1.0,-1.0
catboost_29,DIE2,ALG6,ROT2,ALG6,1.0,0.0,1.0
catboost_29,DIE2,ALG6,ALG5,ALG6,1.0,0.0,1.0
catboost_29,DIE2,ALG6,ALG12,ALG6,1.0,0.0,1.0
catboost_29,DIE2,ALG6,ALG9,ALG6,1.0,0.0,1.0
catboost_29,DIE2,ALG6,OST3,ALG6,1.0,0.0,1.0
catboost_29,DIE2,ALG6,MNS1,ALG3,1.0,0.0,1.0
catboost_29,DIE2,ALG6,CWH41,ALG3,1.0,0.0,1.0
catboost_29,DIE2,ALG6,ROT2,ALG3,1.0,0.0,1.0
catboost_29,DIE2,ALG6,OST5,ALG3,1.0,0.0,1.0
catboost_29,DIE2,ALG6,OST3,ALG3,1.0,0.0,1.0
catboost_29,DIE2,ALG6,PMT1,PMT2,1.0,0.0,1.0
catboost_29,DIE2,ALG6,DIE2,OST3,1.0,0.0,1.0
catboost_29,DIE2,ALG6,ALG9,OST3,0.0,1.0,-1.0
catboost_29,DIE2,ALG6,ALG6,OST3,1.0,0.0,1.0
catboost_29,DIE2,ALG6,ALG3,OST3,1.0,0.0,1.0
catboost_29,ALG8,ALG6,ANP1,MNS1,1.0,0.0,1.0
catboost_29,ALG8,ALG6,PCT1,PSD2,1.0,0.0,1.0
catboost_29,ALG8,ALG6,DOA4,STP22,1.0,0.0,1.0
catboost_29,ALG8,ALG6,GCS1,STP22,1.0,0.0,1.0
catboost_29,ALG8,ALG6,VPS28,STP22,1.0,0.0,1.0
catboost_29,ALG8,ALG6,GCS1,DOA4,1.0,0.0,1.0
catboost_29,ALG8,ALG6,PSD2,PCT1,1.0,0.0,1.0
catboost_29,ALG8,ALG6,OST5,CWH41,1.0,0.0,1.0
catboost_29,ALG8,ALG6,DOA4,GCS1,1.0,0.0,1.0
catboost_29,ALG8,ALG6,OST5,ROT2,1.0,0.0,1.0
catboost_29,ALG8,ALG6,GCS1,VPS28,1.0,0.0,1.0
catboost_29,ALG8,ALG6,ROT2,OST5,1.0,0.0,1.0
catboost_29,ALG8,ALG6,CWH41,DIE2,1.0,0.0,1.0
catboost_29,ALG8,ALG6,ROT2,DIE2,1.0,0.0,1.0
catboost_29,ALG8,ALG6,OST5,DIE2,1.0,0.0,1.0
catboost_29,ALG8,ALG6,HRD1,UBC7,1.0,0.0,1.0
catboost_29,ALG8,ALG6,MNS1,ALG5,1.0,0.0,1.0
catboost_29,ALG8,ALG6,ROT2,ALG5,1.0,0.0,1.0
catboost_29,ALG8,ALG6,OST5,ALG5,1.0,0.0,1.0
catboost_29,ALG8,ALG6,OST3,ALG5,1.0,0.0,1.0
catboost_29,ALG8,ALG6,OST5,ALG8,1.0,0.0,1.0
catboost_29,ALG8,ALG6,ALG12,ALG8,0.0,1.0,-1.0
catboost_29,ALG8,ALG6,ALG6,ALG8,1.0,0.0,1.0
catboost_29,ALG8,ALG6,OST3,ALG8,1.0,0.0,1.0
catboost_29,ALG8,ALG6,DIE2,ALG12,1.0,0.0,1.0
catboost_29,ALG8,ALG6,ALG8,ALG12,1.0,0.0,1.0
catboost_29,ALG8,ALG6,ALG3,ALG12,1.0,0.0,1.0
catboost_29,ALG8,ALG6,OST3,ALG12,1.0,0.0,1.0
catboost_29,ALG8,ALG6,OST5,ALG9,1.0,0.0,1.0
catboost_29,ALG8,ALG6,ALG5,ALG9,1.0,0.0,1.0
catboost_29,ALG8,ALG6,MNS1,ALG6,0.0,1.0,-1.0
catboost_29,ALG8,ALG6,ALG5,ALG6,1.0,0.0,1.0
catboost_29,ALG8,ALG6,ALG12,ALG6,1.0,0.0,1.0
catboost_29,ALG8,ALG6,ALG9,ALG6,1.0,0.0,1.0
catboost_29,ALG8,ALG6,OST3,ALG6,1.0,0.0,1.0
catboost_29,ALG8,ALG6,ROT2,ALG3,1.0,0.0,1.0
catboost_29,ALG8,ALG6,OST5,ALG3,1.0,0.0,1.0
catboost_29,ALG8,ALG6,OST3,ALG3,1.0,0.0,1.0
catboost_29,ALG8,ALG6,PMT1,PMT2,1.0,0.0,1.0
catboost_29,ALG8,ALG6,DIE2,OST3,1.0,0.0,1.0
catboost_29,ALG8,ALG6,ALG9,OST3,0.0,1.0,-1.0
catboost_29,ALG8,ALG6,ALG3,OST3,1.0,0.0,1.0
catboost_29,ALG12,ALG3,ALG5,ALG3,0.0,1.0,-1.0
catboost_29,ALG9,ALG3,PSD2,PCT1,1.0,0.0,1.0
catboost_29,ALG9,ALG3,ROT2,OST5,1.0,0.0,1.0
catboost_29,ALG9,ALG3,OST5,ALG5,1.0,0.0,1.0
catboost_29,ALG9,ALG3,ALG12,ALG5,1.0,0.0,1.0
catboost_29,ALG9,ALG3,OST5,ALG12,1.0,0.0,1.0
catboost_29,ALG9,ALG3,ALG5,ALG12,1.0,0.0,1.0
catboost_29,ALG9,ALG3,ALG9,ALG12,1.0,0.0,1.0
catboost_29,ALG9,ALG3,ALG6,ALG12,1.0,0.0,1.0
catboost_29,ALG9,ALG3,OST3,ALG12,1.0,0.0,1.0
catboost_29,ALG9,ALG3,ALG5,ALG6,1.0,0.0,1.0
catboost_29,ALG9,ALG3,ALG8,ALG3,1.0,0.0,1.0
catboost_29,ALG9,ALG3,OST3,ALG3,1.0,0.0,1.0
catboost_29,OST5,OST3,PSD2,PCT1,1.0,0.0,1.0
catboost_29,OST5,OST3,STP22,GCS1,0.0,1.0,-1.0
catboost_29,OST5,OST3,DOA4,GCS1,1.0,0.0,1.0
catboost_29,OST5,OST3,CWH41,ROT2,1.0,0.0,1.0
catboost_29,OST5,OST3,OST5,ROT2,1.0,0.0,1.0
catboost_29,OST5,OST3,CWH41,OST5,1.0,0.0,1.0
catboost_29,OST5,OST3,ROT2,OST5,1.0,0.0,1.0
catboost_29,OST5,OST3,ALG12,OST5,0.0,1.0,-1.0
catboost_29,OST5,OST3,ALG9,OST5,0.0,1.0,-1.0
catboost_29,OST5,OST3,MNS1,DIE2,0.0,1.0,-1.0
catboost_29,OST5,OST3,OST5,ALG5,1.0,0.0,1.0
catboost_29,OST5,OST3,ROT2,ALG12,1.0,0.0,1.0
catboost_29,OST5,OST3,OST5,ALG12,1.0,0.0,1.0
catboost_29,OST5,OST3,ALG5,ALG12,1.0,0.0,1.0
catboost_29,OST5,OST3,ALG6,ALG12,1.0,0.0,1.0
catboost_29,OST5,OST3,OST3,ALG12,1.0,0.0,1.0
catboost_29,OST5,OST3,ALG5,ALG9,1.0,0.0,1.0
catboost_29,OST5,OST3,ALG5,ALG6,1.0,0.0,1.0
catboost_29,OST5,OST3,OST3,ALG6,1.0,0.0,1.0
catboost_29,OST5,OST3,ROT2,ALG3,1.0,0.0,1.0
catboost_29,OST5,OST3,OST3,ALG3,1.0,0.0,1.0
catboost_29,MNS1,ANP1,ANP1,MNS1,1.0,0.0,1.0
catboost_29,MNS1,ANP1,PCT1,PSD2,1.0,0.0,1.0
catboost_29,MNS1,ANP1,GCS1,STP22,1.0,0.0,1.0
catboost_29,MNS1,ANP1,VPS28,STP22,1.0,0.0,1.0
catboost_29,MNS1,ANP1,GCS1,DOA4,1.0,0.0,1.0
catboost_29,MNS1,ANP1,PSD2,PCT1,1.0,0.0,1.0
catboost_29,MNS1,ANP1,OST5,CWH41,1.0,0.0,1.0
catboost_29,MNS1,ANP1,DOA4,GCS1,1.0,0.0,1.0
catboost_29,MNS1,ANP1,VPS28,GCS1,1.0,0.0,1.0
catboost_29,MNS1,ANP1,CWH41,ROT2,1.0,0.0,1.0
catboost_29,MNS1,ANP1,OST5,ROT2,1.0,0.0,1.0
catboost_29,MNS1,ANP1,CWH41,OST5,1.0,0.0,1.0
catboost_29,MNS1,ANP1,ROT2,OST5,1.0,0.0,1.0
catboost_29,MNS1,ANP1,CWH41,DIE2,1.0,0.0,1.0
catboost_29,MNS1,ANP1,ROT2,DIE2,1.0,0.0,1.0
catboost_29,MNS1,ANP1,OST5,DIE2,1.0,0.0,1.0
catboost_29,MNS1,ANP1,HRD1,UBC7,1.0,0.0,1.0
catboost_29,MNS1,ANP1,MNS1,ALG5,1.0,0.0,1.0
catboost_29,MNS1,ANP1,OST5,ALG5,1.0,0.0,1.0
catboost_29,MNS1,ANP1,OST3,ALG5,1.0,0.0,1.0
catboost_29,MNS1,ANP1,OST5,ALG8,1.0,0.0,1.0
catboost_29,MNS1,ANP1,ALG12,ALG8,0.0,1.0,-1.0
catboost_29,MNS1,ANP1,OST3,ALG8,1.0,0.0,1.0
catboost_29,MNS1,ANP1,ROT2,ALG12,1.0,0.0,1.0
catboost_29,MNS1,ANP1,DIE2,ALG12,1.0,0.0,1.0
catboost_29,MNS1,ANP1,ALG8,ALG12,1.0,0.0,1.0
catboost_29,MNS1,ANP1,OST3,ALG12,1.0,0.0,1.0
catboost_29,MNS1,ANP1,OST5,ALG9,1.0,0.0,1.0
catboost_29,MNS1,ANP1,ALG5,ALG9,1.0,0.0,1.0
catboost_29,MNS1,ANP1,ALG5,ALG6,1.0,0.0,1.0
catboost_29,MNS1,ANP1,ALG12,ALG6,1.0,0.0,1.0
catboost_29,MNS1,ANP1,ALG9,ALG6,1.0,0.0,1.0
catboost_29,MNS1,ANP1,OST3,ALG6,1.0,0.0,1.0
catboost_29,MNS1,ANP1,ROT2,ALG3,1.0,0.0,1.0
catboost_29,MNS1,ANP1,OST5,ALG3,1.0,0.0,1.0
catboost_29,MNS1,ANP1,OST3,ALG3,1.0,0.0,1.0
catboost_29,MNS1,ANP1,ALG5,OST3,1.0,0.0,1.0
catboost_29,MNS1,ANP1,ALG12,OST3,1.0,0.0,1.0
catboost_29,MNS1,ANP1,ALG3,OST3,1.0,0.0,1.0
catboost_43,MNS1,CWH41,GCS1,STP22,1.0,0.0,1.0
catboost_43,MNS1,CWH41,VPS28,STP22,1.0,0.0,1.0
catboost_43,MNS1,CWH41,PSD2,PCT1,1.0,0.0,1.0
catboost_43,MNS1,CWH41,DIE2,CWH41,0.0,1.0,-1.0
catboost_43,MNS1,CWH41,GCS1,VPS28,1.0,0.0,1.0
catboost_43,MNS1,CWH41,MNS1,OST5,0.0,1.0,-1.0
catboost_43,MNS1,CWH41,ROT2,OST5,1.0,0.0,1.0
catboost_43,MNS1,CWH41,OST3,OST5,1.0,0.0,1.0
catboost_43,MNS1,CWH41,CWH41,DIE2,1.0,0.0,1.0
catboost_43,MNS1,CWH41,OST5,DIE2,1.0,0.0,1.0
catboost_43,MNS1,CWH41,HRD1,UBC7,1.0,0.0,1.0
catboost_43,MNS1,CWH41,OST5,ALG5,1.0,0.0,1.0
catboost_43,MNS1,CWH41,ALG9,ALG5,0.0,1.0,-1.0
catboost_43,MNS1,CWH41,OST3,ALG5,1.0,0.0,1.0
catboost_43,MNS1,CWH41,TLG2,SEC22,1.0,0.0,1.0
catboost_43,MNS1,CWH41,MNS1,ALG8,0.0,1.0,-1.0
catboost_43,MNS1,CWH41,OST5,ALG8,1.0,0.0,1.0
catboost_43,MNS1,CWH41,ALG12,ALG8,0.0,1.0,-1.0
catboost_43,MNS1,CWH41,ALG6,ALG8,1.0,0.0,1.0
catboost_43,MNS1,CWH41,OST3,ALG8,1.0,0.0,1.0
catboost_43,MNS1,CWH41,OST3,ALG12,1.0,0.0,1.0
catboost_43,MNS1,CWH41,MNS1,ALG6,0.0,1.0,-1.0
catboost_43,MNS1,CWH41,ALG5,ALG6,1.0,0.0,1.0
catboost_43,MNS1,CWH41,ALG9,ALG6,1.0,0.0,1.0
catboost_43,MNS1,CWH41,OST3,ALG6,1.0,0.0,1.0
catboost_43,MNS1,CWH41,OST5,ALG3,1.0,0.0,1.0
catboost_43,MNS1,CWH41,DIE2,ALG3,1.0,0.0,1.0
catboost_43,MNS1,CWH41,OST3,ALG3,1.0,0.0,1.0
catboost_43,MNS1,CWH41,MNS1,OST3,0.0,1.0,-1.0
catboost_43,MNS1,CWH41,DIE2,OST3,0.0,1.0,-1.0
catboost_43,MNS1,CWH41,ALG8,OST3,0.0,1.0,-1.0
catboost_43,MNS1,CWH41,ALG12,OST3,0.0,1.0,-1.0
catboost_43,MNS1,CWH41,ALG9,OST3,0.0,1.0,-1.0
catboost_43,MNS1,CWH41,ALG6,OST3,0.0,1.0,-1.0
catboost_43,MNS1,CWH41,ALG3,OST3,1.0,0.0,1.0
catboost_43,MNS1,CWH41,MNN2,ANP1,0.0,1.0,-1.0
catboost_43,ROT2,CWH41,VPS28,STP22,1.0,0.0,1.0
catboost_43,ROT2,CWH41,PSD2,PCT1,1.0,0.0,1.0
catboost_43,ROT2,CWH41,STP22,GCS1,0.0,1.0,-1.0
catboost_43,ROT2,CWH41,DOA4,GCS1,1.0,0.0,1.0
catboost_43,ROT2,CWH41,OST5,ROT2,1.0,0.0,1.0
catboost_43,ROT2,CWH41,ROT2,OST5,1.0,0.0,1.0
catboost_43,ROT2,CWH41,MNS1,DIE2,0.0,1.0,-1.0
catboost_43,ROT2,CWH41,CWH41,DIE2,1.0,0.0,1.0
catboost_43,ROT2,CWH41,ROT2,ALG5,1.0,0.0,1.0
catboost_43,ROT2,CWH41,OST5,ALG5,1.0,0.0,1.0
catboost_43,ROT2,CWH41,OST5,ALG8,1.0,0.0,1.0
catboost_43,ROT2,CWH41,ALG12,ALG8,0.0,1.0,-1.0
catboost_43,ROT2,CWH41,DIE2,ALG12,1.0,0.0,1.0
catboost_43,ROT2,CWH41,OST3,ALG12,1.0,0.0,1.0
catboost_43,ROT2,CWH41,ALG5,ALG9,1.0,0.0,1.0
catboost_43,ROT2,CWH41,MNS1,ALG6,0.0,1.0,-1.0
catboost_43,ROT2,CWH41,ALG5,ALG6,1.0,0.0,1.0
catboost_43,ROT2,CWH41,ROT2,ALG3,1.0,0.0,1.0
catboost_43,ROT2,CWH41,OST3,ALG3,1.0,0.0,1.0
catboost_43,ROT2,CWH41,ALG5,OST3,0.0,1.0,-1.0
catboost_43,ROT2,CWH41,ALG9,OST3,0.0,1.0,-1.0
catboost_43,ROT2,CWH41,ALG3,OST3,1.0,0.0,1.0
catboost_43,ROT2,CWH41,MNN2,ANP1,0.0,1.0,-1.0
catboost_43,MNS1,MNN2,VPS28,STP22,1.0,0.0,1.0
catboost_43,MNS1,MNN2,PSD2,PCT1,1.0,0.0,1.0
catboost_43,MNS1,MNN2,STP22,GCS1,0.0,1.0,-1.0
catboost_43,MNS1,MNN2,DOA4,GCS1,1.0,0.0,1.0
catboost_43,MNS1,MNN2,OST5,ROT2,1.0,0.0,1.0
catboost_43,MNS1,MNN2,ROT2,OST5,1.0,0.0,1.0
catboost_43,MNS1,MNN2,MNS1,DIE2,0.0,1.0,-1.0
catboost_43,MNS1,MNN2,CWH41,DIE2,1.0,0.0,1.0
catboost_43,MNS1,MNN2,ROT2,ALG5,1.0,0.0,1.0
catboost_43,MNS1,MNN2,OST5,ALG5,1.0,0.0,1.0
catboost_43,MNS1,MNN2,OST5,ALG8,1.0,0.0,1.0
catboost_43,MNS1,MNN2,ALG12,ALG8,0.0,1.0,-1.0
catboost_43,MNS1,MNN2,DIE2,ALG12,1.0,0.0,1.0
catboost_43,MNS1,MNN2,OST3,ALG12,1.0,0.0,1.0
catboost_43,MNS1,MNN2,ALG5,ALG9,1.0,0.0,1.0
catboost_43,MNS1,MNN2,MNS1,ALG6,0.0,1.0,-1.0
catboost_43,MNS1,MNN2,ALG5,ALG6,1.0,0.0,1.0
catboost_43,MNS1,MNN2,ROT2,ALG3,1.0,0.0,1.0
catboost_43,MNS1,MNN2,OST3,ALG3,1.0,0.0,1.0
catboost_43,MNS1,MNN2,ALG5,OST3,0.0,1.0,-1.0
catboost_43,MNS1,MNN2,ALG9,OST3,0.0,1.0,-1.0
catboost_43,MNS1,MNN2,ALG3,OST3,1.0,0.0,1.0
catboost_43,MNS1,MNN2,MNN2,ANP1,0.0,1.0,-1.0
catboost_43,ANP1,MNN2,MNN2,MNS1,1.0,0.0,1.0
catboost_43,ANP1,MNN2,ANP1,MNS1,1.0,0.0,1.0
catboost_43,ANP1,MNN2,DOA4,STP22,1.0,0.0,1.0
catboost_43,ANP1,MNN2,GCS1,STP22,1.0,0.0,1.0
catboost_43,ANP1,MNN2,VPS28,STP22,1.0,0.0,1.0
catboost_43,ANP1,MNN2,PSD2,PCT1,1.0,0.0,1.0
catboost_43,ANP1,MNN2,OST5,CWH41,1.0,0.0,1.0
catboost_43,ANP1,MNN2,DOA4,GCS1,1.0,0.0,1.0
catboost_43,ANP1,MNN2,VPS28,GCS1,1.0,0.0,1.0
catboost_43,ANP1,MNN2,CWH41,ROT2,1.0,0.0,1.0
catboost_43,ANP1,MNN2,OST5,ROT2,1.0,0.0,1.0
catboost_43,ANP1,MNN2,DOA4,VPS28,1.0,0.0,1.0
catboost_43,ANP1,MNN2,GCS1,VPS28,1.0,0.0,1.0
catboost_43,ANP1,MNN2,MNS1,OST5,1.0,0.0,1.0
catboost_43,ANP1,MNN2,CWH41,OST5,1.0,0.0,1.0
catboost_43,ANP1,MNN2,ROT2,OST5,1.0,0.0,1.0
catboost_43,ANP1,MNN2,OST3,OST5,1.0,0.0,1.0
catboost_43,ANP1,MNN2,CWH41,DIE2,1.0,0.0,1.0
catboost_43,ANP1,MNN2,OST5,DIE2,1.0,0.0,1.0
catboost_43,ANP1,MNN2,ALG6,DIE2,1.0,0.0,1.0
catboost_43,ANP1,MNN2,HRD1,UBC7,1.0,0.0,1.0
catboost_43,ANP1,MNN2,MNS1,ALG5,1.0,0.0,1.0
catboost_43,ANP1,MNN2,ROT2,ALG5,1.0,0.0,1.0
catboost_43,ANP1,MNN2,OST5,ALG5,1.0,0.0,1.0
catboost_43,ANP1,MNN2,OST3,ALG5,1.0,0.0,1.0
catboost_43,ANP1,MNN2,TLG2,SEC22,1.0,0.0,1.0
catboost_43,ANP1,MNN2,OST5,ALG8,1.0,0.0,1.0
catboost_43,ANP1,MNN2,ALG6,ALG8,1.0,0.0,1.0
catboost_43,ANP1,MNN2,OST3,ALG8,1.0,0.0,1.0
catboost_43,ANP1,MNN2,ROT2,ALG12,1.0,0.0,1.0
catboost_43,ANP1,MNN2,DIE2,ALG12,1.0,0.0,1.0
catboost_43,ANP1,MNN2,ALG5,ALG12,1.0,0.0,1.0
catboost_43,ANP1,MNN2,ALG8,ALG12,1.0,0.0,1.0
catboost_43,ANP1,MNN2,ALG6,ALG12,1.0,0.0,1.0
catboost_43,ANP1,MNN2,OST3,ALG12,1.0,0.0,1.0
catboost_43,ANP1,MNN2,OST5,ALG9,1.0,0.0,1.0
catboost_43,ANP1,MNN2,ALG5,ALG9,1.0,0.0,1.0
catboost_43,ANP1,MNN2,ALG5,ALG6,1.0,0.0,1.0
catboost_43,ANP1,MNN2,ALG9,ALG6,1.0,0.0,1.0
catboost_43,ANP1,MNN2,OST3,ALG6,1.0,0.0,1.0
catboost_43,ANP1,MNN2,CWH41,ALG3,1.0,0.0,1.0
catboost_43,ANP1,MNN2,ROT2,ALG3,1.0,0.0,1.0
catboost_43,ANP1,MNN2,OST5,ALG3,1.0,0.0,1.0
catboost_43,ANP1,MNN2,DIE2,ALG3,1.0,0.0,1.0
catboost_43,ANP1,MNN2,OST3,ALG3,1.0,0.0,1.0
catboost_43,ANP1,MNN2,ALG5,OST3,1.0,0.0,1.0
catboost_43,ANP1,MNN2,ALG6,OST3,1.0,0.0,1.0
catboost_43,ANP1,MNN2,ALG3,OST3,1.0,0.0,1.0
catboost_43,ANP1,MNN2,MNN2,ANP1,1.0,0.0,1.0
catboost_43,MNS1,ROT2,VPS28,STP22,1.0,0.0,1.0
catboost_43,MNS1,ROT2,PSD2,PCT1,1.0,0.0,1.0
catboost_43,MNS1,ROT2,DIE2,CWH41,0.0,1.0,-1.0
catboost_43,MNS1,ROT2,STP22,GCS1,0.0,1.0,-1.0
catboost_43,MNS1,ROT2,GCS1,VPS28,0.0,1.0,-1.0
catboost_43,MNS1,ROT2,MNS1,OST5,0.0,1.0,-1.0
catboost_43,MNS1,ROT2,ROT2,OST5,1.0,0.0,1.0
catboost_43,MNS1,ROT2,CWH41,DIE2,1.0,0.0,1.0
catboost_43,MNS1,ROT2,OST5,DIE2,1.0,0.0,1.0
catboost_43,MNS1,ROT2,OST5,ALG5,1.0,0.0,1.0
catboost_43,MNS1,ROT2,ALG9,ALG5,0.0,1.0,-1.0
catboost_43,MNS1,ROT2,MNS1,ALG8,0.0,1.0,-1.0
catboost_43,MNS1,ROT2,OST5,ALG8,1.0,0.0,1.0
catboost_43,MNS1,ROT2,ALG12,ALG8,0.0,1.0,-1.0
catboost_43,MNS1,ROT2,ALG9,ALG8,0.0,1.0,-1.0
catboost_43,MNS1,ROT2,OST3,ALG12,1.0,0.0,1.0
catboost_43,MNS1,ROT2,ROT2,ALG9,0.0,1.0,-1.0
catboost_43,MNS1,ROT2,MNS1,ALG6,0.0,1.0,-1.0
catboost_43,MNS1,ROT2,ALG5,ALG6,1.0,0.0,1.0
catboost_43,MNS1,ROT2,OST3,ALG6,1.0,0.0,1.0
catboost_43,MNS1,ROT2,DIE2,ALG3,1.0,0.0,1.0
catboost_43,MNS1,ROT2,OST3,ALG3,1.0,0.0,1.0
catboost_43,MNS1,ROT2,MNS1,OST3,0.0,1.0,-1.0
catboost_43,MNS1,ROT2,DIE2,OST3,0.0,1.0,-1.0
catboost_43,MNS1,ROT2,ALG5,OST3,0.0,1.0,-1.0
catboost_43,MNS1,ROT2,ALG8,OST3,0.0,1.0,-1.0
catboost_43,MNS1,ROT2,ALG12,OST3,0.0,1.0,-1.0
catboost_43,MNS1,ROT2,ALG9,OST3,0.0,1.0,-1.0
catboost_43,MNS1,ROT2,ALG6,OST3,0.0,1.0,-1.0
catboost_43,MNS1,ROT2,ALG3,OST3,1.0,0.0,1.0
catboost_43,MNS1,ROT2,MNN2,ANP1,0.0,1.0,-1.0
catboost_43,STP22,VPS28,VPS28,STP22,1.0,0.0,1.0
catboost_43,STP22,VPS28,PSD2,PCT1,1.0,0.0,1.0
catboost_43,STP22,VPS28,DOA4,GCS1,1.0,0.0,1.0
catboost_43,STP22,VPS28,VPS28,GCS1,1.0,0.0,1.0
catboost_43,STP22,VPS28,CWH41,ROT2,1.0,0.0,1.0
catboost_43,STP22,VPS28,OST5,ROT2,1.0,0.0,1.0
catboost_43,STP22,VPS28,DOA4,VPS28,1.0,0.0,1.0
catboost_43,STP22,VPS28,GCS1,VPS28,1.0,0.0,1.0
catboost_43,STP22,VPS28,CWH41,OST5,1.0,0.0,1.0
catboost_43,STP22,VPS28,ROT2,OST5,1.0,0.0,1.0
catboost_43,STP22,VPS28,CWH41,DIE2,1.0,0.0,1.0
catboost_43,STP22,VPS28,OST5,DIE2,1.0,0.0,1.0
catboost_43,STP22,VPS28,HRD1,UBC7,1.0,0.0,1.0
catboost_43,STP22,VPS28,MNS1,ALG5,1.0,0.0,1.0
catboost_43,STP22,VPS28,ROT2,ALG5,1.0,0.0,1.0
catboost_43,STP22,VPS28,OST5,ALG5,1.0,0.0,1.0
catboost_43,STP22,VPS28,OST5,ALG8,1.0,0.0,1.0
catboost_43,STP22,VPS28,ROT2,ALG12,1.0,0.0,1.0
catboost_43,STP22,VPS28,OST5,ALG12,1.0,0.0,1.0
catboost_43,STP22,VPS28,DIE2,ALG12,1.0,0.0,1.0
catboost_43,STP22,VPS28,ALG5,ALG12,1.0,0.0,1.0
catboost_43,STP22,VPS28,ALG8,ALG12,1.0,0.0,1.0
catboost_43,STP22,VPS28,ALG6,ALG12,1.0,0.0,1.0
catboost_43,STP22,VPS28,OST3,ALG12,1.0,0.0,1.0
catboost_43,STP22,VPS28,ALG5,ALG9,1.0,0.0,1.0
catboost_43,STP22,VPS28,ALG5,ALG6,1.0,0.0,1.0
catboost_43,STP22,VPS28,ALG9,ALG6,1.0,0.0,1.0
catboost_43,STP22,VPS28,OST3,ALG6,1.0,0.0,1.0
catboost_43,STP22,VPS28,ROT2,ALG3,1.0,0.0,1.0
catboost_43,STP22,VPS28,DIE2,ALG3,1.0,0.0,1.0
catboost_43,STP22,VPS28,OST3,ALG3,1.0,0.0,1.0
catboost_43,STP22,VPS28,ALG3,OST3,1.0,0.0,1.0
catboost_43,HMG1,BTS1,VPS28,STP22,1.0,0.0,1.0
catboost_43,HMG1,BTS1,PSD2,PCT1,1.0,0.0,1.0
catboost_43,HMG1,BTS1,STP22,GCS1,0.0,1.0,-1.0
catboost_43,HMG1,BTS1,DOA4,GCS1,1.0,0.0,1.0
catboost_43,HMG1,BTS1,VPS28,GCS1,1.0,0.0,1.0
catboost_43,HMG1,BTS1,CWH41,ROT2,1.0,0.0,1.0
catboost_43,HMG1,BTS1,OST5,ROT2,1.0,0.0,1.0
catboost_43,HMG1,BTS1,CWH41,OST5,1.0,0.0,1.0
catboost_43,HMG1,BTS1,ROT2,OST5,1.0,0.0,1.0
catboost_43,HMG1,BTS1,ALG9,OST5,0.0,1.0,-1.0
catboost_43,HMG1,BTS1,MNS1,DIE2,0.0,1.0,-1.0
catboost_43,HMG1,BTS1,CWH41,DIE2,1.0,0.0,1.0
catboost_43,HMG1,BTS1,OST5,ALG5,1.0,0.0,1.0
catboost_43,HMG1,BTS1,OST5,ALG8,1.0,0.0,1.0
catboost_43,HMG1,BTS1,ALG12,ALG8,0.0,1.0,-1.0
catboost_43,HMG1,BTS1,ROT2,ALG12,1.0,0.0,1.0
catboost_43,HMG1,BTS1,DIE2,ALG12,1.0,0.0,1.0
catboost_43,HMG1,BTS1,ALG5,ALG12,1.0,0.0,1.0
catboost_43,HMG1,BTS1,OST3,ALG12,1.0,0.0,1.0
catboost_43,HMG1,BTS1,ALG5,ALG9,1.0,0.0,1.0
catboost_43,HMG1,BTS1,ALG5,ALG6,1.0,0.0,1.0
catboost_43,HMG1,BTS1,ROT2,ALG3,1.0,0.0,1.0
catboost_43,HMG1,BTS1,OST3,ALG3,1.0,0.0,1.0
catboost_43,HMG1,BTS1,ALG3,OST3,1.0,0.0,1.0
catboost_43,DIE2,ALG5,DIE2,OST5,0.0,1.0,-1.0
catboost_43,DIE2,ALG5,ALG9,OST5,0.0,1.0,-1.0
catboost_43,DIE2,ALG5,ALG12,ALG5,0.0,1.0,-1.0
catboost_43,DIE2,ALG5,ALG5,ALG3,0.0,1.0,-1.0
catboost_43,DIE2,ALG5,ALG8,ALG3,0.0,1.0,-1.0
catboost_43,ALG8,ALG5,ANP1,MNS1,1.0,0.0,1.0
catboost_43,ALG8,ALG5,DOA4,STP22,1.0,0.0,1.0
catboost_43,ALG8,ALG5,GCS1,STP22,1.0,0.0,1.0
catboost_43,ALG8,ALG5,VPS28,STP22,1.0,0.0,1.0
catboost_43,ALG8,ALG5,PSD2,PCT1,1.0,0.0,1.0
catboost_43,ALG8,ALG5,STP22,GCS1,1.0,0.0,1.0
catboost_43,ALG8,ALG5,DOA4,GCS1,1.0,0.0,1.0
catboost_43,ALG8,ALG5,VPS28,GCS1,1.0,0.0,1.0
catboost_43,ALG8,ALG5,CWH41,ROT2,1.0,0.0,1.0
catboost_43,ALG8,ALG5,OST5,ROT2,1.0,0.0,1.0
catboost_43,ALG8,ALG5,DOA4,VPS28,1.0,0.0,1.0
catboost_43,ALG8,ALG5,GCS1,VPS28,1.0,0.0,1.0
catboost_43,ALG8,ALG5,MNS1,OST5,1.0,0.0,1.0
catboost_43,ALG8,ALG5,CWH41,OST5,1.0,0.0,1.0
catboost_43,ALG8,ALG5,ROT2,OST5,1.0,0.0,1.0
catboost_43,ALG8,ALG5,OST3,OST5,1.0,0.0,1.0
catboost_43,ALG8,ALG5,CWH41,DIE2,1.0,0.0,1.0
catboost_43,ALG8,ALG5,OST5,DIE2,1.0,0.0,1.0
catboost_43,ALG8,ALG5,HRD1,UBC7,1.0,0.0,1.0
catboost_43,ALG8,ALG5,MNS1,ALG5,1.0,0.0,1.0
catboost_43,ALG8,ALG5,ROT2,ALG5,1.0,0.0,1.0
catboost_43,ALG8,ALG5,OST5,ALG5,1.0,0.0,1.0
catboost_43,ALG8,ALG5,OST3,ALG5,1.0,0.0,1.0
catboost_43,ALG8,ALG5,TLG2,SEC22,1.0,0.0,1.0
catboost_43,ALG8,ALG5,OST5,ALG8,1.0,0.0,1.0
catboost_43,ALG8,ALG5,ALG6,ALG8,1.0,0.0,1.0
catboost_43,ALG8,ALG5,OST3,ALG8,1.0,0.0,1.0
catboost_43,ALG8,ALG5,ROT2,ALG12,1.0,0.0,1.0
catboost_43,ALG8,ALG5,OST5,ALG12,1.0,0.0,1.0
catboost_43,ALG8,ALG5,DIE2,ALG12,1.0,0.0,1.0
catboost_43,ALG8,ALG5,ALG5,ALG12,1.0,0.0,1.0
catboost_43,ALG8,ALG5,ALG8,ALG12,1.0,0.0,1.0
catboost_43,ALG8,ALG5,ALG6,ALG12,1.0,0.0,1.0
catboost_43,ALG8,ALG5,OST3,ALG12,1.0,0.0,1.0
catboost_43,ALG8,ALG5,ALG5,ALG9,1.0,0.0,1.0
catboost_43,ALG8,ALG5,ALG5,ALG6,1.0,0.0,1.0
catboost_43,ALG8,ALG5,ALG9,ALG6,1.0,0.0,1.0
catboost_43,ALG8,ALG5,OST3,ALG6,1.0,0.0,1.0
catboost_43,ALG8,ALG5,ROT2,ALG3,1.0,0.0,1.0
catboost_43,ALG8,ALG5,OST5,ALG3,1.0,0.0,1.0
catboost_43,ALG8,ALG5,DIE2,ALG3,1.0,0.0,1.0
catboost_43,ALG8,ALG5,OST3,ALG3,1.0,0.0,1.0
catboost_43,ALG8,ALG5,ALG5,OST3,1.0,0.0,1.0
catboost_43,ALG8,ALG5,ALG3,OST3,1.0,0.0,1.0
catboost_43,ALG6,ALG5,GCS1,STP22,1.0,0.0,1.0
catboost_43,ALG6,ALG5,VPS28,STP22,1.0,0.0,1.0
catboost_43,ALG6,ALG5,PSD2,PCT1,1.0,0.0,1.0
catboost_43,ALG6,ALG5,DIE2,CWH41,0.0,1.0,-1.0
catboost_43,ALG6,ALG5,GCS1,VPS28,1.0,0.0,1.0
catboost_43,ALG6,ALG5,MNS1,OST5,0.0,1.0,-1.0
catboost_43,ALG6,ALG5,ROT2,OST5,1.0,0.0,1.0
catboost_43,ALG6,ALG5,OST3,OST5,1.0,0.0,1.0
catboost_43,ALG6,ALG5,CWH41,DIE2,1.0,0.0,1.0
catboost_43,ALG6,ALG5,OST5,DIE2,1.0,0.0,1.0
catboost_43,ALG6,ALG5,HRD1,UBC7,1.0,0.0,1.0
catboost_43,ALG6,ALG5,OST5,ALG5,1.0,0.0,1.0
catboost_43,ALG6,ALG5,ALG9,ALG5,0.0,1.0,-1.0
catboost_43,ALG6,ALG5,OST3,ALG5,1.0,0.0,1.0
catboost_43,ALG6,ALG5,TLG2,SEC22,1.0,0.0,1.0
catboost_43,ALG6,ALG5,MNS1,ALG8,0.0,1.0,-1.0
catboost_43,ALG6,ALG5,OST5,ALG8,1.0,0.0,1.0
catboost_43,ALG6,ALG5,ALG12,ALG8,0.0,1.0,-1.0
catboost_43,ALG6,ALG5,ALG9,ALG8,0.0,1.0,-1.0
catboost_43,ALG6,ALG5,ALG6,ALG8,1.0,0.0,1.0
catboost_43,ALG6,ALG5,OST3,ALG8,1.0,0.0,1.0
catboost_43,ALG6,ALG5,OST3,ALG12,1.0,0.0,1.0
catboost_43,ALG6,ALG5,MNS1,ALG6,0.0,1.0,-1.0
catboost_43,ALG6,ALG5,ALG5,ALG6,1.0,0.0,1.0
catboost_43,ALG6,ALG5,ALG9,ALG6,1.0,0.0,1.0
catboost_43,ALG6,ALG5,OST3,ALG6,1.0,0.0,1.0
catboost_43,ALG6,ALG5,OST5,ALG3,1.0,0.0,1.0
catboost_43,ALG6,ALG5,DIE2,ALG3,1.0,0.0,1.0
catboost_43,ALG6,ALG5,OST3,ALG3,1.0,0.0,1.0
catboost_43,ALG6,ALG5,MNS1,OST3,0.0,1.0,-1.0
catboost_43,ALG6,ALG5,DIE2,OST3,0.0,1.0,-1.0
catboost_43,ALG6,ALG5,ALG8,OST3,0.0,1.0,-1.0
catboost_43,ALG6,ALG5,ALG12,OST3,0.0,1.0,-1.0
catboost_43,ALG6,ALG5,ALG9,OST3,0.0,1.0,-1.0
catboost_43,ALG6,ALG5,ALG6,OST3,0.0,1.0,-1.0
catboost_43,ALG6,ALG5,ALG3,OST3,1.0,0.0,1.0
catboost_43,ALG6,ALG5,MNN2,ANP1,0.0,1.0,-1.0
catboost_43,DIE2,ALG8,GCS1,STP22,1.0,0.0,1.0
catboost_43,DIE2,ALG8,VPS28,STP22,1.0,0.0,1.0
catboost_43,DIE2,ALG8,PSD2,PCT1,1.0,0.0,1.0
catboost_43,DIE2,ALG8,STP22,GCS1,1.0,0.0,1.0
catboost_43,DIE2,ALG8,DOA4,GCS1,1.0,0.0,1.0
catboost_43,DIE2,ALG8,VPS28,GCS1,1.0,0.0,1.0
catboost_43,DIE2,ALG8,CWH41,ROT2,1.0,0.0,1.0
catboost_43,DIE2,ALG8,OST5,ROT2,1.0,0.0,1.0
catboost_43,DIE2,ALG8,DOA4,VPS28,1.0,0.0,1.0
catboost_43,DIE2,ALG8,GCS1,VPS28,1.0,0.0,1.0
catboost_43,DIE2,ALG8,CWH41,OST5,1.0,0.0,1.0
catboost_43,DIE2,ALG8,ROT2,OST5,1.0,0.0,1.0
catboost_43,DIE2,ALG8,ALG12,OST5,1.0,0.0,1.0
catboost_43,DIE2,ALG8,OST3,OST5,1.0,0.0,1.0
catboost_43,DIE2,ALG8,MNS1,DIE2,1.0,0.0,1.0
catboost_43,DIE2,ALG8,CWH41,DIE2,1.0,0.0,1.0
catboost_43,DIE2,ALG8,OST5,DIE2,1.0,0.0,1.0
catboost_43,DIE2,ALG8,HRD1,UBC7,1.0,0.0,1.0
catboost_43,DIE2,ALG8,MNS1,ALG5,1.0,0.0,1.0
catboost_43,DIE2,ALG8,ROT2,ALG5,1.0,0.0,1.0
catboost_43,DIE2,ALG8,OST5,ALG5,1.0,0.0,1.0
catboost_43,DIE2,ALG8,ALG12,ALG5,1.0,0.0,1.0
catboost_43,DIE2,ALG8,OST3,ALG5,1.0,0.0,1.0
catboost_43,DIE2,ALG8,OST5,ALG8,1.0,0.0,1.0
catboost_43,DIE2,ALG8,ALG6,ALG8,1.0,0.0,1.0
catboost_43,DIE2,ALG8,OST3,ALG8,1.0,0.0,1.0
catboost_43,DIE2,ALG8,ROT2,ALG12,1.0,0.0,1.0
catboost_43,DIE2,ALG8,OST5,ALG12,1.0,0.0,1.0
catboost_43,DIE2,ALG8,DIE2,ALG12,1.0,0.0,1.0
catboost_43,DIE2,ALG8,ALG5,ALG12,1.0,0.0,1.0
catboost_43,DIE2,ALG8,ALG8,ALG12,1.0,0.0,1.0
catboost_43,DIE2,ALG8,ALG9,ALG12,1.0,0.0,1.0
catboost_43,DIE2,ALG8,ALG6,ALG12,1.0,0.0,1.0
catboost_43,DIE2,ALG8,OST3,ALG12,1.0,0.0,1.0
catboost_43,DIE2,ALG8,ALG5,ALG9,1.0,0.0,1.0
catboost_43,DIE2,ALG8,ALG5,ALG6,1.0,0.0,1.0
catboost_43,DIE2,ALG8,ALG9,ALG6,1.0,0.0,1.0
catboost_43,DIE2,ALG8,OST3,ALG6,1.0,0.0,1.0
catboost_43,DIE2,ALG8,ROT2,ALG3,1.0,0.0,1.0
catboost_43,DIE2,ALG8,DIE2,ALG3,1.0,0.0,1.0
catboost_43,DIE2,ALG8,ALG8,ALG3,1.0,0.0,1.0
catboost_43,DIE2,ALG8,OST3,ALG3,1.0,0.0,1.0
catboost_43,DIE2,ALG8,ALG5,OST3,1.0,0.0,1.0
catboost_43,DIE2,ALG8,ALG3,OST3,1.0,0.0,1.0
catboost_43,DIE2,ALG9,ANP1,MNS1,1.0,0.0,1.0
catboost_43,DIE2,ALG9,DOA4,STP22,1.0,0.0,1.0
catboost_43,DIE2,ALG9,GCS1,STP22,1.0,0.0,1.0
catboost_43,DIE2,ALG9,VPS28,STP22,1.0,0.0,1.0
catboost_43,DIE2,ALG9,PSD2,PCT1,1.0,0.0,1.0
catboost_43,DIE2,ALG9,OST5,CWH41,1.0,0.0,1.0
catboost_43,DIE2,ALG9,DOA4,GCS1,1.0,0.0,1.0
catboost_43,DIE2,ALG9,VPS28,GCS1,1.0,0.0,1.0
catboost_43,DIE2,ALG9,CWH41,ROT2,1.0,0.0,1.0
catboost_43,DIE2,ALG9,OST5,ROT2,1.0,0.0,1.0
catboost_43,DIE2,ALG9,DOA4,VPS28,1.0,0.0,1.0
catboost_43,DIE2,ALG9,GCS1,VPS28,1.0,0.0,1.0
catboost_43,DIE2,ALG9,MNS1,OST5,1.0,0.0,1.0
catboost_43,DIE2,ALG9,CWH41,OST5,1.0,0.0,1.0
catboost_43,DIE2,ALG9,ROT2,OST5,1.0,0.0,1.0
catboost_43,DIE2,ALG9,OST3,OST5,1.0,0.0,1.0
catboost_43,DIE2,ALG9,CWH41,DIE2,1.0,0.0,1.0
catboost_43,DIE2,ALG9,OST5,DIE2,1.0,0.0,1.0
catboost_43,DIE2,ALG9,ALG6,DIE2,1.0,0.0,1.0
catboost_43,DIE2,ALG9,HRD1,UBC7,1.0,0.0,1.0
catboost_43,DIE2,ALG9,MNS1,ALG5,1.0,0.0,1.0
catboost_43,DIE2,ALG9,ROT2,ALG5,1.0,0.0,1.0
catboost_43,DIE2,ALG9,OST5,ALG5,1.0,0.0,1.0
catboost_43,DIE2,ALG9,OST3,ALG5,1.0,0.0,1.0
catboost_43,DIE2,ALG9,TLG2,SEC22,1.0,0.0,1.0
catboost_43,DIE2,ALG9,OST5,ALG8,1.0,0.0,1.0
catboost_43,DIE2,ALG9,ALG6,ALG8,1.0,0.0,1.0
catboost_43,DIE2,ALG9,OST3,ALG8,1.0,0.0,1.0
catboost_43,DIE2,ALG9,ROT2,ALG12,1.0,0.0,1.0
catboost_43,DIE2,ALG9,OST5,ALG12,1.0,0.0,1.0
catboost_43,DIE2,ALG9,DIE2,ALG12,1.0,0.0,1.0
catboost_43,DIE2,ALG9,ALG5,ALG12,1.0,0.0,1.0
catboost_43,DIE2,ALG9,ALG8,ALG12,1.0,0.0,1.0
catboost_43,DIE2,ALG9,ALG6,ALG12,1.0,0.0,1.0
catboost_43,DIE2,ALG9,OST3,ALG12,1.0,0.0,1.0
catboost_43,DIE2,ALG9,OST5,ALG9,1.0,0.0,1.0
catboost_43,DIE2,ALG9,ALG5,ALG9,1.0,0.0,1.0
catboost_43,DIE2,ALG9,ALG5,ALG6,1.0,0.0,1.0
catboost_43,DIE2,ALG9,ALG9,ALG6,1.0,0.0,1.0
catboost_43,DIE2,ALG9,OST3,ALG6,1.0,0.0,1.0
catboost_43,DIE2,ALG9,CWH41,ALG3,1.0,0.0,1.0
catboost_43,DIE2,ALG9,ROT2,ALG3,1.0,0.0,1.0
catboost_43,DIE2,ALG9,OST5,ALG3,1.0,0.0,1.0
catboost_43,DIE2,ALG9,DIE2,ALG3,1.0,0.0,1.0
catboost_43,DIE2,ALG9,OST3,ALG3,1.0,0.0,1.0
catboost_43,DIE2,ALG9,ALG5,OST3,1.0,0.0,1.0
catboost_43,DIE2,ALG9,ALG6,OST3,1.0,0.0,1.0
catboost_43,DIE2,ALG9,ALG3,OST3,1.0,0.0,1.0
catboost_43,DIE2,ALG9,MNN2,ANP1,1.0,0.0,1.0
catboost_43,ALG8,ALG9,VPS28,STP22,1.0,0.0,1.0
catboost_43,ALG8,ALG9,PSD2,PCT1,1.0,0.0,1.0
catboost_43,ALG8,ALG9,STP22,GCS1,0.0,1.0,-1.0
catboost_43,ALG8,ALG9,DOA4,GCS1,1.0,0.0,1.0
catboost_43,ALG8,ALG9,OST5,ROT2,1.0,0.0,1.0
catboost_43,ALG8,ALG9,ROT2,OST5,1.0,0.0,1.0
catboost_43,ALG8,ALG9,MNS1,DIE2,0.0,1.0,-1.0
catboost_43,ALG8,ALG9,CWH41,DIE2,1.0,0.0,1.0
catboost_43,ALG8,ALG9,MNS1,ALG5,1.0,0.0,1.0
catboost_43,ALG8,ALG9,ROT2,ALG5,1.0,0.0,1.0
catboost_43,ALG8,ALG9,OST5,ALG5,1.0,0.0,1.0
catboost_43,ALG8,ALG9,OST5,ALG8,1.0,0.0,1.0
catboost_43,ALG8,ALG9,ALG12,ALG8,0.0,1.0,-1.0
catboost_43,ALG8,ALG9,DIE2,ALG12,1.0,0.0,1.0
catboost_43,ALG8,ALG9,ALG8,ALG12,1.0,0.0,1.0
catboost_43,ALG8,ALG9,OST3,ALG12,1.0,0.0,1.0
catboost_43,ALG8,ALG9,ALG5,ALG9,1.0,0.0,1.0
catboost_43,ALG8,ALG9,MNS1,ALG6,0.0,1.0,-1.0
catboost_43,ALG8,ALG9,ALG5,ALG6,1.0,0.0,1.0
catboost_43,ALG8,ALG9,ROT2,ALG3,1.0,0.0,1.0
catboost_43,ALG8,ALG9,OST3,ALG3,1.0,0.0,1.0
catboost_43,ALG8,ALG9,ALG5,OST3,0.0,1.0,-1.0
catboost_43,ALG8,ALG9,ALG9,OST3,0.0,1.0,-1.0
catboost_43,ALG8,ALG9,ALG3,OST3,1.0,0.0,1.0
catboost_43,ALG8,ALG9,MNN2,ANP1,0.0,1.0,-1.0
catboost_43,ALG12,ALG9,PSD2,PCT1,1.0,0.0,1.0
catboost_43,ALG12,ALG9,ALG9,OST5,0.0,1.0,-1.0
catboost_43,ALG12,ALG9,OST5,ALG5,1.0,0.0,1.0
catboost_43,ALG12,ALG9,OST5,ALG12,1.0,0.0,1.0
catboost_43,ALG12,ALG9,ALG5,ALG12,1.0,0.0,1.0
catboost_43,ALG12,ALG9,ALG6,ALG12,1.0,0.0,1.0
catboost_43,ALG12,ALG9,ALG8,ALG3,1.0,0.0,1.0
catboost_43,ALG12,ALG9,OST3,ALG3,1.0,0.0,1.0
catboost_43,ALG6,ALG9,PSD2,PCT1,1.0,0.0,1.0
catboost_43,ALG6,ALG9,STP22,GCS1,0.0,1.0,-1.0
catboost_43,ALG6,ALG9,DOA4,GCS1,0.0,1.0,-1.0
catboost_43,ALG6,ALG9,VPS28,GCS1,0.0,1.0,-1.0
catboost_43,ALG6,ALG9,CWH41,ROT2,0.0,1.0,-1.0
catboost_43,ALG6,ALG9,OST5,ROT2,0.0,1.0,-1.0
catboost_43,ALG6,ALG9,DOA4,VPS28,0.0,1.0,-1.0
catboost_43,ALG6,ALG9,MNS1,OST5,0.0,1.0,-1.0
catboost_43,ALG6,ALG9,CWH41,OST5,0.0,1.0,-1.0
catboost_43,ALG6,ALG9,ALG12,OST5,0.0,1.0,-1.0
catboost_43,ALG6,ALG9,ALG9,OST5,0.0,1.0,-1.0
catboost_43,ALG6,ALG9,MNS1,DIE2,0.0,1.0,-1.0
catboost_43,ALG6,ALG9,CWH41,DIE2,1.0,0.0,1.0
catboost_43,ALG6,ALG9,MNS1,ALG5,0.0,1.0,-1.0
catboost_43,ALG6,ALG9,ROT2,ALG5,0.0,1.0,-1.0
catboost_43,ALG6,ALG9,OST5,ALG5,1.0,0.0,1.0
catboost_43,ALG6,ALG9,ALG12,ALG8,0.0,1.0,-1.0
catboost_43,ALG6,ALG9,ROT2,ALG12,0.0,1.0,-1.0
catboost_43,ALG6,ALG9,DIE2,ALG12,0.0,1.0,-1.0
catboost_43,ALG6,ALG9,ALG8,ALG12,0.0,1.0,-1.0
catboost_43,ALG6,ALG9,MNS1,ALG6,0.0,1.0,-1.0
catboost_43,ALG6,ALG9,ALG5,ALG6,1.0,0.0,1.0
catboost_43,ALG6,ALG9,OST3,ALG3,1.0,0.0,1.0
catboost_43,ALG6,ALG9,MNS1,OST3,0.0,1.0,-1.0
catboost_43,ALG6,ALG9,ALG5,OST3,0.0,1.0,-1.0
catboost_43,ALG6,ALG9,ALG12,OST3,0.0,1.0,-1.0
catboost_43,ALG6,ALG9,ALG9,OST3,0.0,1.0,-1.0
catboost_43,ALG6,ALG9,MNN2,ANP1,0.0,1.0,-1.0
catboost_43,DIE2,ALG6,ANP1,MNS1,1.0,0.0,1.0
catboost_43,DIE2,ALG6,GCS1,STP22,1.0,0.0,1.0
catboost_43,DIE2,ALG6,VPS28,STP22,1.0,0.0,1.0
catboost_43,DIE2,ALG6,PSD2,PCT1,1.0,0.0,1.0
catboost_43,DIE2,ALG6,DOA4,GCS1,1.0,0.0,1.0
catboost_43,DIE2,ALG6,DOA4,VPS28,1.0,0.0,1.0
catboost_43,DIE2,ALG6,GCS1,VPS28,1.0,0.0,1.0
catboost_43,DIE2,ALG6,ROT2,OST5,1.0,0.0,1.0
catboost_43,DIE2,ALG6,OST3,OST5,1.0,0.0,1.0
catboost_43,DIE2,ALG6,CWH41,DIE2,1.0,0.0,1.0
catboost_43,DIE2,ALG6,OST5,DIE2,1.0,0.0,1.0
catboost_43,DIE2,ALG6,HRD1,UBC7,1.0,0.0,1.0
catboost_43,DIE2,ALG6,MNS1,ALG5,1.0,0.0,1.0
catboost_43,DIE2,ALG6,ROT2,ALG5,1.0,0.0,1.0
catboost_43,DIE2,ALG6,OST5,ALG5,1.0,0.0,1.0
catboost_43,DIE2,ALG6,OST3,ALG5,1.0,0.0,1.0
catboost_43,DIE2,ALG6,TLG2,SEC22,1.0,0.0,1.0
catboost_43,DIE2,ALG6,OST5,ALG8,1.0,0.0,1.0
catboost_43,DIE2,ALG6,ALG12,ALG8,0.0,1.0,-1.0
catboost_43,DIE2,ALG6,ALG6,ALG8,1.0,0.0,1.0
catboost_43,DIE2,ALG6,OST3,ALG8,1.0,0.0,1.0
catboost_43,DIE2,ALG6,DIE2,ALG12,1.0,0.0,1.0
catboost_43,DIE2,ALG6,ALG8,ALG12,1.0,0.0,1.0
catboost_43,DIE2,ALG6,OST3,ALG12,1.0,0.0,1.0
catboost_43,DIE2,ALG6,ALG5,ALG9,1.0,0.0,1.0
catboost_43,DIE2,ALG6,MNS1,ALG6,0.0,1.0,-1.0
catboost_43,DIE2,ALG6,ALG5,ALG6,1.0,0.0,1.0
catboost_43,DIE2,ALG6,ALG9,ALG6,1.0,0.0,1.0
catboost_43,DIE2,ALG6,OST3,ALG6,1.0,0.0,1.0
catboost_43,DIE2,ALG6,ROT2,ALG3,1.0,0.0,1.0
catboost_43,DIE2,ALG6,OST5,ALG3,1.0,0.0,1.0
catboost_43,DIE2,ALG6,DIE2,ALG3,1.0,0.0,1.0
catboost_43,DIE2,ALG6,OST3,ALG3,1.0,0.0,1.0
catboost_43,DIE2,ALG6,MNS1,OST3,0.0,1.0,-1.0
catboost_43,DIE2,ALG6,ALG12,OST3,0.0,1.0,-1.0
catboost_43,DIE2,ALG6,ALG9,OST3,0.0,1.0,-1.0
catboost_43,DIE2,ALG6,ALG3,OST3,1.0,0.0,1.0
catboost_43,DIE2,ALG6,MNN2,ANP1,0.0,1.0,-1.0
catboost_43,ALG8,ALG6,VPS28,STP22,1.0,0.0,1.0
catboost_43,ALG8,ALG6,PSD2,PCT1,1.0,0.0,1.0
catboost_43,ALG8,ALG6,STP22,GCS1,0.0,1.0,-1.0
catboost_43,ALG8,ALG6,DOA4,GCS1,1.0,0.0,1.0
catboost_43,ALG8,ALG6,OST5,ROT2,1.0,0.0,1.0
catboost_43,ALG8,ALG6,DOA4,VPS28,1.0,0.0,1.0
catboost_43,ALG8,ALG6,ROT2,OST5,1.0,0.0,1.0
catboost_43,ALG8,ALG6,MNS1,DIE2,0.0,1.0,-1.0
catboost_43,ALG8,ALG6,CWH41,DIE2,1.0,0.0,1.0
catboost_43,ALG8,ALG6,OST5,DIE2,1.0,0.0,1.0
catboost_43,ALG8,ALG6,MNS1,ALG5,1.0,0.0,1.0
catboost_43,ALG8,ALG6,ROT2,ALG5,1.0,0.0,1.0
catboost_43,ALG8,ALG6,OST5,ALG5,1.0,0.0,1.0
catboost_43,ALG8,ALG6,OST5,ALG8,1.0,0.0,1.0
catboost_43,ALG8,ALG6,ALG12,ALG8,0.0,1.0,-1.0
catboost_43,ALG8,ALG6,DIE2,ALG12,1.0,0.0,1.0
catboost_43,ALG8,ALG6,ALG8,ALG12,1.0,0.0,1.0
catboost_43,ALG8,ALG6,OST3,ALG12,1.0,0.0,1.0
catboost_43,ALG8,ALG6,ALG5,ALG9,1.0,0.0,1.0
catboost_43,ALG8,ALG6,MNS1,ALG6,0.0,1.0,-1.0
catboost_43,ALG8,ALG6,ALG5,ALG6,1.0,0.0,1.0
catboost_43,ALG8,ALG6,OST3,ALG6,1.0,0.0,1.0
catboost_43,ALG8,ALG6,ROT2,ALG3,1.0,0.0,1.0
catboost_43,ALG8,ALG6,DIE2,ALG3,1.0,0.0,1.0
catboost_43,ALG8,ALG6,OST3,ALG3,1.0,0.0,1.0
catboost_43,ALG8,ALG6,ALG5,OST3,0.0,1.0,-1.0
catboost_43,ALG8,ALG6,ALG12,OST3,0.0,1.0,-1.0
catboost_43,ALG8,ALG6,ALG9,OST3,0.0,1.0,-1.0
catboost_43,ALG8,ALG6,ALG3,OST3,1.0,0.0,1.0
catboost_43,ALG8,ALG6,MNN2,ANP1,0.0,1.0,-1.0
catboost_43,ALG12,ALG3,ALG5,ALG3,0.0,1.0,-1.0
catboost_43,ALG9,ALG3,PSD2,PCT1,1.0,0.0,1.0
catboost_43,ALG9,ALG3,CWH41,DIE2,1.0,0.0,1.0
catboost_43,ALG9,ALG3,OST5,ALG5,1.0,0.0,1.0
catboost_43,ALG9,ALG3,ALG12,ALG5,1.0,0.0,1.0
catboost_43,ALG9,ALG3,OST5,ALG12,1.0,0.0,1.0
catboost_43,ALG9,ALG3,ALG5,ALG12,1.0,0.0,1.0
catboost_43,ALG9,ALG3,ALG9,ALG12,1.0,0.0,1.0
catboost_43,ALG9,ALG3,ALG6,ALG12,1.0,0.0,1.0
catboost_43,ALG9,ALG3,ALG5,ALG9,1.0,0.0,1.0
catboost_43,ALG9,ALG3,ALG5,ALG6,1.0,0.0,1.0
catboost_43,ALG9,ALG3,ROT2,ALG3,1.0,0.0,1.0
catboost_43,ALG9,ALG3,ALG8,ALG3,1.0,0.0,1.0
catboost_43,ALG9,ALG3,OST3,ALG3,1.0,0.0,1.0
catboost_43,OST5,OST3,PSD2,PCT1,1.0,0.0,1.0
catboost_43,OST5,OST3,STP22,GCS1,0.0,1.0,-1.0
catboost_43,OST5,OST3,ALG12,OST5,0.0,1.0,-1.0
catboost_43,OST5,OST3,ALG9,OST5,0.0,1.0,-1.0
catboost_43,OST5,OST3,MNS1,DIE2,0.0,1.0,-1.0
catboost_43,OST5,OST3,CWH41,DIE2,1.0,0.0,1.0
catboost_43,OST5,OST3,OST5,ALG5,1.0,0.0,1.0
catboost_43,OST5,OST3,OST5,ALG12,1.0,0.0,1.0
catboost_43,OST5,OST3,ALG5,ALG12,1.0,0.0,1.0
catboost_43,OST5,OST3,ALG6,ALG12,1.0,0.0,1.0
catboost_43,OST5,OST3,ALG5,ALG9,1.0,0.0,1.0
catboost_43,OST5,OST3,ALG5,ALG6,1.0,0.0,1.0
catboost_43,OST5,OST3,ROT2,ALG3,1.0,0.0,1.0
catboost_43,OST5,OST3,OST3,ALG3,1.0,0.0,1.0
catboost_43,MNS1,ANP1,ANP1,MNS1,1.0,0.0,1.0
catboost_43,MNS1,ANP1,DOA4,STP22,1.0,0.0,1.0
catboost_43,MNS1,ANP1,GCS1,STP22,1.0,0.0,1.0
catboost_43,MNS1,ANP1,VPS28,STP22,1.0,0.0,1.0
catboost_43,MNS1,ANP1,PSD2,PCT1,1.0,0.0,1.0
catboost_43,MNS1,ANP1,OST5,CWH41,1.0,0.0,1.0
catboost_43,MNS1,ANP1,DOA4,GCS1,1.0,0.0,1.0
catboost_43,MNS1,ANP1,VPS28,GCS1,1.0,0.0,1.0
catboost_43,MNS1,ANP1,CWH41,ROT2,1.0,0.0,1.0
catboost_43,MNS1,ANP1,OST5,ROT2,1.0,0.0,1.0
catboost_43,MNS1,ANP1,DOA4,VPS28,1.0,0.0,1.0
catboost_43,MNS1,ANP1,GCS1,VPS28,1.0,0.0,1.0
catboost_43,MNS1,ANP1,MNS1,OST5,1.0,0.0,1.0
catboost_43,MNS1,ANP1,CWH41,OST5,1.0,0.0,1.0
catboost_43,MNS1,ANP1,ROT2,OST5,1.0,0.0,1.0
catboost_43,MNS1,ANP1,OST3,OST5,1.0,0.0,1.0
catboost_43,MNS1,ANP1,CWH41,DIE2,1.0,0.0,1.0
catboost_43,MNS1,ANP1,OST5,DIE2,1.0,0.0,1.0
catboost_43,MNS1,ANP1,ALG6,DIE2,1.0,0.0,1.0
catboost_43,MNS1,ANP1,HRD1,UBC7,1.0,0.0,1.0
catboost_43,MNS1,ANP1,MNS1,ALG5,1.0,0.0,1.0
catboost_43,MNS1,ANP1,ROT2,ALG5,1.0,0.0,1.0
catboost_43,MNS1,ANP1,OST5,ALG5,1.0,0.0,1.0
catboost_43,MNS1,ANP1,OST3,ALG5,1.0,0.0,1.0
catboost_43,MNS1,ANP1,TLG2,SEC22,1.0,0.0,1.0
catboost_43,MNS1,ANP1,OST5,ALG8,1.0,0.0,1.0
catboost_43,MNS1,ANP1,ALG12,ALG8,0.0,1.0,-1.0
catboost_43,MNS1,ANP1,ALG6,ALG8,1.0,0.0,1.0
catboost_43,MNS1,ANP1,OST3,ALG8,1.0,0.0,1.0
catboost_43,MNS1,ANP1,ROT2,ALG12,1.0,0.0,1.0
catboost_43,MNS1,ANP1,DIE2,ALG12,1.0,0.0,1.0
catboost_43,MNS1,ANP1,ALG8,ALG12,1.0,0.0,1.0
catboost_43,MNS1,ANP1,OST3,ALG12,1.0,0.0,1.0
catboost_43,MNS1,ANP1,ALG5,ALG9,1.0,0.0,1.0
catboost_43,MNS1,ANP1,ALG5,ALG6,1.0,0.0,1.0
catboost_43,MNS1,ANP1,ALG9,ALG6,1.0,0.0,1.0
catboost_43,MNS1,ANP1,OST3,ALG6,1.0,0.0,1.0
catboost_43,MNS1,ANP1,CWH41,ALG3,1.0,0.0,1.0
catboost_43,MNS1,ANP1,ROT2,ALG3,1.0,0.0,1.0
catboost_43,MNS1,ANP1,OST5,ALG3,1.0,0.0,1.0
catboost_43,MNS1,ANP1,DIE2,ALG3,1.0,0.0,1.0
catboost_43,MNS1,ANP1,OST3,ALG3,1.0,0.0,1.0
catboost_43,MNS1,ANP1,ALG5,OST3,1.0,0.0,1.0
catboost_43,MNS1,ANP1,ALG6,OST3,1.0,0.0,1.0
catboost_43,MNS1,ANP1,ALG3,OST3,1.0,0.0,1.0
Red_original_42,MNS1,CWH41,DIE2,CWH41,0.0,1.0,-1.0
Red_original_42,MNS1,CWH41,STP22,GCS1,0.0,1.0,-1.0
Red_original_42,MNS1,CWH41,DOA4,GCS1,0.0,1.0,-1.0
Red_original_42,MNS1,CWH41,VPS28,GCS1,0.0,1.0,-1.0
Red_original_42,MNS1,CWH41,CWH41,ROT2,0.0,1.0,-1.0
Red_original_42,MNS1,CWH41,OST5,ROT2,0.0,1.0,-1.0
Red_original_42,MNS1,CWH41,DOA4,VPS28,0.0,1.0,-1.0
Red_original_42,MNS1,CWH41,CWH41,OST5,0.0,1.0,-1.0
Red_original_42,MNS1,CWH41,DIE2,OST5,0.0,1.0,-1.0
Red_original_42,MNS1,CWH41,ALG12,OST5,0.0,1.0,-1.0
Red_original_42,MNS1,CWH41,ALG9,OST5,0.0,1.0,-1.0
Red_original_42,MNS1,CWH41,CWH41,DIE2,1.0,0.0,1.0
Red_original_42,MNS1,CWH41,ROT2,DIE2,1.0,0.0,1.0
Red_original_42,MNS1,CWH41,OST5,DIE2,1.0,0.0,1.0
Red_original_42,MNS1,CWH41,UFD2,UBC7,1.0,0.0,1.0
Red_original_42,MNS1,CWH41,CWH41,ALG5,1.0,0.0,1.0
Red_original_42,MNS1,CWH41,OST5,ALG5,1.0,0.0,1.0
Red_original_42,MNS1,CWH41,ALG12,ALG5,0.0,1.0,-1.0
Red_original_42,MNS1,CWH41,ALG9,ALG5,0.0,1.0,-1.0
Red_original_42,MNS1,CWH41,GOS1,SEC22,1.0,0.0,1.0
Red_original_42,MNS1,CWH41,UFD2,HRD1,1.0,0.0,1.0
Red_original_42,MNS1,CWH41,MNS1,ALG8,0.0,1.0,-1.0
Red_original_42,MNS1,CWH41,ALG12,ALG8,0.0,1.0,-1.0
Red_original_42,MNS1,CWH41,ROT2,ALG12,0.0,1.0,-1.0
Red_original_42,MNS1,CWH41,OST5,ALG12,0.0,1.0,-1.0
Red_original_42,MNS1,CWH41,DIE2,ALG12,0.0,1.0,-1.0
Red_original_42,MNS1,CWH41,ALG8,ALG12,0.0,1.0,-1.0
Red_original_42,MNS1,CWH41,ALG9,ALG12,0.0,1.0,-1.0
Red_original_42,MNS1,CWH41,ALG6,ALG12,0.0,1.0,-1.0
Red_original_42,MNS1,CWH41,ALG5,ALG9,0.0,1.0,-1.0
Red_original_42,MNS1,CWH41,MNS1,ALG6,0.0,1.0,-1.0
Red_original_42,MNS1,CWH41,ROT2,ALG3,0.0,1.0,-1.0
Red_original_42,MNS1,CWH41,ALG5,ALG3,0.0,1.0,-1.0
Red_original_42,MNS1,CWH41,ALG8,ALG3,0.0,1.0,-1.0
Red_original_42,MNS1,CWH41,ALG6,ALG3,0.0,1.0,-1.0
Red_original_42,MNS1,CWH41,MNS1,OST3,0.0,1.0,-1.0
Red_original_42,MNS1,CWH41,DIE2,OST3,0.0,1.0,-1.0
Red_original_42,MNS1,CWH41,ALG5,OST3,0.0,1.0,-1.0
Red_original_42,MNS1,CWH41,ALG8,OST3,0.0,1.0,-1.0
Red_original_42,MNS1,CWH41,ALG12,OST3,0.0,1.0,-1.0
Red_original_42,MNS1,CWH41,ALG9,OST3,0.0,1.0,-1.0
Red_original_42,MNS1,CWH41,ALG6,OST3,0.0,1.0,-1.0
Red_original_42,MNS1,CWH41,MNN2,ANP1,0.0,1.0,-1.0
Red_original_42,ROT2,CWH41,ANP1,MNS1,1.0,0.0,1.0
Red_original_42,ROT2,CWH41,DOA4,STP22,1.0,0.0,1.0
Red_original_42,ROT2,CWH41,PSD2,PCT1,1.0,0.0,1.0
Red_original_42,ROT2,CWH41,TLG2,GOS1,1.0,0.0,1.0
Red_original_42,ROT2,CWH41,STP22,GCS1,0.0,1.0,-1.0
Red_original_42,ROT2,CWH41,DOA4,GCS1,1.0,0.0,1.0
Red_original_42,ROT2,CWH41,VPS28,GCS1,0.0,1.0,-1.0
Red_original_42,ROT2,CWH41,CWH41,ROT2,0.0,1.0,-1.0
Red_original_42,ROT2,CWH41,DOA4,VPS28,1.0,0.0,1.0
Red_original_42,ROT2,CWH41,GCS1,VPS28,1.0,0.0,1.0
Red_original_42,ROT2,CWH41,MNS1,OST5,1.0,0.0,1.0
Red_original_42,ROT2,CWH41,ROT2,OST5,1.0,0.0,1.0
Red_original_42,ROT2,CWH41,DIE2,OST5,0.0,1.0,-1.0
Red_original_42,ROT2,CWH41,ALG12,OST5,0.0,1.0,-1.0
Red_original_42,ROT2,CWH41,ALG9,OST5,0.0,1.0,-1.0
Red_original_42,ROT2,CWH41,CWH41,DIE2,1.0,0.0,1.0
Red_original_42,ROT2,CWH41,ROT2,DIE2,1.0,0.0,1.0
Red_original_42,ROT2,CWH41,OST5,DIE2,1.0,0.0,1.0
Red_original_42,ROT2,CWH41,UFD2,UBC7,1.0,0.0,1.0
Red_original_42,ROT2,CWH41,MNS1,ALG5,1.0,0.0,1.0
Red_original_42,ROT2,CWH41,CWH41,ALG5,1.0,0.0,1.0
Red_original_42,ROT2,CWH41,ROT2,ALG5,1.0,0.0,1.0
Red_original_42,ROT2,CWH41,OST5,ALG5,1.0,0.0,1.0
Red_original_42,ROT2,CWH41,ALG12,ALG5,0.0,1.0,-1.0
Red_original_42,ROT2,CWH41,TLG2,SEC22,1.0,0.0,1.0
Red_original_42,ROT2,CWH41,GOS1,SEC22,1.0,0.0,1.0
Red_original_42,ROT2,CWH41,UFD2,HRD1,1.0,0.0,1.0
Red_original_42,ROT2,CWH41,UBC7,HRD1,1.0,0.0,1.0
Red_original_42,ROT2,CWH41,MNS1,ALG8,1.0,0.0,1.0
Red_original_42,ROT2,CWH41,ALG5,ALG8,1.0,0.0,1.0
Red_original_42,ROT2,CWH41,ALG12,ALG8,0.0,1.0,-1.0
Red_original_42,ROT2,CWH41,MNS1,ALG12,1.0,0.0,1.0
Red_original_42,ROT2,CWH41,ROT2,ALG12,0.0,1.0,-1.0
Red_original_42,ROT2,CWH41,OST5,ALG12,0.0,1.0,-1.0
Red_original_42,ROT2,CWH41,DIE2,ALG12,1.0,0.0,1.0
Red_original_42,ROT2,CWH41,ALG8,ALG12,1.0,0.0,1.0
Red_original_42,ROT2,CWH41,ALG6,ALG12,0.0,1.0,-1.0
Red_original_42,ROT2,CWH41,MNS1,ALG9,1.0,0.0,1.0
Red_original_42,ROT2,CWH41,ALG5,ALG9,1.0,0.0,1.0
Red_original_42,ROT2,CWH41,MNS1,ALG6,0.0,1.0,-1.0
Red_original_42,ROT2,CWH41,ALG12,ALG6,1.0,0.0,1.0
Red_original_42,ROT2,CWH41,ALG9,ALG6,1.0,0.0,1.0
Red_original_42,ROT2,CWH41,ALG5,ALG3,0.0,1.0,-1.0
Red_original_42,ROT2,CWH41,ALG8,ALG3,0.0,1.0,-1.0
Red_original_42,ROT2,CWH41,ALG5,OST3,0.0,1.0,-1.0
Red_original_42,ROT2,CWH41,ALG9,OST3,0.0,1.0,-1.0
Red_original_42,ROT2,CWH41,ALG3,OST3,1.0,0.0,1.0
Red_original_42,ROT2,CWH41,MNN2,ANP1,0.0,1.0,-1.0
Red_original_42,MNS1,MNN2,STP22,GCS1,0.0,1.0,-1.0
Red_original_42,MNS1,MNN2,VPS28,GCS1,0.0,1.0,-1.0
Red_original_42,MNS1,MNN2,CWH41,ROT2,0.0,1.0,-1.0
Red_original_42,MNS1,MNN2,MNS1,OST5,1.0,0.0,1.0
Red_original_42,MNS1,MNN2,CWH41,OST5,0.0,1.0,-1.0
Red_original_42,MNS1,MNN2,DIE2,OST5,0.0,1.0,-1.0
Red_original_42,MNS1,MNN2,ALG12,OST5,0.0,1.0,-1.0
Red_original_42,MNS1,MNN2,ALG9,OST5,0.0,1.0,-1.0
Red_original_42,MNS1,MNN2,CWH41,DIE2,1.0,0.0,1.0
Red_original_42,MNS1,MNN2,ROT2,DIE2,1.0,0.0,1.0
Red_original_42,MNS1,MNN2,UFD2,UBC7,1.0,0.0,1.0
Red_original_42,MNS1,MNN2,MNS1,ALG5,1.0,0.0,1.0
Red_original_42,MNS1,MNN2,CWH41,ALG5,1.0,0.0,1.0
Red_original_42,MNS1,MNN2,ALG12,ALG5,0.0,1.0,-1.0
Red_original_42,MNS1,MNN2,GOS1,SEC22,1.0,0.0,1.0
Red_original_42,MNS1,MNN2,ALG12,ALG8,0.0,1.0,-1.0
Red_original_42,MNS1,MNN2,ROT2,ALG12,0.0,1.0,-1.0
Red_original_42,MNS1,MNN2,OST5,ALG12,0.0,1.0,-1.0
Red_original_42,MNS1,MNN2,ALG5,ALG12,0.0,1.0,-1.0
Red_original_42,MNS1,MNN2,ALG9,ALG12,0.0,1.0,-1.0
Red_original_42,MNS1,MNN2,ALG6,ALG12,0.0,1.0,-1.0
Red_original_42,MNS1,MNN2,MNS1,ALG6,0.0,1.0,-1.0
Red_original_42,MNS1,MNN2,ALG5,ALG3,0.0,1.0,-1.0
Red_original_42,MNS1,MNN2,ALG8,ALG3,0.0,1.0,-1.0
Red_original_42,MNS1,MNN2,ALG6,ALG3,0.0,1.0,-1.0
Red_original_42,MNS1,MNN2,ALG5,OST3,0.0,1.0,-1.0
Red_original_42,MNS1,MNN2,ALG9,OST3,0.0,1.0,-1.0
Red_original_42,MNS1,MNN2,MNN2,ANP1,0.0,1.0,-1.0
Red_original_42,ANP1,MNN2,STP22,GCS1,0.0,1.0,-1.0
Red_original_42,ANP1,MNN2,DIE2,OST5,0.0,1.0,-1.0
Red_original_42,ANP1,MNN2,ALG12,OST5,0.0,1.0,-1.0
Red_original_42,ANP1,MNN2,ALG9,OST5,0.0,1.0,-1.0
Red_original_42,ANP1,MNN2,ALG12,ALG5,0.0,1.0,-1.0
Red_original_42,ANP1,MNN2,OST5,ALG12,0.0,1.0,-1.0
Red_original_42,ANP1,MNN2,ALG9,ALG12,0.0,1.0,-1.0
Red_original_42,ANP1,MNN2,ALG5,ALG3,0.0,1.0,-1.0
Red_original_42,ANP1,MNN2,ALG8,ALG3,0.0,1.0,-1.0
Red_original_42,ANP1,MNN2,ALG6,ALG3,0.0,1.0,-1.0
Red_original_42,MNS1,ROT2,DIE2,CWH41,0.0,1.0,-1.0
Red_original_42,MNS1,ROT2,STP22,GCS1,0.0,1.0,-1.0
Red_original_42,MNS1,ROT2,DOA4,GCS1,0.0,1.0,-1.0
Red_original_42,MNS1,ROT2,VPS28,GCS1,0.0,1.0,-1.0
Red_original_42,MNS1,ROT2,CWH41,ROT2,0.0,1.0,-1.0
Red_original_42,MNS1,ROT2,OST5,ROT2,0.0,1.0,-1.0
Red_original_42,MNS1,ROT2,DOA4,VPS28,0.0,1.0,-1.0
Red_original_42,MNS1,ROT2,GCS1,VPS28,0.0,1.0,-1.0
Red_original_42,MNS1,ROT2,CWH41,OST5,0.0,1.0,-1.0
Red_original_42,MNS1,ROT2,DIE2,OST5,0.0,1.0,-1.0
Red_original_42,MNS1,ROT2,ALG12,OST5,0.0,1.0,-1.0
Red_original_42,MNS1,ROT2,ALG9,OST5,0.0,1.0,-1.0
Red_original_42,MNS1,ROT2,CWH41,DIE2,1.0,0.0,1.0
Red_original_42,MNS1,ROT2,ROT2,DIE2,1.0,0.0,1.0
Red_original_42,MNS1,ROT2,OST5,DIE2,1.0,0.0,1.0
Red_original_42,MNS1,ROT2,UFD2,UBC7,1.0,0.0,1.0
Red_original_42,MNS1,ROT2,CWH41,ALG5,1.0,0.0,1.0
Red_original_42,MNS1,ROT2,OST5,ALG5,1.0,0.0,1.0
Red_original_42,MNS1,ROT2,ALG12,ALG5,0.0,1.0,-1.0
Red_original_42,MNS1,ROT2,ALG9,ALG5,0.0,1.0,-1.0
Red_original_42,MNS1,ROT2,GOS1,SEC22,1.0,0.0,1.0
Red_original_42,MNS1,ROT2,UFD2,HRD1,1.0,0.0,1.0
Red_original_42,MNS1,ROT2,MNS1,ALG8,0.0,1.0,-1.0
Red_original_42,MNS1,ROT2,ALG12,ALG8,0.0,1.0,-1.0
Red_original_42,MNS1,ROT2,ALG9,ALG8,0.0,1.0,-1.0
Red_original_42,MNS1,ROT2,ROT2,ALG12,0.0,1.0,-1.0
Red_original_42,MNS1,ROT2,OST5,ALG12,0.0,1.0,-1.0
Red_original_42,MNS1,ROT2,DIE2,ALG12,0.0,1.0,-1.0
Red_original_42,MNS1,ROT2,ALG8,ALG12,0.0,1.0,-1.0
Red_original_42,MNS1,ROT2,ALG9,ALG12,0.0,1.0,-1.0
Red_original_42,MNS1,ROT2,ALG6,ALG12,0.0,1.0,-1.0
Red_original_42,MNS1,ROT2,ROT2,ALG9,0.0,1.0,-1.0
Red_original_42,MNS1,ROT2,ALG5,ALG9,0.0,1.0,-1.0
Red_original_42,MNS1,ROT2,MNS1,ALG6,0.0,1.0,-1.0
Red_original_42,MNS1,ROT2,ROT2,ALG3,0.0,1.0,-1.0
Red_original_42,MNS1,ROT2,ALG5,ALG3,0.0,1.0,-1.0
Red_original_42,MNS1,ROT2,ALG8,ALG3,0.0,1.0,-1.0
Red_original_42,MNS1,ROT2,ALG6,ALG3,0.0,1.0,-1.0
Red_original_42,MNS1,ROT2,MNS1,OST3,0.0,1.0,-1.0
Red_original_42,MNS1,ROT2,DIE2,OST3,0.0,1.0,-1.0
Red_original_42,MNS1,ROT2,ALG5,OST3,0.0,1.0,-1.0
Red_original_42,MNS1,ROT2,ALG8,OST3,0.0,1.0,-1.0
Red_original_42,MNS1,ROT2,ALG12,OST3,0.0,1.0,-1.0
Red_original_42,MNS1,ROT2,ALG9,OST3,0.0,1.0,-1.0
Red_original_42,MNS1,ROT2,ALG6,OST3,0.0,1.0,-1.0
Red_original_42,MNS1,ROT2,MNN2,ANP1,0.0,1.0,-1.0
Red_original_42,STP22,VPS28,MNS1,OST5,1.0,0.0,1.0
Red_original_42,STP22,VPS28,DIE2,OST5,0.0,1.0,-1.0
Red_original_42,STP22,VPS28,ALG12,OST5,0.0,1.0,-1.0
Red_original_42,STP22,VPS28,ALG9,OST5,0.0,1.0,-1.0
Red_original_42,STP22,VPS28,CWH41,DIE2,1.0,0.0,1.0
Red_original_42,STP22,VPS28,ROT2,DIE2,1.0,0.0,1.0
Red_original_42,STP22,VPS28,UFD2,UBC7,1.0,0.0,1.0
Red_original_42,STP22,VPS28,MNS1,ALG5,1.0,0.0,1.0
Red_original_42,STP22,VPS28,CWH41,ALG5,1.0,0.0,1.0
Red_original_42,STP22,VPS28,ALG12,ALG5,0.0,1.0,-1.0
Red_original_42,STP22,VPS28,GOS1,SEC22,1.0,0.0,1.0
Red_original_42,STP22,VPS28,ALG9,ALG12,0.0,1.0,-1.0
Red_original_42,STP22,VPS28,ALG5,ALG3,0.0,1.0,-1.0
Red_original_42,STP22,VPS28,ALG8,ALG3,0.0,1.0,-1.0
Red_original_42,STP22,VPS28,ALG6,ALG3,0.0,1.0,-1.0
Red_original_42,HMG1,BTS1,STP22,GCS1,0.0,1.0,-1.0
Red_original_42,HMG1,BTS1,MNS1,OST5,1.0,0.0,1.0
Red_original_42,HMG1,BTS1,DIE2,OST5,0.0,1.0,-1.0
Red_original_42,HMG1,BTS1,ALG12,OST5,0.0,1.0,-1.0
Red_original_42,HMG1,BTS1,ALG9,OST5,0.0,1.0,-1.0
Red_original_42,HMG1,BTS1,CWH41,DIE2,1.0,0.0,1.0
Red_original_42,HMG1,BTS1,ROT2,DIE2,1.0,0.0,1.0
Red_original_42,HMG1,BTS1,UFD2,UBC7,1.0,0.0,1.0
Red_original_42,HMG1,BTS1,MNS1,ALG5,1.0,0.0,1.0
Red_original_42,HMG1,BTS1,ALG12,ALG5,0.0,1.0,-1.0
Red_original_42,HMG1,BTS1,ALG12,ALG8,0.0,1.0,-1.0
Red_original_42,HMG1,BTS1,OST5,ALG12,0.0,1.0,-1.0
Red_original_42,HMG1,BTS1,ALG9,ALG12,0.0,1.0,-1.0
Red_original_42,HMG1,BTS1,ALG6,ALG12,0.0,1.0,-1.0
Red_original_42,HMG1,BTS1,ALG5,ALG3,0.0,1.0,-1.0
Red_original_42,HMG1,BTS1,ALG8,ALG3,0.0,1.0,-1.0
Red_original_42,HMG1,BTS1,ALG6,ALG3,0.0,1.0,-1.0
Red_original_42,DIE2,ALG5,MNS1,OST5,1.0,0.0,1.0
Red_original_42,DIE2,ALG5,DIE2,OST5,0.0,1.0,-1.0
Red_original_42,DIE2,ALG5,ALG9,OST5,0.0,1.0,-1.0
Red_original_42,DIE2,ALG5,MNS1,DIE2,1.0,0.0,1.0
Red_original_42,DIE2,ALG5,CWH41,DIE2,1.0,0.0,1.0
Red_original_42,DIE2,ALG5,ROT2,DIE2,1.0,0.0,1.0
Red_original_42,DIE2,ALG5,UFD2,UBC7,1.0,0.0,1.0
Red_original_42,DIE2,ALG5,MNS1,ALG5,1.0,0.0,1.0
Red_original_42,DIE2,ALG5,CWH41,ALG5,1.0,0.0,1.0
Red_original_42,DIE2,ALG5,OST5,ALG5,1.0,0.0,1.0
Red_original_42,DIE2,ALG5,ALG12,ALG5,0.0,1.0,-1.0
Red_original_42,DIE2,ALG5,GOS1,SEC22,1.0,0.0,1.0
Red_original_42,DIE2,ALG5,UFD2,HRD1,1.0,0.0,1.0
Red_original_42,DIE2,ALG5,ALG5,ALG3,0.0,1.0,-1.0
Red_original_42,DIE2,ALG5,ALG8,ALG3,0.0,1.0,-1.0
Red_original_42,DIE2,ALG5,ALG6,ALG3,0.0,1.0,-1.0
Red_original_42,ALG8,ALG5,ANP1,MNS1,1.0,0.0,1.0
Red_original_42,ALG8,ALG5,DOA4,STP22,1.0,0.0,1.0
Red_original_42,ALG8,ALG5,STP22,DOA4,1.0,0.0,1.0
Red_original_42,ALG8,ALG5,VPS28,DOA4,1.0,0.0,1.0
Red_original_42,ALG8,ALG5,PSD2,PCT1,1.0,0.0,1.0
Red_original_42,ALG8,ALG5,TLG2,GOS1,1.0,0.0,1.0
Red_original_42,ALG8,ALG5,STP22,GCS1,1.0,0.0,1.0
Red_original_42,ALG8,ALG5,DOA4,GCS1,1.0,0.0,1.0
Red_original_42,ALG8,ALG5,VPS28,GCS1,1.0,0.0,1.0
Red_original_42,ALG8,ALG5,CWH41,ROT2,1.0,0.0,1.0
Red_original_42,ALG8,ALG5,DOA4,VPS28,1.0,0.0,1.0
Red_original_42,ALG8,ALG5,GCS1,VPS28,1.0,0.0,1.0
Red_original_42,ALG8,ALG5,MNS1,OST5,1.0,0.0,1.0
Red_original_42,ALG8,ALG5,CWH41,OST5,1.0,0.0,1.0
Red_original_42,ALG8,ALG5,ROT2,OST5,1.0,0.0,1.0
Red_original_42,ALG8,ALG5,DIE2,OST5,0.0,1.0,-1.0
Red_original_42,ALG8,ALG5,ALG12,OST5,0.0,1.0,-1.0
Red_original_42,ALG8,ALG5,ALG9,OST5,0.0,1.0,-1.0
Red_original_42,ALG8,ALG5,CWH41,DIE2,1.0,0.0,1.0
Red_original_42,ALG8,ALG5,ROT2,DIE2,1.0,0.0,1.0
Red_original_42,ALG8,ALG5,OST5,DIE2,1.0,0.0,1.0
Red_original_42,ALG8,ALG5,UFD2,UBC7,1.0,0.0,1.0
Red_original_42,ALG8,ALG5,HRD1,UBC7,1.0,0.0,1.0
Red_original_42,ALG8,ALG5,MNS1,ALG5,1.0,0.0,1.0
Red_original_42,ALG8,ALG5,CWH41,ALG5,1.0,0.0,1.0
Red_original_42,ALG8,ALG5,ROT2,ALG5,1.0,0.0,1.0
Red_original_42,ALG8,ALG5,OST5,ALG5,1.0,0.0,1.0
Red_original_42,ALG8,ALG5,ALG12,ALG5,0.0,1.0,-1.0
Red_original_42,ALG8,ALG5,TLG2,SEC22,1.0,0.0,1.0
Red_original_42,ALG8,ALG5,GOS1,SEC22,1.0,0.0,1.0
Red_original_42,ALG8,ALG5,UFD2,HRD1,1.0,0.0,1.0
Red_original_42,ALG8,ALG5,UBC7,HRD1,1.0,0.0,1.0
Red_original_42,ALG8,ALG5,MNS1,ALG8,1.0,0.0,1.0
Red_original_42,ALG8,ALG5,CWH41,ALG8,1.0,0.0,1.0
Red_original_42,ALG8,ALG5,ROT2,ALG8,1.0,0.0,1.0
Red_original_42,ALG8,ALG5,OST5,ALG8,1.0,0.0,1.0
Red_original_42,ALG8,ALG5,ALG5,ALG8,1.0,0.0,1.0
Red_original_42,ALG8,ALG5,ALG12,ALG8,1.0,0.0,1.0
Red_original_42,ALG8,ALG5,ALG9,ALG8,1.0,0.0,1.0
Red_original_42,ALG8,ALG5,MNS1,ALG12,1.0,0.0,1.0
Red_original_42,ALG8,ALG5,CWH41,ALG12,1.0,0.0,1.0
Red_original_42,ALG8,ALG5,ROT2,ALG12,1.0,0.0,1.0
Red_original_42,ALG8,ALG5,OST5,ALG12,1.0,0.0,1.0
Red_original_42,ALG8,ALG5,DIE2,ALG12,1.0,0.0,1.0
Red_original_42,ALG8,ALG5,ALG5,ALG12,1.0,0.0,1.0
Red_original_42,ALG8,ALG5,ALG8,ALG12,1.0,0.0,1.0
Red_original_42,ALG8,ALG5,MNS1,ALG9,1.0,0.0,1.0
Red_original_42,ALG8,ALG5,CWH41,ALG9,1.0,0.0,1.0
Red_original_42,ALG8,ALG5,ROT2,ALG9,1.0,0.0,1.0
Red_original_42,ALG8,ALG5,OST5,ALG9,1.0,0.0,1.0
Red_original_42,ALG8,ALG5,ALG5,ALG9,1.0,0.0,1.0
Red_original_42,ALG8,ALG5,ALG5,ALG6,1.0,0.0,1.0
Red_original_42,ALG8,ALG5,ALG12,ALG6,1.0,0.0,1.0
Red_original_42,ALG8,ALG5,ALG9,ALG6,1.0,0.0,1.0
Red_original_42,ALG8,ALG5,ALG5,ALG3,0.0,1.0,-1.0
Red_original_42,ALG8,ALG5,ALG8,ALG3,0.0,1.0,-1.0
Red_original_42,ALG8,ALG5,OST3,ALG3,1.0,0.0,1.0
Red_original_42,ALG8,ALG5,ALG3,OST3,1.0,0.0,1.0
Red_original_42,ALG6,ALG5,CWH41,MNS1,1.0,0.0,1.0
Red_original_42,ALG6,ALG5,MNN2,MNS1,1.0,0.0,1.0
Red_original_42,ALG6,ALG5,ROT2,MNS1,1.0,0.0,1.0
Red_original_42,ALG6,ALG5,OST5,MNS1,1.0,0.0,1.0
Red_original_42,ALG6,ALG5,ANP1,MNS1,1.0,0.0,1.0
Red_original_42,ALG6,ALG5,BTS1,HMG1,1.0,0.0,1.0
Red_original_42,ALG6,ALG5,PCT1,PSD2,1.0,0.0,1.0
Red_original_42,ALG6,ALG5,DOA4,STP22,1.0,0.0,1.0
Red_original_42,ALG6,ALG5,GCS1,STP22,1.0,0.0,1.0
Red_original_42,ALG6,ALG5,VPS28,STP22,1.0,0.0,1.0
Red_original_42,ALG6,ALG5,GOS1,TLG2,1.0,0.0,1.0
Red_original_42,ALG6,ALG5,STP22,DOA4,1.0,0.0,1.0
Red_original_42,ALG6,ALG5,GCS1,DOA4,1.0,0.0,1.0
Red_original_42,ALG6,ALG5,VPS28,DOA4,1.0,0.0,1.0
Red_original_42,ALG6,ALG5,PSD2,PCT1,1.0,0.0,1.0
Red_original_42,ALG6,ALG5,OST5,CWH41,1.0,0.0,1.0
Red_original_42,ALG6,ALG5,TLG2,GOS1,1.0,0.0,1.0
Red_original_42,ALG6,ALG5,DIE2,ROT2,1.0,0.0,1.0
Red_original_42,ALG6,ALG5,GCS1,VPS28,1.0,0.0,1.0
Red_original_42,ALG6,ALG5,ROT2,OST5,1.0,0.0,1.0
Red_original_42,ALG6,ALG5,ALG12,OST5,0.0,1.0,-1.0
Red_original_42,ALG6,ALG5,ALG9,OST5,0.0,1.0,-1.0
Red_original_42,ALG6,ALG5,CWH41,DIE2,1.0,0.0,1.0
Red_original_42,ALG6,ALG5,ROT2,DIE2,1.0,0.0,1.0
Red_original_42,ALG6,ALG5,OST5,DIE2,1.0,0.0,1.0
Red_original_42,ALG6,ALG5,ALG5,DIE2,1.0,0.0,1.0
Red_original_42,ALG6,ALG5,ALG8,DIE2,1.0,0.0,1.0
Red_original_42,ALG6,ALG5,UFD2,UBC7,1.0,0.0,1.0
Red_original_42,ALG6,ALG5,HRD1,UBC7,1.0,0.0,1.0
Red_original_42,ALG6,ALG5,CWH41,ALG5,1.0,0.0,1.0
Red_original_42,ALG6,ALG5,OST5,ALG5,1.0,0.0,1.0
Red_original_42,ALG6,ALG5,TLG2,SEC22,1.0,0.0,1.0
Red_original_42,ALG6,ALG5,GOS1,SEC22,1.0,0.0,1.0
Red_original_42,ALG6,ALG5,UFD2,HRD1,1.0,0.0,1.0
Red_original_42,ALG6,ALG5,UBC7,HRD1,1.0,0.0,1.0
Red_original_42,ALG6,ALG5,CWH41,ALG8,1.0,0.0,1.0
Red_original_42,ALG6,ALG5,ROT2,ALG8,1.0,0.0,1.0
Red_original_42,ALG6,ALG5,OST5,ALG8,1.0,0.0,1.0
Red_original_42,ALG6,ALG5,ALG5,ALG8,1.0,0.0,1.0
Red_original_42,ALG6,ALG5,ALG6,ALG8,1.0,0.0,1.0
Red_original_42,ALG6,ALG5,MNS1,ALG12,1.0,0.0,1.0
Red_original_42,ALG6,ALG5,CWH41,ALG12,1.0,0.0,1.0
Red_original_42,ALG6,ALG5,ALG3,ALG12,1.0,0.0,1.0
Red_original_42,ALG6,ALG5,MNS1,ALG9,1.0,0.0,1.0
Red_original_42,ALG6,ALG5,CWH41,ALG9,1.0,0.0,1.0
Red_original_42,ALG6,ALG5,ROT2,ALG9,1.0,0.0,1.0
Red_original_42,ALG6,ALG5,OST5,ALG9,1.0,0.0,1.0
Red_original_42,ALG6,ALG5,ALG3,ALG9,1.0,0.0,1.0
Red_original_42,ALG6,ALG5,CWH41,ALG6,1.0,0.0,1.0
Red_original_42,ALG6,ALG5,OST5,ALG6,1.0,0.0,1.0
Red_original_42,ALG6,ALG5,ALG5,ALG6,1.0,0.0,1.0
Red_original_42,ALG6,ALG5,ALG12,ALG6,1.0,0.0,1.0
Red_original_42,ALG6,ALG5,ALG9,ALG6,1.0,0.0,1.0
Red_original_42,ALG6,ALG5,ALG3,ALG6,1.0,0.0,1.0
Red_original_42,ALG6,ALG5,OST3,ALG6,1.0,0.0,1.0
Red_original_42,ALG6,ALG5,ROT2,ALG3,0.0,1.0,-1.0
Red_original_42,ALG6,ALG5,DIE2,ALG3,1.0,0.0,1.0
Red_original_42,ALG6,ALG5,OST3,ALG3,1.0,0.0,1.0
Red_original_42,ALG6,ALG5,PMT1,PMT2,1.0,0.0,1.0
Red_original_42,ALG6,ALG5,MNS1,OST3,0.0,1.0,-1.0
Red_original_42,ALG6,ALG5,DIE2,OST3,0.0,1.0,-1.0
Red_original_42,ALG6,ALG5,ALG3,OST3,1.0,0.0,1.0
Red_original_42,ALG6,ALG5,MNN2,ANP1,0.0,1.0,-1.0
Red_original_42,DIE2,ALG8,PSD2,PCT1,1.0,0.0,1.0
Red_original_42,DIE2,ALG8,TLG2,GOS1,1.0,0.0,1.0
Red_original_42,DIE2,ALG8,DOA4,VPS28,1.0,0.0,1.0
Red_original_42,DIE2,ALG8,MNS1,OST5,1.0,0.0,1.0
Red_original_42,DIE2,ALG8,CWH41,OST5,1.0,0.0,1.0
Red_original_42,DIE2,ALG8,ROT2,OST5,1.0,0.0,1.0
Red_original_42,DIE2,ALG8,DIE2,OST5,0.0,1.0,-1.0
Red_original_42,DIE2,ALG8,ALG9,OST5,0.0,1.0,-1.0
Red_original_42,DIE2,ALG8,MNS1,DIE2,1.0,0.0,1.0
Red_original_42,DIE2,ALG8,CWH41,DIE2,1.0,0.0,1.0
Red_original_42,DIE2,ALG8,ROT2,DIE2,1.0,0.0,1.0
Red_original_42,DIE2,ALG8,OST5,DIE2,1.0,0.0,1.0
Red_original_42,DIE2,ALG8,UFD2,UBC7,1.0,0.0,1.0
Red_original_42,DIE2,ALG8,MNS1,ALG5,1.0,0.0,1.0
Red_original_42,DIE2,ALG8,CWH41,ALG5,1.0,0.0,1.0
Red_original_42,DIE2,ALG8,ROT2,ALG5,1.0,0.0,1.0
Red_original_42,DIE2,ALG8,OST5,ALG5,1.0,0.0,1.0
Red_original_42,DIE2,ALG8,GOS1,SEC22,1.0,0.0,1.0
Red_original_42,DIE2,ALG8,UFD2,HRD1,1.0,0.0,1.0
Red_original_42,DIE2,ALG8,ALG5,ALG8,1.0,0.0,1.0
Red_original_42,DIE2,ALG8,ALG5,ALG12,1.0,0.0,1.0
Red_original_42,DIE2,ALG8,ALG5,ALG9,1.0,0.0,1.0
Red_original_42,DIE2,ALG8,ALG5,ALG3,0.0,1.0,-1.0
Red_original_42,DIE2,ALG8,ALG6,ALG3,0.0,1.0,-1.0
Red_original_42,DIE2,ALG9,PSD2,PCT1,1.0,0.0,1.0
Red_original_42,DIE2,ALG9,TLG2,GOS1,1.0,0.0,1.0
Red_original_42,DIE2,ALG9,STP22,GCS1,0.0,1.0,-1.0
Red_original_42,DIE2,ALG9,DOA4,VPS28,1.0,0.0,1.0
Red_original_42,DIE2,ALG9,MNS1,OST5,1.0,0.0,1.0
Red_original_42,DIE2,ALG9,CWH41,OST5,1.0,0.0,1.0
Red_original_42,DIE2,ALG9,ROT2,OST5,1.0,0.0,1.0
Red_original_42,DIE2,ALG9,DIE2,OST5,0.0,1.0,-1.0
Red_original_42,DIE2,ALG9,ALG12,OST5,0.0,1.0,-1.0
Red_original_42,DIE2,ALG9,ALG9,OST5,0.0,1.0,-1.0
Red_original_42,DIE2,ALG9,CWH41,DIE2,1.0,0.0,1.0
Red_original_42,DIE2,ALG9,ROT2,DIE2,1.0,0.0,1.0
Red_original_42,DIE2,ALG9,OST5,DIE2,1.0,0.0,1.0
Red_original_42,DIE2,ALG9,UFD2,UBC7,1.0,0.0,1.0
Red_original_42,DIE2,ALG9,MNS1,ALG5,1.0,0.0,1.0
Red_original_42,DIE2,ALG9,CWH41,ALG5,1.0,0.0,1.0
Red_original_42,DIE2,ALG9,ROT2,ALG5,1.0,0.0,1.0
Red_original_42,DIE2,ALG9,OST5,ALG5,1.0,0.0,1.0
Red_original_42,DIE2,ALG9,ALG12,ALG5,0.0,1.0,-1.0
Red_original_42,DIE2,ALG9,GOS1,SEC22,1.0,0.0,1.0
Red_original_42,DIE2,ALG9,UFD2,HRD1,1.0,0.0,1.0
Red_original_42,DIE2,ALG9,UBC7,HRD1,1.0,0.0,1.0
Red_original_42,DIE2,ALG9,ALG5,ALG8,1.0,0.0,1.0
Red_original_42,DIE2,ALG9,DIE2,ALG12,1.0,0.0,1.0
Red_original_42,DIE2,ALG9,ALG5,ALG12,1.0,0.0,1.0
Red_original_42,DIE2,ALG9,ALG9,ALG12,0.0,1.0,-1.0
Red_original_42,DIE2,ALG9,ALG5,ALG9,1.0,0.0,1.0
Red_original_42,DIE2,ALG9,ALG5,ALG3,0.0,1.0,-1.0
Red_original_42,DIE2,ALG9,ALG8,ALG3,0.0,1.0,-1.0
Red_original_42,DIE2,ALG9,ALG6,ALG3,0.0,1.0,-1.0
Red_original_42,ALG8,ALG9,ANP1,MNS1,1.0,0.0,1.0
Red_original_42,ALG8,ALG9,PSD2,PCT1,1.0,0.0,1.0
Red_original_42,ALG8,ALG9,TLG2,GOS1,1.0,0.0,1.0
Red_original_42,ALG8,ALG9,STP22,GCS1,0.0,1.0,-1.0
Red_original_42,ALG8,ALG9,VPS28,GCS1,0.0,1.0,-1.0
Red_original_42,ALG8,ALG9,CWH41,ROT2,0.0,1.0,-1.0
Red_original_42,ALG8,ALG9,DOA4,VPS28,1.0,0.0,1.0
Red_original_42,ALG8,ALG9,MNS1,OST5,1.0,0.0,1.0
Red_original_42,ALG8,ALG9,ROT2,OST5,1.0,0.0,1.0
Red_original_42,ALG8,ALG9,DIE2,OST5,0.0,1.0,-1.0
Red_original_42,ALG8,ALG9,ALG12,OST5,0.0,1.0,-1.0
Red_original_42,ALG8,ALG9,ALG9,OST5,0.0,1.0,-1.0
Red_original_42,ALG8,ALG9,CWH41,DIE2,1.0,0.0,1.0
Red_original_42,ALG8,ALG9,ROT2,DIE2,1.0,0.0,1.0
Red_original_42,ALG8,ALG9,OST5,DIE2,1.0,0.0,1.0
Red_original_42,ALG8,ALG9,UFD2,UBC7,1.0,0.0,1.0
Red_original_42,ALG8,ALG9,MNS1,ALG5,1.0,0.0,1.0
Red_original_42,ALG8,ALG9,CWH41,ALG5,1.0,0.0,1.0
Red_original_42,ALG8,ALG9,ROT2,ALG5,1.0,0.0,1.0
Red_original_42,ALG8,ALG9,OST5,ALG5,1.0,0.0,1.0
Red_original_42,ALG8,ALG9,ALG12,ALG5,0.0,1.0,-1.0
Red_original_42,ALG8,ALG9,GOS1,SEC22,1.0,0.0,1.0
Red_original_42,ALG8,ALG9,UFD2,HRD1,1.0,0.0,1.0
Red_original_42,ALG8,ALG9,UBC7,HRD1,1.0,0.0,1.0
Red_original_42,ALG8,ALG9,ALG5,ALG8,1.0,0.0,1.0
Red_original_42,ALG8,ALG9,ALG12,ALG8,0.0,1.0,-1.0
Red_original_42,ALG8,ALG9,ROT2,ALG12,0.0,1.0,-1.0
Red_original_42,ALG8,ALG9,OST5,ALG12,0.0,1.0,-1.0
Red_original_42,ALG8,ALG9,DIE2,ALG12,1.0,0.0,1.0
Red_original_42,ALG8,ALG9,ALG8,ALG12,1.0,0.0,1.0
Red_original_42,ALG8,ALG9,ALG9,ALG12,0.0,1.0,-1.0
Red_original_42,ALG8,ALG9,ALG6,ALG12,0.0,1.0,-1.0
Red_original_42,ALG8,ALG9,ALG5,ALG9,1.0,0.0,1.0
Red_original_42,ALG8,ALG9,MNS1,ALG6,0.0,1.0,-1.0
Red_original_42,ALG8,ALG9,ALG12,ALG6,1.0,0.0,1.0
Red_original_42,ALG8,ALG9,ALG5,ALG3,0.0,1.0,-1.0
Red_original_42,ALG8,ALG9,ALG8,ALG3,0.0,1.0,-1.0
Red_original_42,ALG8,ALG9,ALG6,ALG3,0.0,1.0,-1.0
Red_original_42,ALG8,ALG9,ALG5,OST3,0.0,1.0,-1.0
Red_original_42,ALG8,ALG9,ALG9,OST3,0.0,1.0,-1.0
Red_original_42,ALG8,ALG9,MNN2,ANP1,0.0,1.0,-1.0
Red_original_42,ALG12,ALG9,ANP1,MNS1,1.0,0.0,1.0
Red_original_42,ALG12,ALG9,DOA4,STP22,1.0,0.0,1.0
Red_original_42,ALG12,ALG9,PSD2,PCT1,1.0,0.0,1.0
Red_original_42,ALG12,ALG9,TLG2,GOS1,1.0,0.0,1.0
Red_original_42,ALG12,ALG9,DOA4,GCS1,1.0,0.0,1.0
Red_original_42,ALG12,ALG9,CWH41,ROT2,1.0,0.0,1.0
Red_original_42,ALG12,ALG9,DOA4,VPS28,1.0,0.0,1.0
Red_original_42,ALG12,ALG9,GCS1,VPS28,1.0,0.0,1.0
Red_original_42,ALG12,ALG9,MNS1,OST5,1.0,0.0,1.0
Red_original_42,ALG12,ALG9,CWH41,OST5,1.0,0.0,1.0
Red_original_42,ALG12,ALG9,ROT2,OST5,1.0,0.0,1.0
Red_original_42,ALG12,ALG9,DIE2,OST5,0.0,1.0,-1.0
Red_original_42,ALG12,ALG9,ALG9,OST5,0.0,1.0,-1.0
Red_original_42,ALG12,ALG9,MNS1,DIE2,1.0,0.0,1.0
Red_original_42,ALG12,ALG9,CWH41,DIE2,1.0,0.0,1.0
Red_original_42,ALG12,ALG9,ROT2,DIE2,1.0,0.0,1.0
Red_original_42,ALG12,ALG9,OST5,DIE2,1.0,0.0,1.0
Red_original_42,ALG12,ALG9,UFD2,UBC7,1.0,0.0,1.0
Red_original_42,ALG12,ALG9,MNS1,ALG5,1.0,0.0,1.0
Red_original_42,ALG12,ALG9,CWH41,ALG5,1.0,0.0,1.0
Red_original_42,ALG12,ALG9,ROT2,ALG5,1.0,0.0,1.0
Red_original_42,ALG12,ALG9,OST5,ALG5,1.0,0.0,1.0
Red_original_42,ALG12,ALG9,TLG2,SEC22,1.0,0.0,1.0
Red_original_42,ALG12,ALG9,GOS1,SEC22,1.0,0.0,1.0
Red_original_42,ALG12,ALG9,UFD2,HRD1,1.0,0.0,1.0
Red_original_42,ALG12,ALG9,UBC7,HRD1,1.0,0.0,1.0
Red_original_42,ALG12,ALG9,MNS1,ALG8,1.0,0.0,1.0
Red_original_42,ALG12,ALG9,CWH41,ALG8,1.0,0.0,1.0
Red_original_42,ALG12,ALG9,ALG5,ALG8,1.0,0.0,1.0
Red_original_42,ALG12,ALG9,MNS1,ALG12,1.0,0.0,1.0
Red_original_42,ALG12,ALG9,DIE2,ALG12,1.0,0.0,1.0
Red_original_42,ALG12,ALG9,ALG5,ALG12,1.0,0.0,1.0
Red_original_42,ALG12,ALG9,ALG8,ALG12,1.0,0.0,1.0
Red_original_42,ALG12,ALG9,ALG9,ALG12,1.0,0.0,1.0
Red_original_42,ALG12,ALG9,MNS1,ALG9,1.0,0.0,1.0
Red_original_42,ALG12,ALG9,ALG5,ALG9,1.0,0.0,1.0
Red_original_42,ALG12,ALG9,ALG12,ALG6,1.0,0.0,1.0
Red_original_42,ALG12,ALG9,ALG9,ALG6,1.0,0.0,1.0
Red_original_42,ALG12,ALG9,ALG5,ALG3,0.0,1.0,-1.0
Red_original_42,ALG12,ALG9,ALG3,OST3,1.0,0.0,1.0
Red_original_42,ALG6,ALG9,ROT2,MNS1,1.0,0.0,1.0
Red_original_42,ALG6,ALG9,ANP1,MNS1,1.0,0.0,1.0
Red_original_42,ALG6,ALG9,PCT1,PSD2,1.0,0.0,1.0
Red_original_42,ALG6,ALG9,DOA4,STP22,1.0,0.0,1.0
Red_original_42,ALG6,ALG9,GOS1,TLG2,1.0,0.0,1.0
Red_original_42,ALG6,ALG9,STP22,DOA4,1.0,0.0,1.0
Red_original_42,ALG6,ALG9,GCS1,DOA4,1.0,0.0,1.0
Red_original_42,ALG6,ALG9,VPS28,DOA4,1.0,0.0,1.0
Red_original_42,ALG6,ALG9,PSD2,PCT1,1.0,0.0,1.0
Red_original_42,ALG6,ALG9,OST5,CWH41,1.0,0.0,1.0
Red_original_42,ALG6,ALG9,TLG2,GOS1,1.0,0.0,1.0
Red_original_42,ALG6,ALG9,GCS1,VPS28,1.0,0.0,1.0
Red_original_42,ALG6,ALG9,ROT2,OST5,1.0,0.0,1.0
Red_original_42,ALG6,ALG9,DIE2,OST5,0.0,1.0,-1.0
Red_original_42,ALG6,ALG9,ALG12,OST5,0.0,1.0,-1.0
Red_original_42,ALG6,ALG9,ALG9,OST5,0.0,1.0,-1.0
Red_original_42,ALG6,ALG9,CWH41,DIE2,1.0,0.0,1.0
Red_original_42,ALG6,ALG9,ROT2,DIE2,1.0,0.0,1.0
Red_original_42,ALG6,ALG9,OST5,DIE2,1.0,0.0,1.0
Red_original_42,ALG6,ALG9,UFD2,UBC7,1.0,0.0,1.0
Red_original_42,ALG6,ALG9,HRD1,UBC7,1.0,0.0,1.0
Red_original_42,ALG6,ALG9,CWH41,ALG5,1.0,0.0,1.0
Red_original_42,ALG6,ALG9,OST5,ALG5,1.0,0.0,1.0
Red_original_42,ALG6,ALG9,ALG12,ALG5,0.0,1.0,-1.0
Red_original_42,ALG6,ALG9,TLG2,SEC22,1.0,0.0,1.0
Red_original_42,ALG6,ALG9,GOS1,SEC22,1.0,0.0,1.0
Red_original_42,ALG6,ALG9,UFD2,HRD1,1.0,0.0,1.0
Red_original_42,ALG6,ALG9,UBC7,HRD1,1.0,0.0,1.0
Red_original_42,ALG6,ALG9,MNS1,ALG8,1.0,0.0,1.0
Red_original_42,ALG6,ALG9,CWH41,ALG8,1.0,0.0,1.0
Red_original_42,ALG6,ALG9,ROT2,ALG8,1.0,0.0,1.0
Red_original_42,ALG6,ALG9,OST5,ALG8,1.0,0.0,1.0
Red_original_42,ALG6,ALG9,ALG5,ALG8,1.0,0.0,1.0
Red_original_42,ALG6,ALG9,ALG9,ALG8,1.0,0.0,1.0
Red_original_42,ALG6,ALG9,MNS1,ALG12,1.0,0.0,1.0
Red_original_42,ALG6,ALG9,CWH41,ALG12,1.0,0.0,1.0
Red_original_42,ALG6,ALG9,MNS1,ALG9,1.0,0.0,1.0
Red_original_42,ALG6,ALG9,CWH41,ALG9,1.0,0.0,1.0
Red_original_42,ALG6,ALG9,ROT2,ALG9,1.0,0.0,1.0
Red_original_42,ALG6,ALG9,OST5,ALG9,1.0,0.0,1.0
Red_original_42,ALG6,ALG9,MNS1,ALG6,0.0,1.0,-1.0
Red_original_42,ALG6,ALG9,ALG5,ALG6,1.0,0.0,1.0
Red_original_42,ALG6,ALG9,ALG12,ALG6,1.0,0.0,1.0
Red_original_42,ALG6,ALG9,ALG9,ALG6,1.0,0.0,1.0
Red_original_42,ALG6,ALG9,ROT2,ALG3,0.0,1.0,-1.0
Red_original_42,ALG6,ALG9,ALG5,ALG3,0.0,1.0,-1.0
Red_original_42,ALG6,ALG9,ALG8,ALG3,0.0,1.0,-1.0
Red_original_42,ALG6,ALG9,OST3,ALG3,1.0,0.0,1.0
Red_original_42,ALG6,ALG9,MNS1,OST3,0.0,1.0,-1.0
Red_original_42,ALG6,ALG9,ALG5,OST3,0.0,1.0,-1.0
Red_original_42,ALG6,ALG9,ALG12,OST3,0.0,1.0,-1.0
Red_original_42,ALG6,ALG9,ALG9,OST3,0.0,1.0,-1.0
Red_original_42,ALG6,ALG9,ALG6,OST3,1.0,0.0,1.0
Red_original_42,ALG6,ALG9,ALG3,OST3,1.0,0.0,1.0
Red_original_42,ALG6,ALG9,MNN2,ANP1,0.0,1.0,-1.0
Red_original_42,DIE2,ALG6,ROT2,MNS1,1.0,0.0,1.0
Red_original_42,DIE2,ALG6,ANP1,MNS1,1.0,0.0,1.0
Red_original_42,DIE2,ALG6,PCT1,PSD2,1.0,0.0,1.0
Red_original_42,DIE2,ALG6,DOA4,STP22,1.0,0.0,1.0
Red_original_42,DIE2,ALG6,GOS1,TLG2,1.0,0.0,1.0
Red_original_42,DIE2,ALG6,STP22,DOA4,1.0,0.0,1.0
Red_original_42,DIE2,ALG6,GCS1,DOA4,1.0,0.0,1.0
Red_original_42,DIE2,ALG6,VPS28,DOA4,1.0,0.0,1.0
Red_original_42,DIE2,ALG6,PSD2,PCT1,1.0,0.0,1.0
Red_original_42,DIE2,ALG6,OST5,CWH41,1.0,0.0,1.0
Red_original_42,DIE2,ALG6,TLG2,GOS1,1.0,0.0,1.0
Red_original_42,DIE2,ALG6,DOA4,GCS1,1.0,0.0,1.0
Red_original_42,DIE2,ALG6,DOA4,VPS28,1.0,0.0,1.0
Red_original_42,DIE2,ALG6,GCS1,VPS28,1.0,0.0,1.0
Red_original_42,DIE2,ALG6,MNS1,OST5,1.0,0.0,1.0
Red_original_42,DIE2,ALG6,ROT2,OST5,1.0,0.0,1.0
Red_original_42,DIE2,ALG6,DIE2,OST5,0.0,1.0,-1.0
Red_original_42,DIE2,ALG6,ALG12,OST5,0.0,1.0,-1.0
Red_original_42,DIE2,ALG6,ALG9,OST5,0.0,1.0,-1.0
Red_original_42,DIE2,ALG6,CWH41,DIE2,1.0,0.0,1.0
Red_original_42,DIE2,ALG6,ROT2,DIE2,1.0,0.0,1.0
Red_original_42,DIE2,ALG6,OST5,DIE2,1.0,0.0,1.0
Red_original_42,DIE2,ALG6,UFD2,UBC7,1.0,0.0,1.0
Red_original_42,DIE2,ALG6,HRD1,UBC7,1.0,0.0,1.0
Red_original_42,DIE2,ALG6,MNS1,ALG5,1.0,0.0,1.0
Red_original_42,DIE2,ALG6,CWH41,ALG5,1.0,0.0,1.0
Red_original_42,DIE2,ALG6,ROT2,ALG5,1.0,0.0,1.0
Red_original_42,DIE2,ALG6,OST5,ALG5,1.0,0.0,1.0
Red_original_42,DIE2,ALG6,ALG12,ALG5,0.0,1.0,-1.0
Red_original_42,DIE2,ALG6,TLG2,SEC22,1.0,0.0,1.0
Red_original_42,DIE2,ALG6,GOS1,SEC22,1.0,0.0,1.0
Red_original_42,DIE2,ALG6,UFD2,HRD1,1.0,0.0,1.0
Red_original_42,DIE2,ALG6,UBC7,HRD1,1.0,0.0,1.0
Red_original_42,DIE2,ALG6,MNS1,ALG8,1.0,0.0,1.0
Red_original_42,DIE2,ALG6,CWH41,ALG8,1.0,0.0,1.0
Red_original_42,DIE2,ALG6,ROT2,ALG8,1.0,0.0,1.0
Red_original_42,DIE2,ALG6,OST5,ALG8,1.0,0.0,1.0
Red_original_42,DIE2,ALG6,ALG5,ALG8,1.0,0.0,1.0
Red_original_42,DIE2,ALG6,ALG9,ALG8,1.0,0.0,1.0
Red_original_42,DIE2,ALG6,MNS1,ALG12,1.0,0.0,1.0
Red_original_42,DIE2,ALG6,CWH41,ALG12,1.0,0.0,1.0
Red_original_42,DIE2,ALG6,DIE2,ALG12,1.0,0.0,1.0
Red_original_42,DIE2,ALG6,ALG8,ALG12,1.0,0.0,1.0
Red_original_42,DIE2,ALG6,MNS1,ALG9,1.0,0.0,1.0
Red_original_42,DIE2,ALG6,CWH41,ALG9,1.0,0.0,1.0
Red_original_42,DIE2,ALG6,ROT2,ALG9,1.0,0.0,1.0
Red_original_42,DIE2,ALG6,OST5,ALG9,1.0,0.0,1.0
Red_original_42,DIE2,ALG6,ALG5,ALG9,1.0,0.0,1.0
Red_original_42,DIE2,ALG6,MNS1,ALG6,0.0,1.0,-1.0
Red_original_42,DIE2,ALG6,ALG5,ALG6,1.0,0.0,1.0
Red_original_42,DIE2,ALG6,ALG12,ALG6,1.0,0.0,1.0
Red_original_42,DIE2,ALG6,ALG9,ALG6,1.0,0.0,1.0
Red_original_42,DIE2,ALG6,ALG5,ALG3,0.0,1.0,-1.0
Red_original_42,DIE2,ALG6,ALG8,ALG3,0.0,1.0,-1.0
Red_original_42,DIE2,ALG6,OST3,ALG3,1.0,0.0,1.0
Red_original_42,DIE2,ALG6,MNS1,OST3,0.0,1.0,-1.0
Red_original_42,DIE2,ALG6,ALG5,OST3,0.0,1.0,-1.0
Red_original_42,DIE2,ALG6,ALG12,OST3,0.0,1.0,-1.0
Red_original_42,DIE2,ALG6,ALG9,OST3,0.0,1.0,-1.0
Red_original_42,DIE2,ALG6,ALG6,OST3,1.0,0.0,1.0
Red_original_42,DIE2,ALG6,ALG3,OST3,1.0,0.0,1.0
Red_original_42,DIE2,ALG6,MNN2,ANP1,0.0,1.0,-1.0
Red_original_42,ALG8,ALG6,ANP1,MNS1,1.0,0.0,1.0
Red_original_42,ALG8,ALG6,DOA4,STP22,1.0,0.0,1.0
Red_original_42,ALG8,ALG6,STP22,DOA4,1.0,0.0,1.0
Red_original_42,ALG8,ALG6,PSD2,PCT1,1.0,0.0,1.0
Red_original_42,ALG8,ALG6,TLG2,GOS1,1.0,0.0,1.0
Red_original_42,ALG8,ALG6,DOA4,GCS1,1.0,0.0,1.0
Red_original_42,ALG8,ALG6,DOA4,VPS28,1.0,0.0,1.0
Red_original_42,ALG8,ALG6,GCS1,VPS28,1.0,0.0,1.0
Red_original_42,ALG8,ALG6,MNS1,OST5,1.0,0.0,1.0
Red_original_42,ALG8,ALG6,ROT2,OST5,1.0,0.0,1.0
Red_original_42,ALG8,ALG6,DIE2,OST5,0.0,1.0,-1.0
Red_original_42,ALG8,ALG6,ALG12,OST5,0.0,1.0,-1.0
Red_original_42,ALG8,ALG6,ALG9,OST5,0.0,1.0,-1.0
Red_original_42,ALG8,ALG6,CWH41,DIE2,1.0,0.0,1.0
Red_original_42,ALG8,ALG6,ROT2,DIE2,1.0,0.0,1.0
Red_original_42,ALG8,ALG6,OST5,DIE2,1.0,0.0,1.0
Red_original_42,ALG8,ALG6,UFD2,UBC7,1.0,0.0,1.0
Red_original_42,ALG8,ALG6,MNS1,ALG5,1.0,0.0,1.0
Red_original_42,ALG8,ALG6,CWH41,ALG5,1.0,0.0,1.0
Red_original_42,ALG8,ALG6,ROT2,ALG5,1.0,0.0,1.0
Red_original_42,ALG8,ALG6,OST5,ALG5,1.0,0.0,1.0
Red_original_42,ALG8,ALG6,ALG12,ALG5,0.0,1.0,-1.0
Red_original_42,ALG8,ALG6,TLG2,SEC22,1.0,0.0,1.0
Red_original_42,ALG8,ALG6,GOS1,SEC22,1.0,0.0,1.0
Red_original_42,ALG8,ALG6,UFD2,HRD1,1.0,0.0,1.0
Red_original_42,ALG8,ALG6,UBC7,HRD1,1.0,0.0,1.0
Red_original_42,ALG8,ALG6,MNS1,ALG8,1.0,0.0,1.0
Red_original_42,ALG8,ALG6,CWH41,ALG8,1.0,0.0,1.0
Red_original_42,ALG8,ALG6,OST5,ALG8,1.0,0.0,1.0
Red_original_42,ALG8,ALG6,ALG5,ALG8,1.0,0.0,1.0
Red_original_42,ALG8,ALG6,ALG12,ALG8,0.0,1.0,-1.0
Red_original_42,ALG8,ALG6,ALG9,ALG8,1.0,0.0,1.0
Red_original_42,ALG8,ALG6,MNS1,ALG12,1.0,0.0,1.0
Red_original_42,ALG8,ALG6,CWH41,ALG12,1.0,0.0,1.0
Red_original_42,ALG8,ALG6,ROT2,ALG12,0.0,1.0,-1.0
Red_original_42,ALG8,ALG6,DIE2,ALG12,1.0,0.0,1.0
Red_original_42,ALG8,ALG6,ALG8,ALG12,1.0,0.0,1.0
Red_original_42,ALG8,ALG6,ALG6,ALG12,0.0,1.0,-1.0
Red_original_42,ALG8,ALG6,MNS1,ALG9,1.0,0.0,1.0
Red_original_42,ALG8,ALG6,CWH41,ALG9,1.0,0.0,1.0
Red_original_42,ALG8,ALG6,ALG5,ALG9,1.0,0.0,1.0
Red_original_42,ALG8,ALG6,MNS1,ALG6,0.0,1.0,-1.0
Red_original_42,ALG8,ALG6,ALG12,ALG6,1.0,0.0,1.0
Red_original_42,ALG8,ALG6,ALG9,ALG6,1.0,0.0,1.0
Red_original_42,ALG8,ALG6,ALG5,ALG3,0.0,1.0,-1.0
Red_original_42,ALG8,ALG6,ALG8,ALG3,0.0,1.0,-1.0
Red_original_42,ALG8,ALG6,OST3,ALG3,1.0,0.0,1.0
Red_original_42,ALG8,ALG6,ALG5,OST3,0.0,1.0,-1.0
Red_original_42,ALG8,ALG6,ALG12,OST3,0.0,1.0,-1.0
Red_original_42,ALG8,ALG6,ALG9,OST3,0.0,1.0,-1.0
Red_original_42,ALG8,ALG6,ALG3,OST3,1.0,0.0,1.0
Red_original_42,ALG8,ALG6,MNN2,ANP1,0.0,1.0,-1.0
Red_original_42,ALG12,ALG3,ANP1,MNS1,1.0,0.0,1.0
Red_original_42,ALG12,ALG3,DOA4,STP22,1.0,0.0,1.0
Red_original_42,ALG12,ALG3,STP22,DOA4,1.0,0.0,1.0
Red_original_42,ALG12,ALG3,PSD2,PCT1,1.0,0.0,1.0
Red_original_42,ALG12,ALG3,TLG2,GOS1,1.0,0.0,1.0
Red_original_42,ALG12,ALG3,STP22,GCS1,1.0,0.0,1.0
Red_original_42,ALG12,ALG3,DOA4,GCS1,1.0,0.0,1.0
Red_original_42,ALG12,ALG3,VPS28,GCS1,1.0,0.0,1.0
Red_original_42,ALG12,ALG3,CWH41,ROT2,1.0,0.0,1.0
Red_original_42,ALG12,ALG3,DOA4,VPS28,1.0,0.0,1.0
Red_original_42,ALG12,ALG3,GCS1,VPS28,1.0,0.0,1.0
Red_original_42,ALG12,ALG3,MNS1,OST5,1.0,0.0,1.0
Red_original_42,ALG12,ALG3,CWH41,OST5,1.0,0.0,1.0
Red_original_42,ALG12,ALG3,ROT2,OST5,1.0,0.0,1.0
Red_original_42,ALG12,ALG3,MNS1,DIE2,1.0,0.0,1.0
Red_original_42,ALG12,ALG3,CWH41,DIE2,1.0,0.0,1.0
Red_original_42,ALG12,ALG3,ROT2,DIE2,1.0,0.0,1.0
Red_original_42,ALG12,ALG3,OST5,DIE2,1.0,0.0,1.0
Red_original_42,ALG12,ALG3,UFD2,UBC7,1.0,0.0,1.0
Red_original_42,ALG12,ALG3,MNS1,ALG5,1.0,0.0,1.0
Red_original_42,ALG12,ALG3,CWH41,ALG5,1.0,0.0,1.0
Red_original_42,ALG12,ALG3,ROT2,ALG5,1.0,0.0,1.0
Red_original_42,ALG12,ALG3,OST5,ALG5,1.0,0.0,1.0
Red_original_42,ALG12,ALG3,TLG2,SEC22,1.0,0.0,1.0
Red_original_42,ALG12,ALG3,GOS1,SEC22,1.0,0.0,1.0
Red_original_42,ALG12,ALG3,UFD2,HRD1,1.0,0.0,1.0
Red_original_42,ALG12,ALG3,UBC7,HRD1,1.0,0.0,1.0
Red_original_42,ALG12,ALG3,MNS1,ALG8,1.0,0.0,1.0
Red_original_42,ALG12,ALG3,CWH41,ALG8,1.0,0.0,1.0
Red_original_42,ALG12,ALG3,OST5,ALG8,1.0,0.0,1.0
Red_original_42,ALG12,ALG3,ALG5,ALG8,1.0,0.0,1.0
Red_original_42,ALG12,ALG3,ALG12,ALG8,1.0,0.0,1.0
Red_original_42,ALG12,ALG3,ALG9,ALG8,1.0,0.0,1.0
Red_original_42,ALG12,ALG3,MNS1,ALG12,1.0,0.0,1.0
Red_original_42,ALG12,ALG3,CWH41,ALG12,1.0,0.0,1.0
Red_original_42,ALG12,ALG3,OST5,ALG12,1.0,0.0,1.0
Red_original_42,ALG12,ALG3,DIE2,ALG12,1.0,0.0,1.0
Red_original_42,ALG12,ALG3,ALG5,ALG12,1.0,0.0,1.0
Red_original_42,ALG12,ALG3,ALG8,ALG12,1.0,0.0,1.0
Red_original_42,ALG12,ALG3,ALG9,ALG12,1.0,0.0,1.0
Red_original_42,ALG12,ALG3,MNS1,ALG9,1.0,0.0,1.0
Red_original_42,ALG12,ALG3,CWH41,ALG9,1.0,0.0,1.0
Red_original_42,ALG12,ALG3,ALG5,ALG9,1.0,0.0,1.0
Red_original_42,ALG12,ALG3,ALG5,ALG6,1.0,0.0,1.0
Red_original_42,ALG12,ALG3,ALG12,ALG6,1.0,0.0,1.0
Red_original_42,ALG12,ALG3,ALG9,ALG6,1.0,0.0,1.0
Red_original_42,ALG12,ALG3,ALG5,ALG3,0.0,1.0,-1.0
Red_original_42,ALG12,ALG3,ALG6,ALG3,1.0,0.0,1.0
Red_original_42,ALG12,ALG3,OST3,ALG3,1.0,0.0,1.0
Red_original_42,ALG12,ALG3,ALG3,OST3,1.0,0.0,1.0
Red_original_42,ALG9,ALG3,ANP1,MNS1,1.0,0.0,1.0
Red_original_42,ALG9,ALG3,DOA4,STP22,1.0,0.0,1.0
Red_original_42,ALG9,ALG3,STP22,DOA4,1.0,0.0,1.0
Red_original_42,ALG9,ALG3,VPS28,DOA4,1.0,0.0,1.0
Red_original_42,ALG9,ALG3,PSD2,PCT1,1.0,0.0,1.0
Red_original_42,ALG9,ALG3,TLG2,GOS1,1.0,0.0,1.0
Red_original_42,ALG9,ALG3,STP22,GCS1,1.0,0.0,1.0
Red_original_42,ALG9,ALG3,DOA4,GCS1,1.0,0.0,1.0
Red_original_42,ALG9,ALG3,VPS28,GCS1,1.0,0.0,1.0
Red_original_42,ALG9,ALG3,CWH41,ROT2,1.0,0.0,1.0
Red_original_42,ALG9,ALG3,DOA4,VPS28,1.0,0.0,1.0
Red_original_42,ALG9,ALG3,GCS1,VPS28,1.0,0.0,1.0
Red_original_42,ALG9,ALG3,MNS1,OST5,1.0,0.0,1.0
Red_original_42,ALG9,ALG3,CWH41,OST5,1.0,0.0,1.0
Red_original_42,ALG9,ALG3,ROT2,OST5,1.0,0.0,1.0
Red_original_42,ALG9,ALG3,DIE2,OST5,0.0,1.0,-1.0
Red_original_42,ALG9,ALG3,MNS1,DIE2,1.0,0.0,1.0
Red_original_42,ALG9,ALG3,CWH41,DIE2,1.0,0.0,1.0
Red_original_42,ALG9,ALG3,ROT2,DIE2,1.0,0.0,1.0
Red_original_42,ALG9,ALG3,OST5,DIE2,1.0,0.0,1.0
Red_original_42,ALG9,ALG3,UFD2,UBC7,1.0,0.0,1.0
Red_original_42,ALG9,ALG3,HRD1,UBC7,1.0,0.0,1.0
Red_original_42,ALG9,ALG3,MNS1,ALG5,1.0,0.0,1.0
Red_original_42,ALG9,ALG3,CWH41,ALG5,1.0,0.0,1.0
Red_original_42,ALG9,ALG3,ROT2,ALG5,1.0,0.0,1.0
Red_original_42,ALG9,ALG3,OST5,ALG5,1.0,0.0,1.0
Red_original_42,ALG9,ALG3,TLG2,SEC22,1.0,0.0,1.0
Red_original_42,ALG9,ALG3,GOS1,SEC22,1.0,0.0,1.0
Red_original_42,ALG9,ALG3,UFD2,HRD1,1.0,0.0,1.0
Red_original_42,ALG9,ALG3,UBC7,HRD1,1.0,0.0,1.0
Red_original_42,ALG9,ALG3,MNS1,ALG8,1.0,0.0,1.0
Red_original_42,ALG9,ALG3,CWH41,ALG8,1.0,0.0,1.0
Red_original_42,ALG9,ALG3,ROT2,ALG8,1.0,0.0,1.0
Red_original_42,ALG9,ALG3,OST5,ALG8,1.0,0.0,1.0
Red_original_42,ALG9,ALG3,ALG5,ALG8,1.0,0.0,1.0
Red_original_42,ALG9,ALG3,ALG12,ALG8,1.0,0.0,1.0
Red_original_42,ALG9,ALG3,ALG9,ALG8,1.0,0.0,1.0
Red_original_42,ALG9,ALG3,MNS1,ALG12,1.0,0.0,1.0
Red_original_42,ALG9,ALG3,CWH41,ALG12,1.0,0.0,1.0
Red_original_42,ALG9,ALG3,ROT2,ALG12,1.0,0.0,1.0
Red_original_42,ALG9,ALG3,OST5,ALG12,1.0,0.0,1.0
Red_original_42,ALG9,ALG3,DIE2,ALG12,1.0,0.0,1.0
Red_original_42,ALG9,ALG3,ALG5,ALG12,1.0,0.0,1.0
Red_original_42,ALG9,ALG3,ALG8,ALG12,1.0,0.0,1.0
Red_original_42,ALG9,ALG3,ALG9,ALG12,1.0,0.0,1.0
Red_original_42,ALG9,ALG3,MNS1,ALG9,1.0,0.0,1.0
Red_original_42,ALG9,ALG3,CWH41,ALG9,1.0,0.0,1.0
Red_original_42,ALG9,ALG3,OST5,ALG9,1.0,0.0,1.0
Red_original_42,ALG9,ALG3,ALG5,ALG9,1.0,0.0,1.0
Red_original_42,ALG9,ALG3,ALG5,ALG6,1.0,0.0,1.0
Red_original_42,ALG9,ALG3,ALG12,ALG6,1.0,0.0,1.0
Red_original_42,ALG9,ALG3,ALG9,ALG6,1.0,0.0,1.0
Red_original_42,ALG9,ALG3,ALG5,ALG3,0.0,1.0,-1.0
Red_original_42,ALG9,ALG3,OST3,ALG3,1.0,0.0,1.0
Red_original_42,ALG9,ALG3,ALG3,OST3,1.0,0.0,1.0
Red_original_42,OST5,OST3,CWH41,MNS1,1.0,0.0,1.0
Red_original_42,OST5,OST3,MNN2,MNS1,1.0,0.0,1.0
Red_original_42,OST5,OST3,ROT2,MNS1,1.0,0.0,1.0
Red_original_42,OST5,OST3,OST5,MNS1,1.0,0.0,1.0
Red_original_42,OST5,OST3,DIE2,MNS1,1.0,0.0,1.0
Red_original_42,OST5,OST3,ANP1,MNS1,1.0,0.0,1.0
Red_original_42,OST5,OST3,BTS1,HMG1,1.0,0.0,1.0
Red_original_42,OST5,OST3,PCT1,PSD2,1.0,0.0,1.0
Red_original_42,OST5,OST3,DOA4,STP22,1.0,0.0,1.0
Red_original_42,OST5,OST3,GCS1,STP22,1.0,0.0,1.0
Red_original_42,OST5,OST3,VPS28,STP22,1.0,0.0,1.0
Red_original_42,OST5,OST3,GOS1,TLG2,1.0,0.0,1.0
Red_original_42,OST5,OST3,SEC22,TLG2,1.0,0.0,1.0
Red_original_42,OST5,OST3,STP22,DOA4,1.0,0.0,1.0
Red_original_42,OST5,OST3,GCS1,DOA4,1.0,0.0,1.0
Red_original_42,OST5,OST3,VPS28,DOA4,1.0,0.0,1.0
Red_original_42,OST5,OST3,PSD2,PCT1,1.0,0.0,1.0
Red_original_42,OST5,OST3,OST5,CWH41,1.0,0.0,1.0
Red_original_42,OST5,OST3,DIE2,CWH41,1.0,0.0,1.0
Red_original_42,OST5,OST3,ALG5,CWH41,1.0,0.0,1.0
Red_original_42,OST5,OST3,UBC7,UFD2,1.0,0.0,1.0
Red_original_42,OST5,OST3,HRD1,UFD2,1.0,0.0,1.0
Red_original_42,OST5,OST3,TLG2,GOS1,1.0,0.0,1.0
Red_original_42,OST5,OST3,SEC22,GOS1,1.0,0.0,1.0
Red_original_42,OST5,OST3,DOA4,GCS1,1.0,0.0,1.0
Red_original_42,OST5,OST3,VPS28,GCS1,1.0,0.0,1.0
Red_original_42,OST5,OST3,CWH41,ROT2,1.0,0.0,1.0
Red_original_42,OST5,OST3,OST5,ROT2,1.0,0.0,1.0
Red_original_42,OST5,OST3,DIE2,ROT2,1.0,0.0,1.0
Red_original_42,OST5,OST3,ALG5,ROT2,1.0,0.0,1.0
Red_original_42,OST5,OST3,DOA4,VPS28,1.0,0.0,1.0
Red_original_42,OST5,OST3,GCS1,VPS28,1.0,0.0,1.0
Red_original_42,OST5,OST3,MNS1,OST5,1.0,0.0,1.0
Red_original_42,OST5,OST3,CWH41,OST5,1.0,0.0,1.0
Red_original_42,OST5,OST3,ROT2,OST5,1.0,0.0,1.0
Red_original_42,OST5,OST3,ALG5,OST5,1.0,0.0,1.0
Red_original_42,OST5,OST3,ALG8,OST5,1.0,0.0,1.0
Red_original_42,OST5,OST3,CWH41,DIE2,1.0,0.0,1.0
Red_original_42,OST5,OST3,ROT2,DIE2,1.0,0.0,1.0
Red_original_42,OST5,OST3,OST5,DIE2,1.0,0.0,1.0
Red_original_42,OST5,OST3,ALG5,DIE2,1.0,0.0,1.0
Red_original_42,OST5,OST3,ALG8,DIE2,1.0,0.0,1.0
Red_original_42,OST5,OST3,ALG12,DIE2,1.0,0.0,1.0
Red_original_42,OST5,OST3,ALG9,DIE2,1.0,0.0,1.0
Red_original_42,OST5,OST3,ALG6,DIE2,1.0,0.0,1.0
Red_original_42,OST5,OST3,UFD2,UBC7,1.0,0.0,1.0
Red_original_42,OST5,OST3,HRD1,UBC7,1.0,0.0,1.0
Red_original_42,OST5,OST3,MNS1,ALG5,1.0,0.0,1.0
Red_original_42,OST5,OST3,CWH41,ALG5,1.0,0.0,1.0
Red_original_42,OST5,OST3,ROT2,ALG5,1.0,0.0,1.0
Red_original_42,OST5,OST3,OST5,ALG5,1.0,0.0,1.0
Red_original_42,OST5,OST3,ALG9,ALG5,1.0,0.0,1.0
Red_original_42,OST5,OST3,ALG3,ALG5,1.0,0.0,1.0
Red_original_42,OST5,OST3,OST3,ALG5,1.0,0.0,1.0
Red_original_42,OST5,OST3,PMT2,PMT1,1.0,0.0,1.0
Red_original_42,OST5,OST3,TLG2,SEC22,1.0,0.0,1.0
Red_original_42,OST5,OST3,GOS1,SEC22,1.0,0.0,1.0
Red_original_42,OST5,OST3,UFD2,HRD1,1.0,0.0,1.0
Red_original_42,OST5,OST3,UBC7,HRD1,1.0,0.0,1.0
Red_original_42,OST5,OST3,MNS1,ALG8,1.0,0.0,1.0
Red_original_42,OST5,OST3,CWH41,ALG8,1.0,0.0,1.0
Red_original_42,OST5,OST3,ROT2,ALG8,1.0,0.0,1.0
Red_original_42,OST5,OST3,OST5,ALG8,1.0,0.0,1.0
Red_original_42,OST5,OST3,ALG5,ALG8,1.0,0.0,1.0
Red_original_42,OST5,OST3,ALG12,ALG8,1.0,0.0,1.0
Red_original_42,OST5,OST3,ALG9,ALG8,1.0,0.0,1.0
Red_original_42,OST5,OST3,ALG6,ALG8,1.0,0.0,1.0
Red_original_42,OST5,OST3,ALG3,ALG8,1.0,0.0,1.0
Red_original_42,OST5,OST3,OST3,ALG8,1.0,0.0,1.0
Red_original_42,OST5,OST3,MNS1,ALG12,1.0,0.0,1.0
Red_original_42,OST5,OST3,CWH41,ALG12,1.0,0.0,1.0
Red_original_42,OST5,OST3,ROT2,ALG12,1.0,0.0,1.0
Red_original_42,OST5,OST3,OST5,ALG12,1.0,0.0,1.0
Red_original_42,OST5,OST3,DIE2,ALG12,1.0,0.0,1.0
Red_original_42,OST5,OST3,ALG5,ALG12,1.0,0.0,1.0
Red_original_42,OST5,OST3,ALG8,ALG12,1.0,0.0,1.0
Red_original_42,OST5,OST3,ALG6,ALG12,1.0,0.0,1.0
Red_original_42,OST5,OST3,ALG3,ALG12,1.0,0.0,1.0
Red_original_42,OST5,OST3,OST3,ALG12,1.0,0.0,1.0
Red_original_42,OST5,OST3,MNS1,ALG9,1.0,0.0,1.0
Red_original_42,OST5,OST3,CWH41,ALG9,1.0,0.0,1.0
Red_original_42,OST5,OST3,ROT2,ALG9,1.0,0.0,1.0
Red_original_42,OST5,OST3,OST5,ALG9,1.0,0.0,1.0
Red_original_42,OST5,OST3,ALG5,ALG9,1.0,0.0,1.0
Red_original_42,OST5,OST3,ALG3,ALG9,1.0,0.0,1.0
Red_original_42,OST5,OST3,OST3,ALG9,1.0,0.0,1.0
Red_original_42,OST5,OST3,MNS1,ALG6,1.0,0.0,1.0
Red_original_42,OST5,OST3,CWH41,ALG6,1.0,0.0,1.0
Red_original_42,OST5,OST3,ROT2,ALG6,1.0,0.0,1.0
Red_original_42,OST5,OST3,OST5,ALG6,1.0,0.0,1.0
Red_original_42,OST5,OST3,ALG5,ALG6,1.0,0.0,1.0
Red_original_42,OST5,OST3,ALG12,ALG6,1.0,0.0,1.0
Red_original_42,OST5,OST3,ALG9,ALG6,1.0,0.0,1.0
Red_original_42,OST5,OST3,ALG3,ALG6,1.0,0.0,1.0
Red_original_42,OST5,OST3,OST3,ALG6,1.0,0.0,1.0
Red_original_42,OST5,OST3,MNS1,ALG3,1.0,0.0,1.0
Red_original_42,OST5,OST3,CWH41,ALG3,1.0,0.0,1.0
Red_original_42,OST5,OST3,ROT2,ALG3,1.0,0.0,1.0
Red_original_42,OST5,OST3,OST5,ALG3,1.0,0.0,1.0
Red_original_42,OST5,OST3,DIE2,ALG3,1.0,0.0,1.0
Red_original_42,OST5,OST3,OST3,ALG3,1.0,0.0,1.0
Red_original_42,OST5,OST3,PMT1,PMT2,1.0,0.0,1.0
Red_original_42,OST5,OST3,MNS1,OST3,1.0,0.0,1.0
Red_original_42,OST5,OST3,CWH41,OST3,1.0,0.0,1.0
Red_original_42,OST5,OST3,DIE2,OST3,1.0,0.0,1.0
Red_original_42,OST5,OST3,ALG5,OST3,1.0,0.0,1.0
Red_original_42,OST5,OST3,ALG8,OST3,1.0,0.0,1.0
Red_original_42,OST5,OST3,ALG12,OST3,1.0,0.0,1.0
Red_original_42,OST5,OST3,ALG9,OST3,1.0,0.0,1.0
Red_original_42,OST5,OST3,ALG6,OST3,1.0,0.0,1.0
Red_original_42,OST5,OST3,ALG3,OST3,1.0,0.0,1.0
Red_original_42,OST5,OST3,MNN2,ANP1,1.0,0.0,1.0
Red_original_42,MNS1,ANP1,PSD2,PCT1,1.0,0.0,1.0
Red_original_42,MNS1,ANP1,TLG2,GOS1,1.0,0.0,1.0
Red_original_42,MNS1,ANP1,STP22,GCS1,0.0,1.0,-1.0
Red_original_42,MNS1,ANP1,DOA4,VPS28,1.0,0.0,1.0
Red_original_42,MNS1,ANP1,MNS1,OST5,1.0,0.0,1.0
Red_original_42,MNS1,ANP1,CWH41,OST5,1.0,0.0,1.0
Red_original_42,MNS1,ANP1,ROT2,OST5,1.0,0.0,1.0
Red_original_42,MNS1,ANP1,DIE2,OST5,0.0,1.0,-1.0
Red_original_42,MNS1,ANP1,ALG12,OST5,0.0,1.0,-1.0
Red_original_42,MNS1,ANP1,ALG9,OST5,0.0,1.0,-1.0
Red_original_42,MNS1,ANP1,CWH41,DIE2,1.0,0.0,1.0
Red_original_42,MNS1,ANP1,ROT2,DIE2,1.0,0.0,1.0
Red_original_42,MNS1,ANP1,OST5,DIE2,1.0,0.0,1.0
Red_original_42,MNS1,ANP1,UFD2,UBC7,1.0,0.0,1.0
Red_original_42,MNS1,ANP1,MNS1,ALG5,1.0,0.0,1.0
Red_original_42,MNS1,ANP1,CWH41,ALG5,1.0,0.0,1.0
Red_original_42,MNS1,ANP1,ROT2,ALG5,1.0,0.0,1.0
Red_original_42,MNS1,ANP1,OST5,ALG5,1.0,0.0,1.0
Red_original_42,MNS1,ANP1,ALG12,ALG5,0.0,1.0,-1.0
Red_original_42,MNS1,ANP1,GOS1,SEC22,1.0,0.0,1.0
Red_original_42,MNS1,ANP1,UFD2,HRD1,1.0,0.0,1.0
Red_original_42,MNS1,ANP1,ALG5,ALG8,1.0,0.0,1.0
Red_original_42,MNS1,ANP1,ALG12,ALG8,0.0,1.0,-1.0
Red_original_42,MNS1,ANP1,OST5,ALG12,0.0,1.0,-1.0
Red_original_42,MNS1,ANP1,DIE2,ALG12,1.0,0.0,1.0
Red_original_42,MNS1,ANP1,ALG9,ALG12,0.0,1.0,-1.0
Red_original_42,MNS1,ANP1,ALG6,ALG12,0.0,1.0,-1.0
Red_original_42,MNS1,ANP1,ALG5,ALG9,1.0,0.0,1.0
Red_original_42,MNS1,ANP1,ALG5,ALG3,0.0,1.0,-1.0
Red_original_42,MNS1,ANP1,ALG8,ALG3,0.0,1.0,-1.0
Red_original_42,MNS1,ANP1,ALG6,ALG3,0.0,1.0,-1.0
Red_original_42,MNS1,ANP1,MNN2,ANP1,0.0,1.0,-1.0
Red_original_43,MNS1,CWH41,ANP1,MNS1,1.0,0.0,1.0
Red_original_43,MNS1,CWH41,PSD2,PCT1,1.0,0.0,1.0
Red_original_43,MNS1,CWH41,DIE2,CWH41,0.0,1.0,-1.0
Red_original_43,MNS1,CWH41,STP22,GCS1,0.0,1.0,-1.0
Red_original_43,MNS1,CWH41,DOA4,GCS1,0.0,1.0,-1.0
Red_original_43,MNS1,CWH41,VPS28,GCS1,0.0,1.0,-1.0
Red_original_43,MNS1,CWH41,CWH41,ROT2,0.0,1.0,-1.0
Red_original_43,MNS1,CWH41,OST5,ROT2,0.0,1.0,-1.0
Red_original_43,MNS1,CWH41,DOA4,VPS28,0.0,1.0,-1.0
Red_original_43,MNS1,CWH41,CWH41,OST5,0.0,1.0,-1.0
Red_original_43,MNS1,CWH41,DIE2,OST5,0.0,1.0,-1.0
Red_original_43,MNS1,CWH41,ALG12,OST5,0.0,1.0,-1.0
Red_original_43,MNS1,CWH41,ALG9,OST5,0.0,1.0,-1.0
Red_original_43,MNS1,CWH41,CWH41,DIE2,1.0,0.0,1.0
Red_original_43,MNS1,CWH41,ROT2,DIE2,1.0,0.0,1.0
Red_original_43,MNS1,CWH41,OST5,DIE2,1.0,0.0,1.0
Red_original_43,MNS1,CWH41,UFD2,UBC7,1.0,0.0,1.0
Red_original_43,MNS1,CWH41,CWH41,ALG5,1.0,0.0,1.0
Red_original_43,MNS1,CWH41,ROT2,ALG5,0.0,1.0,-1.0
Red_original_43,MNS1,CWH41,ALG12,ALG5,0.0,1.0,-1.0
Red_original_43,MNS1,CWH41,ALG9,ALG5,0.0,1.0,-1.0
Red_original_43,MNS1,CWH41,GOS1,SEC22,1.0,0.0,1.0
Red_original_43,MNS1,CWH41,MNS1,ALG8,0.0,1.0,-1.0
Red_original_43,MNS1,CWH41,ALG12,ALG8,0.0,1.0,-1.0
Red_original_43,MNS1,CWH41,ROT2,ALG12,0.0,1.0,-1.0
Red_original_43,MNS1,CWH41,OST5,ALG12,0.0,1.0,-1.0
Red_original_43,MNS1,CWH41,DIE2,ALG12,0.0,1.0,-1.0
Red_original_43,MNS1,CWH41,ALG5,ALG12,0.0,1.0,-1.0
Red_original_43,MNS1,CWH41,ALG8,ALG12,0.0,1.0,-1.0
Red_original_43,MNS1,CWH41,ALG9,ALG12,0.0,1.0,-1.0
Red_original_43,MNS1,CWH41,ALG6,ALG12,0.0,1.0,-1.0
Red_original_43,MNS1,CWH41,ALG5,ALG9,0.0,1.0,-1.0
Red_original_43,MNS1,CWH41,MNS1,ALG6,0.0,1.0,-1.0
Red_original_43,MNS1,CWH41,ROT2,ALG3,0.0,1.0,-1.0
Red_original_43,MNS1,CWH41,ALG5,ALG3,0.0,1.0,-1.0
Red_original_43,MNS1,CWH41,ALG8,ALG3,0.0,1.0,-1.0
Red_original_43,MNS1,CWH41,ALG6,ALG3,0.0,1.0,-1.0
Red_original_43,MNS1,CWH41,MNS1,OST3,0.0,1.0,-1.0
Red_original_43,MNS1,CWH41,DIE2,OST3,0.0,1.0,-1.0
Red_original_43,MNS1,CWH41,ALG5,OST3,0.0,1.0,-1.0
Red_original_43,MNS1,CWH41,ALG8,OST3,0.0,1.0,-1.0
Red_original_43,MNS1,CWH41,ALG12,OST3,0.0,1.0,-1.0
Red_original_43,MNS1,CWH41,ALG9,OST3,0.0,1.0,-1.0
Red_original_43,MNS1,CWH41,ALG6,OST3,0.0,1.0,-1.0
Red_original_43,MNS1,CWH41,MNN2,ANP1,0.0,1.0,-1.0
Red_original_43,ROT2,CWH41,ANP1,MNS1,1.0,0.0,1.0
Red_original_43,ROT2,CWH41,STP22,DOA4,1.0,0.0,1.0
Red_original_43,ROT2,CWH41,GCS1,DOA4,1.0,0.0,1.0
Red_original_43,ROT2,CWH41,VPS28,DOA4,1.0,0.0,1.0
Red_original_43,ROT2,CWH41,PSD2,PCT1,1.0,0.0,1.0
Red_original_43,ROT2,CWH41,TLG2,GOS1,1.0,0.0,1.0
Red_original_43,ROT2,CWH41,VPS28,GCS1,0.0,1.0,-1.0
Red_original_43,ROT2,CWH41,CWH41,ROT2,0.0,1.0,-1.0
Red_original_43,ROT2,CWH41,GCS1,VPS28,1.0,0.0,1.0
Red_original_43,ROT2,CWH41,MNS1,OST5,1.0,0.0,1.0
Red_original_43,ROT2,CWH41,ROT2,OST5,1.0,0.0,1.0
Red_original_43,ROT2,CWH41,DIE2,OST5,0.0,1.0,-1.0
Red_original_43,ROT2,CWH41,ALG12,OST5,0.0,1.0,-1.0
Red_original_43,ROT2,CWH41,ALG9,OST5,0.0,1.0,-1.0
Red_original_43,ROT2,CWH41,CWH41,DIE2,1.0,0.0,1.0
Red_original_43,ROT2,CWH41,ROT2,DIE2,1.0,0.0,1.0
Red_original_43,ROT2,CWH41,OST5,DIE2,1.0,0.0,1.0
Red_original_43,ROT2,CWH41,UFD2,UBC7,1.0,0.0,1.0
Red_original_43,ROT2,CWH41,MNS1,ALG5,1.0,0.0,1.0
Red_original_43,ROT2,CWH41,CWH41,ALG5,1.0,0.0,1.0
Red_original_43,ROT2,CWH41,ROT2,ALG5,1.0,0.0,1.0
Red_original_43,ROT2,CWH41,OST5,ALG5,1.0,0.0,1.0
Red_original_43,ROT2,CWH41,ALG12,ALG5,0.0,1.0,-1.0
Red_original_43,ROT2,CWH41,TLG2,SEC22,1.0,0.0,1.0
Red_original_43,ROT2,CWH41,GOS1,SEC22,1.0,0.0,1.0
Red_original_43,ROT2,CWH41,UFD2,HRD1,1.0,0.0,1.0
Red_original_43,ROT2,CWH41,UBC7,HRD1,1.0,0.0,1.0
Red_original_43,ROT2,CWH41,ALG5,ALG8,1.0,0.0,1.0
Red_original_43,ROT2,CWH41,ALG12,ALG8,0.0,1.0,-1.0
Red_original_43,ROT2,CWH41,ROT2,ALG12,0.0,1.0,-1.0
Red_original_43,ROT2,CWH41,OST5,ALG12,0.0,1.0,-1.0
Red_original_43,ROT2,CWH41,DIE2,ALG12,1.0,0.0,1.0
Red_original_43,ROT2,CWH41,ALG8,ALG12,1.0,0.0,1.0
Red_original_43,ROT2,CWH41,ALG9,ALG12,0.0,1.0,-1.0
Red_original_43,ROT2,CWH41,ALG6,ALG12,0.0,1.0,-1.0
Red_original_43,ROT2,CWH41,ALG5,ALG9,1.0,0.0,1.0
Red_original_43,ROT2,CWH41,MNS1,ALG6,0.0,1.0,-1.0
Red_original_43,ROT2,CWH41,ALG12,ALG6,1.0,0.0,1.0
Red_original_43,ROT2,CWH41,ALG9,ALG6,1.0,0.0,1.0
Red_original_43,ROT2,CWH41,ALG5,ALG3,0.0,1.0,-1.0
Red_original_43,ROT2,CWH41,ALG8,ALG3,0.0,1.0,-1.0
Red_original_43,ROT2,CWH41,ALG6,ALG3,0.0,1.0,-1.0
Red_original_43,ROT2,CWH41,ALG5,OST3,0.0,1.0,-1.0
Red_original_43,ROT2,CWH41,ALG9,OST3,0.0,1.0,-1.0
Red_original_43,ROT2,CWH41,ALG3,OST3,1.0,0.0,1.0
Red_original_43,ROT2,CWH41,MNN2,ANP1,0.0,1.0,-1.0
Red_original_43,MNS1,MNN2,ANP1,MNS1,1.0,0.0,1.0
Red_original_43,MNS1,MNN2,GCS1,DOA4,1.0,0.0,1.0
Red_original_43,MNS1,MNN2,VPS28,DOA4,1.0,0.0,1.0
Red_original_43,MNS1,MNN2,PSD2,PCT1,1.0,0.0,1.0
Red_original_43,MNS1,MNN2,STP22,GCS1,0.0,1.0,-1.0
Red_original_43,MNS1,MNN2,VPS28,GCS1,0.0,1.0,-1.0
Red_original_43,MNS1,MNN2,CWH41,ROT2,0.0,1.0,-1.0
Red_original_43,MNS1,MNN2,MNS1,OST5,1.0,0.0,1.0
Red_original_43,MNS1,MNN2,CWH41,OST5,0.0,1.0,-1.0
Red_original_43,MNS1,MNN2,DIE2,OST5,0.0,1.0,-1.0
Red_original_43,MNS1,MNN2,ALG12,OST5,0.0,1.0,-1.0
Red_original_43,MNS1,MNN2,ALG9,OST5,0.0,1.0,-1.0
Red_original_43,MNS1,MNN2,CWH41,DIE2,1.0,0.0,1.0
Red_original_43,MNS1,MNN2,ROT2,DIE2,1.0,0.0,1.0
Red_original_43,MNS1,MNN2,OST5,DIE2,1.0,0.0,1.0
Red_original_43,MNS1,MNN2,UFD2,UBC7,1.0,0.0,1.0
Red_original_43,MNS1,MNN2,MNS1,ALG5,1.0,0.0,1.0
Red_original_43,MNS1,MNN2,CWH41,ALG5,1.0,0.0,1.0
Red_original_43,MNS1,MNN2,OST5,ALG5,1.0,0.0,1.0
Red_original_43,MNS1,MNN2,ALG12,ALG5,0.0,1.0,-1.0
Red_original_43,MNS1,MNN2,GOS1,SEC22,1.0,0.0,1.0
Red_original_43,MNS1,MNN2,ALG12,ALG8,0.0,1.0,-1.0
Red_original_43,MNS1,MNN2,ROT2,ALG12,0.0,1.0,-1.0
Red_original_43,MNS1,MNN2,OST5,ALG12,0.0,1.0,-1.0
Red_original_43,MNS1,MNN2,ALG9,ALG12,0.0,1.0,-1.0
Red_original_43,MNS1,MNN2,ALG6,ALG12,0.0,1.0,-1.0
Red_original_43,MNS1,MNN2,MNS1,ALG6,0.0,1.0,-1.0
Red_original_43,MNS1,MNN2,ALG5,ALG3,0.0,1.0,-1.0
Red_original_43,MNS1,MNN2,ALG8,ALG3,0.0,1.0,-1.0
Red_original_43,MNS1,MNN2,ALG6,ALG3,0.0,1.0,-1.0
Red_original_43,MNS1,MNN2,ALG5,OST3,0.0,1.0,-1.0
Red_original_43,MNS1,MNN2,ALG9,OST3,0.0,1.0,-1.0
Red_original_43,MNS1,MNN2,MNN2,ANP1,0.0,1.0,-1.0
Red_original_43,ANP1,MNN2,CWH41,MNS1,1.0,0.0,1.0
Red_original_43,ANP1,MNN2,MNN2,MNS1,1.0,0.0,1.0
Red_original_43,ANP1,MNN2,ROT2,MNS1,1.0,0.0,1.0
Red_original_43,ANP1,MNN2,OST5,MNS1,1.0,0.0,1.0
Red_original_43,ANP1,MNN2,ANP1,MNS1,1.0,0.0,1.0
Red_original_43,ANP1,MNN2,BTS1,HMG1,1.0,0.0,1.0
Red_original_43,ANP1,MNN2,PCT1,PSD2,1.0,0.0,1.0
Red_original_43,ANP1,MNN2,DOA4,STP22,1.0,0.0,1.0
Red_original_43,ANP1,MNN2,GCS1,STP22,1.0,0.0,1.0
Red_original_43,ANP1,MNN2,VPS28,STP22,1.0,0.0,1.0
Red_original_43,ANP1,MNN2,GOS1,TLG2,1.0,0.0,1.0
Red_original_43,ANP1,MNN2,STP22,DOA4,1.0,0.0,1.0
Red_original_43,ANP1,MNN2,GCS1,DOA4,1.0,0.0,1.0
Red_original_43,ANP1,MNN2,VPS28,DOA4,1.0,0.0,1.0
Red_original_43,ANP1,MNN2,PSD2,PCT1,1.0,0.0,1.0
Red_original_43,ANP1,MNN2,OST5,CWH41,1.0,0.0,1.0
Red_original_43,ANP1,MNN2,TLG2,GOS1,1.0,0.0,1.0
Red_original_43,ANP1,MNN2,DOA4,GCS1,1.0,0.0,1.0
Red_original_43,ANP1,MNN2,VPS28,GCS1,1.0,0.0,1.0
Red_original_43,ANP1,MNN2,CWH41,ROT2,1.0,0.0,1.0
Red_original_43,ANP1,MNN2,OST5,ROT2,1.0,0.0,1.0
Red_original_43,ANP1,MNN2,DOA4,VPS28,1.0,0.0,1.0
Red_original_43,ANP1,MNN2,GCS1,VPS28,1.0,0.0,1.0
Red_original_43,ANP1,MNN2,MNS1,OST5,1.0,0.0,1.0
Red_original_43,ANP1,MNN2,CWH41,OST5,1.0,0.0,1.0
Red_original_43,ANP1,MNN2,ROT2,OST5,1.0,0.0,1.0
Red_original_43,ANP1,MNN2,ALG12,OST5,0.0,1.0,-1.0
Red_original_43,ANP1,MNN2,ALG9,OST5,0.0,1.0,-1.0
Red_original_43,ANP1,MNN2,CWH41,DIE2,1.0,0.0,1.0
Red_original_43,ANP1,MNN2,ROT2,DIE2,1.0,0.0,1.0
Red_original_43,ANP1,MNN2,OST5,DIE2,1.0,0.0,1.0
Red_original_43,ANP1,MNN2,ALG5,DIE2,1.0,0.0,1.0
Red_original_43,ANP1,MNN2,UFD2,UBC7,1.0,0.0,1.0
Red_original_43,ANP1,MNN2,HRD1,UBC7,1.0,0.0,1.0
Red_original_43,ANP1,MNN2,MNS1,ALG5,1.0,0.0,1.0
Red_original_43,ANP1,MNN2,CWH41,ALG5,1.0,0.0,1.0
Red_original_43,ANP1,MNN2,ROT2,ALG5,1.0,0.0,1.0
Red_original_43,ANP1,MNN2,OST5,ALG5,1.0,0.0,1.0
Red_original_43,ANP1,MNN2,ALG9,ALG5,1.0,0.0,1.0
Red_original_43,ANP1,MNN2,TLG2,SEC22,1.0,0.0,1.0
Red_original_43,ANP1,MNN2,GOS1,SEC22,1.0,0.0,1.0
Red_original_43,ANP1,MNN2,UFD2,HRD1,1.0,0.0,1.0
Red_original_43,ANP1,MNN2,UBC7,HRD1,1.0,0.0,1.0
Red_original_43,ANP1,MNN2,MNS1,ALG8,1.0,0.0,1.0
Red_original_43,ANP1,MNN2,CWH41,ALG8,1.0,0.0,1.0
Red_original_43,ANP1,MNN2,ROT2,ALG8,1.0,0.0,1.0
Red_original_43,ANP1,MNN2,OST5,ALG8,1.0,0.0,1.0
Red_original_43,ANP1,MNN2,ALG5,ALG8,1.0,0.0,1.0
Red_original_43,ANP1,MNN2,ALG12,ALG8,1.0,0.0,1.0
Red_original_43,ANP1,MNN2,ALG9,ALG8,1.0,0.0,1.0
Red_original_43,ANP1,MNN2,ALG6,ALG8,1.0,0.0,1.0
Red_original_43,ANP1,MNN2,MNS1,ALG12,1.0,0.0,1.0
Red_original_43,ANP1,MNN2,CWH41,ALG12,1.0,0.0,1.0
Red_original_43,ANP1,MNN2,ROT2,ALG12,1.0,0.0,1.0
Red_original_43,ANP1,MNN2,DIE2,ALG12,1.0,0.0,1.0
Red_original_43,ANP1,MNN2,ALG5,ALG12,1.0,0.0,1.0
Red_original_43,ANP1,MNN2,ALG8,ALG12,1.0,0.0,1.0
Red_original_43,ANP1,MNN2,ALG6,ALG12,1.0,0.0,1.0
Red_original_43,ANP1,MNN2,MNS1,ALG9,1.0,0.0,1.0
Red_original_43,ANP1,MNN2,CWH41,ALG9,1.0,0.0,1.0
Red_original_43,ANP1,MNN2,ROT2,ALG9,1.0,0.0,1.0
Red_original_43,ANP1,MNN2,OST5,ALG9,1.0,0.0,1.0
Red_original_43,ANP1,MNN2,ALG5,ALG9,1.0,0.0,1.0
Red_original_43,ANP1,MNN2,CWH41,ALG6,1.0,0.0,1.0
Red_original_43,ANP1,MNN2,ALG5,ALG6,1.0,0.0,1.0
Red_original_43,ANP1,MNN2,ALG12,ALG6,1.0,0.0,1.0
Red_original_43,ANP1,MNN2,ALG9,ALG6,1.0,0.0,1.0
Red_original_43,ANP1,MNN2,ALG3,ALG6,1.0,0.0,1.0
Red_original_43,ANP1,MNN2,OST3,ALG6,1.0,0.0,1.0
Red_original_43,ANP1,MNN2,OST3,ALG3,1.0,0.0,1.0
Red_original_43,ANP1,MNN2,PMT1,PMT2,1.0,0.0,1.0
Red_original_43,ANP1,MNN2,ALG12,OST3,1.0,0.0,1.0
Red_original_43,ANP1,MNN2,ALG9,OST3,1.0,0.0,1.0
Red_original_43,ANP1,MNN2,ALG6,OST3,1.0,0.0,1.0
Red_original_43,ANP1,MNN2,ALG3,OST3,1.0,0.0,1.0
Red_original_43,ANP1,MNN2,MNN2,ANP1,1.0,0.0,1.0
Red_original_43,MNS1,ROT2,ANP1,MNS1,1.0,0.0,1.0
Red_original_43,MNS1,ROT2,PSD2,PCT1,1.0,0.0,1.0
Red_original_43,MNS1,ROT2,DIE2,CWH41,0.0,1.0,-1.0
Red_original_43,MNS1,ROT2,STP22,GCS1,0.0,1.0,-1.0
Red_original_43,MNS1,ROT2,DOA4,GCS1,0.0,1.0,-1.0
Red_original_43,MNS1,ROT2,VPS28,GCS1,0.0,1.0,-1.0
Red_original_43,MNS1,ROT2,CWH41,ROT2,0.0,1.0,-1.0
Red_original_43,MNS1,ROT2,OST5,ROT2,0.0,1.0,-1.0
Red_original_43,MNS1,ROT2,DOA4,VPS28,0.0,1.0,-1.0
Red_original_43,MNS1,ROT2,GCS1,VPS28,0.0,1.0,-1.0
Red_original_43,MNS1,ROT2,CWH41,OST5,0.0,1.0,-1.0
Red_original_43,MNS1,ROT2,DIE2,OST5,0.0,1.0,-1.0
Red_original_43,MNS1,ROT2,ALG12,OST5,0.0,1.0,-1.0
Red_original_43,MNS1,ROT2,ALG9,OST5,0.0,1.0,-1.0
Red_original_43,MNS1,ROT2,CWH41,DIE2,1.0,0.0,1.0
Red_original_43,MNS1,ROT2,ROT2,DIE2,1.0,0.0,1.0
Red_original_43,MNS1,ROT2,OST5,DIE2,1.0,0.0,1.0
Red_original_43,MNS1,ROT2,UFD2,UBC7,1.0,0.0,1.0
Red_original_43,MNS1,ROT2,CWH41,ALG5,1.0,0.0,1.0
Red_original_43,MNS1,ROT2,ROT2,ALG5,0.0,1.0,-1.0
Red_original_43,MNS1,ROT2,ALG12,ALG5,0.0,1.0,-1.0
Red_original_43,MNS1,ROT2,ALG9,ALG5,0.0,1.0,-1.0
Red_original_43,MNS1,ROT2,GOS1,SEC22,1.0,0.0,1.0
Red_original_43,MNS1,ROT2,MNS1,ALG8,0.0,1.0,-1.0
Red_original_43,MNS1,ROT2,ALG12,ALG8,0.0,1.0,-1.0
Red_original_43,MNS1,ROT2,ALG9,ALG8,0.0,1.0,-1.0
Red_original_43,MNS1,ROT2,ROT2,ALG12,0.0,1.0,-1.0
Red_original_43,MNS1,ROT2,OST5,ALG12,0.0,1.0,-1.0
Red_original_43,MNS1,ROT2,DIE2,ALG12,0.0,1.0,-1.0
Red_original_43,MNS1,ROT2,ALG8,ALG12,0.0,1.0,-1.0
Red_original_43,MNS1,ROT2,ALG9,ALG12,0.0,1.0,-1.0
Red_original_43,MNS1,ROT2,ALG6,ALG12,0.0,1.0,-1.0
Red_original_43,MNS1,ROT2,ROT2,ALG9,0.0,1.0,-1.0
Red_original_43,MNS1,ROT2,ALG5,ALG9,0.0,1.0,-1.0
Red_original_43,MNS1,ROT2,MNS1,ALG6,0.0,1.0,-1.0
Red_original_43,MNS1,ROT2,ROT2,ALG3,0.0,1.0,-1.0
Red_original_43,MNS1,ROT2,ALG5,ALG3,0.0,1.0,-1.0
Red_original_43,MNS1,ROT2,ALG8,ALG3,0.0,1.0,-1.0
Red_original_43,MNS1,ROT2,ALG6,ALG3,0.0,1.0,-1.0
Red_original_43,MNS1,ROT2,MNS1,OST3,0.0,1.0,-1.0
Red_original_43,MNS1,ROT2,DIE2,OST3,0.0,1.0,-1.0
Red_original_43,MNS1,ROT2,ALG5,OST3,0.0,1.0,-1.0
Red_original_43,MNS1,ROT2,ALG8,OST3,0.0,1.0,-1.0
Red_original_43,MNS1,ROT2,ALG12,OST3,0.0,1.0,-1.0
Red_original_43,MNS1,ROT2,ALG9,OST3,0.0,1.0,-1.0
Red_original_43,MNS1,ROT2,ALG6,OST3,0.0,1.0,-1.0
Red_original_43,MNS1,ROT2,MNN2,ANP1,0.0,1.0,-1.0
Red_original_43,STP22,VPS28,ANP1,MNS1,1.0,0.0,1.0
Red_original_43,STP22,VPS28,PSD2,PCT1,1.0,0.0,1.0
Red_original_43,STP22,VPS28,MNS1,OST5,1.0,0.0,1.0
Red_original_43,STP22,VPS28,DIE2,OST5,0.0,1.0,-1.0
Red_original_43,STP22,VPS28,ALG12,OST5,0.0,1.0,-1.0
Red_original_43,STP22,VPS28,ALG9,OST5,0.0,1.0,-1.0
Red_original_43,STP22,VPS28,CWH41,DIE2,1.0,0.0,1.0
Red_original_43,STP22,VPS28,ROT2,DIE2,1.0,0.0,1.0
Red_original_43,STP22,VPS28,OST5,DIE2,1.0,0.0,1.0
Red_original_43,STP22,VPS28,UFD2,UBC7,1.0,0.0,1.0
Red_original_43,STP22,VPS28,MNS1,ALG5,1.0,0.0,1.0
Red_original_43,STP22,VPS28,CWH41,ALG5,1.0,0.0,1.0
Red_original_43,STP22,VPS28,ALG12,ALG5,0.0,1.0,-1.0
Red_original_43,STP22,VPS28,GOS1,SEC22,1.0,0.0,1.0
Red_original_43,STP22,VPS28,ALG9,ALG12,0.0,1.0,-1.0
Red_original_43,STP22,VPS28,ALG5,ALG3,0.0,1.0,-1.0
Red_original_43,STP22,VPS28,ALG8,ALG3,0.0,1.0,-1.0
Red_original_43,STP22,VPS28,ALG6,ALG3,0.0,1.0,-1.0
Red_original_43,HMG1,BTS1,STP22,GCS1,0.0,1.0,-1.0
Red_original_43,HMG1,BTS1,MNS1,OST5,1.0,0.0,1.0
Red_original_43,HMG1,BTS1,DIE2,OST5,0.0,1.0,-1.0
Red_original_43,HMG1,BTS1,ALG12,OST5,0.0,1.0,-1.0
Red_original_43,HMG1,BTS1,ALG9,OST5,0.0,1.0,-1.0
Red_original_43,HMG1,BTS1,CWH41,DIE2,1.0,0.0,1.0
Red_original_43,HMG1,BTS1,ROT2,DIE2,1.0,0.0,1.0
Red_original_43,HMG1,BTS1,UFD2,UBC7,1.0,0.0,1.0
Red_original_43,HMG1,BTS1,ALG12,ALG5,0.0,1.0,-1.0
Red_original_43,HMG1,BTS1,ALG12,ALG8,0.0,1.0,-1.0
Red_original_43,HMG1,BTS1,OST5,ALG12,0.0,1.0,-1.0
Red_original_43,HMG1,BTS1,ALG9,ALG12,0.0,1.0,-1.0
Red_original_43,HMG1,BTS1,ALG6,ALG12,0.0,1.0,-1.0
Red_original_43,HMG1,BTS1,ALG5,ALG3,0.0,1.0,-1.0
Red_original_43,HMG1,BTS1,ALG8,ALG3,0.0,1.0,-1.0
Red_original_43,HMG1,BTS1,ALG6,ALG3,0.0,1.0,-1.0
Red_original_43,DIE2,ALG5,ANP1,MNS1,1.0,0.0,1.0
Red_original_43,DIE2,ALG5,PSD2,PCT1,1.0,0.0,1.0
Red_original_43,DIE2,ALG5,MNS1,OST5,1.0,0.0,1.0
Red_original_43,DIE2,ALG5,DIE2,OST5,0.0,1.0,-1.0
Red_original_43,DIE2,ALG5,ALG9,OST5,0.0,1.0,-1.0
Red_original_43,DIE2,ALG5,MNS1,DIE2,1.0,0.0,1.0
Red_original_43,DIE2,ALG5,CWH41,DIE2,1.0,0.0,1.0
Red_original_43,DIE2,ALG5,ROT2,DIE2,1.0,0.0,1.0
Red_original_43,DIE2,ALG5,OST5,DIE2,1.0,0.0,1.0
Red_original_43,DIE2,ALG5,UFD2,UBC7,1.0,0.0,1.0
Red_original_43,DIE2,ALG5,MNS1,ALG5,1.0,0.0,1.0
Red_original_43,DIE2,ALG5,CWH41,ALG5,1.0,0.0,1.0
Red_original_43,DIE2,ALG5,ALG12,ALG5,0.0,1.0,-1.0
Red_original_43,DIE2,ALG5,GOS1,SEC22,1.0,0.0,1.0
Red_original_43,DIE2,ALG5,ALG5,ALG3,0.0,1.0,-1.0
Red_original_43,DIE2,ALG5,ALG8,ALG3,0.0,1.0,-1.0
Red_original_43,DIE2,ALG5,ALG6,ALG3,0.0,1.0,-1.0
Red_original_43,ALG8,ALG5,ANP1,MNS1,1.0,0.0,1.0
Red_original_43,ALG8,ALG5,DOA4,STP22,1.0,0.0,1.0
Red_original_43,ALG8,ALG5,STP22,DOA4,1.0,0.0,1.0
Red_original_43,ALG8,ALG5,GCS1,DOA4,1.0,0.0,1.0
Red_original_43,ALG8,ALG5,VPS28,DOA4,1.0,0.0,1.0
Red_original_43,ALG8,ALG5,PSD2,PCT1,1.0,0.0,1.0
Red_original_43,ALG8,ALG5,TLG2,GOS1,1.0,0.0,1.0
Red_original_43,ALG8,ALG5,STP22,GCS1,1.0,0.0,1.0
Red_original_43,ALG8,ALG5,VPS28,GCS1,1.0,0.0,1.0
Red_original_43,ALG8,ALG5,CWH41,ROT2,1.0,0.0,1.0
Red_original_43,ALG8,ALG5,DOA4,VPS28,1.0,0.0,1.0
Red_original_43,ALG8,ALG5,GCS1,VPS28,1.0,0.0,1.0
Red_original_43,ALG8,ALG5,MNS1,OST5,1.0,0.0,1.0
Red_original_43,ALG8,ALG5,CWH41,OST5,1.0,0.0,1.0
Red_original_43,ALG8,ALG5,ROT2,OST5,1.0,0.0,1.0
Red_original_43,ALG8,ALG5,DIE2,OST5,0.0,1.0,-1.0
Red_original_43,ALG8,ALG5,ALG12,OST5,0.0,1.0,-1.0
Red_original_43,ALG8,ALG5,ALG9,OST5,0.0,1.0,-1.0
Red_original_43,ALG8,ALG5,CWH41,DIE2,1.0,0.0,1.0
Red_original_43,ALG8,ALG5,ROT2,DIE2,1.0,0.0,1.0
Red_original_43,ALG8,ALG5,OST5,DIE2,1.0,0.0,1.0
Red_original_43,ALG8,ALG5,UFD2,UBC7,1.0,0.0,1.0
Red_original_43,ALG8,ALG5,HRD1,UBC7,1.0,0.0,1.0
Red_original_43,ALG8,ALG5,MNS1,ALG5,1.0,0.0,1.0
Red_original_43,ALG8,ALG5,CWH41,ALG5,1.0,0.0,1.0
Red_original_43,ALG8,ALG5,ROT2,ALG5,1.0,0.0,1.0
Red_original_43,ALG8,ALG5,OST5,ALG5,1.0,0.0,1.0
Red_original_43,ALG8,ALG5,ALG12,ALG5,0.0,1.0,-1.0
Red_original_43,ALG8,ALG5,TLG2,SEC22,1.0,0.0,1.0
Red_original_43,ALG8,ALG5,GOS1,SEC22,1.0,0.0,1.0
Red_original_43,ALG8,ALG5,UFD2,HRD1,1.0,0.0,1.0
Red_original_43,ALG8,ALG5,UBC7,HRD1,1.0,0.0,1.0
Red_original_43,ALG8,ALG5,MNS1,ALG8,1.0,0.0,1.0
Red_original_43,ALG8,ALG5,CWH41,ALG8,1.0,0.0,1.0
Red_original_43,ALG8,ALG5,OST5,ALG8,1.0,0.0,1.0
Red_original_43,ALG8,ALG5,ALG5,ALG8,1.0,0.0,1.0
Red_original_43,ALG8,ALG5,ALG12,ALG8,1.0,0.0,1.0
Red_original_43,ALG8,ALG5,ALG9,ALG8,1.0,0.0,1.0
Red_original_43,ALG8,ALG5,MNS1,ALG12,1.0,0.0,1.0
Red_original_43,ALG8,ALG5,CWH41,ALG12,1.0,0.0,1.0
Red_original_43,ALG8,ALG5,OST5,ALG12,1.0,0.0,1.0
Red_original_43,ALG8,ALG5,DIE2,ALG12,1.0,0.0,1.0
Red_original_43,ALG8,ALG5,ALG5,ALG12,1.0,0.0,1.0
Red_original_43,ALG8,ALG5,ALG8,ALG12,1.0,0.0,1.0
Red_original_43,ALG8,ALG5,MNS1,ALG9,1.0,0.0,1.0
Red_original_43,ALG8,ALG5,CWH41,ALG9,1.0,0.0,1.0
Red_original_43,ALG8,ALG5,OST5,ALG9,1.0,0.0,1.0
Red_original_43,ALG8,ALG5,ALG5,ALG9,1.0,0.0,1.0
Red_original_43,ALG8,ALG5,ALG5,ALG6,1.0,0.0,1.0
Red_original_43,ALG8,ALG5,ALG12,ALG6,1.0,0.0,1.0
Red_original_43,ALG8,ALG5,ALG9,ALG6,1.0,0.0,1.0
Red_original_43,ALG8,ALG5,ALG5,ALG3,0.0,1.0,-1.0
Red_original_43,ALG8,ALG5,ALG8,ALG3,0.0,1.0,-1.0
Red_original_43,ALG8,ALG5,OST3,ALG3,1.0,0.0,1.0
Red_original_43,ALG8,ALG5,ALG3,OST3,1.0,0.0,1.0
Red_original_43,ALG6,ALG5,CWH41,MNS1,1.0,0.0,1.0
Red_original_43,ALG6,ALG5,MNN2,MNS1,1.0,0.0,1.0
Red_original_43,ALG6,ALG5,ROT2,MNS1,1.0,0.0,1.0
Red_original_43,ALG6,ALG5,OST5,MNS1,1.0,0.0,1.0
Red_original_43,ALG6,ALG5,ANP1,MNS1,1.0,0.0,1.0
Red_original_43,ALG6,ALG5,BTS1,HMG1,1.0,0.0,1.0
Red_original_43,ALG6,ALG5,PCT1,PSD2,1.0,0.0,1.0
Red_original_43,ALG6,ALG5,DOA4,STP22,1.0,0.0,1.0
Red_original_43,ALG6,ALG5,GCS1,STP22,1.0,0.0,1.0
Red_original_43,ALG6,ALG5,VPS28,STP22,1.0,0.0,1.0
Red_original_43,ALG6,ALG5,GOS1,TLG2,1.0,0.0,1.0
Red_original_43,ALG6,ALG5,STP22,DOA4,1.0,0.0,1.0
Red_original_43,ALG6,ALG5,GCS1,DOA4,1.0,0.0,1.0
Red_original_43,ALG6,ALG5,VPS28,DOA4,1.0,0.0,1.0
Red_original_43,ALG6,ALG5,PSD2,PCT1,1.0,0.0,1.0
Red_original_43,ALG6,ALG5,OST5,CWH41,1.0,0.0,1.0
Red_original_43,ALG6,ALG5,TLG2,GOS1,1.0,0.0,1.0
Red_original_43,ALG6,ALG5,DIE2,ROT2,1.0,0.0,1.0
Red_original_43,ALG6,ALG5,GCS1,VPS28,1.0,0.0,1.0
Red_original_43,ALG6,ALG5,ROT2,OST5,1.0,0.0,1.0
Red_original_43,ALG6,ALG5,ALG12,OST5,0.0,1.0,-1.0
Red_original_43,ALG6,ALG5,ALG9,OST5,0.0,1.0,-1.0
Red_original_43,ALG6,ALG5,CWH41,DIE2,1.0,0.0,1.0
Red_original_43,ALG6,ALG5,ROT2,DIE2,1.0,0.0,1.0
Red_original_43,ALG6,ALG5,OST5,DIE2,1.0,0.0,1.0
Red_original_43,ALG6,ALG5,ALG5,DIE2,1.0,0.0,1.0
Red_original_43,ALG6,ALG5,ALG8,DIE2,1.0,0.0,1.0
Red_original_43,ALG6,ALG5,UFD2,UBC7,1.0,0.0,1.0
Red_original_43,ALG6,ALG5,HRD1,UBC7,1.0,0.0,1.0
Red_original_43,ALG6,ALG5,CWH41,ALG5,1.0,0.0,1.0
Red_original_43,ALG6,ALG5,OST5,ALG5,1.0,0.0,1.0
Red_original_43,ALG6,ALG5,TLG2,SEC22,1.0,0.0,1.0
Red_original_43,ALG6,ALG5,GOS1,SEC22,1.0,0.0,1.0
Red_original_43,ALG6,ALG5,UFD2,HRD1,1.0,0.0,1.0
Red_original_43,ALG6,ALG5,UBC7,HRD1,1.0,0.0,1.0
Red_original_43,ALG6,ALG5,CWH41,ALG8,1.0,0.0,1.0
Red_original_43,ALG6,ALG5,ROT2,ALG8,1.0,0.0,1.0
Red_original_43,ALG6,ALG5,OST5,ALG8,1.0,0.0,1.0
Red_original_43,ALG6,ALG5,ALG5,ALG8,1.0,0.0,1.0
Red_original_43,ALG6,ALG5,ALG6,ALG8,1.0,0.0,1.0
Red_original_43,ALG6,ALG5,MNS1,ALG12,1.0,0.0,1.0
Red_original_43,ALG6,ALG5,CWH41,ALG12,1.0,0.0,1.0
Red_original_43,ALG6,ALG5,ALG3,ALG12,1.0,0.0,1.0
Red_original_43,ALG6,ALG5,MNS1,ALG9,1.0,0.0,1.0
Red_original_43,ALG6,ALG5,CWH41,ALG9,1.0,0.0,1.0
Red_original_43,ALG6,ALG5,ROT2,ALG9,1.0,0.0,1.0
Red_original_43,ALG6,ALG5,OST5,ALG9,1.0,0.0,1.0
Red_original_43,ALG6,ALG5,ALG3,ALG9,1.0,0.0,1.0
Red_original_43,ALG6,ALG5,CWH41,ALG6,1.0,0.0,1.0
Red_original_43,ALG6,ALG5,ALG5,ALG6,1.0,0.0,1.0
Red_original_43,ALG6,ALG5,ALG12,ALG6,1.0,0.0,1.0
Red_original_43,ALG6,ALG5,ALG9,ALG6,1.0,0.0,1.0
Red_original_43,ALG6,ALG5,ALG3,ALG6,1.0,0.0,1.0
Red_original_43,ALG6,ALG5,OST3,ALG6,1.0,0.0,1.0
Red_original_43,ALG6,ALG5,ROT2,ALG3,0.0,1.0,-1.0
Red_original_43,ALG6,ALG5,DIE2,ALG3,1.0,0.0,1.0
Red_original_43,ALG6,ALG5,OST3,ALG3,1.0,0.0,1.0
Red_original_43,ALG6,ALG5,PMT1,PMT2,1.0,0.0,1.0
Red_original_43,ALG6,ALG5,MNS1,OST3,0.0,1.0,-1.0
Red_original_43,ALG6,ALG5,DIE2,OST3,0.0,1.0,-1.0
Red_original_43,ALG6,ALG5,ALG3,OST3,1.0,0.0,1.0
Red_original_43,DIE2,ALG8,ANP1,MNS1,1.0,0.0,1.0
Red_original_43,DIE2,ALG8,GCS1,DOA4,1.0,0.0,1.0
Red_original_43,DIE2,ALG8,VPS28,DOA4,1.0,0.0,1.0
Red_original_43,DIE2,ALG8,PSD2,PCT1,1.0,0.0,1.0
Red_original_43,DIE2,ALG8,TLG2,GOS1,1.0,0.0,1.0
Red_original_43,DIE2,ALG8,STP22,GCS1,1.0,0.0,1.0
Red_original_43,DIE2,ALG8,MNS1,OST5,1.0,0.0,1.0
Red_original_43,DIE2,ALG8,CWH41,OST5,1.0,0.0,1.0
Red_original_43,DIE2,ALG8,ROT2,OST5,1.0,0.0,1.0
Red_original_43,DIE2,ALG8,DIE2,OST5,0.0,1.0,-1.0
Red_original_43,DIE2,ALG8,ALG9,OST5,0.0,1.0,-1.0
Red_original_43,DIE2,ALG8,MNS1,DIE2,1.0,0.0,1.0
Red_original_43,DIE2,ALG8,CWH41,DIE2,1.0,0.0,1.0
Red_original_43,DIE2,ALG8,ROT2,DIE2,1.0,0.0,1.0
Red_original_43,DIE2,ALG8,OST5,DIE2,1.0,0.0,1.0
Red_original_43,DIE2,ALG8,UFD2,UBC7,1.0,0.0,1.0
Red_original_43,DIE2,ALG8,MNS1,ALG5,1.0,0.0,1.0
Red_original_43,DIE2,ALG8,CWH41,ALG5,1.0,0.0,1.0
Red_original_43,DIE2,ALG8,ROT2,ALG5,1.0,0.0,1.0
Red_original_43,DIE2,ALG8,OST5,ALG5,1.0,0.0,1.0
Red_original_43,DIE2,ALG8,GOS1,SEC22,1.0,0.0,1.0
Red_original_43,DIE2,ALG8,UFD2,HRD1,1.0,0.0,1.0
Red_original_43,DIE2,ALG8,UBC7,HRD1,1.0,0.0,1.0
Red_original_43,DIE2,ALG8,ALG5,ALG8,1.0,0.0,1.0
Red_original_43,DIE2,ALG8,ALG5,ALG12,1.0,0.0,1.0
Red_original_43,DIE2,ALG8,ALG5,ALG9,1.0,0.0,1.0
Red_original_43,DIE2,ALG8,ALG5,ALG3,0.0,1.0,-1.0
Red_original_43,DIE2,ALG8,ALG6,ALG3,0.0,1.0,-1.0
Red_original_43,DIE2,ALG9,ANP1,MNS1,1.0,0.0,1.0
Red_original_43,DIE2,ALG9,STP22,DOA4,1.0,0.0,1.0
Red_original_43,DIE2,ALG9,GCS1,DOA4,1.0,0.0,1.0
Red_original_43,DIE2,ALG9,VPS28,DOA4,1.0,0.0,1.0
Red_original_43,DIE2,ALG9,PSD2,PCT1,1.0,0.0,1.0
Red_original_43,DIE2,ALG9,TLG2,GOS1,1.0,0.0,1.0
Red_original_43,DIE2,ALG9,MNS1,OST5,1.0,0.0,1.0
Red_original_43,DIE2,ALG9,CWH41,OST5,1.0,0.0,1.0
Red_original_43,DIE2,ALG9,ROT2,OST5,1.0,0.0,1.0
Red_original_43,DIE2,ALG9,DIE2,OST5,0.0,1.0,-1.0
Red_original_43,DIE2,ALG9,ALG12,OST5,0.0,1.0,-1.0
Red_original_43,DIE2,ALG9,ALG9,OST5,0.0,1.0,-1.0
Red_original_43,DIE2,ALG9,CWH41,DIE2,1.0,0.0,1.0
Red_original_43,DIE2,ALG9,ROT2,DIE2,1.0,0.0,1.0
Red_original_43,DIE2,ALG9,OST5,DIE2,1.0,0.0,1.0
Red_original_43,DIE2,ALG9,UFD2,UBC7,1.0,0.0,1.0
Red_original_43,DIE2,ALG9,MNS1,ALG5,1.0,0.0,1.0
Red_original_43,DIE2,ALG9,CWH41,ALG5,1.0,0.0,1.0
Red_original_43,DIE2,ALG9,ROT2,ALG5,1.0,0.0,1.0
Red_original_43,DIE2,ALG9,OST5,ALG5,1.0,0.0,1.0
Red_original_43,DIE2,ALG9,ALG12,ALG5,0.0,1.0,-1.0
Red_original_43,DIE2,ALG9,TLG2,SEC22,1.0,0.0,1.0
Red_original_43,DIE2,ALG9,GOS1,SEC22,1.0,0.0,1.0
Red_original_43,DIE2,ALG9,UFD2,HRD1,1.0,0.0,1.0
Red_original_43,DIE2,ALG9,UBC7,HRD1,1.0,0.0,1.0
Red_original_43,DIE2,ALG9,ALG5,ALG8,1.0,0.0,1.0
Red_original_43,DIE2,ALG9,DIE2,ALG12,1.0,0.0,1.0
Red_original_43,DIE2,ALG9,ALG5,ALG12,1.0,0.0,1.0
Red_original_43,DIE2,ALG9,ALG8,ALG12,1.0,0.0,1.0
Red_original_43,DIE2,ALG9,ALG9,ALG12,0.0,1.0,-1.0
Red_original_43,DIE2,ALG9,ALG5,ALG9,1.0,0.0,1.0
Red_original_43,DIE2,ALG9,ALG5,ALG3,0.0,1.0,-1.0
Red_original_43,DIE2,ALG9,ALG8,ALG3,0.0,1.0,-1.0
Red_original_43,DIE2,ALG9,ALG6,ALG3,0.0,1.0,-1.0
Red_original_43,ALG8,ALG9,ANP1,MNS1,1.0,0.0,1.0
Red_original_43,ALG8,ALG9,STP22,DOA4,1.0,0.0,1.0
Red_original_43,ALG8,ALG9,GCS1,DOA4,1.0,0.0,1.0
Red_original_43,ALG8,ALG9,VPS28,DOA4,1.0,0.0,1.0
Red_original_43,ALG8,ALG9,PSD2,PCT1,1.0,0.0,1.0
Red_original_43,ALG8,ALG9,TLG2,GOS1,1.0,0.0,1.0
Red_original_43,ALG8,ALG9,VPS28,GCS1,0.0,1.0,-1.0
Red_original_43,ALG8,ALG9,CWH41,ROT2,0.0,1.0,-1.0
Red_original_43,ALG8,ALG9,MNS1,OST5,1.0,0.0,1.0
Red_original_43,ALG8,ALG9,ROT2,OST5,1.0,0.0,1.0
Red_original_43,ALG8,ALG9,DIE2,OST5,0.0,1.0,-1.0
Red_original_43,ALG8,ALG9,ALG12,OST5,0.0,1.0,-1.0
Red_original_43,ALG8,ALG9,ALG9,OST5,0.0,1.0,-1.0
Red_original_43,ALG8,ALG9,CWH41,DIE2,1.0,0.0,1.0
Red_original_43,ALG8,ALG9,ROT2,DIE2,1.0,0.0,1.0
Red_original_43,ALG8,ALG9,OST5,DIE2,1.0,0.0,1.0
Red_original_43,ALG8,ALG9,UFD2,UBC7,1.0,0.0,1.0
Red_original_43,ALG8,ALG9,MNS1,ALG5,1.0,0.0,1.0
Red_original_43,ALG8,ALG9,CWH41,ALG5,1.0,0.0,1.0
Red_original_43,ALG8,ALG9,ROT2,ALG5,1.0,0.0,1.0
Red_original_43,ALG8,ALG9,OST5,ALG5,1.0,0.0,1.0
Red_original_43,ALG8,ALG9,ALG12,ALG5,0.0,1.0,-1.0
Red_original_43,ALG8,ALG9,TLG2,SEC22,1.0,0.0,1.0
Red_original_43,ALG8,ALG9,GOS1,SEC22,1.0,0.0,1.0
Red_original_43,ALG8,ALG9,UFD2,HRD1,1.0,0.0,1.0
Red_original_43,ALG8,ALG9,UBC7,HRD1,1.0,0.0,1.0
Red_original_43,ALG8,ALG9,ALG5,ALG8,1.0,0.0,1.0
Red_original_43,ALG8,ALG9,ALG12,ALG8,0.0,1.0,-1.0
Red_original_43,ALG8,ALG9,ROT2,ALG12,0.0,1.0,-1.0
Red_original_43,ALG8,ALG9,OST5,ALG12,0.0,1.0,-1.0
Red_original_43,ALG8,ALG9,DIE2,ALG12,1.0,0.0,1.0
Red_original_43,ALG8,ALG9,ALG8,ALG12,1.0,0.0,1.0
Red_original_43,ALG8,ALG9,ALG9,ALG12,0.0,1.0,-1.0
Red_original_43,ALG8,ALG9,ALG6,ALG12,0.0,1.0,-1.0
Red_original_43,ALG8,ALG9,ALG5,ALG9,1.0,0.0,1.0
Red_original_43,ALG8,ALG9,MNS1,ALG6,0.0,1.0,-1.0
Red_original_43,ALG8,ALG9,ALG5,ALG3,0.0,1.0,-1.0
Red_original_43,ALG8,ALG9,ALG8,ALG3,0.0,1.0,-1.0
Red_original_43,ALG8,ALG9,ALG6,ALG3,0.0,1.0,-1.0
Red_original_43,ALG8,ALG9,ALG5,OST3,0.0,1.0,-1.0
Red_original_43,ALG8,ALG9,ALG9,OST3,0.0,1.0,-1.0
Red_original_43,ALG8,ALG9,MNN2,ANP1,0.0,1.0,-1.0
Red_original_43,ALG12,ALG9,ANP1,MNS1,1.0,0.0,1.0
Red_original_43,ALG12,ALG9,STP22,DOA4,1.0,0.0,1.0
Red_original_43,ALG12,ALG9,GCS1,DOA4,1.0,0.0,1.0
Red_original_43,ALG12,ALG9,VPS28,DOA4,1.0,0.0,1.0
Red_original_43,ALG12,ALG9,PSD2,PCT1,1.0,0.0,1.0
Red_original_43,ALG12,ALG9,TLG2,GOS1,1.0,0.0,1.0
Red_original_43,ALG12,ALG9,STP22,GCS1,1.0,0.0,1.0
Red_original_43,ALG12,ALG9,DOA4,VPS28,1.0,0.0,1.0
Red_original_43,ALG12,ALG9,GCS1,VPS28,1.0,0.0,1.0
Red_original_43,ALG12,ALG9,MNS1,OST5,1.0,0.0,1.0
Red_original_43,ALG12,ALG9,CWH41,OST5,1.0,0.0,1.0
Red_original_43,ALG12,ALG9,ROT2,OST5,1.0,0.0,1.0
Red_original_43,ALG12,ALG9,DIE2,OST5,0.0,1.0,-1.0
Red_original_43,ALG12,ALG9,ALG9,OST5,0.0,1.0,-1.0
Red_original_43,ALG12,ALG9,MNS1,DIE2,1.0,0.0,1.0
Red_original_43,ALG12,ALG9,CWH41,DIE2,1.0,0.0,1.0
Red_original_43,ALG12,ALG9,ROT2,DIE2,1.0,0.0,1.0
Red_original_43,ALG12,ALG9,OST5,DIE2,1.0,0.0,1.0
Red_original_43,ALG12,ALG9,UFD2,UBC7,1.0,0.0,1.0
Red_original_43,ALG12,ALG9,MNS1,ALG5,1.0,0.0,1.0
Red_original_43,ALG12,ALG9,CWH41,ALG5,1.0,0.0,1.0
Red_original_43,ALG12,ALG9,ROT2,ALG5,1.0,0.0,1.0
Red_original_43,ALG12,ALG9,OST5,ALG5,1.0,0.0,1.0
Red_original_43,ALG12,ALG9,TLG2,SEC22,1.0,0.0,1.0
Red_original_43,ALG12,ALG9,GOS1,SEC22,1.0,0.0,1.0
Red_original_43,ALG12,ALG9,UFD2,HRD1,1.0,0.0,1.0
Red_original_43,ALG12,ALG9,UBC7,HRD1,1.0,0.0,1.0
Red_original_43,ALG12,ALG9,ALG5,ALG8,1.0,0.0,1.0
Red_original_43,ALG12,ALG9,DIE2,ALG12,1.0,0.0,1.0
Red_original_43,ALG12,ALG9,ALG5,ALG12,1.0,0.0,1.0
Red_original_43,ALG12,ALG9,ALG8,ALG12,1.0,0.0,1.0
Red_original_43,ALG12,ALG9,ALG9,ALG12,1.0,0.0,1.0
Red_original_43,ALG12,ALG9,ALG5,ALG9,1.0,0.0,1.0
Red_original_43,ALG12,ALG9,ALG12,ALG6,1.0,0.0,1.0
Red_original_43,ALG12,ALG9,ALG9,ALG6,1.0,0.0,1.0
Red_original_43,ALG12,ALG9,ALG5,ALG3,0.0,1.0,-1.0
Red_original_43,ALG12,ALG9,ALG6,ALG3,0.0,1.0,-1.0
Red_original_43,ALG12,ALG9,ALG3,OST3,1.0,0.0,1.0
Red_original_43,ALG6,ALG9,MNN2,MNS1,1.0,0.0,1.0
Red_original_43,ALG6,ALG9,ANP1,MNS1,1.0,0.0,1.0
Red_original_43,ALG6,ALG9,DOA4,STP22,1.0,0.0,1.0
Red_original_43,ALG6,ALG9,GCS1,STP22,1.0,0.0,1.0
Red_original_43,ALG6,ALG9,GOS1,TLG2,1.0,0.0,1.0
Red_original_43,ALG6,ALG9,STP22,DOA4,1.0,0.0,1.0
Red_original_43,ALG6,ALG9,GCS1,DOA4,1.0,0.0,1.0
Red_original_43,ALG6,ALG9,VPS28,DOA4,1.0,0.0,1.0
Red_original_43,ALG6,ALG9,PSD2,PCT1,1.0,0.0,1.0
Red_original_43,ALG6,ALG9,OST5,CWH41,1.0,0.0,1.0
Red_original_43,ALG6,ALG9,TLG2,GOS1,1.0,0.0,1.0
Red_original_43,ALG6,ALG9,GCS1,VPS28,1.0,0.0,1.0
Red_original_43,ALG6,ALG9,ROT2,OST5,1.0,0.0,1.0
Red_original_43,ALG6,ALG9,DIE2,OST5,0.0,1.0,-1.0
Red_original_43,ALG6,ALG9,ALG12,OST5,0.0,1.0,-1.0
Red_original_43,ALG6,ALG9,ALG9,OST5,0.0,1.0,-1.0
Red_original_43,ALG6,ALG9,CWH41,DIE2,1.0,0.0,1.0
Red_original_43,ALG6,ALG9,ROT2,DIE2,1.0,0.0,1.0
Red_original_43,ALG6,ALG9,OST5,DIE2,1.0,0.0,1.0
Red_original_43,ALG6,ALG9,UFD2,UBC7,1.0,0.0,1.0
Red_original_43,ALG6,ALG9,HRD1,UBC7,1.0,0.0,1.0
Red_original_43,ALG6,ALG9,CWH41,ALG5,1.0,0.0,1.0
Red_original_43,ALG6,ALG9,OST5,ALG5,1.0,0.0,1.0
Red_original_43,ALG6,ALG9,ALG12,ALG5,0.0,1.0,-1.0
Red_original_43,ALG6,ALG9,TLG2,SEC22,1.0,0.0,1.0
Red_original_43,ALG6,ALG9,GOS1,SEC22,1.0,0.0,1.0
Red_original_43,ALG6,ALG9,UFD2,HRD1,1.0,0.0,1.0
Red_original_43,ALG6,ALG9,UBC7,HRD1,1.0,0.0,1.0
Red_original_43,ALG6,ALG9,MNS1,ALG8,1.0,0.0,1.0
Red_original_43,ALG6,ALG9,CWH41,ALG8,1.0,0.0,1.0
Red_original_43,ALG6,ALG9,ROT2,ALG8,1.0,0.0,1.0
Red_original_43,ALG6,ALG9,OST5,ALG8,1.0,0.0,1.0
Red_original_43,ALG6,ALG9,ALG5,ALG8,1.0,0.0,1.0
Red_original_43,ALG6,ALG9,ALG9,ALG8,1.0,0.0,1.0
Red_original_43,ALG6,ALG9,MNS1,ALG12,1.0,0.0,1.0
Red_original_43,ALG6,ALG9,CWH41,ALG12,1.0,0.0,1.0
Red_original_43,ALG6,ALG9,ALG6,ALG12,0.0,1.0,-1.0
Red_original_43,ALG6,ALG9,MNS1,ALG9,1.0,0.0,1.0
Red_original_43,ALG6,ALG9,CWH41,ALG9,1.0,0.0,1.0
Red_original_43,ALG6,ALG9,ROT2,ALG9,1.0,0.0,1.0
Red_original_43,ALG6,ALG9,OST5,ALG9,1.0,0.0,1.0
Red_original_43,ALG6,ALG9,MNS1,ALG6,0.0,1.0,-1.0
Red_original_43,ALG6,ALG9,ALG5,ALG6,1.0,0.0,1.0
Red_original_43,ALG6,ALG9,ALG12,ALG6,1.0,0.0,1.0
Red_original_43,ALG6,ALG9,ALG9,ALG6,1.0,0.0,1.0
Red_original_43,ALG6,ALG9,ROT2,ALG3,0.0,1.0,-1.0
Red_original_43,ALG6,ALG9,ALG5,ALG3,0.0,1.0,-1.0
Red_original_43,ALG6,ALG9,ALG8,ALG3,0.0,1.0,-1.0
Red_original_43,ALG6,ALG9,OST3,ALG3,1.0,0.0,1.0
Red_original_43,ALG6,ALG9,MNS1,OST3,0.0,1.0,-1.0
Red_original_43,ALG6,ALG9,ALG5,OST3,0.0,1.0,-1.0
Red_original_43,ALG6,ALG9,ALG12,OST3,0.0,1.0,-1.0
Red_original_43,ALG6,ALG9,ALG9,OST3,0.0,1.0,-1.0
Red_original_43,ALG6,ALG9,ALG6,OST3,1.0,0.0,1.0
Red_original_43,ALG6,ALG9,ALG3,OST3,1.0,0.0,1.0
Red_original_43,ALG6,ALG9,MNN2,ANP1,0.0,1.0,-1.0
Red_original_43,DIE2,ALG6,CWH41,MNS1,1.0,0.0,1.0
Red_original_43,DIE2,ALG6,MNN2,MNS1,1.0,0.0,1.0
Red_original_43,DIE2,ALG6,ROT2,MNS1,1.0,0.0,1.0
Red_original_43,DIE2,ALG6,ANP1,MNS1,1.0,0.0,1.0
Red_original_43,DIE2,ALG6,DOA4,STP22,1.0,0.0,1.0
Red_original_43,DIE2,ALG6,GCS1,STP22,1.0,0.0,1.0
Red_original_43,DIE2,ALG6,GOS1,TLG2,1.0,0.0,1.0
Red_original_43,DIE2,ALG6,STP22,DOA4,1.0,0.0,1.0
Red_original_43,DIE2,ALG6,GCS1,DOA4,1.0,0.0,1.0
Red_original_43,DIE2,ALG6,VPS28,DOA4,1.0,0.0,1.0
Red_original_43,DIE2,ALG6,PSD2,PCT1,1.0,0.0,1.0
Red_original_43,DIE2,ALG6,OST5,CWH41,1.0,0.0,1.0
Red_original_43,DIE2,ALG6,TLG2,GOS1,1.0,0.0,1.0
Red_original_43,DIE2,ALG6,DOA4,GCS1,1.0,0.0,1.0
Red_original_43,DIE2,ALG6,DOA4,VPS28,1.0,0.0,1.0
Red_original_43,DIE2,ALG6,GCS1,VPS28,1.0,0.0,1.0
Red_original_43,DIE2,ALG6,MNS1,OST5,1.0,0.0,1.0
Red_original_43,DIE2,ALG6,ROT2,OST5,1.0,0.0,1.0
Red_original_43,DIE2,ALG6,DIE2,OST5,0.0,1.0,-1.0
Red_original_43,DIE2,ALG6,ALG12,OST5,0.0,1.0,-1.0
Red_original_43,DIE2,ALG6,ALG9,OST5,0.0,1.0,-1.0
Red_original_43,DIE2,ALG6,CWH41,DIE2,1.0,0.0,1.0
Red_original_43,DIE2,ALG6,ROT2,DIE2,1.0,0.0,1.0
Red_original_43,DIE2,ALG6,OST5,DIE2,1.0,0.0,1.0
Red_original_43,DIE2,ALG6,UFD2,UBC7,1.0,0.0,1.0
Red_original_43,DIE2,ALG6,HRD1,UBC7,1.0,0.0,1.0
Red_original_43,DIE2,ALG6,MNS1,ALG5,1.0,0.0,1.0
Red_original_43,DIE2,ALG6,CWH41,ALG5,1.0,0.0,1.0
Red_original_43,DIE2,ALG6,ROT2,ALG5,1.0,0.0,1.0
Red_original_43,DIE2,ALG6,OST5,ALG5,1.0,0.0,1.0
Red_original_43,DIE2,ALG6,ALG12,ALG5,0.0,1.0,-1.0
Red_original_43,DIE2,ALG6,TLG2,SEC22,1.0,0.0,1.0
Red_original_43,DIE2,ALG6,GOS1,SEC22,1.0,0.0,1.0
Red_original_43,DIE2,ALG6,UFD2,HRD1,1.0,0.0,1.0
Red_original_43,DIE2,ALG6,UBC7,HRD1,1.0,0.0,1.0
Red_original_43,DIE2,ALG6,MNS1,ALG8,1.0,0.0,1.0
Red_original_43,DIE2,ALG6,CWH41,ALG8,1.0,0.0,1.0
Red_original_43,DIE2,ALG6,ROT2,ALG8,1.0,0.0,1.0
Red_original_43,DIE2,ALG6,OST5,ALG8,1.0,0.0,1.0
Red_original_43,DIE2,ALG6,ALG5,ALG8,1.0,0.0,1.0
Red_original_43,DIE2,ALG6,ALG9,ALG8,1.0,0.0,1.0
Red_original_43,DIE2,ALG6,MNS1,ALG12,1.0,0.0,1.0
Red_original_43,DIE2,ALG6,CWH41,ALG12,1.0,0.0,1.0
Red_original_43,DIE2,ALG6,DIE2,ALG12,1.0,0.0,1.0
Red_original_43,DIE2,ALG6,ALG8,ALG12,1.0,0.0,1.0
Red_original_43,DIE2,ALG6,MNS1,ALG9,1.0,0.0,1.0
Red_original_43,DIE2,ALG6,CWH41,ALG9,1.0,0.0,1.0
Red_original_43,DIE2,ALG6,ROT2,ALG9,1.0,0.0,1.0
Red_original_43,DIE2,ALG6,OST5,ALG9,1.0,0.0,1.0
Red_original_43,DIE2,ALG6,ALG5,ALG9,1.0,0.0,1.0
Red_original_43,DIE2,ALG6,MNS1,ALG6,0.0,1.0,-1.0
Red_original_43,DIE2,ALG6,ALG5,ALG6,1.0,0.0,1.0
Red_original_43,DIE2,ALG6,ALG12,ALG6,1.0,0.0,1.0
Red_original_43,DIE2,ALG6,ALG9,ALG6,1.0,0.0,1.0
Red_original_43,DIE2,ALG6,ALG3,ALG6,1.0,0.0,1.0
Red_original_43,DIE2,ALG6,ALG5,ALG3,0.0,1.0,-1.0
Red_original_43,DIE2,ALG6,ALG8,ALG3,0.0,1.0,-1.0
Red_original_43,DIE2,ALG6,OST3,ALG3,1.0,0.0,1.0
Red_original_43,DIE2,ALG6,MNS1,OST3,0.0,1.0,-1.0
Red_original_43,DIE2,ALG6,ALG5,OST3,0.0,1.0,-1.0
Red_original_43,DIE2,ALG6,ALG12,OST3,0.0,1.0,-1.0
Red_original_43,DIE2,ALG6,ALG9,OST3,0.0,1.0,-1.0
Red_original_43,DIE2,ALG6,ALG6,OST3,1.0,0.0,1.0
Red_original_43,DIE2,ALG6,ALG3,OST3,1.0,0.0,1.0
Red_original_43,DIE2,ALG6,MNN2,ANP1,0.0,1.0,-1.0
Red_original_43,ALG8,ALG6,ANP1,MNS1,1.0,0.0,1.0
Red_original_43,ALG8,ALG6,DOA4,STP22,1.0,0.0,1.0
Red_original_43,ALG8,ALG6,STP22,DOA4,1.0,0.0,1.0
Red_original_43,ALG8,ALG6,GCS1,DOA4,1.0,0.0,1.0
Red_original_43,ALG8,ALG6,VPS28,DOA4,1.0,0.0,1.0
Red_original_43,ALG8,ALG6,PSD2,PCT1,1.0,0.0,1.0
Red_original_43,ALG8,ALG6,TLG2,GOS1,1.0,0.0,1.0
Red_original_43,ALG8,ALG6,DOA4,VPS28,1.0,0.0,1.0
Red_original_43,ALG8,ALG6,GCS1,VPS28,1.0,0.0,1.0
Red_original_43,ALG8,ALG6,MNS1,OST5,1.0,0.0,1.0
Red_original_43,ALG8,ALG6,ROT2,OST5,1.0,0.0,1.0
Red_original_43,ALG8,ALG6,DIE2,OST5,0.0,1.0,-1.0
Red_original_43,ALG8,ALG6,ALG12,OST5,0.0,1.0,-1.0
Red_original_43,ALG8,ALG6,ALG9,OST5,0.0,1.0,-1.0
Red_original_43,ALG8,ALG6,CWH41,DIE2,1.0,0.0,1.0
Red_original_43,ALG8,ALG6,ROT2,DIE2,1.0,0.0,1.0
Red_original_43,ALG8,ALG6,OST5,DIE2,1.0,0.0,1.0
Red_original_43,ALG8,ALG6,UFD2,UBC7,1.0,0.0,1.0
Red_original_43,ALG8,ALG6,MNS1,ALG5,1.0,0.0,1.0
Red_original_43,ALG8,ALG6,CWH41,ALG5,1.0,0.0,1.0
Red_original_43,ALG8,ALG6,ROT2,ALG5,1.0,0.0,1.0
Red_original_43,ALG8,ALG6,OST5,ALG5,1.0,0.0,1.0
Red_original_43,ALG8,ALG6,ALG12,ALG5,0.0,1.0,-1.0
Red_original_43,ALG8,ALG6,TLG2,SEC22,1.0,0.0,1.0
Red_original_43,ALG8,ALG6,GOS1,SEC22,1.0,0.0,1.0
Red_original_43,ALG8,ALG6,UFD2,HRD1,1.0,0.0,1.0
Red_original_43,ALG8,ALG6,UBC7,HRD1,1.0,0.0,1.0
Red_original_43,ALG8,ALG6,MNS1,ALG8,1.0,0.0,1.0
Red_original_43,ALG8,ALG6,CWH41,ALG8,1.0,0.0,1.0
Red_original_43,ALG8,ALG6,ALG5,ALG8,1.0,0.0,1.0
Red_original_43,ALG8,ALG6,ALG9,ALG8,1.0,0.0,1.0
Red_original_43,ALG8,ALG6,MNS1,ALG12,1.0,0.0,1.0
Red_original_43,ALG8,ALG6,CWH41,ALG12,1.0,0.0,1.0
Red_original_43,ALG8,ALG6,ROT2,ALG12,0.0,1.0,-1.0
Red_original_43,ALG8,ALG6,OST5,ALG12,0.0,1.0,-1.0
Red_original_43,ALG8,ALG6,DIE2,ALG12,1.0,0.0,1.0
Red_original_43,ALG8,ALG6,ALG8,ALG12,1.0,0.0,1.0
Red_original_43,ALG8,ALG6,ALG6,ALG12,0.0,1.0,-1.0
Red_original_43,ALG8,ALG6,MNS1,ALG9,1.0,0.0,1.0
Red_original_43,ALG8,ALG6,CWH41,ALG9,1.0,0.0,1.0
Red_original_43,ALG8,ALG6,ALG5,ALG9,1.0,0.0,1.0
Red_original_43,ALG8,ALG6,MNS1,ALG6,0.0,1.0,-1.0
Red_original_43,ALG8,ALG6,ALG5,ALG6,1.0,0.0,1.0
Red_original_43,ALG8,ALG6,ALG12,ALG6,1.0,0.0,1.0
Red_original_43,ALG8,ALG6,ALG9,ALG6,1.0,0.0,1.0
Red_original_43,ALG8,ALG6,ALG5,ALG3,0.0,1.0,-1.0
Red_original_43,ALG8,ALG6,ALG8,ALG3,0.0,1.0,-1.0
Red_original_43,ALG8,ALG6,OST3,ALG3,1.0,0.0,1.0
Red_original_43,ALG8,ALG6,ALG5,OST3,0.0,1.0,-1.0
Red_original_43,ALG8,ALG6,ALG12,OST3,0.0,1.0,-1.0
Red_original_43,ALG8,ALG6,ALG9,OST3,0.0,1.0,-1.0
Red_original_43,ALG8,ALG6,ALG3,OST3,1.0,0.0,1.0
Red_original_43,ALG8,ALG6,MNN2,ANP1,0.0,1.0,-1.0
Red_original_43,ALG12,ALG3,ANP1,MNS1,1.0,0.0,1.0
Red_original_43,ALG12,ALG3,DOA4,STP22,1.0,0.0,1.0
Red_original_43,ALG12,ALG3,STP22,DOA4,1.0,0.0,1.0
Red_original_43,ALG12,ALG3,GCS1,DOA4,1.0,0.0,1.0
Red_original_43,ALG12,ALG3,VPS28,DOA4,1.0,0.0,1.0
Red_original_43,ALG12,ALG3,PSD2,PCT1,1.0,0.0,1.0
Red_original_43,ALG12,ALG3,TLG2,GOS1,1.0,0.0,1.0
Red_original_43,ALG12,ALG3,STP22,GCS1,1.0,0.0,1.0
Red_original_43,ALG12,ALG3,VPS28,GCS1,1.0,0.0,1.0
Red_original_43,ALG12,ALG3,CWH41,ROT2,1.0,0.0,1.0
Red_original_43,ALG12,ALG3,DOA4,VPS28,1.0,0.0,1.0
Red_original_43,ALG12,ALG3,GCS1,VPS28,1.0,0.0,1.0
Red_original_43,ALG12,ALG3,MNS1,OST5,1.0,0.0,1.0
Red_original_43,ALG12,ALG3,CWH41,OST5,1.0,0.0,1.0
Red_original_43,ALG12,ALG3,ROT2,OST5,1.0,0.0,1.0
Red_original_43,ALG12,ALG3,MNS1,DIE2,1.0,0.0,1.0
Red_original_43,ALG12,ALG3,CWH41,DIE2,1.0,0.0,1.0
Red_original_43,ALG12,ALG3,ROT2,DIE2,1.0,0.0,1.0
Red_original_43,ALG12,ALG3,OST5,DIE2,1.0,0.0,1.0
Red_original_43,ALG12,ALG3,UFD2,UBC7,1.0,0.0,1.0
Red_original_43,ALG12,ALG3,MNS1,ALG5,1.0,0.0,1.0
Red_original_43,ALG12,ALG3,CWH41,ALG5,1.0,0.0,1.0
Red_original_43,ALG12,ALG3,ROT2,ALG5,1.0,0.0,1.0
Red_original_43,ALG12,ALG3,OST5,ALG5,1.0,0.0,1.0
Red_original_43,ALG12,ALG3,TLG2,SEC22,1.0,0.0,1.0
Red_original_43,ALG12,ALG3,GOS1,SEC22,1.0,0.0,1.0
Red_original_43,ALG12,ALG3,UFD2,HRD1,1.0,0.0,1.0
Red_original_43,ALG12,ALG3,UBC7,HRD1,1.0,0.0,1.0
Red_original_43,ALG12,ALG3,MNS1,ALG8,1.0,0.0,1.0
Red_original_43,ALG12,ALG3,CWH41,ALG8,1.0,0.0,1.0
Red_original_43,ALG12,ALG3,ALG5,ALG8,1.0,0.0,1.0
Red_original_43,ALG12,ALG3,ALG12,ALG8,1.0,0.0,1.0
Red_original_43,ALG12,ALG3,ALG9,ALG8,1.0,0.0,1.0
Red_original_43,ALG12,ALG3,MNS1,ALG12,1.0,0.0,1.0
Red_original_43,ALG12,ALG3,CWH41,ALG12,1.0,0.0,1.0
Red_original_43,ALG12,ALG3,DIE2,ALG12,1.0,0.0,1.0
Red_original_43,ALG12,ALG3,ALG5,ALG12,1.0,0.0,1.0
Red_original_43,ALG12,ALG3,ALG8,ALG12,1.0,0.0,1.0
Red_original_43,ALG12,ALG3,ALG9,ALG12,1.0,0.0,1.0
Red_original_43,ALG12,ALG3,MNS1,ALG9,1.0,0.0,1.0
Red_original_43,ALG12,ALG3,CWH41,ALG9,1.0,0.0,1.0
Red_original_43,ALG12,ALG3,ALG5,ALG9,1.0,0.0,1.0
Red_original_43,ALG12,ALG3,ALG5,ALG6,1.0,0.0,1.0
Red_original_43,ALG12,ALG3,ALG12,ALG6,1.0,0.0,1.0
Red_original_43,ALG12,ALG3,ALG9,ALG6,1.0,0.0,1.0
Red_original_43,ALG12,ALG3,ALG5,ALG3,0.0,1.0,-1.0
Red_original_43,ALG12,ALG3,ALG6,ALG3,1.0,0.0,1.0
Red_original_43,ALG12,ALG3,OST3,ALG3,1.0,0.0,1.0
Red_original_43,ALG12,ALG3,ALG3,OST3,1.0,0.0,1.0
Red_original_43,ALG9,ALG3,ANP1,MNS1,1.0,0.0,1.0
Red_original_43,ALG9,ALG3,DOA4,STP22,1.0,0.0,1.0
Red_original_43,ALG9,ALG3,STP22,DOA4,1.0,0.0,1.0
Red_original_43,ALG9,ALG3,GCS1,DOA4,1.0,0.0,1.0
Red_original_43,ALG9,ALG3,VPS28,DOA4,1.0,0.0,1.0
Red_original_43,ALG9,ALG3,PSD2,PCT1,1.0,0.0,1.0
Red_original_43,ALG9,ALG3,TLG2,GOS1,1.0,0.0,1.0
Red_original_43,ALG9,ALG3,STP22,GCS1,1.0,0.0,1.0
Red_original_43,ALG9,ALG3,VPS28,GCS1,1.0,0.0,1.0
Red_original_43,ALG9,ALG3,CWH41,ROT2,1.0,0.0,1.0
Red_original_43,ALG9,ALG3,DOA4,VPS28,1.0,0.0,1.0
Red_original_43,ALG9,ALG3,GCS1,VPS28,1.0,0.0,1.0
Red_original_43,ALG9,ALG3,MNS1,OST5,1.0,0.0,1.0
Red_original_43,ALG9,ALG3,CWH41,OST5,1.0,0.0,1.0
Red_original_43,ALG9,ALG3,ROT2,OST5,1.0,0.0,1.0
Red_original_43,ALG9,ALG3,DIE2,OST5,0.0,1.0,-1.0
Red_original_43,ALG9,ALG3,MNS1,DIE2,1.0,0.0,1.0
Red_original_43,ALG9,ALG3,CWH41,DIE2,1.0,0.0,1.0
Red_original_43,ALG9,ALG3,ROT2,DIE2,1.0,0.0,1.0
Red_original_43,ALG9,ALG3,OST5,DIE2,1.0,0.0,1.0
Red_original_43,ALG9,ALG3,UFD2,UBC7,1.0,0.0,1.0
Red_original_43,ALG9,ALG3,HRD1,UBC7,1.0,0.0,1.0
Red_original_43,ALG9,ALG3,MNS1,ALG5,1.0,0.0,1.0
Red_original_43,ALG9,ALG3,CWH41,ALG5,1.0,0.0,1.0
Red_original_43,ALG9,ALG3,ROT2,ALG5,1.0,0.0,1.0
Red_original_43,ALG9,ALG3,OST5,ALG5,1.0,0.0,1.0
Red_original_43,ALG9,ALG3,TLG2,SEC22,1.0,0.0,1.0
Red_original_43,ALG9,ALG3,GOS1,SEC22,1.0,0.0,1.0
Red_original_43,ALG9,ALG3,UFD2,HRD1,1.0,0.0,1.0
Red_original_43,ALG9,ALG3,UBC7,HRD1,1.0,0.0,1.0
Red_original_43,ALG9,ALG3,MNS1,ALG8,1.0,0.0,1.0
Red_original_43,ALG9,ALG3,CWH41,ALG8,1.0,0.0,1.0
Red_original_43,ALG9,ALG3,OST5,ALG8,1.0,0.0,1.0
Red_original_43,ALG9,ALG3,ALG5,ALG8,1.0,0.0,1.0
Red_original_43,ALG9,ALG3,ALG12,ALG8,1.0,0.0,1.0
Red_original_43,ALG9,ALG3,ALG9,ALG8,1.0,0.0,1.0
Red_original_43,ALG9,ALG3,MNS1,ALG12,1.0,0.0,1.0
Red_original_43,ALG9,ALG3,CWH41,ALG12,1.0,0.0,1.0
Red_original_43,ALG9,ALG3,OST5,ALG12,1.0,0.0,1.0
Red_original_43,ALG9,ALG3,DIE2,ALG12,1.0,0.0,1.0
Red_original_43,ALG9,ALG3,ALG5,ALG12,1.0,0.0,1.0
Red_original_43,ALG9,ALG3,ALG8,ALG12,1.0,0.0,1.0
Red_original_43,ALG9,ALG3,ALG9,ALG12,1.0,0.0,1.0
Red_original_43,ALG9,ALG3,MNS1,ALG9,1.0,0.0,1.0
Red_original_43,ALG9,ALG3,CWH41,ALG9,1.0,0.0,1.0
Red_original_43,ALG9,ALG3,ALG5,ALG9,1.0,0.0,1.0
Red_original_43,ALG9,ALG3,ALG5,ALG6,1.0,0.0,1.0
Red_original_43,ALG9,ALG3,ALG12,ALG6,1.0,0.0,1.0
Red_original_43,ALG9,ALG3,ALG9,ALG6,1.0,0.0,1.0
Red_original_43,ALG9,ALG3,ALG5,ALG3,0.0,1.0,-1.0
Red_original_43,ALG9,ALG3,OST3,ALG3,1.0,0.0,1.0
Red_original_43,ALG9,ALG3,ALG3,OST3,1.0,0.0,1.0
Red_original_43,OST5,OST3,CWH41,MNS1,1.0,0.0,1.0
Red_original_43,OST5,OST3,MNN2,MNS1,1.0,0.0,1.0
Red_original_43,OST5,OST3,ROT2,MNS1,1.0,0.0,1.0
Red_original_43,OST5,OST3,OST5,MNS1,1.0,0.0,1.0
Red_original_43,OST5,OST3,DIE2,MNS1,1.0,0.0,1.0
Red_original_43,OST5,OST3,ANP1,MNS1,1.0,0.0,1.0
Red_original_43,OST5,OST3,BTS1,HMG1,1.0,0.0,1.0
Red_original_43,OST5,OST3,PCT1,PSD2,1.0,0.0,1.0
Red_original_43,OST5,OST3,DOA4,STP22,1.0,0.0,1.0
Red_original_43,OST5,OST3,GCS1,STP22,1.0,0.0,1.0
Red_original_43,OST5,OST3,VPS28,STP22,1.0,0.0,1.0
Red_original_43,OST5,OST3,GOS1,TLG2,1.0,0.0,1.0
Red_original_43,OST5,OST3,SEC22,TLG2,1.0,0.0,1.0
Red_original_43,OST5,OST3,STP22,DOA4,1.0,0.0,1.0
Red_original_43,OST5,OST3,GCS1,DOA4,1.0,0.0,1.0
Red_original_43,OST5,OST3,VPS28,DOA4,1.0,0.0,1.0
Red_original_43,OST5,OST3,PSD2,PCT1,1.0,0.0,1.0
Red_original_43,OST5,OST3,OST5,CWH41,1.0,0.0,1.0
Red_original_43,OST5,OST3,DIE2,CWH41,1.0,0.0,1.0
Red_original_43,OST5,OST3,ALG5,CWH41,1.0,0.0,1.0
Red_original_43,OST5,OST3,ALG8,CWH41,1.0,0.0,1.0
Red_original_43,OST5,OST3,UBC7,UFD2,1.0,0.0,1.0
Red_original_43,OST5,OST3,HRD1,UFD2,1.0,0.0,1.0
Red_original_43,OST5,OST3,TLG2,GOS1,1.0,0.0,1.0
Red_original_43,OST5,OST3,SEC22,GOS1,1.0,0.0,1.0
Red_original_43,OST5,OST3,DOA4,GCS1,1.0,0.0,1.0
Red_original_43,OST5,OST3,VPS28,GCS1,1.0,0.0,1.0
Red_original_43,OST5,OST3,CWH41,ROT2,1.0,0.0,1.0
Red_original_43,OST5,OST3,OST5,ROT2,1.0,0.0,1.0
Red_original_43,OST5,OST3,DIE2,ROT2,1.0,0.0,1.0
Red_original_43,OST5,OST3,ALG5,ROT2,1.0,0.0,1.0
Red_original_43,OST5,OST3,ALG8,ROT2,1.0,0.0,1.0
Red_original_43,OST5,OST3,DOA4,VPS28,1.0,0.0,1.0
Red_original_43,OST5,OST3,GCS1,VPS28,1.0,0.0,1.0
Red_original_43,OST5,OST3,MNS1,OST5,1.0,0.0,1.0
Red_original_43,OST5,OST3,CWH41,OST5,1.0,0.0,1.0
Red_original_43,OST5,OST3,ROT2,OST5,1.0,0.0,1.0
Red_original_43,OST5,OST3,ALG5,OST5,1.0,0.0,1.0
Red_original_43,OST5,OST3,ALG8,OST5,1.0,0.0,1.0
Red_original_43,OST5,OST3,CWH41,DIE2,1.0,0.0,1.0
Red_original_43,OST5,OST3,ROT2,DIE2,1.0,0.0,1.0
Red_original_43,OST5,OST3,OST5,DIE2,1.0,0.0,1.0
Red_original_43,OST5,OST3,ALG5,DIE2,1.0,0.0,1.0
Red_original_43,OST5,OST3,ALG8,DIE2,1.0,0.0,1.0
Red_original_43,OST5,OST3,ALG12,DIE2,1.0,0.0,1.0
Red_original_43,OST5,OST3,ALG9,DIE2,1.0,0.0,1.0
Red_original_43,OST5,OST3,ALG6,DIE2,1.0,0.0,1.0
Red_original_43,OST5,OST3,UFD2,UBC7,1.0,0.0,1.0
Red_original_43,OST5,OST3,HRD1,UBC7,1.0,0.0,1.0
Red_original_43,OST5,OST3,MNS1,ALG5,1.0,0.0,1.0
Red_original_43,OST5,OST3,CWH41,ALG5,1.0,0.0,1.0
Red_original_43,OST5,OST3,ROT2,ALG5,1.0,0.0,1.0
Red_original_43,OST5,OST3,OST5,ALG5,1.0,0.0,1.0
Red_original_43,OST5,OST3,ALG9,ALG5,1.0,0.0,1.0
Red_original_43,OST5,OST3,ALG3,ALG5,1.0,0.0,1.0
Red_original_43,OST5,OST3,OST3,ALG5,1.0,0.0,1.0
Red_original_43,OST5,OST3,PMT2,PMT1,1.0,0.0,1.0
Red_original_43,OST5,OST3,TLG2,SEC22,1.0,0.0,1.0
Red_original_43,OST5,OST3,GOS1,SEC22,1.0,0.0,1.0
Red_original_43,OST5,OST3,UFD2,HRD1,1.0,0.0,1.0
Red_original_43,OST5,OST3,UBC7,HRD1,1.0,0.0,1.0
Red_original_43,OST5,OST3,MNS1,ALG8,1.0,0.0,1.0
Red_original_43,OST5,OST3,CWH41,ALG8,1.0,0.0,1.0
Red_original_43,OST5,OST3,ROT2,ALG8,1.0,0.0,1.0
Red_original_43,OST5,OST3,OST5,ALG8,1.0,0.0,1.0
Red_original_43,OST5,OST3,ALG5,ALG8,1.0,0.0,1.0
Red_original_43,OST5,OST3,ALG12,ALG8,1.0,0.0,1.0
Red_original_43,OST5,OST3,ALG9,ALG8,1.0,0.0,1.0
Red_original_43,OST5,OST3,ALG6,ALG8,1.0,0.0,1.0
Red_original_43,OST5,OST3,ALG3,ALG8,1.0,0.0,1.0
Red_original_43,OST5,OST3,OST3,ALG8,1.0,0.0,1.0
Red_original_43,OST5,OST3,MNS1,ALG12,1.0,0.0,1.0
Red_original_43,OST5,OST3,CWH41,ALG12,1.0,0.0,1.0
Red_original_43,OST5,OST3,ROT2,ALG12,1.0,0.0,1.0
Red_original_43,OST5,OST3,OST5,ALG12,1.0,0.0,1.0
Red_original_43,OST5,OST3,DIE2,ALG12,1.0,0.0,1.0
Red_original_43,OST5,OST3,ALG5,ALG12,1.0,0.0,1.0
Red_original_43,OST5,OST3,ALG8,ALG12,1.0,0.0,1.0
Red_original_43,OST5,OST3,ALG6,ALG12,1.0,0.0,1.0
Red_original_43,OST5,OST3,ALG3,ALG12,1.0,0.0,1.0
Red_original_43,OST5,OST3,OST3,ALG12,1.0,0.0,1.0
Red_original_43,OST5,OST3,MNS1,ALG9,1.0,0.0,1.0
Red_original_43,OST5,OST3,CWH41,ALG9,1.0,0.0,1.0
Red_original_43,OST5,OST3,ROT2,ALG9,1.0,0.0,1.0
Red_original_43,OST5,OST3,OST5,ALG9,1.0,0.0,1.0
Red_original_43,OST5,OST3,ALG5,ALG9,1.0,0.0,1.0
Red_original_43,OST5,OST3,ALG3,ALG9,1.0,0.0,1.0
Red_original_43,OST5,OST3,OST3,ALG9,1.0,0.0,1.0
Red_original_43,OST5,OST3,MNS1,ALG6,1.0,0.0,1.0
Red_original_43,OST5,OST3,CWH41,ALG6,1.0,0.0,1.0
Red_original_43,OST5,OST3,ROT2,ALG6,1.0,0.0,1.0
Red_original_43,OST5,OST3,OST5,ALG6,1.0,0.0,1.0
Red_original_43,OST5,OST3,ALG5,ALG6,1.0,0.0,1.0
Red_original_43,OST5,OST3,ALG12,ALG6,1.0,0.0,1.0
Red_original_43,OST5,OST3,ALG9,ALG6,1.0,0.0,1.0
Red_original_43,OST5,OST3,ALG3,ALG6,1.0,0.0,1.0
Red_original_43,OST5,OST3,OST3,ALG6,1.0,0.0,1.0
Red_original_43,OST5,OST3,MNS1,ALG3,1.0,0.0,1.0
Red_original_43,OST5,OST3,CWH41,ALG3,1.0,0.0,1.0
Red_original_43,OST5,OST3,ROT2,ALG3,1.0,0.0,1.0
Red_original_43,OST5,OST3,OST5,ALG3,1.0,0.0,1.0
Red_original_43,OST5,OST3,DIE2,ALG3,1.0,0.0,1.0
Red_original_43,OST5,OST3,OST3,ALG3,1.0,0.0,1.0
Red_original_43,OST5,OST3,PMT1,PMT2,1.0,0.0,1.0
Red_original_43,OST5,OST3,MNS1,OST3,1.0,0.0,1.0
Red_original_43,OST5,OST3,CWH41,OST3,1.0,0.0,1.0
Red_original_43,OST5,OST3,DIE2,OST3,1.0,0.0,1.0
Red_original_43,OST5,OST3,ALG5,OST3,1.0,0.0,1.0
Red_original_43,OST5,OST3,ALG8,OST3,1.0,0.0,1.0
Red_original_43,OST5,OST3,ALG12,OST3,1.0,0.0,1.0
Red_original_43,OST5,OST3,ALG9,OST3,1.0,0.0,1.0
Red_original_43,OST5,OST3,ALG6,OST3,1.0,0.0,1.0
Red_original_43,OST5,OST3,ALG3,OST3,1.0,0.0,1.0
Red_original_43,OST5,OST3,MNN2,ANP1,1.0,0.0,1.0
Red_original_43,MNS1,ANP1,CWH41,MNS1,1.0,0.0,1.0
Red_original_43,MNS1,ANP1,MNN2,MNS1,1.0,0.0,1.0
Red_original_43,MNS1,ANP1,ROT2,MNS1,1.0,0.0,1.0
Red_original_43,MNS1,ANP1,OST5,MNS1,1.0,0.0,1.0
Red_original_43,MNS1,ANP1,ANP1,MNS1,1.0,0.0,1.0
Red_original_43,MNS1,ANP1,BTS1,HMG1,1.0,0.0,1.0
Red_original_43,MNS1,ANP1,PCT1,PSD2,1.0,0.0,1.0
Red_original_43,MNS1,ANP1,DOA4,STP22,1.0,0.0,1.0
Red_original_43,MNS1,ANP1,GCS1,STP22,1.0,0.0,1.0
Red_original_43,MNS1,ANP1,VPS28,STP22,1.0,0.0,1.0
Red_original_43,MNS1,ANP1,GOS1,TLG2,1.0,0.0,1.0
Red_original_43,MNS1,ANP1,STP22,DOA4,1.0,0.0,1.0
Red_original_43,MNS1,ANP1,GCS1,DOA4,1.0,0.0,1.0
Red_original_43,MNS1,ANP1,VPS28,DOA4,1.0,0.0,1.0
Red_original_43,MNS1,ANP1,PSD2,PCT1,1.0,0.0,1.0
Red_original_43,MNS1,ANP1,OST5,CWH41,1.0,0.0,1.0
Red_original_43,MNS1,ANP1,DIE2,CWH41,1.0,0.0,1.0
Red_original_43,MNS1,ANP1,UBC7,UFD2,1.0,0.0,1.0
Red_original_43,MNS1,ANP1,TLG2,GOS1,1.0,0.0,1.0
Red_original_43,MNS1,ANP1,SEC22,GOS1,1.0,0.0,1.0
Red_original_43,MNS1,ANP1,DOA4,GCS1,1.0,0.0,1.0
Red_original_43,MNS1,ANP1,VPS28,GCS1,1.0,0.0,1.0
Red_original_43,MNS1,ANP1,CWH41,ROT2,1.0,0.0,1.0
Red_original_43,MNS1,ANP1,OST5,ROT2,1.0,0.0,1.0
Red_original_43,MNS1,ANP1,DIE2,ROT2,1.0,0.0,1.0
Red_original_43,MNS1,ANP1,DOA4,VPS28,1.0,0.0,1.0
Red_original_43,MNS1,ANP1,GCS1,VPS28,1.0,0.0,1.0
Red_original_43,MNS1,ANP1,MNS1,OST5,1.0,0.0,1.0
Red_original_43,MNS1,ANP1,CWH41,OST5,1.0,0.0,1.0
Red_original_43,MNS1,ANP1,ROT2,OST5,1.0,0.0,1.0
Red_original_43,MNS1,ANP1,ALG5,OST5,1.0,0.0,1.0
Red_original_43,MNS1,ANP1,ALG12,OST5,0.0,1.0,-1.0
Red_original_43,MNS1,ANP1,ALG9,OST5,0.0,1.0,-1.0
Red_original_43,MNS1,ANP1,CWH41,DIE2,1.0,0.0,1.0
Red_original_43,MNS1,ANP1,ROT2,DIE2,1.0,0.0,1.0
Red_original_43,MNS1,ANP1,OST5,DIE2,1.0,0.0,1.0
Red_original_43,MNS1,ANP1,ALG5,DIE2,1.0,0.0,1.0
Red_original_43,MNS1,ANP1,ALG8,DIE2,1.0,0.0,1.0
Red_original_43,MNS1,ANP1,ALG12,DIE2,1.0,0.0,1.0
Red_original_43,MNS1,ANP1,ALG9,DIE2,1.0,0.0,1.0
Red_original_43,MNS1,ANP1,UFD2,UBC7,1.0,0.0,1.0
Red_original_43,MNS1,ANP1,HRD1,UBC7,1.0,0.0,1.0
Red_original_43,MNS1,ANP1,MNS1,ALG5,1.0,0.0,1.0
Red_original_43,MNS1,ANP1,CWH41,ALG5,1.0,0.0,1.0
Red_original_43,MNS1,ANP1,ROT2,ALG5,1.0,0.0,1.0
Red_original_43,MNS1,ANP1,OST5,ALG5,1.0,0.0,1.0
Red_original_43,MNS1,ANP1,ALG9,ALG5,1.0,0.0,1.0
Red_original_43,MNS1,ANP1,PMT2,PMT1,1.0,0.0,1.0
Red_original_43,MNS1,ANP1,TLG2,SEC22,1.0,0.0,1.0
Red_original_43,MNS1,ANP1,GOS1,SEC22,1.0,0.0,1.0
Red_original_43,MNS1,ANP1,UFD2,HRD1,1.0,0.0,1.0
Red_original_43,MNS1,ANP1,UBC7,HRD1,1.0,0.0,1.0
Red_original_43,MNS1,ANP1,MNS1,ALG8,1.0,0.0,1.0
Red_original_43,MNS1,ANP1,CWH41,ALG8,1.0,0.0,1.0
Red_original_43,MNS1,ANP1,ROT2,ALG8,1.0,0.0,1.0
Red_original_43,MNS1,ANP1,OST5,ALG8,1.0,0.0,1.0
Red_original_43,MNS1,ANP1,ALG5,ALG8,1.0,0.0,1.0
Red_original_43,MNS1,ANP1,ALG9,ALG8,1.0,0.0,1.0
Red_original_43,MNS1,ANP1,ALG6,ALG8,1.0,0.0,1.0
Red_original_43,MNS1,ANP1,ALG3,ALG8,1.0,0.0,1.0
Red_original_43,MNS1,ANP1,OST3,ALG8,1.0,0.0,1.0
Red_original_43,MNS1,ANP1,MNS1,ALG12,1.0,0.0,1.0
Red_original_43,MNS1,ANP1,CWH41,ALG12,1.0,0.0,1.0
Red_original_43,MNS1,ANP1,ROT2,ALG12,1.0,0.0,1.0
Red_original_43,MNS1,ANP1,DIE2,ALG12,1.0,0.0,1.0
Red_original_43,MNS1,ANP1,ALG8,ALG12,1.0,0.0,1.0
Red_original_43,MNS1,ANP1,ALG3,ALG12,1.0,0.0,1.0
Red_original_43,MNS1,ANP1,OST3,ALG12,1.0,0.0,1.0
Red_original_43,MNS1,ANP1,MNS1,ALG9,1.0,0.0,1.0
Red_original_43,MNS1,ANP1,CWH41,ALG9,1.0,0.0,1.0
Red_original_43,MNS1,ANP1,ROT2,ALG9,1.0,0.0,1.0
Red_original_43,MNS1,ANP1,OST5,ALG9,1.0,0.0,1.0
Red_original_43,MNS1,ANP1,ALG5,ALG9,1.0,0.0,1.0
Red_original_43,MNS1,ANP1,ALG3,ALG9,1.0,0.0,1.0
Red_original_43,MNS1,ANP1,OST3,ALG9,1.0,0.0,1.0
Red_original_43,MNS1,ANP1,MNS1,ALG6,1.0,0.0,1.0
Red_original_43,MNS1,ANP1,CWH41,ALG6,1.0,0.0,1.0
Red_original_43,MNS1,ANP1,ROT2,ALG6,1.0,0.0,1.0
Red_original_43,MNS1,ANP1,OST5,ALG6,1.0,0.0,1.0
Red_original_43,MNS1,ANP1,ALG5,ALG6,1.0,0.0,1.0
Red_original_43,MNS1,ANP1,ALG12,ALG6,1.0,0.0,1.0
Red_original_43,MNS1,ANP1,ALG9,ALG6,1.0,0.0,1.0
Red_original_43,MNS1,ANP1,ALG3,ALG6,1.0,0.0,1.0
Red_original_43,MNS1,ANP1,OST3,ALG6,1.0,0.0,1.0
Red_original_43,MNS1,ANP1,MNS1,ALG3,1.0,0.0,1.0
Red_original_43,MNS1,ANP1,CWH41,ALG3,1.0,0.0,1.0
Red_original_43,MNS1,ANP1,DIE2,ALG3,1.0,0.0,1.0
Red_original_43,MNS1,ANP1,OST3,ALG3,1.0,0.0,1.0
Red_original_43,MNS1,ANP1,PMT1,PMT2,1.0,0.0,1.0
Red_original_43,MNS1,ANP1,DIE2,OST3,1.0,0.0,1.0
Red_original_43,MNS1,ANP1,ALG5,OST3,1.0,0.0,1.0
Red_original_43,MNS1,ANP1,ALG8,OST3,1.0,0.0,1.0
Red_original_43,MNS1,ANP1,ALG12,OST3,1.0,0.0,1.0
Red_original_43,MNS1,ANP1,ALG9,OST3,1.0,0.0,1.0
Red_original_43,MNS1,ANP1,ALG6,OST3,1.0,0.0,1.0
Red_original_43,MNS1,ANP1,ALG3,OST3,1.0,0.0,1.0
Red_original_44,MNS1,CWH41,DIE2,CWH41,0.0,1.0,-1.0
Red_original_44,MNS1,CWH41,STP22,GCS1,0.0,1.0,-1.0
Red_original_44,MNS1,CWH41,DOA4,GCS1,0.0,1.0,-1.0
Red_original_44,MNS1,CWH41,VPS28,GCS1,0.0,1.0,-1.0
Red_original_44,MNS1,CWH41,CWH41,ROT2,0.0,1.0,-1.0
Red_original_44,MNS1,CWH41,OST5,ROT2,0.0,1.0,-1.0
Red_original_44,MNS1,CWH41,DOA4,VPS28,0.0,1.0,-1.0
Red_original_44,MNS1,CWH41,MNS1,OST5,0.0,1.0,-1.0
Red_original_44,MNS1,CWH41,CWH41,OST5,0.0,1.0,-1.0
Red_original_44,MNS1,CWH41,DIE2,OST5,0.0,1.0,-1.0
Red_original_44,MNS1,CWH41,ALG12,OST5,0.0,1.0,-1.0
Red_original_44,MNS1,CWH41,ALG9,OST5,0.0,1.0,-1.0
Red_original_44,MNS1,CWH41,MNS1,ALG5,0.0,1.0,-1.0
Red_original_44,MNS1,CWH41,ROT2,ALG5,0.0,1.0,-1.0
Red_original_44,MNS1,CWH41,ALG12,ALG5,0.0,1.0,-1.0
Red_original_44,MNS1,CWH41,ALG9,ALG5,0.0,1.0,-1.0
Red_original_44,MNS1,CWH41,MNS1,ALG8,0.0,1.0,-1.0
Red_original_44,MNS1,CWH41,ALG12,ALG8,0.0,1.0,-1.0
Red_original_44,MNS1,CWH41,ROT2,ALG12,0.0,1.0,-1.0
Red_original_44,MNS1,CWH41,OST5,ALG12,0.0,1.0,-1.0
Red_original_44,MNS1,CWH41,DIE2,ALG12,0.0,1.0,-1.0
Red_original_44,MNS1,CWH41,ALG5,ALG12,0.0,1.0,-1.0
Red_original_44,MNS1,CWH41,ALG8,ALG12,0.0,1.0,-1.0
Red_original_44,MNS1,CWH41,ALG9,ALG12,0.0,1.0,-1.0
Red_original_44,MNS1,CWH41,ALG6,ALG12,0.0,1.0,-1.0
Red_original_44,MNS1,CWH41,ALG5,ALG9,0.0,1.0,-1.0
Red_original_44,MNS1,CWH41,MNS1,ALG6,0.0,1.0,-1.0
Red_original_44,MNS1,CWH41,ROT2,ALG3,0.0,1.0,-1.0
Red_original_44,MNS1,CWH41,ALG5,ALG3,0.0,1.0,-1.0
Red_original_44,MNS1,CWH41,ALG8,ALG3,0.0,1.0,-1.0
Red_original_44,MNS1,CWH41,ALG6,ALG3,0.0,1.0,-1.0
Red_original_44,MNS1,CWH41,MNS1,OST3,0.0,1.0,-1.0
Red_original_44,MNS1,CWH41,DIE2,OST3,0.0,1.0,-1.0
Red_original_44,MNS1,CWH41,ALG5,OST3,0.0,1.0,-1.0
Red_original_44,MNS1,CWH41,ALG8,OST3,0.0,1.0,-1.0
Red_original_44,MNS1,CWH41,ALG12,OST3,0.0,1.0,-1.0
Red_original_44,MNS1,CWH41,ALG9,OST3,0.0,1.0,-1.0
Red_original_44,MNS1,CWH41,ALG6,OST3,0.0,1.0,-1.0
Red_original_44,ROT2,CWH41,ANP1,MNS1,1.0,0.0,1.0
Red_original_44,ROT2,CWH41,STP22,DOA4,1.0,0.0,1.0
Red_original_44,ROT2,CWH41,GCS1,DOA4,1.0,0.0,1.0
Red_original_44,ROT2,CWH41,PSD2,PCT1,1.0,0.0,1.0
Red_original_44,ROT2,CWH41,TLG2,GOS1,1.0,0.0,1.0
Red_original_44,ROT2,CWH41,VPS28,GCS1,0.0,1.0,-1.0
Red_original_44,ROT2,CWH41,DOA4,VPS28,1.0,0.0,1.0
Red_original_44,ROT2,CWH41,GCS1,VPS28,1.0,0.0,1.0
Red_original_44,ROT2,CWH41,MNS1,OST5,1.0,0.0,1.0
Red_original_44,ROT2,CWH41,ROT2,OST5,1.0,0.0,1.0
Red_original_44,ROT2,CWH41,DIE2,OST5,0.0,1.0,-1.0
Red_original_44,ROT2,CWH41,ALG12,OST5,0.0,1.0,-1.0
Red_original_44,ROT2,CWH41,ALG9,OST5,0.0,1.0,-1.0
Red_original_44,ROT2,CWH41,CWH41,DIE2,1.0,0.0,1.0
Red_original_44,ROT2,CWH41,ROT2,DIE2,1.0,0.0,1.0
Red_original_44,ROT2,CWH41,OST5,DIE2,1.0,0.0,1.0
Red_original_44,ROT2,CWH41,UFD2,UBC7,1.0,0.0,1.0
Red_original_44,ROT2,CWH41,MNS1,ALG5,1.0,0.0,1.0
Red_original_44,ROT2,CWH41,CWH41,ALG5,1.0,0.0,1.0
Red_original_44,ROT2,CWH41,ROT2,ALG5,1.0,0.0,1.0
Red_original_44,ROT2,CWH41,OST5,ALG5,1.0,0.0,1.0
Red_original_44,ROT2,CWH41,ALG12,ALG5,0.0,1.0,-1.0
Red_original_44,ROT2,CWH41,TLG2,SEC22,1.0,0.0,1.0
Red_original_44,ROT2,CWH41,GOS1,SEC22,1.0,0.0,1.0
Red_original_44,ROT2,CWH41,UFD2,HRD1,1.0,0.0,1.0
Red_original_44,ROT2,CWH41,UBC7,HRD1,1.0,0.0,1.0
Red_original_44,ROT2,CWH41,MNS1,ALG8,1.0,0.0,1.0
Red_original_44,ROT2,CWH41,ALG5,ALG8,1.0,0.0,1.0
Red_original_44,ROT2,CWH41,ALG12,ALG8,0.0,1.0,-1.0
Red_original_44,ROT2,CWH41,MNS1,ALG12,1.0,0.0,1.0
Red_original_44,ROT2,CWH41,ROT2,ALG12,0.0,1.0,-1.0
Red_original_44,ROT2,CWH41,OST5,ALG12,0.0,1.0,-1.0
Red_original_44,ROT2,CWH41,DIE2,ALG12,1.0,0.0,1.0
Red_original_44,ROT2,CWH41,ALG8,ALG12,1.0,0.0,1.0
Red_original_44,ROT2,CWH41,ALG6,ALG12,0.0,1.0,-1.0
Red_original_44,ROT2,CWH41,MNS1,ALG9,1.0,0.0,1.0
Red_original_44,ROT2,CWH41,ALG5,ALG9,1.0,0.0,1.0
Red_original_44,ROT2,CWH41,MNS1,ALG6,0.0,1.0,-1.0
Red_original_44,ROT2,CWH41,ALG12,ALG6,1.0,0.0,1.0
Red_original_44,ROT2,CWH41,ALG9,ALG6,1.0,0.0,1.0
Red_original_44,ROT2,CWH41,ALG5,ALG3,0.0,1.0,-1.0
Red_original_44,ROT2,CWH41,ALG8,ALG3,0.0,1.0,-1.0
Red_original_44,ROT2,CWH41,ALG5,OST3,0.0,1.0,-1.0
Red_original_44,ROT2,CWH41,ALG9,OST3,0.0,1.0,-1.0
Red_original_44,ROT2,CWH41,ALG3,OST3,1.0,0.0,1.0
Red_original_44,MNS1,MNN2,ANP1,MNS1,1.0,0.0,1.0
Red_original_44,MNS1,MNN2,STP22,GCS1,0.0,1.0,-1.0
Red_original_44,MNS1,MNN2,VPS28,GCS1,0.0,1.0,-1.0
Red_original_44,MNS1,MNN2,CWH41,ROT2,0.0,1.0,-1.0
Red_original_44,MNS1,MNN2,MNS1,OST5,1.0,0.0,1.0
Red_original_44,MNS1,MNN2,CWH41,OST5,0.0,1.0,-1.0
Red_original_44,MNS1,MNN2,DIE2,OST5,0.0,1.0,-1.0
Red_original_44,MNS1,MNN2,ALG12,OST5,0.0,1.0,-1.0
Red_original_44,MNS1,MNN2,ALG9,OST5,0.0,1.0,-1.0
Red_original_44,MNS1,MNN2,CWH41,DIE2,1.0,0.0,1.0
Red_original_44,MNS1,MNN2,ROT2,DIE2,1.0,0.0,1.0
Red_original_44,MNS1,MNN2,UFD2,UBC7,1.0,0.0,1.0
Red_original_44,MNS1,MNN2,MNS1,ALG5,1.0,0.0,1.0
Red_original_44,MNS1,MNN2,ALG12,ALG5,0.0,1.0,-1.0
Red_original_44,MNS1,MNN2,GOS1,SEC22,1.0,0.0,1.0
Red_original_44,MNS1,MNN2,ALG12,ALG8,0.0,1.0,-1.0
Red_original_44,MNS1,MNN2,ROT2,ALG12,0.0,1.0,-1.0
Red_original_44,MNS1,MNN2,OST5,ALG12,0.0,1.0,-1.0
Red_original_44,MNS1,MNN2,ALG5,ALG12,0.0,1.0,-1.0
Red_original_44,MNS1,MNN2,ALG9,ALG12,0.0,1.0,-1.0
Red_original_44,MNS1,MNN2,ALG6,ALG12,0.0,1.0,-1.0
Red_original_44,MNS1,MNN2,MNS1,ALG6,0.0,1.0,-1.0
Red_original_44,MNS1,MNN2,ALG5,ALG3,0.0,1.0,-1.0
Red_original_44,MNS1,MNN2,ALG8,ALG3,0.0,1.0,-1.0
Red_original_44,MNS1,MNN2,ALG6,ALG3,0.0,1.0,-1.0
Red_original_44,MNS1,MNN2,ALG5,OST3,0.0,1.0,-1.0
Red_original_44,MNS1,MNN2,ALG9,OST3,0.0,1.0,-1.0
Red_original_44,ANP1,MNN2,STP22,GCS1,0.0,1.0,-1.0
Red_original_44,ANP1,MNN2,DIE2,OST5,0.0,1.0,-1.0
Red_original_44,ANP1,MNN2,ALG12,OST5,0.0,1.0,-1.0
Red_original_44,ANP1,MNN2,ALG9,OST5,0.0,1.0,-1.0
Red_original_44,ANP1,MNN2,CWH41,DIE2,1.0,0.0,1.0
Red_original_44,ANP1,MNN2,ROT2,DIE2,1.0,0.0,1.0
Red_original_44,ANP1,MNN2,UFD2,UBC7,1.0,0.0,1.0
Red_original_44,ANP1,MNN2,MNS1,ALG5,1.0,0.0,1.0
Red_original_44,ANP1,MNN2,ALG12,ALG5,0.0,1.0,-1.0
Red_original_44,ANP1,MNN2,OST5,ALG12,0.0,1.0,-1.0
Red_original_44,ANP1,MNN2,ALG9,ALG12,0.0,1.0,-1.0
Red_original_44,ANP1,MNN2,ALG5,ALG3,0.0,1.0,-1.0
Red_original_44,ANP1,MNN2,ALG8,ALG3,0.0,1.0,-1.0
Red_original_44,ANP1,MNN2,ALG6,ALG3,0.0,1.0,-1.0
Red_original_44,ANP1,MNN2,MNN2,ANP1,1.0,0.0,1.0
Red_original_44,MNS1,ROT2,ANP1,MNS1,1.0,0.0,1.0
Red_original_44,MNS1,ROT2,PSD2,PCT1,1.0,0.0,1.0
Red_original_44,MNS1,ROT2,DIE2,CWH41,0.0,1.0,-1.0
Red_original_44,MNS1,ROT2,STP22,GCS1,0.0,1.0,-1.0
Red_original_44,MNS1,ROT2,DOA4,GCS1,0.0,1.0,-1.0
Red_original_44,MNS1,ROT2,VPS28,GCS1,0.0,1.0,-1.0
Red_original_44,MNS1,ROT2,CWH41,ROT2,0.0,1.0,-1.0
Red_original_44,MNS1,ROT2,OST5,ROT2,0.0,1.0,-1.0
Red_original_44,MNS1,ROT2,DOA4,VPS28,0.0,1.0,-1.0
Red_original_44,MNS1,ROT2,GCS1,VPS28,0.0,1.0,-1.0
Red_original_44,MNS1,ROT2,CWH41,OST5,0.0,1.0,-1.0
Red_original_44,MNS1,ROT2,DIE2,OST5,0.0,1.0,-1.0
Red_original_44,MNS1,ROT2,ALG12,OST5,0.0,1.0,-1.0
Red_original_44,MNS1,ROT2,ALG9,OST5,0.0,1.0,-1.0
Red_original_44,MNS1,ROT2,CWH41,DIE2,1.0,0.0,1.0
Red_original_44,MNS1,ROT2,ROT2,DIE2,1.0,0.0,1.0
Red_original_44,MNS1,ROT2,OST5,DIE2,1.0,0.0,1.0
Red_original_44,MNS1,ROT2,UFD2,UBC7,1.0,0.0,1.0
Red_original_44,MNS1,ROT2,CWH41,ALG5,1.0,0.0,1.0
Red_original_44,MNS1,ROT2,ROT2,ALG5,0.0,1.0,-1.0
Red_original_44,MNS1,ROT2,OST5,ALG5,1.0,0.0,1.0
Red_original_44,MNS1,ROT2,ALG12,ALG5,0.0,1.0,-1.0
Red_original_44,MNS1,ROT2,ALG9,ALG5,0.0,1.0,-1.0
Red_original_44,MNS1,ROT2,GOS1,SEC22,1.0,0.0,1.0
Red_original_44,MNS1,ROT2,UFD2,HRD1,1.0,0.0,1.0
Red_original_44,MNS1,ROT2,MNS1,ALG8,0.0,1.0,-1.0
Red_original_44,MNS1,ROT2,ALG12,ALG8,0.0,1.0,-1.0
Red_original_44,MNS1,ROT2,ALG9,ALG8,0.0,1.0,-1.0
Red_original_44,MNS1,ROT2,ROT2,ALG12,0.0,1.0,-1.0
Red_original_44,MNS1,ROT2,OST5,ALG12,0.0,1.0,-1.0
Red_original_44,MNS1,ROT2,DIE2,ALG12,0.0,1.0,-1.0
Red_original_44,MNS1,ROT2,ALG8,ALG12,0.0,1.0,-1.0
Red_original_44,MNS1,ROT2,ALG9,ALG12,0.0,1.0,-1.0
Red_original_44,MNS1,ROT2,ALG6,ALG12,0.0,1.0,-1.0
Red_original_44,MNS1,ROT2,ROT2,ALG9,0.0,1.0,-1.0
Red_original_44,MNS1,ROT2,ALG5,ALG9,0.0,1.0,-1.0
Red_original_44,MNS1,ROT2,MNS1,ALG6,0.0,1.0,-1.0
Red_original_44,MNS1,ROT2,ROT2,ALG3,0.0,1.0,-1.0
Red_original_44,MNS1,ROT2,ALG5,ALG3,0.0,1.0,-1.0
Red_original_44,MNS1,ROT2,ALG8,ALG3,0.0,1.0,-1.0
Red_original_44,MNS1,ROT2,ALG6,ALG3,0.0,1.0,-1.0
Red_original_44,MNS1,ROT2,MNS1,OST3,0.0,1.0,-1.0
Red_original_44,MNS1,ROT2,DIE2,OST3,0.0,1.0,-1.0
Red_original_44,MNS1,ROT2,ALG5,OST3,0.0,1.0,-1.0
Red_original_44,MNS1,ROT2,ALG8,OST3,0.0,1.0,-1.0
Red_original_44,MNS1,ROT2,ALG12,OST3,0.0,1.0,-1.0
Red_original_44,MNS1,ROT2,ALG9,OST3,0.0,1.0,-1.0
Red_original_44,MNS1,ROT2,ALG6,OST3,0.0,1.0,-1.0
Red_original_44,STP22,VPS28,ANP1,MNS1,1.0,0.0,1.0
Red_original_44,STP22,VPS28,DOA4,STP22,1.0,0.0,1.0
Red_original_44,STP22,VPS28,GCS1,STP22,1.0,0.0,1.0
Red_original_44,STP22,VPS28,STP22,DOA4,1.0,0.0,1.0
Red_original_44,STP22,VPS28,GCS1,DOA4,1.0,0.0,1.0
Red_original_44,STP22,VPS28,PSD2,PCT1,1.0,0.0,1.0
Red_original_44,STP22,VPS28,TLG2,GOS1,1.0,0.0,1.0
Red_original_44,STP22,VPS28,STP22,GCS1,1.0,0.0,1.0
Red_original_44,STP22,VPS28,VPS28,GCS1,1.0,0.0,1.0
Red_original_44,STP22,VPS28,CWH41,ROT2,1.0,0.0,1.0
Red_original_44,STP22,VPS28,DOA4,VPS28,1.0,0.0,1.0
Red_original_44,STP22,VPS28,GCS1,VPS28,1.0,0.0,1.0
Red_original_44,STP22,VPS28,MNS1,OST5,1.0,0.0,1.0
Red_original_44,STP22,VPS28,CWH41,OST5,1.0,0.0,1.0
Red_original_44,STP22,VPS28,ROT2,OST5,1.0,0.0,1.0
Red_original_44,STP22,VPS28,DIE2,OST5,0.0,1.0,-1.0
Red_original_44,STP22,VPS28,ALG12,OST5,0.0,1.0,-1.0
Red_original_44,STP22,VPS28,ALG9,OST5,0.0,1.0,-1.0
Red_original_44,STP22,VPS28,CWH41,DIE2,1.0,0.0,1.0
Red_original_44,STP22,VPS28,ROT2,DIE2,1.0,0.0,1.0
Red_original_44,STP22,VPS28,OST5,DIE2,1.0,0.0,1.0
Red_original_44,STP22,VPS28,UFD2,UBC7,1.0,0.0,1.0
Red_original_44,STP22,VPS28,MNS1,ALG5,1.0,0.0,1.0
Red_original_44,STP22,VPS28,CWH41,ALG5,1.0,0.0,1.0
Red_original_44,STP22,VPS28,ROT2,ALG5,1.0,0.0,1.0
Red_original_44,STP22,VPS28,OST5,ALG5,1.0,0.0,1.0
Red_original_44,STP22,VPS28,ALG12,ALG5,0.0,1.0,-1.0
Red_original_44,STP22,VPS28,TLG2,SEC22,1.0,0.0,1.0
Red_original_44,STP22,VPS28,GOS1,SEC22,1.0,0.0,1.0
Red_original_44,STP22,VPS28,UFD2,HRD1,1.0,0.0,1.0
Red_original_44,STP22,VPS28,UBC7,HRD1,1.0,0.0,1.0
Red_original_44,STP22,VPS28,MNS1,ALG8,1.0,0.0,1.0
Red_original_44,STP22,VPS28,CWH41,ALG8,1.0,0.0,1.0
Red_original_44,STP22,VPS28,OST5,ALG8,1.0,0.0,1.0
Red_original_44,STP22,VPS28,ALG5,ALG8,1.0,0.0,1.0
Red_original_44,STP22,VPS28,ALG12,ALG8,1.0,0.0,1.0
Red_original_44,STP22,VPS28,ALG9,ALG8,1.0,0.0,1.0
Red_original_44,STP22,VPS28,MNS1,ALG12,1.0,0.0,1.0
Red_original_44,STP22,VPS28,CWH41,ALG12,1.0,0.0,1.0
Red_original_44,STP22,VPS28,OST5,ALG12,1.0,0.0,1.0
Red_original_44,STP22,VPS28,DIE2,ALG12,1.0,0.0,1.0
Red_original_44,STP22,VPS28,ALG5,ALG12,1.0,0.0,1.0
Red_original_44,STP22,VPS28,ALG8,ALG12,1.0,0.0,1.0
Red_original_44,STP22,VPS28,MNS1,ALG9,1.0,0.0,1.0
Red_original_44,STP22,VPS28,CWH41,ALG9,1.0,0.0,1.0
Red_original_44,STP22,VPS28,ALG5,ALG9,1.0,0.0,1.0
Red_original_44,STP22,VPS28,ALG12,ALG6,1.0,0.0,1.0
Red_original_44,STP22,VPS28,ALG9,ALG6,1.0,0.0,1.0
Red_original_44,STP22,VPS28,ALG5,ALG3,0.0,1.0,-1.0
Red_original_44,STP22,VPS28,ALG8,ALG3,0.0,1.0,-1.0
Red_original_44,STP22,VPS28,OST3,ALG3,1.0,0.0,1.0
Red_original_44,STP22,VPS28,ALG3,OST3,1.0,0.0,1.0
Red_original_44,STP22,VPS28,MNN2,ANP1,1.0,0.0,1.0
Red_original_44,HMG1,BTS1,STP22,GCS1,0.0,1.0,-1.0
Red_original_44,HMG1,BTS1,MNS1,OST5,1.0,0.0,1.0
Red_original_44,HMG1,BTS1,DIE2,OST5,0.0,1.0,-1.0
Red_original_44,HMG1,BTS1,ALG12,OST5,0.0,1.0,-1.0
Red_original_44,HMG1,BTS1,ALG9,OST5,0.0,1.0,-1.0
Red_original_44,HMG1,BTS1,CWH41,DIE2,1.0,0.0,1.0
Red_original_44,HMG1,BTS1,ROT2,DIE2,1.0,0.0,1.0
Red_original_44,HMG1,BTS1,UFD2,UBC7,1.0,0.0,1.0
Red_original_44,HMG1,BTS1,MNS1,ALG5,1.0,0.0,1.0
Red_original_44,HMG1,BTS1,ALG12,ALG5,0.0,1.0,-1.0
Red_original_44,HMG1,BTS1,ALG12,ALG8,0.0,1.0,-1.0
Red_original_44,HMG1,BTS1,OST5,ALG12,0.0,1.0,-1.0
Red_original_44,HMG1,BTS1,ALG9,ALG12,0.0,1.0,-1.0
Red_original_44,HMG1,BTS1,ALG6,ALG12,0.0,1.0,-1.0
Red_original_44,HMG1,BTS1,ALG5,ALG3,0.0,1.0,-1.0
Red_original_44,HMG1,BTS1,ALG8,ALG3,0.0,1.0,-1.0
Red_original_44,HMG1,BTS1,ALG6,ALG3,0.0,1.0,-1.0
Red_original_44,HMG1,BTS1,MNN2,ANP1,1.0,0.0,1.0
Red_original_44,DIE2,ALG5,ANP1,MNS1,1.0,0.0,1.0
Red_original_44,DIE2,ALG5,MNS1,OST5,1.0,0.0,1.0
Red_original_44,DIE2,ALG5,DIE2,OST5,0.0,1.0,-1.0
Red_original_44,DIE2,ALG5,ALG9,OST5,0.0,1.0,-1.0
Red_original_44,DIE2,ALG5,MNS1,DIE2,1.0,0.0,1.0
Red_original_44,DIE2,ALG5,CWH41,DIE2,1.0,0.0,1.0
Red_original_44,DIE2,ALG5,ROT2,DIE2,1.0,0.0,1.0
Red_original_44,DIE2,ALG5,UFD2,UBC7,1.0,0.0,1.0
Red_original_44,DIE2,ALG5,MNS1,ALG5,1.0,0.0,1.0
Red_original_44,DIE2,ALG5,CWH41,ALG5,1.0,0.0,1.0
Red_original_44,DIE2,ALG5,OST5,ALG5,1.0,0.0,1.0
Red_original_44,DIE2,ALG5,ALG12,ALG5,0.0,1.0,-1.0
Red_original_44,DIE2,ALG5,GOS1,SEC22,1.0,0.0,1.0
Red_original_44,DIE2,ALG5,ALG5,ALG3,0.0,1.0,-1.0
Red_original_44,DIE2,ALG5,ALG8,ALG3,0.0,1.0,-1.0
Red_original_44,DIE2,ALG5,ALG6,ALG3,0.0,1.0,-1.0
Red_original_44,DIE2,ALG5,MNN2,ANP1,1.0,0.0,1.0
Red_original_44,ALG8,ALG5,ANP1,MNS1,1.0,0.0,1.0
Red_original_44,ALG8,ALG5,DOA4,STP22,1.0,0.0,1.0
Red_original_44,ALG8,ALG5,GCS1,STP22,1.0,0.0,1.0
Red_original_44,ALG8,ALG5,STP22,DOA4,1.0,0.0,1.0
Red_original_44,ALG8,ALG5,GCS1,DOA4,1.0,0.0,1.0
Red_original_44,ALG8,ALG5,VPS28,DOA4,1.0,0.0,1.0
Red_original_44,ALG8,ALG5,PSD2,PCT1,1.0,0.0,1.0
Red_original_44,ALG8,ALG5,TLG2,GOS1,1.0,0.0,1.0
Red_original_44,ALG8,ALG5,STP22,GCS1,1.0,0.0,1.0
Red_original_44,ALG8,ALG5,VPS28,GCS1,1.0,0.0,1.0
Red_original_44,ALG8,ALG5,CWH41,ROT2,1.0,0.0,1.0
Red_original_44,ALG8,ALG5,DOA4,VPS28,1.0,0.0,1.0
Red_original_44,ALG8,ALG5,GCS1,VPS28,1.0,0.0,1.0
Red_original_44,ALG8,ALG5,MNS1,OST5,1.0,0.0,1.0
Red_original_44,ALG8,ALG5,CWH41,OST5,1.0,0.0,1.0
Red_original_44,ALG8,ALG5,ROT2,OST5,1.0,0.0,1.0
Red_original_44,ALG8,ALG5,DIE2,OST5,0.0,1.0,-1.0
Red_original_44,ALG8,ALG5,ALG12,OST5,0.0,1.0,-1.0
Red_original_44,ALG8,ALG5,ALG9,OST5,0.0,1.0,-1.0
Red_original_44,ALG8,ALG5,CWH41,DIE2,1.0,0.0,1.0
Red_original_44,ALG8,ALG5,ROT2,DIE2,1.0,0.0,1.0
Red_original_44,ALG8,ALG5,OST5,DIE2,1.0,0.0,1.0
Red_original_44,ALG8,ALG5,UFD2,UBC7,1.0,0.0,1.0
Red_original_44,ALG8,ALG5,HRD1,UBC7,1.0,0.0,1.0
Red_original_44,ALG8,ALG5,MNS1,ALG5,1.0,0.0,1.0
Red_original_44,ALG8,ALG5,CWH41,ALG5,1.0,0.0,1.0
Red_original_44,ALG8,ALG5,ROT2,ALG5,1.0,0.0,1.0
Red_original_44,ALG8,ALG5,OST5,ALG5,1.0,0.0,1.0
Red_original_44,ALG8,ALG5,ALG12,ALG5,0.0,1.0,-1.0
Red_original_44,ALG8,ALG5,TLG2,SEC22,1.0,0.0,1.0
Red_original_44,ALG8,ALG5,GOS1,SEC22,1.0,0.0,1.0
Red_original_44,ALG8,ALG5,UFD2,HRD1,1.0,0.0,1.0
Red_original_44,ALG8,ALG5,UBC7,HRD1,1.0,0.0,1.0
Red_original_44,ALG8,ALG5,MNS1,ALG8,1.0,0.0,1.0
Red_original_44,ALG8,ALG5,CWH41,ALG8,1.0,0.0,1.0
Red_original_44,ALG8,ALG5,ROT2,ALG8,1.0,0.0,1.0
Red_original_44,ALG8,ALG5,OST5,ALG8,1.0,0.0,1.0
Red_original_44,ALG8,ALG5,ALG5,ALG8,1.0,0.0,1.0
Red_original_44,ALG8,ALG5,ALG12,ALG8,1.0,0.0,1.0
Red_original_44,ALG8,ALG5,ALG9,ALG8,1.0,0.0,1.0
Red_original_44,ALG8,ALG5,MNS1,ALG12,1.0,0.0,1.0
Red_original_44,ALG8,ALG5,CWH41,ALG12,1.0,0.0,1.0
Red_original_44,ALG8,ALG5,OST5,ALG12,1.0,0.0,1.0
Red_original_44,ALG8,ALG5,DIE2,ALG12,1.0,0.0,1.0
Red_original_44,ALG8,ALG5,ALG5,ALG12,1.0,0.0,1.0
Red_original_44,ALG8,ALG5,ALG8,ALG12,1.0,0.0,1.0
Red_original_44,ALG8,ALG5,MNS1,ALG9,1.0,0.0,1.0
Red_original_44,ALG8,ALG5,CWH41,ALG9,1.0,0.0,1.0
Red_original_44,ALG8,ALG5,OST5,ALG9,1.0,0.0,1.0
Red_original_44,ALG8,ALG5,ALG5,ALG9,1.0,0.0,1.0
Red_original_44,ALG8,ALG5,ALG5,ALG6,1.0,0.0,1.0
Red_original_44,ALG8,ALG5,ALG12,ALG6,1.0,0.0,1.0
Red_original_44,ALG8,ALG5,ALG9,ALG6,1.0,0.0,1.0
Red_original_44,ALG8,ALG5,ALG5,ALG3,0.0,1.0,-1.0
Red_original_44,ALG8,ALG5,ALG8,ALG3,0.0,1.0,-1.0
Red_original_44,ALG8,ALG5,OST3,ALG3,1.0,0.0,1.0
Red_original_44,ALG8,ALG5,ALG3,OST3,1.0,0.0,1.0
Red_original_44,ALG8,ALG5,MNN2,ANP1,1.0,0.0,1.0
Red_original_44,ALG6,ALG5,CWH41,MNS1,1.0,0.0,1.0
Red_original_44,ALG6,ALG5,MNN2,MNS1,1.0,0.0,1.0
Red_original_44,ALG6,ALG5,ROT2,MNS1,1.0,0.0,1.0
Red_original_44,ALG6,ALG5,OST5,MNS1,1.0,0.0,1.0
Red_original_44,ALG6,ALG5,ANP1,MNS1,1.0,0.0,1.0
Red_original_44,ALG6,ALG5,BTS1,HMG1,1.0,0.0,1.0
Red_original_44,ALG6,ALG5,PCT1,PSD2,1.0,0.0,1.0
Red_original_44,ALG6,ALG5,DOA4,STP22,1.0,0.0,1.0
Red_original_44,ALG6,ALG5,GCS1,STP22,1.0,0.0,1.0
Red_original_44,ALG6,ALG5,VPS28,STP22,1.0,0.0,1.0
Red_original_44,ALG6,ALG5,GOS1,TLG2,1.0,0.0,1.0
Red_original_44,ALG6,ALG5,STP22,DOA4,1.0,0.0,1.0
Red_original_44,ALG6,ALG5,GCS1,DOA4,1.0,0.0,1.0
Red_original_44,ALG6,ALG5,VPS28,DOA4,1.0,0.0,1.0
Red_original_44,ALG6,ALG5,PSD2,PCT1,1.0,0.0,1.0
Red_original_44,ALG6,ALG5,OST5,CWH41,1.0,0.0,1.0
Red_original_44,ALG6,ALG5,TLG2,GOS1,1.0,0.0,1.0
Red_original_44,ALG6,ALG5,DIE2,ROT2,1.0,0.0,1.0
Red_original_44,ALG6,ALG5,GCS1,VPS28,1.0,0.0,1.0
Red_original_44,ALG6,ALG5,ROT2,OST5,1.0,0.0,1.0
Red_original_44,ALG6,ALG5,ALG12,OST5,0.0,1.0,-1.0
Red_original_44,ALG6,ALG5,ALG9,OST5,0.0,1.0,-1.0
Red_original_44,ALG6,ALG5,CWH41,DIE2,1.0,0.0,1.0
Red_original_44,ALG6,ALG5,ROT2,DIE2,1.0,0.0,1.0
Red_original_44,ALG6,ALG5,OST5,DIE2,1.0,0.0,1.0
Red_original_44,ALG6,ALG5,ALG5,DIE2,1.0,0.0,1.0
Red_original_44,ALG6,ALG5,ALG8,DIE2,1.0,0.0,1.0
Red_original_44,ALG6,ALG5,UFD2,UBC7,1.0,0.0,1.0
Red_original_44,ALG6,ALG5,HRD1,UBC7,1.0,0.0,1.0
Red_original_44,ALG6,ALG5,CWH41,ALG5,1.0,0.0,1.0
Red_original_44,ALG6,ALG5,OST5,ALG5,1.0,0.0,1.0
Red_original_44,ALG6,ALG5,TLG2,SEC22,1.0,0.0,1.0
Red_original_44,ALG6,ALG5,GOS1,SEC22,1.0,0.0,1.0
Red_original_44,ALG6,ALG5,UFD2,HRD1,1.0,0.0,1.0
Red_original_44,ALG6,ALG5,UBC7,HRD1,1.0,0.0,1.0
Red_original_44,ALG6,ALG5,CWH41,ALG8,1.0,0.0,1.0
Red_original_44,ALG6,ALG5,ROT2,ALG8,1.0,0.0,1.0
Red_original_44,ALG6,ALG5,OST5,ALG8,1.0,0.0,1.0
Red_original_44,ALG6,ALG5,ALG5,ALG8,1.0,0.0,1.0
Red_original_44,ALG6,ALG5,ALG6,ALG8,1.0,0.0,1.0
Red_original_44,ALG6,ALG5,MNS1,ALG12,1.0,0.0,1.0
Red_original_44,ALG6,ALG5,CWH41,ALG12,1.0,0.0,1.0
Red_original_44,ALG6,ALG5,ALG3,ALG12,1.0,0.0,1.0
Red_original_44,ALG6,ALG5,MNS1,ALG9,1.0,0.0,1.0
Red_original_44,ALG6,ALG5,CWH41,ALG9,1.0,0.0,1.0
Red_original_44,ALG6,ALG5,ROT2,ALG9,1.0,0.0,1.0
Red_original_44,ALG6,ALG5,OST5,ALG9,1.0,0.0,1.0
Red_original_44,ALG6,ALG5,ALG3,ALG9,1.0,0.0,1.0
Red_original_44,ALG6,ALG5,OST3,ALG9,1.0,0.0,1.0
Red_original_44,ALG6,ALG5,CWH41,ALG6,1.0,0.0,1.0
Red_original_44,ALG6,ALG5,OST5,ALG6,1.0,0.0,1.0
Red_original_44,ALG6,ALG5,ALG5,ALG6,1.0,0.0,1.0
Red_original_44,ALG6,ALG5,ALG12,ALG6,1.0,0.0,1.0
Red_original_44,ALG6,ALG5,ALG9,ALG6,1.0,0.0,1.0
Red_original_44,ALG6,ALG5,ALG3,ALG6,1.0,0.0,1.0
Red_original_44,ALG6,ALG5,OST3,ALG6,1.0,0.0,1.0
Red_original_44,ALG6,ALG5,ROT2,ALG3,0.0,1.0,-1.0
Red_original_44,ALG6,ALG5,DIE2,ALG3,1.0,0.0,1.0
Red_original_44,ALG6,ALG5,OST3,ALG3,1.0,0.0,1.0
Red_original_44,ALG6,ALG5,PMT1,PMT2,1.0,0.0,1.0
Red_original_44,ALG6,ALG5,MNS1,OST3,0.0,1.0,-1.0
Red_original_44,ALG6,ALG5,DIE2,OST3,0.0,1.0,-1.0
Red_original_44,ALG6,ALG5,ALG3,OST3,1.0,0.0,1.0
Red_original_44,DIE2,ALG8,ANP1,MNS1,1.0,0.0,1.0
Red_original_44,DIE2,ALG8,PSD2,PCT1,1.0,0.0,1.0
Red_original_44,DIE2,ALG8,TLG2,GOS1,1.0,0.0,1.0
Red_original_44,DIE2,ALG8,DOA4,VPS28,1.0,0.0,1.0
Red_original_44,DIE2,ALG8,MNS1,OST5,1.0,0.0,1.0
Red_original_44,DIE2,ALG8,CWH41,OST5,1.0,0.0,1.0
Red_original_44,DIE2,ALG8,ROT2,OST5,1.0,0.0,1.0
Red_original_44,DIE2,ALG8,DIE2,OST5,0.0,1.0,-1.0
Red_original_44,DIE2,ALG8,ALG9,OST5,0.0,1.0,-1.0
Red_original_44,DIE2,ALG8,MNS1,DIE2,1.0,0.0,1.0
Red_original_44,DIE2,ALG8,CWH41,DIE2,1.0,0.0,1.0
Red_original_44,DIE2,ALG8,ROT2,DIE2,1.0,0.0,1.0
Red_original_44,DIE2,ALG8,OST5,DIE2,1.0,0.0,1.0
Red_original_44,DIE2,ALG8,UFD2,UBC7,1.0,0.0,1.0
Red_original_44,DIE2,ALG8,MNS1,ALG5,1.0,0.0,1.0
Red_original_44,DIE2,ALG8,CWH41,ALG5,1.0,0.0,1.0
Red_original_44,DIE2,ALG8,ROT2,ALG5,1.0,0.0,1.0
Red_original_44,DIE2,ALG8,OST5,ALG5,1.0,0.0,1.0
Red_original_44,DIE2,ALG8,GOS1,SEC22,1.0,0.0,1.0
Red_original_44,DIE2,ALG8,UFD2,HRD1,1.0,0.0,1.0
Red_original_44,DIE2,ALG8,UBC7,HRD1,1.0,0.0,1.0
Red_original_44,DIE2,ALG8,ALG5,ALG8,1.0,0.0,1.0
Red_original_44,DIE2,ALG8,ALG5,ALG12,1.0,0.0,1.0
Red_original_44,DIE2,ALG8,ALG5,ALG9,1.0,0.0,1.0
Red_original_44,DIE2,ALG8,ALG5,ALG3,0.0,1.0,-1.0
Red_original_44,DIE2,ALG8,ALG6,ALG3,0.0,1.0,-1.0
Red_original_44,DIE2,ALG8,MNN2,ANP1,1.0,0.0,1.0
Red_original_44,DIE2,ALG9,ANP1,MNS1,1.0,0.0,1.0
Red_original_44,DIE2,ALG9,STP22,DOA4,1.0,0.0,1.0
Red_original_44,DIE2,ALG9,GCS1,DOA4,1.0,0.0,1.0
Red_original_44,DIE2,ALG9,PSD2,PCT1,1.0,0.0,1.0
Red_original_44,DIE2,ALG9,TLG2,GOS1,1.0,0.0,1.0
Red_original_44,DIE2,ALG9,STP22,GCS1,0.0,1.0,-1.0
Red_original_44,DIE2,ALG9,DOA4,VPS28,1.0,0.0,1.0
Red_original_44,DIE2,ALG9,MNS1,OST5,1.0,0.0,1.0
Red_original_44,DIE2,ALG9,CWH41,OST5,1.0,0.0,1.0
Red_original_44,DIE2,ALG9,ROT2,OST5,1.0,0.0,1.0
Red_original_44,DIE2,ALG9,DIE2,OST5,0.0,1.0,-1.0
Red_original_44,DIE2,ALG9,ALG12,OST5,0.0,1.0,-1.0
Red_original_44,DIE2,ALG9,ALG9,OST5,0.0,1.0,-1.0
Red_original_44,DIE2,ALG9,CWH41,DIE2,1.0,0.0,1.0
Red_original_44,DIE2,ALG9,ROT2,DIE2,1.0,0.0,1.0
Red_original_44,DIE2,ALG9,OST5,DIE2,1.0,0.0,1.0
Red_original_44,DIE2,ALG9,UFD2,UBC7,1.0,0.0,1.0
Red_original_44,DIE2,ALG9,MNS1,ALG5,1.0,0.0,1.0
Red_original_44,DIE2,ALG9,CWH41,ALG5,1.0,0.0,1.0
Red_original_44,DIE2,ALG9,ROT2,ALG5,1.0,0.0,1.0
Red_original_44,DIE2,ALG9,OST5,ALG5,1.0,0.0,1.0
Red_original_44,DIE2,ALG9,ALG12,ALG5,0.0,1.0,-1.0
Red_original_44,DIE2,ALG9,TLG2,SEC22,1.0,0.0,1.0
Red_original_44,DIE2,ALG9,GOS1,SEC22,1.0,0.0,1.0
Red_original_44,DIE2,ALG9,UFD2,HRD1,1.0,0.0,1.0
Red_original_44,DIE2,ALG9,UBC7,HRD1,1.0,0.0,1.0
Red_original_44,DIE2,ALG9,ALG5,ALG8,1.0,0.0,1.0
Red_original_44,DIE2,ALG9,DIE2,ALG12,1.0,0.0,1.0
Red_original_44,DIE2,ALG9,ALG5,ALG12,1.0,0.0,1.0
Red_original_44,DIE2,ALG9,ALG8,ALG12,1.0,0.0,1.0
Red_original_44,DIE2,ALG9,ALG9,ALG12,0.0,1.0,-1.0
Red_original_44,DIE2,ALG9,ALG5,ALG9,1.0,0.0,1.0
Red_original_44,DIE2,ALG9,ALG5,ALG3,0.0,1.0,-1.0
Red_original_44,DIE2,ALG9,ALG8,ALG3,0.0,1.0,-1.0
Red_original_44,DIE2,ALG9,ALG6,ALG3,0.0,1.0,-1.0
Red_original_44,DIE2,ALG9,MNN2,ANP1,1.0,0.0,1.0
Red_original_44,ALG8,ALG9,ANP1,MNS1,1.0,0.0,1.0
Red_original_44,ALG8,ALG9,GCS1,DOA4,1.0,0.0,1.0
Red_original_44,ALG8,ALG9,PSD2,PCT1,1.0,0.0,1.0
Red_original_44,ALG8,ALG9,TLG2,GOS1,1.0,0.0,1.0
Red_original_44,ALG8,ALG9,STP22,GCS1,0.0,1.0,-1.0
Red_original_44,ALG8,ALG9,VPS28,GCS1,0.0,1.0,-1.0
Red_original_44,ALG8,ALG9,CWH41,ROT2,0.0,1.0,-1.0
Red_original_44,ALG8,ALG9,DOA4,VPS28,1.0,0.0,1.0
Red_original_44,ALG8,ALG9,MNS1,OST5,1.0,0.0,1.0
Red_original_44,ALG8,ALG9,ROT2,OST5,1.0,0.0,1.0
Red_original_44,ALG8,ALG9,DIE2,OST5,0.0,1.0,-1.0
Red_original_44,ALG8,ALG9,ALG12,OST5,0.0,1.0,-1.0
Red_original_44,ALG8,ALG9,ALG9,OST5,0.0,1.0,-1.0
Red_original_44,ALG8,ALG9,CWH41,DIE2,1.0,0.0,1.0
Red_original_44,ALG8,ALG9,ROT2,DIE2,1.0,0.0,1.0
Red_original_44,ALG8,ALG9,OST5,DIE2,1.0,0.0,1.0
Red_original_44,ALG8,ALG9,UFD2,UBC7,1.0,0.0,1.0
Red_original_44,ALG8,ALG9,MNS1,ALG5,1.0,0.0,1.0
Red_original_44,ALG8,ALG9,CWH41,ALG5,1.0,0.0,1.0
Red_original_44,ALG8,ALG9,ROT2,ALG5,1.0,0.0,1.0
Red_original_44,ALG8,ALG9,OST5,ALG5,1.0,0.0,1.0
Red_original_44,ALG8,ALG9,ALG12,ALG5,0.0,1.0,-1.0
Red_original_44,ALG8,ALG9,GOS1,SEC22,1.0,0.0,1.0
Red_original_44,ALG8,ALG9,UFD2,HRD1,1.0,0.0,1.0
Red_original_44,ALG8,ALG9,UBC7,HRD1,1.0,0.0,1.0
Red_original_44,ALG8,ALG9,ALG5,ALG8,1.0,0.0,1.0
Red_original_44,ALG8,ALG9,ALG12,ALG8,0.0,1.0,-1.0
Red_original_44,ALG8,ALG9,ROT2,ALG12,0.0,1.0,-1.0
Red_original_44,ALG8,ALG9,OST5,ALG12,0.0,1.0,-1.0
Red_original_44,ALG8,ALG9,DIE2,ALG12,1.0,0.0,1.0
Red_original_44,ALG8,ALG9,ALG9,ALG12,0.0,1.0,-1.0
Red_original_44,ALG8,ALG9,ALG6,ALG12,0.0,1.0,-1.0
Red_original_44,ALG8,ALG9,ALG5,ALG9,1.0,0.0,1.0
Red_original_44,ALG8,ALG9,MNS1,ALG6,0.0,1.0,-1.0
Red_original_44,ALG8,ALG9,ALG5,ALG3,0.0,1.0,-1.0
Red_original_44,ALG8,ALG9,ALG8,ALG3,0.0,1.0,-1.0
Red_original_44,ALG8,ALG9,ALG6,ALG3,0.0,1.0,-1.0
Red_original_44,ALG8,ALG9,ALG5,OST3,0.0,1.0,-1.0
Red_original_44,ALG8,ALG9,ALG9,OST3,0.0,1.0,-1.0
Red_original_44,ALG12,ALG9,ANP1,MNS1,1.0,0.0,1.0
Red_original_44,ALG12,ALG9,STP22,DOA4,1.0,0.0,1.0
Red_original_44,ALG12,ALG9,GCS1,DOA4,1.0,0.0,1.0
Red_original_44,ALG12,ALG9,PSD2,PCT1,1.0,0.0,1.0
Red_original_44,ALG12,ALG9,TLG2,GOS1,1.0,0.0,1.0
Red_original_44,ALG12,ALG9,STP22,GCS1,1.0,0.0,1.0
Red_original_44,ALG12,ALG9,CWH41,ROT2,1.0,0.0,1.0
Red_original_44,ALG12,ALG9,DOA4,VPS28,1.0,0.0,1.0
Red_original_44,ALG12,ALG9,GCS1,VPS28,1.0,0.0,1.0
Red_original_44,ALG12,ALG9,MNS1,OST5,1.0,0.0,1.0
Red_original_44,ALG12,ALG9,CWH41,OST5,1.0,0.0,1.0
Red_original_44,ALG12,ALG9,ROT2,OST5,1.0,0.0,1.0
Red_original_44,ALG12,ALG9,DIE2,OST5,0.0,1.0,-1.0
Red_original_44,ALG12,ALG9,ALG9,OST5,0.0,1.0,-1.0
Red_original_44,ALG12,ALG9,MNS1,DIE2,1.0,0.0,1.0
Red_original_44,ALG12,ALG9,CWH41,DIE2,1.0,0.0,1.0
Red_original_44,ALG12,ALG9,ROT2,DIE2,1.0,0.0,1.0
Red_original_44,ALG12,ALG9,OST5,DIE2,1.0,0.0,1.0
Red_original_44,ALG12,ALG9,UFD2,UBC7,1.0,0.0,1.0
Red_original_44,ALG12,ALG9,MNS1,ALG5,1.0,0.0,1.0
Red_original_44,ALG12,ALG9,CWH41,ALG5,1.0,0.0,1.0
Red_original_44,ALG12,ALG9,ROT2,ALG5,1.0,0.0,1.0
Red_original_44,ALG12,ALG9,OST5,ALG5,1.0,0.0,1.0
Red_original_44,ALG12,ALG9,TLG2,SEC22,1.0,0.0,1.0
Red_original_44,ALG12,ALG9,GOS1,SEC22,1.0,0.0,1.0
Red_original_44,ALG12,ALG9,UFD2,HRD1,1.0,0.0,1.0
Red_original_44,ALG12,ALG9,UBC7,HRD1,1.0,0.0,1.0
Red_original_44,ALG12,ALG9,MNS1,ALG8,1.0,0.0,1.0
Red_original_44,ALG12,ALG9,ALG5,ALG8,1.0,0.0,1.0
Red_original_44,ALG12,ALG9,MNS1,ALG12,1.0,0.0,1.0
Red_original_44,ALG12,ALG9,DIE2,ALG12,1.0,0.0,1.0
Red_original_44,ALG12,ALG9,ALG5,ALG12,1.0,0.0,1.0
Red_original_44,ALG12,ALG9,ALG8,ALG12,1.0,0.0,1.0
Red_original_44,ALG12,ALG9,MNS1,ALG9,1.0,0.0,1.0
Red_original_44,ALG12,ALG9,ALG5,ALG9,1.0,0.0,1.0
Red_original_44,ALG12,ALG9,ALG12,ALG6,1.0,0.0,1.0
Red_original_44,ALG12,ALG9,ALG9,ALG6,1.0,0.0,1.0
Red_original_44,ALG12,ALG9,ALG5,ALG3,0.0,1.0,-1.0
Red_original_44,ALG12,ALG9,ALG6,ALG3,0.0,1.0,-1.0
Red_original_44,ALG12,ALG9,ALG3,OST3,1.0,0.0,1.0
Red_original_44,ALG12,ALG9,MNN2,ANP1,1.0,0.0,1.0
Red_original_44,ALG6,ALG9,ROT2,MNS1,1.0,0.0,1.0
Red_original_44,ALG6,ALG9,ANP1,MNS1,1.0,0.0,1.0
Red_original_44,ALG6,ALG9,DOA4,STP22,1.0,0.0,1.0
Red_original_44,ALG6,ALG9,GCS1,STP22,1.0,0.0,1.0
Red_original_44,ALG6,ALG9,GOS1,TLG2,1.0,0.0,1.0
Red_original_44,ALG6,ALG9,STP22,DOA4,1.0,0.0,1.0
Red_original_44,ALG6,ALG9,GCS1,DOA4,1.0,0.0,1.0
Red_original_44,ALG6,ALG9,VPS28,DOA4,1.0,0.0,1.0
Red_original_44,ALG6,ALG9,PSD2,PCT1,1.0,0.0,1.0
Red_original_44,ALG6,ALG9,OST5,CWH41,1.0,0.0,1.0
Red_original_44,ALG6,ALG9,TLG2,GOS1,1.0,0.0,1.0
Red_original_44,ALG6,ALG9,DOA4,GCS1,0.0,1.0,-1.0
Red_original_44,ALG6,ALG9,GCS1,VPS28,1.0,0.0,1.0
Red_original_44,ALG6,ALG9,ROT2,OST5,1.0,0.0,1.0
Red_original_44,ALG6,ALG9,DIE2,OST5,0.0,1.0,-1.0
Red_original_44,ALG6,ALG9,ALG12,OST5,0.0,1.0,-1.0
Red_original_44,ALG6,ALG9,ALG9,OST5,0.0,1.0,-1.0
Red_original_44,ALG6,ALG9,CWH41,DIE2,1.0,0.0,1.0
Red_original_44,ALG6,ALG9,ROT2,DIE2,1.0,0.0,1.0
Red_original_44,ALG6,ALG9,OST5,DIE2,1.0,0.0,1.0
Red_original_44,ALG6,ALG9,UFD2,UBC7,1.0,0.0,1.0
Red_original_44,ALG6,ALG9,HRD1,UBC7,1.0,0.0,1.0
Red_original_44,ALG6,ALG9,CWH41,ALG5,1.0,0.0,1.0
Red_original_44,ALG6,ALG9,OST5,ALG5,1.0,0.0,1.0
Red_original_44,ALG6,ALG9,ALG12,ALG5,0.0,1.0,-1.0
Red_original_44,ALG6,ALG9,TLG2,SEC22,1.0,0.0,1.0
Red_original_44,ALG6,ALG9,GOS1,SEC22,1.0,0.0,1.0
Red_original_44,ALG6,ALG9,UFD2,HRD1,1.0,0.0,1.0
Red_original_44,ALG6,ALG9,UBC7,HRD1,1.0,0.0,1.0
Red_original_44,ALG6,ALG9,MNS1,ALG8,1.0,0.0,1.0
Red_original_44,ALG6,ALG9,CWH41,ALG8,1.0,0.0,1.0
Red_original_44,ALG6,ALG9,ROT2,ALG8,1.0,0.0,1.0
Red_original_44,ALG6,ALG9,OST5,ALG8,1.0,0.0,1.0
Red_original_44,ALG6,ALG9,ALG5,ALG8,1.0,0.0,1.0
Red_original_44,ALG6,ALG9,ALG9,ALG8,1.0,0.0,1.0
Red_original_44,ALG6,ALG9,MNS1,ALG12,1.0,0.0,1.0
Red_original_44,ALG6,ALG9,CWH41,ALG12,1.0,0.0,1.0
Red_original_44,ALG6,ALG9,ALG6,ALG12,0.0,1.0,-1.0
Red_original_44,ALG6,ALG9,MNS1,ALG9,1.0,0.0,1.0
Red_original_44,ALG6,ALG9,CWH41,ALG9,1.0,0.0,1.0
Red_original_44,ALG6,ALG9,ROT2,ALG9,1.0,0.0,1.0
Red_original_44,ALG6,ALG9,OST5,ALG9,1.0,0.0,1.0
Red_original_44,ALG6,ALG9,MNS1,ALG6,0.0,1.0,-1.0
Red_original_44,ALG6,ALG9,ALG5,ALG6,1.0,0.0,1.0
Red_original_44,ALG6,ALG9,ALG12,ALG6,1.0,0.0,1.0
Red_original_44,ALG6,ALG9,ALG9,ALG6,1.0,0.0,1.0
Red_original_44,ALG6,ALG9,ROT2,ALG3,0.0,1.0,-1.0
Red_original_44,ALG6,ALG9,ALG5,ALG3,0.0,1.0,-1.0
Red_original_44,ALG6,ALG9,ALG8,ALG3,0.0,1.0,-1.0
Red_original_44,ALG6,ALG9,OST3,ALG3,1.0,0.0,1.0
Red_original_44,ALG6,ALG9,MNS1,OST3,0.0,1.0,-1.0
Red_original_44,ALG6,ALG9,ALG5,OST3,0.0,1.0,-1.0
Red_original_44,ALG6,ALG9,ALG12,OST3,0.0,1.0,-1.0
Red_original_44,ALG6,ALG9,ALG9,OST3,0.0,1.0,-1.0
Red_original_44,ALG6,ALG9,ALG6,OST3,1.0,0.0,1.0
Red_original_44,ALG6,ALG9,ALG3,OST3,1.0,0.0,1.0
Red_original_44,DIE2,ALG6,ROT2,MNS1,1.0,0.0,1.0
Red_original_44,DIE2,ALG6,ANP1,MNS1,1.0,0.0,1.0
Red_original_44,DIE2,ALG6,PCT1,PSD2,1.0,0.0,1.0
Red_original_44,DIE2,ALG6,DOA4,STP22,1.0,0.0,1.0
Red_original_44,DIE2,ALG6,GCS1,STP22,1.0,0.0,1.0
Red_original_44,DIE2,ALG6,GOS1,TLG2,1.0,0.0,1.0
Red_original_44,DIE2,ALG6,STP22,DOA4,1.0,0.0,1.0
Red_original_44,DIE2,ALG6,GCS1,DOA4,1.0,0.0,1.0
Red_original_44,DIE2,ALG6,VPS28,DOA4,1.0,0.0,1.0
Red_original_44,DIE2,ALG6,PSD2,PCT1,1.0,0.0,1.0
Red_original_44,DIE2,ALG6,OST5,CWH41,1.0,0.0,1.0
Red_original_44,DIE2,ALG6,TLG2,GOS1,1.0,0.0,1.0
Red_original_44,DIE2,ALG6,DOA4,VPS28,1.0,0.0,1.0
Red_original_44,DIE2,ALG6,GCS1,VPS28,1.0,0.0,1.0
Red_original_44,DIE2,ALG6,MNS1,OST5,1.0,0.0,1.0
Red_original_44,DIE2,ALG6,ROT2,OST5,1.0,0.0,1.0
Red_original_44,DIE2,ALG6,ALG12,OST5,0.0,1.0,-1.0
Red_original_44,DIE2,ALG6,ALG9,OST5,0.0,1.0,-1.0
Red_original_44,DIE2,ALG6,CWH41,DIE2,1.0,0.0,1.0
Red_original_44,DIE2,ALG6,ROT2,DIE2,1.0,0.0,1.0
Red_original_44,DIE2,ALG6,OST5,DIE2,1.0,0.0,1.0
Red_original_44,DIE2,ALG6,UFD2,UBC7,1.0,0.0,1.0
Red_original_44,DIE2,ALG6,HRD1,UBC7,1.0,0.0,1.0
Red_original_44,DIE2,ALG6,MNS1,ALG5,1.0,0.0,1.0
Red_original_44,DIE2,ALG6,CWH41,ALG5,1.0,0.0,1.0
Red_original_44,DIE2,ALG6,ROT2,ALG5,1.0,0.0,1.0
Red_original_44,DIE2,ALG6,OST5,ALG5,1.0,0.0,1.0
Red_original_44,DIE2,ALG6,ALG12,ALG5,0.0,1.0,-1.0
Red_original_44,DIE2,ALG6,TLG2,SEC22,1.0,0.0,1.0
Red_original_44,DIE2,ALG6,GOS1,SEC22,1.0,0.0,1.0
Red_original_44,DIE2,ALG6,UFD2,HRD1,1.0,0.0,1.0
Red_original_44,DIE2,ALG6,UBC7,HRD1,1.0,0.0,1.0
Red_original_44,DIE2,ALG6,MNS1,ALG8,1.0,0.0,1.0
Red_original_44,DIE2,ALG6,CWH41,ALG8,1.0,0.0,1.0
Red_original_44,DIE2,ALG6,ROT2,ALG8,1.0,0.0,1.0
Red_original_44,DIE2,ALG6,OST5,ALG8,1.0,0.0,1.0
Red_original_44,DIE2,ALG6,ALG5,ALG8,1.0,0.0,1.0
Red_original_44,DIE2,ALG6,ALG9,ALG8,1.0,0.0,1.0
Red_original_44,DIE2,ALG6,MNS1,ALG12,1.0,0.0,1.0
Red_original_44,DIE2,ALG6,CWH41,ALG12,1.0,0.0,1.0
Red_original_44,DIE2,ALG6,DIE2,ALG12,1.0,0.0,1.0
Red_original_44,DIE2,ALG6,ALG8,ALG12,1.0,0.0,1.0
Red_original_44,DIE2,ALG6,MNS1,ALG9,1.0,0.0,1.0
Red_original_44,DIE2,ALG6,CWH41,ALG9,1.0,0.0,1.0
Red_original_44,DIE2,ALG6,ROT2,ALG9,1.0,0.0,1.0
Red_original_44,DIE2,ALG6,OST5,ALG9,1.0,0.0,1.0
Red_original_44,DIE2,ALG6,ALG5,ALG9,1.0,0.0,1.0
Red_original_44,DIE2,ALG6,MNS1,ALG6,0.0,1.0,-1.0
Red_original_44,DIE2,ALG6,ALG5,ALG6,1.0,0.0,1.0
Red_original_44,DIE2,ALG6,ALG12,ALG6,1.0,0.0,1.0
Red_original_44,DIE2,ALG6,ALG9,ALG6,1.0,0.0,1.0
Red_original_44,DIE2,ALG6,ALG3,ALG6,1.0,0.0,1.0
Red_original_44,DIE2,ALG6,ALG5,ALG3,0.0,1.0,-1.0
Red_original_44,DIE2,ALG6,ALG8,ALG3,0.0,1.0,-1.0
Red_original_44,DIE2,ALG6,OST3,ALG3,1.0,0.0,1.0
Red_original_44,DIE2,ALG6,MNS1,OST3,0.0,1.0,-1.0
Red_original_44,DIE2,ALG6,ALG5,OST3,0.0,1.0,-1.0
Red_original_44,DIE2,ALG6,ALG12,OST3,0.0,1.0,-1.0
Red_original_44,DIE2,ALG6,ALG9,OST3,0.0,1.0,-1.0
Red_original_44,DIE2,ALG6,ALG6,OST3,1.0,0.0,1.0
Red_original_44,DIE2,ALG6,ALG3,OST3,1.0,0.0,1.0
Red_original_44,ALG8,ALG6,ANP1,MNS1,1.0,0.0,1.0
Red_original_44,ALG8,ALG6,DOA4,STP22,1.0,0.0,1.0
Red_original_44,ALG8,ALG6,GCS1,STP22,1.0,0.0,1.0
Red_original_44,ALG8,ALG6,STP22,DOA4,1.0,0.0,1.0
Red_original_44,ALG8,ALG6,GCS1,DOA4,1.0,0.0,1.0
Red_original_44,ALG8,ALG6,PSD2,PCT1,1.0,0.0,1.0
Red_original_44,ALG8,ALG6,TLG2,GOS1,1.0,0.0,1.0
Red_original_44,ALG8,ALG6,DOA4,VPS28,1.0,0.0,1.0
Red_original_44,ALG8,ALG6,GCS1,VPS28,1.0,0.0,1.0
Red_original_44,ALG8,ALG6,MNS1,OST5,1.0,0.0,1.0
Red_original_44,ALG8,ALG6,ROT2,OST5,1.0,0.0,1.0
Red_original_44,ALG8,ALG6,DIE2,OST5,0.0,1.0,-1.0
Red_original_44,ALG8,ALG6,ALG12,OST5,0.0,1.0,-1.0
Red_original_44,ALG8,ALG6,ALG9,OST5,0.0,1.0,-1.0
Red_original_44,ALG8,ALG6,CWH41,DIE2,1.0,0.0,1.0
Red_original_44,ALG8,ALG6,ROT2,DIE2,1.0,0.0,1.0
Red_original_44,ALG8,ALG6,OST5,DIE2,1.0,0.0,1.0
Red_original_44,ALG8,ALG6,UFD2,UBC7,1.0,0.0,1.0
Red_original_44,ALG8,ALG6,MNS1,ALG5,1.0,0.0,1.0
Red_original_44,ALG8,ALG6,CWH41,ALG5,1.0,0.0,1.0
Red_original_44,ALG8,ALG6,ROT2,ALG5,1.0,0.0,1.0
Red_original_44,ALG8,ALG6,OST5,ALG5,1.0,0.0,1.0
Red_original_44,ALG8,ALG6,ALG12,ALG5,0.0,1.0,-1.0
Red_original_44,ALG8,ALG6,TLG2,SEC22,1.0,0.0,1.0
Red_original_44,ALG8,ALG6,GOS1,SEC22,1.0,0.0,1.0
Red_original_44,ALG8,ALG6,UFD2,HRD1,1.0,0.0,1.0
Red_original_44,ALG8,ALG6,UBC7,HRD1,1.0,0.0,1.0
Red_original_44,ALG8,ALG6,MNS1,ALG8,1.0,0.0,1.0
Red_original_44,ALG8,ALG6,CWH41,ALG8,1.0,0.0,1.0
Red_original_44,ALG8,ALG6,OST5,ALG8,1.0,0.0,1.0
Red_original_44,ALG8,ALG6,ALG5,ALG8,1.0,0.0,1.0
Red_original_44,ALG8,ALG6,ALG9,ALG8,1.0,0.0,1.0
Red_original_44,ALG8,ALG6,MNS1,ALG12,1.0,0.0,1.0
Red_original_44,ALG8,ALG6,CWH41,ALG12,1.0,0.0,1.0
Red_original_44,ALG8,ALG6,ROT2,ALG12,0.0,1.0,-1.0
Red_original_44,ALG8,ALG6,OST5,ALG12,0.0,1.0,-1.0
Red_original_44,ALG8,ALG6,DIE2,ALG12,1.0,0.0,1.0
Red_original_44,ALG8,ALG6,ALG8,ALG12,1.0,0.0,1.0
Red_original_44,ALG8,ALG6,ALG6,ALG12,0.0,1.0,-1.0
Red_original_44,ALG8,ALG6,MNS1,ALG9,1.0,0.0,1.0
Red_original_44,ALG8,ALG6,ALG5,ALG9,1.0,0.0,1.0
Red_original_44,ALG8,ALG6,MNS1,ALG6,0.0,1.0,-1.0
Red_original_44,ALG8,ALG6,ALG12,ALG6,1.0,0.0,1.0
Red_original_44,ALG8,ALG6,ALG9,ALG6,1.0,0.0,1.0
Red_original_44,ALG8,ALG6,ALG5,ALG3,0.0,1.0,-1.0
Red_original_44,ALG8,ALG6,ALG8,ALG3,0.0,1.0,-1.0
Red_original_44,ALG8,ALG6,OST3,ALG3,1.0,0.0,1.0
Red_original_44,ALG8,ALG6,ALG5,OST3,0.0,1.0,-1.0
Red_original_44,ALG8,ALG6,ALG12,OST3,0.0,1.0,-1.0
Red_original_44,ALG8,ALG6,ALG9,OST3,0.0,1.0,-1.0
Red_original_44,ALG8,ALG6,ALG3,OST3,1.0,0.0,1.0
Red_original_44,ALG12,ALG3,ANP1,MNS1,1.0,0.0,1.0
Red_original_44,ALG12,ALG3,DOA4,STP22,1.0,0.0,1.0
Red_original_44,ALG12,ALG3,GCS1,STP22,1.0,0.0,1.0
Red_original_44,ALG12,ALG3,STP22,DOA4,1.0,0.0,1.0
Red_original_44,ALG12,ALG3,GCS1,DOA4,1.0,0.0,1.0
Red_original_44,ALG12,ALG3,PSD2,PCT1,1.0,0.0,1.0
Red_original_44,ALG12,ALG3,TLG2,GOS1,1.0,0.0,1.0
Red_original_44,ALG12,ALG3,STP22,GCS1,1.0,0.0,1.0
Red_original_44,ALG12,ALG3,VPS28,GCS1,1.0,0.0,1.0
Red_original_44,ALG12,ALG3,CWH41,ROT2,1.0,0.0,1.0
Red_original_44,ALG12,ALG3,DOA4,VPS28,1.0,0.0,1.0
Red_original_44,ALG12,ALG3,GCS1,VPS28,1.0,0.0,1.0
Red_original_44,ALG12,ALG3,MNS1,OST5,1.0,0.0,1.0
Red_original_44,ALG12,ALG3,CWH41,OST5,1.0,0.0,1.0
Red_original_44,ALG12,ALG3,ROT2,OST5,1.0,0.0,1.0
Red_original_44,ALG12,ALG3,MNS1,DIE2,1.0,0.0,1.0
Red_original_44,ALG12,ALG3,CWH41,DIE2,1.0,0.0,1.0
Red_original_44,ALG12,ALG3,ROT2,DIE2,1.0,0.0,1.0
Red_original_44,ALG12,ALG3,OST5,DIE2,1.0,0.0,1.0
Red_original_44,ALG12,ALG3,UFD2,UBC7,1.0,0.0,1.0
Red_original_44,ALG12,ALG3,MNS1,ALG5,1.0,0.0,1.0
Red_original_44,ALG12,ALG3,CWH41,ALG5,1.0,0.0,1.0
Red_original_44,ALG12,ALG3,ROT2,ALG5,1.0,0.0,1.0
Red_original_44,ALG12,ALG3,OST5,ALG5,1.0,0.0,1.0
Red_original_44,ALG12,ALG3,TLG2,SEC22,1.0,0.0,1.0
Red_original_44,ALG12,ALG3,GOS1,SEC22,1.0,0.0,1.0
Red_original_44,ALG12,ALG3,UFD2,HRD1,1.0,0.0,1.0
Red_original_44,ALG12,ALG3,UBC7,HRD1,1.0,0.0,1.0
Red_original_44,ALG12,ALG3,MNS1,ALG8,1.0,0.0,1.0
Red_original_44,ALG12,ALG3,CWH41,ALG8,1.0,0.0,1.0
Red_original_44,ALG12,ALG3,OST5,ALG8,1.0,0.0,1.0
Red_original_44,ALG12,ALG3,ALG5,ALG8,1.0,0.0,1.0
Red_original_44,ALG12,ALG3,ALG12,ALG8,1.0,0.0,1.0
Red_original_44,ALG12,ALG3,ALG9,ALG8,1.0,0.0,1.0
Red_original_44,ALG12,ALG3,MNS1,ALG12,1.0,0.0,1.0
Red_original_44,ALG12,ALG3,CWH41,ALG12,1.0,0.0,1.0
Red_original_44,ALG12,ALG3,OST5,ALG12,1.0,0.0,1.0
Red_original_44,ALG12,ALG3,DIE2,ALG12,1.0,0.0,1.0
Red_original_44,ALG12,ALG3,ALG5,ALG12,1.0,0.0,1.0
Red_original_44,ALG12,ALG3,ALG8,ALG12,1.0,0.0,1.0
Red_original_44,ALG12,ALG3,ALG9,ALG12,1.0,0.0,1.0
Red_original_44,ALG12,ALG3,MNS1,ALG9,1.0,0.0,1.0
Red_original_44,ALG12,ALG3,CWH41,ALG9,1.0,0.0,1.0
Red_original_44,ALG12,ALG3,ALG5,ALG9,1.0,0.0,1.0
Red_original_44,ALG12,ALG3,ALG5,ALG6,1.0,0.0,1.0
Red_original_44,ALG12,ALG3,ALG12,ALG6,1.0,0.0,1.0
Red_original_44,ALG12,ALG3,ALG9,ALG6,1.0,0.0,1.0
Red_original_44,ALG12,ALG3,ALG5,ALG3,0.0,1.0,-1.0
Red_original_44,ALG12,ALG3,ALG6,ALG3,1.0,0.0,1.0
Red_original_44,ALG12,ALG3,OST3,ALG3,1.0,0.0,1.0
Red_original_44,ALG12,ALG3,ALG3,OST3,1.0,0.0,1.0
Red_original_44,ALG12,ALG3,MNN2,ANP1,1.0,0.0,1.0
Red_original_44,ALG9,ALG3,ANP1,MNS1,1.0,0.0,1.0
Red_original_44,ALG9,ALG3,DOA4,STP22,1.0,0.0,1.0
Red_original_44,ALG9,ALG3,GCS1,STP22,1.0,0.0,1.0
Red_original_44,ALG9,ALG3,STP22,DOA4,1.0,0.0,1.0
Red_original_44,ALG9,ALG3,GCS1,DOA4,1.0,0.0,1.0
Red_original_44,ALG9,ALG3,PSD2,PCT1,1.0,0.0,1.0
Red_original_44,ALG9,ALG3,TLG2,GOS1,1.0,0.0,1.0
Red_original_44,ALG9,ALG3,STP22,GCS1,1.0,0.0,1.0
Red_original_44,ALG9,ALG3,VPS28,GCS1,1.0,0.0,1.0
Red_original_44,ALG9,ALG3,CWH41,ROT2,1.0,0.0,1.0
Red_original_44,ALG9,ALG3,DOA4,VPS28,1.0,0.0,1.0
Red_original_44,ALG9,ALG3,GCS1,VPS28,1.0,0.0,1.0
Red_original_44,ALG9,ALG3,MNS1,OST5,1.0,0.0,1.0
Red_original_44,ALG9,ALG3,CWH41,OST5,1.0,0.0,1.0
Red_original_44,ALG9,ALG3,ROT2,OST5,1.0,0.0,1.0
Red_original_44,ALG9,ALG3,DIE2,OST5,0.0,1.0,-1.0
Red_original_44,ALG9,ALG3,MNS1,DIE2,1.0,0.0,1.0
Red_original_44,ALG9,ALG3,CWH41,DIE2,1.0,0.0,1.0
Red_original_44,ALG9,ALG3,ROT2,DIE2,1.0,0.0,1.0
Red_original_44,ALG9,ALG3,OST5,DIE2,1.0,0.0,1.0
Red_original_44,ALG9,ALG3,UFD2,UBC7,1.0,0.0,1.0
Red_original_44,ALG9,ALG3,HRD1,UBC7,1.0,0.0,1.0
Red_original_44,ALG9,ALG3,MNS1,ALG5,1.0,0.0,1.0
Red_original_44,ALG9,ALG3,CWH41,ALG5,1.0,0.0,1.0
Red_original_44,ALG9,ALG3,ROT2,ALG5,1.0,0.0,1.0
Red_original_44,ALG9,ALG3,OST5,ALG5,1.0,0.0,1.0
Red_original_44,ALG9,ALG3,TLG2,SEC22,1.0,0.0,1.0
Red_original_44,ALG9,ALG3,GOS1,SEC22,1.0,0.0,1.0
Red_original_44,ALG9,ALG3,UFD2,HRD1,1.0,0.0,1.0
Red_original_44,ALG9,ALG3,UBC7,HRD1,1.0,0.0,1.0
Red_original_44,ALG9,ALG3,MNS1,ALG8,1.0,0.0,1.0
Red_original_44,ALG9,ALG3,CWH41,ALG8,1.0,0.0,1.0
Red_original_44,ALG9,ALG3,OST5,ALG8,1.0,0.0,1.0
Red_original_44,ALG9,ALG3,ALG5,ALG8,1.0,0.0,1.0
Red_original_44,ALG9,ALG3,ALG12,ALG8,1.0,0.0,1.0
Red_original_44,ALG9,ALG3,ALG9,ALG8,1.0,0.0,1.0
Red_original_44,ALG9,ALG3,MNS1,ALG12,1.0,0.0,1.0
Red_original_44,ALG9,ALG3,CWH41,ALG12,1.0,0.0,1.0
Red_original_44,ALG9,ALG3,OST5,ALG12,1.0,0.0,1.0
Red_original_44,ALG9,ALG3,DIE2,ALG12,1.0,0.0,1.0
Red_original_44,ALG9,ALG3,ALG5,ALG12,1.0,0.0,1.0
Red_original_44,ALG9,ALG3,ALG8,ALG12,1.0,0.0,1.0
Red_original_44,ALG9,ALG3,ALG9,ALG12,1.0,0.0,1.0
Red_original_44,ALG9,ALG3,MNS1,ALG9,1.0,0.0,1.0
Red_original_44,ALG9,ALG3,CWH41,ALG9,1.0,0.0,1.0
Red_original_44,ALG9,ALG3,OST5,ALG9,1.0,0.0,1.0
Red_original_44,ALG9,ALG3,ALG5,ALG9,1.0,0.0,1.0
Red_original_44,ALG9,ALG3,ALG5,ALG6,1.0,0.0,1.0
Red_original_44,ALG9,ALG3,ALG12,ALG6,1.0,0.0,1.0
Red_original_44,ALG9,ALG3,ALG9,ALG6,1.0,0.0,1.0
Red_original_44,ALG9,ALG3,ALG5,ALG3,0.0,1.0,-1.0
Red_original_44,ALG9,ALG3,OST3,ALG3,1.0,0.0,1.0
Red_original_44,ALG9,ALG3,ALG3,OST3,1.0,0.0,1.0
Red_original_44,ALG9,ALG3,MNN2,ANP1,1.0,0.0,1.0
Red_original_44,OST5,OST3,CWH41,MNS1,1.0,0.0,1.0
Red_original_44,OST5,OST3,MNN2,MNS1,1.0,0.0,1.0
Red_original_44,OST5,OST3,ROT2,MNS1,1.0,0.0,1.0
Red_original_44,OST5,OST3,OST5,MNS1,1.0,0.0,1.0
Red_original_44,OST5,OST3,DIE2,MNS1,1.0,0.0,1.0
Red_original_44,OST5,OST3,ANP1,MNS1,1.0,0.0,1.0
Red_original_44,OST5,OST3,BTS1,HMG1,1.0,0.0,1.0
Red_original_44,OST5,OST3,PCT1,PSD2,1.0,0.0,1.0
Red_original_44,OST5,OST3,DOA4,STP22,1.0,0.0,1.0
Red_original_44,OST5,OST3,GCS1,STP22,1.0,0.0,1.0
Red_original_44,OST5,OST3,VPS28,STP22,1.0,0.0,1.0
Red_original_44,OST5,OST3,GOS1,TLG2,1.0,0.0,1.0
Red_original_44,OST5,OST3,SEC22,TLG2,1.0,0.0,1.0
Red_original_44,OST5,OST3,STP22,DOA4,1.0,0.0,1.0
Red_original_44,OST5,OST3,GCS1,DOA4,1.0,0.0,1.0
Red_original_44,OST5,OST3,VPS28,DOA4,1.0,0.0,1.0
Red_original_44,OST5,OST3,PSD2,PCT1,1.0,0.0,1.0
Red_original_44,OST5,OST3,OST5,CWH41,1.0,0.0,1.0
Red_original_44,OST5,OST3,DIE2,CWH41,1.0,0.0,1.0
Red_original_44,OST5,OST3,ALG5,CWH41,1.0,0.0,1.0
Red_original_44,OST5,OST3,UBC7,UFD2,1.0,0.0,1.0
Red_original_44,OST5,OST3,HRD1,UFD2,1.0,0.0,1.0
Red_original_44,OST5,OST3,TLG2,GOS1,1.0,0.0,1.0
Red_original_44,OST5,OST3,SEC22,GOS1,1.0,0.0,1.0
Red_original_44,OST5,OST3,DOA4,GCS1,1.0,0.0,1.0
Red_original_44,OST5,OST3,VPS28,GCS1,1.0,0.0,1.0
Red_original_44,OST5,OST3,CWH41,ROT2,1.0,0.0,1.0
Red_original_44,OST5,OST3,OST5,ROT2,1.0,0.0,1.0
Red_original_44,OST5,OST3,DIE2,ROT2,1.0,0.0,1.0
Red_original_44,OST5,OST3,ALG5,ROT2,1.0,0.0,1.0
Red_original_44,OST5,OST3,DOA4,VPS28,1.0,0.0,1.0
Red_original_44,OST5,OST3,GCS1,VPS28,1.0,0.0,1.0
Red_original_44,OST5,OST3,MNS1,OST5,1.0,0.0,1.0
Red_original_44,OST5,OST3,CWH41,OST5,1.0,0.0,1.0
Red_original_44,OST5,OST3,ROT2,OST5,1.0,0.0,1.0
Red_original_44,OST5,OST3,ALG5,OST5,1.0,0.0,1.0
Red_original_44,OST5,OST3,ALG8,OST5,1.0,0.0,1.0
Red_original_44,OST5,OST3,CWH41,DIE2,1.0,0.0,1.0
Red_original_44,OST5,OST3,ROT2,DIE2,1.0,0.0,1.0
Red_original_44,OST5,OST3,OST5,DIE2,1.0,0.0,1.0
Red_original_44,OST5,OST3,ALG5,DIE2,1.0,0.0,1.0
Red_original_44,OST5,OST3,ALG8,DIE2,1.0,0.0,1.0
Red_original_44,OST5,OST3,ALG12,DIE2,1.0,0.0,1.0
Red_original_44,OST5,OST3,ALG9,DIE2,1.0,0.0,1.0
Red_original_44,OST5,OST3,ALG6,DIE2,1.0,0.0,1.0
Red_original_44,OST5,OST3,UFD2,UBC7,1.0,0.0,1.0
Red_original_44,OST5,OST3,HRD1,UBC7,1.0,0.0,1.0
Red_original_44,OST5,OST3,MNS1,ALG5,1.0,0.0,1.0
Red_original_44,OST5,OST3,CWH41,ALG5,1.0,0.0,1.0
Red_original_44,OST5,OST3,ROT2,ALG5,1.0,0.0,1.0
Red_original_44,OST5,OST3,OST5,ALG5,1.0,0.0,1.0
Red_original_44,OST5,OST3,ALG9,ALG5,1.0,0.0,1.0
Red_original_44,OST5,OST3,ALG3,ALG5,1.0,0.0,1.0
Red_original_44,OST5,OST3,OST3,ALG5,1.0,0.0,1.0
Red_original_44,OST5,OST3,PMT2,PMT1,1.0,0.0,1.0
Red_original_44,OST5,OST3,TLG2,SEC22,1.0,0.0,1.0
Red_original_44,OST5,OST3,GOS1,SEC22,1.0,0.0,1.0
Red_original_44,OST5,OST3,UFD2,HRD1,1.0,0.0,1.0
Red_original_44,OST5,OST3,UBC7,HRD1,1.0,0.0,1.0
Red_original_44,OST5,OST3,MNS1,ALG8,1.0,0.0,1.0
Red_original_44,OST5,OST3,CWH41,ALG8,1.0,0.0,1.0
Red_original_44,OST5,OST3,ROT2,ALG8,1.0,0.0,1.0
Red_original_44,OST5,OST3,OST5,ALG8,1.0,0.0,1.0
Red_original_44,OST5,OST3,ALG5,ALG8,1.0,0.0,1.0
Red_original_44,OST5,OST3,ALG12,ALG8,1.0,0.0,1.0
Red_original_44,OST5,OST3,ALG9,ALG8,1.0,0.0,1.0
Red_original_44,OST5,OST3,ALG6,ALG8,1.0,0.0,1.0
Red_original_44,OST5,OST3,ALG3,ALG8,1.0,0.0,1.0
Red_original_44,OST5,OST3,OST3,ALG8,1.0,0.0,1.0
Red_original_44,OST5,OST3,MNS1,ALG12,1.0,0.0,1.0
Red_original_44,OST5,OST3,CWH41,ALG12,1.0,0.0,1.0
Red_original_44,OST5,OST3,ROT2,ALG12,1.0,0.0,1.0
Red_original_44,OST5,OST3,OST5,ALG12,1.0,0.0,1.0
Red_original_44,OST5,OST3,DIE2,ALG12,1.0,0.0,1.0
Red_original_44,OST5,OST3,ALG5,ALG12,1.0,0.0,1.0
Red_original_44,OST5,OST3,ALG8,ALG12,1.0,0.0,1.0
Red_original_44,OST5,OST3,ALG6,ALG12,1.0,0.0,1.0
Red_original_44,OST5,OST3,ALG3,ALG12,1.0,0.0,1.0
Red_original_44,OST5,OST3,OST3,ALG12,1.0,0.0,1.0
Red_original_44,OST5,OST3,MNS1,ALG9,1.0,0.0,1.0
Red_original_44,OST5,OST3,CWH41,ALG9,1.0,0.0,1.0
Red_original_44,OST5,OST3,ROT2,ALG9,1.0,0.0,1.0
Red_original_44,OST5,OST3,OST5,ALG9,1.0,0.0,1.0
Red_original_44,OST5,OST3,ALG5,ALG9,1.0,0.0,1.0
Red_original_44,OST5,OST3,ALG3,ALG9,1.0,0.0,1.0
Red_original_44,OST5,OST3,OST3,ALG9,1.0,0.0,1.0
Red_original_44,OST5,OST3,MNS1,ALG6,1.0,0.0,1.0
Red_original_44,OST5,OST3,CWH41,ALG6,1.0,0.0,1.0
Red_original_44,OST5,OST3,ROT2,ALG6,1.0,0.0,1.0
Red_original_44,OST5,OST3,OST5,ALG6,1.0,0.0,1.0
Red_original_44,OST5,OST3,ALG5,ALG6,1.0,0.0,1.0
Red_original_44,OST5,OST3,ALG12,ALG6,1.0,0.0,1.0
Red_original_44,OST5,OST3,ALG9,ALG6,1.0,0.0,1.0
Red_original_44,OST5,OST3,ALG3,ALG6,1.0,0.0,1.0
Red_original_44,OST5,OST3,OST3,ALG6,1.0,0.0,1.0
Red_original_44,OST5,OST3,MNS1,ALG3,1.0,0.0,1.0
Red_original_44,OST5,OST3,CWH41,ALG3,1.0,0.0,1.0
Red_original_44,OST5,OST3,ROT2,ALG3,1.0,0.0,1.0
Red_original_44,OST5,OST3,OST5,ALG3,1.0,0.0,1.0
Red_original_44,OST5,OST3,DIE2,ALG3,1.0,0.0,1.0
Red_original_44,OST5,OST3,OST3,ALG3,1.0,0.0,1.0
Red_original_44,OST5,OST3,PMT1,PMT2,1.0,0.0,1.0
Red_original_44,OST5,OST3,MNS1,OST3,1.0,0.0,1.0
Red_original_44,OST5,OST3,DIE2,OST3,1.0,0.0,1.0
Red_original_44,OST5,OST3,ALG5,OST3,1.0,0.0,1.0
Red_original_44,OST5,OST3,ALG8,OST3,1.0,0.0,1.0
Red_original_44,OST5,OST3,ALG12,OST3,1.0,0.0,1.0
Red_original_44,OST5,OST3,ALG9,OST3,1.0,0.0,1.0
Red_original_44,OST5,OST3,ALG6,OST3,1.0,0.0,1.0
Red_original_44,OST5,OST3,ALG3,OST3,1.0,0.0,1.0
Red_original_44,OST5,OST3,MNN2,ANP1,1.0,0.0,1.0
Red_original_44,MNS1,ANP1,MNN2,MNS1,1.0,0.0,1.0
Red_original_44,MNS1,ANP1,ROT2,MNS1,1.0,0.0,1.0
Red_original_44,MNS1,ANP1,ANP1,MNS1,1.0,0.0,1.0
Red_original_44,MNS1,ANP1,PCT1,PSD2,1.0,0.0,1.0
Red_original_44,MNS1,ANP1,DOA4,STP22,1.0,0.0,1.0
Red_original_44,MNS1,ANP1,GCS1,STP22,1.0,0.0,1.0
Red_original_44,MNS1,ANP1,GOS1,TLG2,1.0,0.0,1.0
Red_original_44,MNS1,ANP1,STP22,DOA4,1.0,0.0,1.0
Red_original_44,MNS1,ANP1,GCS1,DOA4,1.0,0.0,1.0
Red_original_44,MNS1,ANP1,VPS28,DOA4,1.0,0.0,1.0
Red_original_44,MNS1,ANP1,PSD2,PCT1,1.0,0.0,1.0
Red_original_44,MNS1,ANP1,OST5,CWH41,1.0,0.0,1.0
Red_original_44,MNS1,ANP1,TLG2,GOS1,1.0,0.0,1.0
Red_original_44,MNS1,ANP1,DOA4,GCS1,1.0,0.0,1.0
Red_original_44,MNS1,ANP1,VPS28,GCS1,1.0,0.0,1.0
Red_original_44,MNS1,ANP1,CWH41,ROT2,1.0,0.0,1.0
Red_original_44,MNS1,ANP1,OST5,ROT2,1.0,0.0,1.0
Red_original_44,MNS1,ANP1,DOA4,VPS28,1.0,0.0,1.0
Red_original_44,MNS1,ANP1,GCS1,VPS28,1.0,0.0,1.0
Red_original_44,MNS1,ANP1,MNS1,OST5,1.0,0.0,1.0
Red_original_44,MNS1,ANP1,CWH41,OST5,1.0,0.0,1.0
Red_original_44,MNS1,ANP1,ROT2,OST5,1.0,0.0,1.0
Red_original_44,MNS1,ANP1,ALG12,OST5,0.0,1.0,-1.0
Red_original_44,MNS1,ANP1,ALG9,OST5,0.0,1.0,-1.0
Red_original_44,MNS1,ANP1,CWH41,DIE2,1.0,0.0,1.0
Red_original_44,MNS1,ANP1,ROT2,DIE2,1.0,0.0,1.0
Red_original_44,MNS1,ANP1,OST5,DIE2,1.0,0.0,1.0
Red_original_44,MNS1,ANP1,ALG5,DIE2,1.0,0.0,1.0
Red_original_44,MNS1,ANP1,UFD2,UBC7,1.0,0.0,1.0
Red_original_44,MNS1,ANP1,HRD1,UBC7,1.0,0.0,1.0
Red_original_44,MNS1,ANP1,MNS1,ALG5,1.0,0.0,1.0
Red_original_44,MNS1,ANP1,CWH41,ALG5,1.0,0.0,1.0
Red_original_44,MNS1,ANP1,ROT2,ALG5,1.0,0.0,1.0
Red_original_44,MNS1,ANP1,OST5,ALG5,1.0,0.0,1.0
Red_original_44,MNS1,ANP1,ALG9,ALG5,1.0,0.0,1.0
Red_original_44,MNS1,ANP1,TLG2,SEC22,1.0,0.0,1.0
Red_original_44,MNS1,ANP1,GOS1,SEC22,1.0,0.0,1.0
Red_original_44,MNS1,ANP1,UFD2,HRD1,1.0,0.0,1.0
Red_original_44,MNS1,ANP1,UBC7,HRD1,1.0,0.0,1.0
Red_original_44,MNS1,ANP1,MNS1,ALG8,1.0,0.0,1.0
Red_original_44,MNS1,ANP1,CWH41,ALG8,1.0,0.0,1.0
Red_original_44,MNS1,ANP1,ROT2,ALG8,1.0,0.0,1.0
Red_original_44,MNS1,ANP1,OST5,ALG8,1.0,0.0,1.0
Red_original_44,MNS1,ANP1,ALG5,ALG8,1.0,0.0,1.0
Red_original_44,MNS1,ANP1,ALG9,ALG8,1.0,0.0,1.0
Red_original_44,MNS1,ANP1,ALG6,ALG8,1.0,0.0,1.0
Red_original_44,MNS1,ANP1,MNS1,ALG12,1.0,0.0,1.0
Red_original_44,MNS1,ANP1,CWH41,ALG12,1.0,0.0,1.0
Red_original_44,MNS1,ANP1,ROT2,ALG12,1.0,0.0,1.0
Red_original_44,MNS1,ANP1,DIE2,ALG12,1.0,0.0,1.0
Red_original_44,MNS1,ANP1,ALG8,ALG12,1.0,0.0,1.0
Red_original_44,MNS1,ANP1,MNS1,ALG9,1.0,0.0,1.0
Red_original_44,MNS1,ANP1,CWH41,ALG9,1.0,0.0,1.0
Red_original_44,MNS1,ANP1,ROT2,ALG9,1.0,0.0,1.0
Red_original_44,MNS1,ANP1,OST5,ALG9,1.0,0.0,1.0
Red_original_44,MNS1,ANP1,ALG5,ALG9,1.0,0.0,1.0
Red_original_44,MNS1,ANP1,ALG5,ALG6,1.0,0.0,1.0
Red_original_44,MNS1,ANP1,ALG12,ALG6,1.0,0.0,1.0
Red_original_44,MNS1,ANP1,ALG9,ALG6,1.0,0.0,1.0
Red_original_44,MNS1,ANP1,ALG3,ALG6,1.0,0.0,1.0
Red_original_44,MNS1,ANP1,OST3,ALG6,1.0,0.0,1.0
Red_original_44,MNS1,ANP1,OST3,ALG3,1.0,0.0,1.0
Red_original_44,MNS1,ANP1,ALG6,OST3,1.0,0.0,1.0
Red_original_44,MNS1,ANP1,ALG3,OST3,1.0,0.0,1.0
raw_mask,MNS1,CWH41,CWH41,MNS1,1.0,0.5,0.5
raw_mask,MNS1,CWH41,MNN2,MNS1,1.0,0.5,0.5
raw_mask,MNS1,CWH41,ANP1,MNS1,1.0,0.5,0.5
raw_mask,MNS1,CWH41,DOA4,STP22,1.0,0.5,0.5
raw_mask,MNS1,CWH41,GCS1,STP22,1.0,0.5,0.5
raw_mask,MNS1,CWH41,VPS28,STP22,1.0,0.5,0.5
raw_mask,MNS1,CWH41,GOS1,TLG2,1.0,0.5,0.5
raw_mask,MNS1,CWH41,STP22,DOA4,1.0,0.5,0.5
raw_mask,MNS1,CWH41,GCS1,DOA4,1.0,0.5,0.5
raw_mask,MNS1,CWH41,VPS28,DOA4,1.0,0.5,0.5
raw_mask,MNS1,CWH41,PSD2,PCT1,1.0,0.0,1.0
raw_mask,MNS1,CWH41,DIE2,CWH41,0.0,1.0,-1.0
raw_mask,MNS1,CWH41,TLG2,GOS1,1.0,0.5,0.5
raw_mask,MNS1,CWH41,STP22,GCS1,0.0,0.5,-0.5
raw_mask,MNS1,CWH41,DOA4,GCS1,0.0,0.5,-0.5
raw_mask,MNS1,CWH41,VPS28,GCS1,0.0,1.0,-1.0
raw_mask,MNS1,CWH41,OST5,ROT2,0.0,1.0,-1.0
raw_mask,MNS1,CWH41,DOA4,VPS28,0.0,0.5,-0.5
raw_mask,MNS1,CWH41,GCS1,VPS28,1.0,0.0,1.0
raw_mask,MNS1,CWH41,ROT2,OST5,1.0,0.0,1.0
raw_mask,MNS1,CWH41,ALG5,OST5,1.0,0.5,0.5
raw_mask,MNS1,CWH41,ALG8,OST5,1.0,0.5,0.5
raw_mask,MNS1,CWH41,ALG6,OST5,1.0,0.5,0.5
raw_mask,MNS1,CWH41,ALG3,OST5,1.0,0.5,0.5
raw_mask,MNS1,CWH41,OST3,OST5,1.0,0.5,0.5
raw_mask,MNS1,CWH41,CWH41,DIE2,1.0,0.0,1.0
raw_mask,MNS1,CWH41,ROT2,DIE2,1.0,0.0,1.0
raw_mask,MNS1,CWH41,OST3,DIE2,1.0,0.5,0.5
raw_mask,MNS1,CWH41,UFD2,UBC7,1.0,0.0,1.0
raw_mask,MNS1,CWH41,CWH41,ALG5,1.0,0.0,1.0
raw_mask,MNS1,CWH41,OST5,ALG5,1.0,0.5,0.5
raw_mask,MNS1,CWH41,ALG12,ALG5,0.0,1.0,-1.0
raw_mask,MNS1,CWH41,ALG9,ALG5,0.0,1.0,-1.0
raw_mask,MNS1,CWH41,OST3,ALG5,1.0,0.5,0.5
raw_mask,MNS1,CWH41,PMT2,PMT1,1.0,0.5,0.5
raw_mask,MNS1,CWH41,TLG2,SEC22,1.0,0.0,1.0
raw_mask,MNS1,CWH41,GOS1,SEC22,1.0,0.0,1.0
raw_mask,MNS1,CWH41,UFD2,HRD1,1.0,0.0,1.0
raw_mask,MNS1,CWH41,UBC7,HRD1,1.0,0.0,1.0
raw_mask,MNS1,CWH41,CWH41,ALG8,1.0,0.0,1.0
raw_mask,MNS1,CWH41,ROT2,ALG8,1.0,0.0,1.0
raw_mask,MNS1,CWH41,OST5,ALG8,1.0,0.5,0.5
raw_mask,MNS1,CWH41,ALG5,ALG8,1.0,0.0,1.0
raw_mask,MNS1,CWH41,ALG12,ALG8,0.0,1.0,-1.0
raw_mask,MNS1,CWH41,OST3,ALG8,1.0,0.5,0.5
raw_mask,MNS1,CWH41,MNS1,ALG12,1.0,0.0,1.0
raw_mask,MNS1,CWH41,CWH41,ALG12,1.0,0.0,1.0
raw_mask,MNS1,CWH41,OST5,ALG12,0.0,1.0,-1.0
raw_mask,MNS1,CWH41,ALG9,ALG12,0.0,1.0,-1.0
raw_mask,MNS1,CWH41,ALG6,ALG12,0.0,1.0,-1.0
raw_mask,MNS1,CWH41,OST3,ALG12,1.0,0.5,0.5
raw_mask,MNS1,CWH41,MNS1,ALG9,1.0,0.0,1.0
raw_mask,MNS1,CWH41,CWH41,ALG9,1.0,0.0,1.0
raw_mask,MNS1,CWH41,ROT2,ALG9,1.0,0.0,1.0
raw_mask,MNS1,CWH41,OST3,ALG9,1.0,0.5,0.5
raw_mask,MNS1,CWH41,CWH41,ALG6,1.0,0.0,1.0
raw_mask,MNS1,CWH41,ROT2,ALG6,1.0,0.0,1.0
raw_mask,MNS1,CWH41,OST5,ALG6,1.0,0.5,0.5
raw_mask,MNS1,CWH41,ALG5,ALG6,1.0,0.0,1.0
raw_mask,MNS1,CWH41,ALG12,ALG6,1.0,0.0,1.0
raw_mask,MNS1,CWH41,ALG9,ALG6,1.0,0.0,1.0
raw_mask,MNS1,CWH41,OST3,ALG6,1.0,0.5,0.5
raw_mask,MNS1,CWH41,MNS1,ALG3,1.0,0.0,1.0
raw_mask,MNS1,CWH41,CWH41,ALG3,1.0,0.0,1.0
raw_mask,MNS1,CWH41,OST5,ALG3,1.0,0.5,0.5
raw_mask,MNS1,CWH41,DIE2,ALG3,1.0,0.0,1.0
raw_mask,MNS1,CWH41,OST3,ALG3,1.0,0.5,0.5
raw_mask,MNS1,CWH41,PMT1,PMT2,1.0,0.5,0.5
raw_mask,MNS1,CWH41,CWH41,OST3,1.0,0.0,1.0
raw_mask,MNS1,CWH41,ROT2,OST3,1.0,0.0,1.0
raw_mask,MNS1,CWH41,DIE2,OST3,0.0,0.5,-0.5
raw_mask,MNS1,CWH41,ALG5,OST3,0.0,0.5,-0.5
raw_mask,MNS1,CWH41,ALG8,OST3,0.0,0.5,-0.5
raw_mask,MNS1,CWH41,ALG12,OST3,0.0,0.5,-0.5
raw_mask,MNS1,CWH41,ALG9,OST3,0.0,0.5,-0.5
raw_mask,MNS1,CWH41,ALG6,OST3,0.0,0.5,-0.5
raw_mask,MNS1,CWH41,ALG3,OST3,1.0,0.5,0.5
raw_mask,MNS1,CWH41,MNN2,ANP1,0.0,0.5,-0.5
raw_mask,ROT2,CWH41,CWH41,MNS1,1.0,0.0,1.0
raw_mask,ROT2,CWH41,MNN2,MNS1,1.0,0.0,1.0
raw_mask,ROT2,CWH41,ANP1,MNS1,1.0,0.0,1.0
raw_mask,ROT2,CWH41,DOA4,STP22,1.0,0.0,1.0
raw_mask,ROT2,CWH41,GCS1,STP22,1.0,0.0,1.0
raw_mask,ROT2,CWH41,VPS28,STP22,1.0,0.0,1.0
raw_mask,ROT2,CWH41,GOS1,TLG2,1.0,0.0,1.0
raw_mask,ROT2,CWH41,STP22,DOA4,1.0,0.0,1.0
raw_mask,ROT2,CWH41,GCS1,DOA4,1.0,0.0,1.0
raw_mask,ROT2,CWH41,VPS28,DOA4,1.0,0.0,1.0
raw_mask,ROT2,CWH41,PSD2,PCT1,1.0,0.0,1.0
raw_mask,ROT2,CWH41,TLG2,GOS1,1.0,0.0,1.0
raw_mask,ROT2,CWH41,DOA4,GCS1,1.0,0.0,1.0
raw_mask,ROT2,CWH41,DOA4,VPS28,1.0,0.0,1.0
raw_mask,ROT2,CWH41,GCS1,VPS28,1.0,0.0,1.0
raw_mask,ROT2,CWH41,MNS1,OST5,1.0,0.0,1.0
raw_mask,ROT2,CWH41,ROT2,OST5,1.0,0.0,1.0
raw_mask,ROT2,CWH41,ALG5,OST5,1.0,0.0,1.0
raw_mask,ROT2,CWH41,ALG8,OST5,1.0,0.0,1.0
raw_mask,ROT2,CWH41,ALG6,OST5,1.0,0.0,1.0
raw_mask,ROT2,CWH41,ALG3,OST5,1.0,0.0,1.0
raw_mask,ROT2,CWH41,OST3,OST5,1.0,0.0,1.0
raw_mask,ROT2,CWH41,CWH41,DIE2,1.0,0.0,1.0
raw_mask,ROT2,CWH41,ROT2,DIE2,1.0,0.0,1.0
raw_mask,ROT2,CWH41,OST3,DIE2,1.0,0.0,1.0
raw_mask,ROT2,CWH41,UFD2,UBC7,1.0,0.0,1.0
raw_mask,ROT2,CWH41,MNS1,ALG5,1.0,0.0,1.0
raw_mask,ROT2,CWH41,CWH41,ALG5,1.0,0.0,1.0
raw_mask,ROT2,CWH41,ROT2,ALG5,1.0,0.0,1.0
raw_mask,ROT2,CWH41,OST5,ALG5,1.0,0.0,1.0
raw_mask,ROT2,CWH41,ALG12,ALG5,0.0,1.0,-1.0
raw_mask,ROT2,CWH41,OST3,ALG5,1.0,0.0,1.0
raw_mask,ROT2,CWH41,PMT2,PMT1,1.0,0.0,1.0
raw_mask,ROT2,CWH41,TLG2,SEC22,1.0,0.0,1.0
raw_mask,ROT2,CWH41,GOS1,SEC22,1.0,0.0,1.0
raw_mask,ROT2,CWH41,UFD2,HRD1,1.0,0.0,1.0
raw_mask,ROT2,CWH41,UBC7,HRD1,1.0,0.0,1.0
raw_mask,ROT2,CWH41,MNS1,ALG8,1.0,0.0,1.0
raw_mask,ROT2,CWH41,CWH41,ALG8,1.0,0.0,1.0
raw_mask,ROT2,CWH41,ROT2,ALG8,1.0,0.0,1.0
raw_mask,ROT2,CWH41,OST5,ALG8,1.0,0.0,1.0
raw_mask,ROT2,CWH41,ALG5,ALG8,1.0,0.0,1.0
raw_mask,ROT2,CWH41,OST3,ALG8,1.0,0.0,1.0
raw_mask,ROT2,CWH41,MNS1,ALG12,1.0,0.0,1.0
raw_mask,ROT2,CWH41,CWH41,ALG12,1.0,0.0,1.0
raw_mask,ROT2,CWH41,OST5,ALG12,0.0,1.0,-1.0
raw_mask,ROT2,CWH41,DIE2,ALG12,1.0,0.0,1.0
raw_mask,ROT2,CWH41,ALG8,ALG12,1.0,0.0,1.0
raw_mask,ROT2,CWH41,ALG6,ALG12,0.0,1.0,-1.0
raw_mask,ROT2,CWH41,OST3,ALG12,1.0,0.0,1.0
raw_mask,ROT2,CWH41,MNS1,ALG9,1.0,0.0,1.0
raw_mask,ROT2,CWH41,CWH41,ALG9,1.0,0.0,1.0
raw_mask,ROT2,CWH41,ROT2,ALG9,1.0,0.0,1.0
raw_mask,ROT2,CWH41,ALG5,ALG9,1.0,0.0,1.0
raw_mask,ROT2,CWH41,OST3,ALG9,1.0,0.0,1.0
raw_mask,ROT2,CWH41,CWH41,ALG6,1.0,0.0,1.0
raw_mask,ROT2,CWH41,ROT2,ALG6,1.0,0.0,1.0
raw_mask,ROT2,CWH41,OST5,ALG6,1.0,0.0,1.0
raw_mask,ROT2,CWH41,ALG5,ALG6,1.0,0.0,1.0
raw_mask,ROT2,CWH41,ALG12,ALG6,1.0,0.0,1.0
raw_mask,ROT2,CWH41,ALG9,ALG6,1.0,0.0,1.0
raw_mask,ROT2,CWH41,OST3,ALG6,1.0,0.0,1.0
raw_mask,ROT2,CWH41,MNS1,ALG3,1.0,0.0,1.0
raw_mask,ROT2,CWH41,CWH41,ALG3,1.0,0.0,1.0
raw_mask,ROT2,CWH41,ROT2,ALG3,1.0,0.0,1.0
raw_mask,ROT2,CWH41,OST5,ALG3,1.0,0.0,1.0
raw_mask,ROT2,CWH41,DIE2,ALG3,1.0,0.0,1.0
raw_mask,ROT2,CWH41,OST3,ALG3,1.0,0.0,1.0
raw_mask,ROT2,CWH41,PMT1,PMT2,1.0,0.0,1.0
raw_mask,ROT2,CWH41,MNS1,OST3,1.0,0.0,1.0
raw_mask,ROT2,CWH41,CWH41,OST3,1.0,0.0,1.0
raw_mask,ROT2,CWH41,ROT2,OST3,1.0,0.0,1.0
raw_mask,ROT2,CWH41,DIE2,OST3,1.0,0.0,1.0
raw_mask,ROT2,CWH41,ALG8,OST3,1.0,0.0,1.0
raw_mask,ROT2,CWH41,ALG12,OST3,1.0,0.0,1.0
raw_mask,ROT2,CWH41,ALG6,OST3,1.0,0.0,1.0
raw_mask,ROT2,CWH41,ALG3,OST3,1.0,0.0,1.0
raw_mask,MNS1,MNN2,CWH41,MNS1,1.0,0.5,0.5
raw_mask,MNS1,MNN2,MNN2,MNS1,1.0,0.5,0.5
raw_mask,MNS1,MNN2,ANP1,MNS1,1.0,0.5,0.5
raw_mask,MNS1,MNN2,DOA4,STP22,1.0,0.5,0.5
raw_mask,MNS1,MNN2,GCS1,STP22,1.0,0.5,0.5
raw_mask,MNS1,MNN2,VPS28,STP22,1.0,0.5,0.5
raw_mask,MNS1,MNN2,GOS1,TLG2,1.0,0.5,0.5
raw_mask,MNS1,MNN2,STP22,DOA4,1.0,0.5,0.5
raw_mask,MNS1,MNN2,GCS1,DOA4,1.0,0.5,0.5
raw_mask,MNS1,MNN2,VPS28,DOA4,1.0,0.5,0.5
raw_mask,MNS1,MNN2,PSD2,PCT1,1.0,0.0,1.0
raw_mask,MNS1,MNN2,TLG2,GOS1,1.0,0.5,0.5
raw_mask,MNS1,MNN2,STP22,GCS1,0.0,0.5,-0.5
raw_mask,MNS1,MNN2,DOA4,GCS1,1.0,0.5,0.5
raw_mask,MNS1,MNN2,VPS28,GCS1,0.0,1.0,-1.0
raw_mask,MNS1,MNN2,DOA4,VPS28,1.0,0.5,0.5
raw_mask,MNS1,MNN2,GCS1,VPS28,1.0,0.0,1.0
raw_mask,MNS1,MNN2,MNS1,OST5,1.0,0.0,1.0
raw_mask,MNS1,MNN2,ROT2,OST5,1.0,0.0,1.0
raw_mask,MNS1,MNN2,ALG5,OST5,1.0,0.5,0.5
raw_mask,MNS1,MNN2,ALG8,OST5,1.0,0.5,0.5
raw_mask,MNS1,MNN2,ALG6,OST5,1.0,0.5,0.5
raw_mask,MNS1,MNN2,ALG3,OST5,1.0,0.5,0.5
raw_mask,MNS1,MNN2,OST3,OST5,1.0,0.5,0.5
raw_mask,MNS1,MNN2,CWH41,DIE2,1.0,0.0,1.0
raw_mask,MNS1,MNN2,ROT2,DIE2,1.0,0.0,1.0
raw_mask,MNS1,MNN2,OST3,DIE2,1.0,0.5,0.5
raw_mask,MNS1,MNN2,UFD2,UBC7,1.0,0.0,1.0
raw_mask,MNS1,MNN2,MNS1,ALG5,1.0,0.0,1.0
raw_mask,MNS1,MNN2,CWH41,ALG5,1.0,0.0,1.0
raw_mask,MNS1,MNN2,ROT2,ALG5,1.0,0.0,1.0
raw_mask,MNS1,MNN2,OST5,ALG5,1.0,0.5,0.5
raw_mask,MNS1,MNN2,ALG12,ALG5,0.0,1.0,-1.0
raw_mask,MNS1,MNN2,OST3,ALG5,1.0,0.5,0.5
raw_mask,MNS1,MNN2,PMT2,PMT1,1.0,0.5,0.5
raw_mask,MNS1,MNN2,TLG2,SEC22,1.0,0.0,1.0
raw_mask,MNS1,MNN2,GOS1,SEC22,1.0,0.0,1.0
raw_mask,MNS1,MNN2,UFD2,HRD1,1.0,0.0,1.0
raw_mask,MNS1,MNN2,UBC7,HRD1,1.0,0.0,1.0
raw_mask,MNS1,MNN2,MNS1,ALG8,1.0,0.0,1.0
raw_mask,MNS1,MNN2,CWH41,ALG8,1.0,0.0,1.0
raw_mask,MNS1,MNN2,ROT2,ALG8,1.0,0.0,1.0
raw_mask,MNS1,MNN2,OST5,ALG8,1.0,0.5,0.5
raw_mask,MNS1,MNN2,ALG5,ALG8,1.0,0.0,1.0
raw_mask,MNS1,MNN2,ALG12,ALG8,0.0,1.0,-1.0
raw_mask,MNS1,MNN2,OST3,ALG8,1.0,0.5,0.5
raw_mask,MNS1,MNN2,MNS1,ALG12,1.0,0.0,1.0
raw_mask,MNS1,MNN2,CWH41,ALG12,1.0,0.0,1.0
raw_mask,MNS1,MNN2,OST5,ALG12,0.0,1.0,-1.0
raw_mask,MNS1,MNN2,DIE2,ALG12,1.0,0.0,1.0
raw_mask,MNS1,MNN2,ALG8,ALG12,1.0,0.0,1.0
raw_mask,MNS1,MNN2,ALG9,ALG12,0.0,1.0,-1.0
raw_mask,MNS1,MNN2,ALG6,ALG12,0.0,1.0,-1.0
raw_mask,MNS1,MNN2,OST3,ALG12,1.0,0.5,0.5
raw_mask,MNS1,MNN2,MNS1,ALG9,1.0,0.0,1.0
raw_mask,MNS1,MNN2,CWH41,ALG9,1.0,0.0,1.0
raw_mask,MNS1,MNN2,ROT2,ALG9,1.0,0.0,1.0
raw_mask,MNS1,MNN2,ALG5,ALG9,1.0,0.0,1.0
raw_mask,MNS1,MNN2,OST3,ALG9,1.0,0.5,0.5
raw_mask,MNS1,MNN2,CWH41,ALG6,1.0,0.0,1.0
raw_mask,MNS1,MNN2,ROT2,ALG6,1.0,0.0,1.0
raw_mask,MNS1,MNN2,OST5,ALG6,1.0,0.5,0.5
raw_mask,MNS1,MNN2,ALG5,ALG6,1.0,0.0,1.0
raw_mask,MNS1,MNN2,ALG12,ALG6,1.0,0.0,1.0
raw_mask,MNS1,MNN2,ALG9,ALG6,1.0,0.0,1.0
raw_mask,MNS1,MNN2,OST3,ALG6,1.0,0.5,0.5
raw_mask,MNS1,MNN2,MNS1,ALG3,1.0,0.0,1.0
raw_mask,MNS1,MNN2,CWH41,ALG3,1.0,0.0,1.0
raw_mask,MNS1,MNN2,ROT2,ALG3,1.0,0.0,1.0
raw_mask,MNS1,MNN2,OST5,ALG3,1.0,0.5,0.5
raw_mask,MNS1,MNN2,DIE2,ALG3,1.0,0.0,1.0
raw_mask,MNS1,MNN2,OST3,ALG3,1.0,0.5,0.5
raw_mask,MNS1,MNN2,PMT1,PMT2,1.0,0.5,0.5
raw_mask,MNS1,MNN2,MNS1,OST3,1.0,0.0,1.0
raw_mask,MNS1,MNN2,CWH41,OST3,1.0,0.0,1.0
raw_mask,MNS1,MNN2,ROT2,OST3,1.0,0.0,1.0
raw_mask,MNS1,MNN2,DIE2,OST3,1.0,0.5,0.5
raw_mask,MNS1,MNN2,ALG5,OST3,0.0,0.5,-0.5
raw_mask,MNS1,MNN2,ALG8,OST3,1.0,0.5,0.5
raw_mask,MNS1,MNN2,ALG12,OST3,1.0,0.5,0.5
raw_mask,MNS1,MNN2,ALG9,OST3,0.0,0.5,-0.5
raw_mask,MNS1,MNN2,ALG6,OST3,1.0,0.5,0.5
raw_mask,MNS1,MNN2,ALG3,OST3,1.0,0.5,0.5
raw_mask,MNS1,MNN2,MNN2,ANP1,0.0,0.5,-0.5
raw_mask,ANP1,MNN2,CWH41,MNS1,1.0,0.5,0.5
raw_mask,ANP1,MNN2,MNN2,MNS1,1.0,0.5,0.5
raw_mask,ANP1,MNN2,ANP1,MNS1,1.0,0.5,0.5
raw_mask,ANP1,MNN2,DOA4,STP22,1.0,0.5,0.5
raw_mask,ANP1,MNN2,GCS1,STP22,1.0,0.5,0.5
raw_mask,ANP1,MNN2,VPS28,STP22,1.0,0.5,0.5
raw_mask,ANP1,MNN2,GOS1,TLG2,1.0,0.5,0.5
raw_mask,ANP1,MNN2,STP22,DOA4,1.0,0.5,0.5
raw_mask,ANP1,MNN2,GCS1,DOA4,1.0,0.5,0.5
raw_mask,ANP1,MNN2,VPS28,DOA4,1.0,0.5,0.5
raw_mask,ANP1,MNN2,PSD2,PCT1,1.0,0.0,1.0
raw_mask,ANP1,MNN2,TLG2,GOS1,1.0,0.5,0.5
raw_mask,ANP1,MNN2,STP22,GCS1,0.0,0.5,-0.5
raw_mask,ANP1,MNN2,DOA4,GCS1,1.0,0.5,0.5
raw_mask,ANP1,MNN2,CWH41,ROT2,1.0,0.0,1.0
raw_mask,ANP1,MNN2,DOA4,VPS28,1.0,0.5,0.5
raw_mask,ANP1,MNN2,GCS1,VPS28,1.0,0.0,1.0
raw_mask,ANP1,MNN2,MNS1,OST5,1.0,0.0,1.0
raw_mask,ANP1,MNN2,CWH41,OST5,1.0,0.0,1.0
raw_mask,ANP1,MNN2,ROT2,OST5,1.0,0.0,1.0
raw_mask,ANP1,MNN2,ALG5,OST5,1.0,0.5,0.5
raw_mask,ANP1,MNN2,ALG8,OST5,1.0,0.5,0.5
raw_mask,ANP1,MNN2,ALG6,OST5,1.0,0.5,0.5
raw_mask,ANP1,MNN2,ALG3,OST5,1.0,0.5,0.5
raw_mask,ANP1,MNN2,OST3,OST5,1.0,0.5,0.5
raw_mask,ANP1,MNN2,CWH41,DIE2,1.0,0.0,1.0
raw_mask,ANP1,MNN2,ROT2,DIE2,1.0,0.0,1.0
raw_mask,ANP1,MNN2,OST3,DIE2,1.0,0.5,0.5
raw_mask,ANP1,MNN2,UFD2,UBC7,1.0,0.0,1.0
raw_mask,ANP1,MNN2,MNS1,ALG5,1.0,0.0,1.0
raw_mask,ANP1,MNN2,CWH41,ALG5,1.0,0.0,1.0
raw_mask,ANP1,MNN2,ROT2,ALG5,1.0,0.0,1.0
raw_mask,ANP1,MNN2,OST5,ALG5,1.0,0.5,0.5
raw_mask,ANP1,MNN2,ALG12,ALG5,0.0,1.0,-1.0
raw_mask,ANP1,MNN2,OST3,ALG5,1.0,0.5,0.5
raw_mask,ANP1,MNN2,PMT2,PMT1,1.0,0.5,0.5
raw_mask,ANP1,MNN2,TLG2,SEC22,1.0,0.0,1.0
raw_mask,ANP1,MNN2,GOS1,SEC22,1.0,0.0,1.0
raw_mask,ANP1,MNN2,UFD2,HRD1,1.0,0.0,1.0
raw_mask,ANP1,MNN2,UBC7,HRD1,1.0,0.0,1.0
raw_mask,ANP1,MNN2,MNS1,ALG8,1.0,0.0,1.0
raw_mask,ANP1,MNN2,CWH41,ALG8,1.0,0.0,1.0
raw_mask,ANP1,MNN2,ROT2,ALG8,1.0,0.0,1.0
raw_mask,ANP1,MNN2,OST5,ALG8,1.0,0.5,0.5
raw_mask,ANP1,MNN2,ALG5,ALG8,1.0,0.0,1.0
raw_mask,ANP1,MNN2,OST3,ALG8,1.0,0.5,0.5
raw_mask,ANP1,MNN2,MNS1,ALG12,1.0,0.0,1.0
raw_mask,ANP1,MNN2,CWH41,ALG12,1.0,0.0,1.0
raw_mask,ANP1,MNN2,ROT2,ALG12,1.0,0.0,1.0
raw_mask,ANP1,MNN2,OST5,ALG12,0.0,1.0,-1.0
raw_mask,ANP1,MNN2,DIE2,ALG12,1.0,0.0,1.0
raw_mask,ANP1,MNN2,ALG5,ALG12,1.0,0.0,1.0
raw_mask,ANP1,MNN2,ALG8,ALG12,1.0,0.0,1.0
raw_mask,ANP1,MNN2,ALG9,ALG12,0.0,1.0,-1.0
raw_mask,ANP1,MNN2,OST3,ALG12,1.0,0.5,0.5
raw_mask,ANP1,MNN2,MNS1,ALG9,1.0,0.0,1.0
raw_mask,ANP1,MNN2,CWH41,ALG9,1.0,0.0,1.0
raw_mask,ANP1,MNN2,ROT2,ALG9,1.0,0.0,1.0
raw_mask,ANP1,MNN2,ALG5,ALG9,1.0,0.0,1.0
raw_mask,ANP1,MNN2,OST3,ALG9,1.0,0.5,0.5
raw_mask,ANP1,MNN2,MNS1,ALG6,1.0,0.0,1.0
raw_mask,ANP1,MNN2,CWH41,ALG6,1.0,0.0,1.0
raw_mask,ANP1,MNN2,ROT2,ALG6,1.0,0.0,1.0
raw_mask,ANP1,MNN2,OST5,ALG6,1.0,0.5,0.5
raw_mask,ANP1,MNN2,ALG5,ALG6,1.0,0.0,1.0
raw_mask,ANP1,MNN2,ALG12,ALG6,1.0,0.0,1.0
raw_mask,ANP1,MNN2,ALG9,ALG6,1.0,0.0,1.0
raw_mask,ANP1,MNN2,OST3,ALG6,1.0,0.5,0.5
raw_mask,ANP1,MNN2,MNS1,ALG3,1.0,0.0,1.0
raw_mask,ANP1,MNN2,CWH41,ALG3,1.0,0.0,1.0
raw_mask,ANP1,MNN2,ROT2,ALG3,1.0,0.0,1.0
raw_mask,ANP1,MNN2,OST5,ALG3,1.0,0.5,0.5
raw_mask,ANP1,MNN2,DIE2,ALG3,1.0,0.0,1.0
raw_mask,ANP1,MNN2,OST3,ALG3,1.0,0.5,0.5
raw_mask,ANP1,MNN2,PMT1,PMT2,1.0,0.5,0.5
raw_mask,ANP1,MNN2,MNS1,OST3,1.0,0.0,1.0
raw_mask,ANP1,MNN2,CWH41,OST3,1.0,0.0,1.0
raw_mask,ANP1,MNN2,ROT2,OST3,1.0,0.0,1.0
raw_mask,ANP1,MNN2,DIE2,OST3,1.0,0.5,0.5
raw_mask,ANP1,MNN2,ALG5,OST3,1.0,0.5,0.5
raw_mask,ANP1,MNN2,ALG8,OST3,1.0,0.5,0.5
raw_mask,ANP1,MNN2,ALG12,OST3,1.0,0.5,0.5
raw_mask,ANP1,MNN2,ALG9,OST3,1.0,0.5,0.5
raw_mask,ANP1,MNN2,ALG6,OST3,1.0,0.5,0.5
raw_mask,ANP1,MNN2,ALG3,OST3,1.0,0.5,0.5
raw_mask,ANP1,MNN2,MNN2,ANP1,1.0,0.5,0.5
raw_mask,MNS1,ROT2,DIE2,CWH41,0.0,1.0,-1.0
raw_mask,MNS1,ROT2,STP22,GCS1,0.0,1.0,-1.0
raw_mask,MNS1,ROT2,DOA4,GCS1,0.0,1.0,-1.0
raw_mask,MNS1,ROT2,VPS28,GCS1,0.0,1.0,-1.0
raw_mask,MNS1,ROT2,CWH41,ROT2,0.0,1.0,-1.0
raw_mask,MNS1,ROT2,OST5,ROT2,0.0,1.0,-1.0
raw_mask,MNS1,ROT2,DOA4,VPS28,0.0,1.0,-1.0
raw_mask,MNS1,ROT2,GCS1,VPS28,0.0,1.0,-1.0
raw_mask,MNS1,ROT2,CWH41,OST5,0.0,1.0,-1.0
raw_mask,MNS1,ROT2,DIE2,OST5,0.0,1.0,-1.0
raw_mask,MNS1,ROT2,CWH41,DIE2,1.0,0.0,1.0
raw_mask,MNS1,ROT2,ROT2,DIE2,1.0,0.0,1.0
raw_mask,MNS1,ROT2,UFD2,UBC7,1.0,0.0,1.0
raw_mask,MNS1,ROT2,CWH41,ALG5,1.0,0.0,1.0
raw_mask,MNS1,ROT2,ALG12,ALG5,0.0,1.0,-1.0
raw_mask,MNS1,ROT2,ALG9,ALG5,0.0,1.0,-1.0
raw_mask,MNS1,ROT2,TLG2,SEC22,1.0,0.0,1.0
raw_mask,MNS1,ROT2,GOS1,SEC22,1.0,0.0,1.0
raw_mask,MNS1,ROT2,UFD2,HRD1,1.0,0.0,1.0
raw_mask,MNS1,ROT2,CWH41,ALG8,1.0,0.0,1.0
raw_mask,MNS1,ROT2,ROT2,ALG8,1.0,0.0,1.0
raw_mask,MNS1,ROT2,ALG12,ALG8,0.0,1.0,-1.0
raw_mask,MNS1,ROT2,ALG9,ALG8,0.0,1.0,-1.0
raw_mask,MNS1,ROT2,MNS1,ALG12,1.0,0.0,1.0
raw_mask,MNS1,ROT2,CWH41,ALG12,1.0,0.0,1.0
raw_mask,MNS1,ROT2,OST5,ALG12,0.0,1.0,-1.0
raw_mask,MNS1,ROT2,ALG5,ALG12,0.0,1.0,-1.0
raw_mask,MNS1,ROT2,ALG8,ALG12,0.0,1.0,-1.0
raw_mask,MNS1,ROT2,ALG9,ALG12,0.0,1.0,-1.0
raw_mask,MNS1,ROT2,ALG6,ALG12,0.0,1.0,-1.0
raw_mask,MNS1,ROT2,MNS1,ALG9,1.0,0.0,1.0
raw_mask,MNS1,ROT2,CWH41,ALG9,1.0,0.0,1.0
raw_mask,MNS1,ROT2,ALG5,ALG9,0.0,1.0,-1.0
raw_mask,MNS1,ROT2,CWH41,ALG6,1.0,0.0,1.0
raw_mask,MNS1,ROT2,ROT2,ALG6,1.0,0.0,1.0
raw_mask,MNS1,ROT2,MNS1,ALG3,1.0,0.0,1.0
raw_mask,MNS1,ROT2,CWH41,ALG3,1.0,0.0,1.0
raw_mask,MNS1,ROT2,DIE2,ALG3,1.0,0.0,1.0
raw_mask,MNS1,ROT2,ALG6,ALG3,0.0,1.0,-1.0
raw_mask,MNS1,ROT2,CWH41,OST3,1.0,0.0,1.0
raw_mask,MNS1,ROT2,ROT2,OST3,1.0,0.0,1.0
raw_mask,MNS1,ROT2,DIE2,OST3,0.0,1.0,-1.0
raw_mask,MNS1,ROT2,ALG5,OST3,0.0,1.0,-1.0
raw_mask,MNS1,ROT2,ALG8,OST3,0.0,1.0,-1.0
raw_mask,MNS1,ROT2,ALG12,OST3,0.0,1.0,-1.0
raw_mask,MNS1,ROT2,ALG9,OST3,0.0,1.0,-1.0
raw_mask,MNS1,ROT2,ALG6,OST3,0.0,1.0,-1.0
raw_mask,MNS1,ROT2,MNN2,ANP1,0.0,1.0,-1.0
raw_mask,STP22,VPS28,CWH41,MNS1,1.0,0.5,0.5
raw_mask,STP22,VPS28,MNN2,MNS1,1.0,0.5,0.5
raw_mask,STP22,VPS28,ANP1,MNS1,1.0,0.5,0.5
raw_mask,STP22,VPS28,DOA4,STP22,1.0,0.5,0.5
raw_mask,STP22,VPS28,GCS1,STP22,1.0,0.5,0.5
raw_mask,STP22,VPS28,VPS28,STP22,1.0,0.5,0.5
raw_mask,STP22,VPS28,GOS1,TLG2,1.0,0.5,0.5
raw_mask,STP22,VPS28,STP22,DOA4,1.0,0.5,0.5
raw_mask,STP22,VPS28,GCS1,DOA4,1.0,0.5,0.5
raw_mask,STP22,VPS28,VPS28,DOA4,1.0,0.5,0.5
raw_mask,STP22,VPS28,PSD2,PCT1,1.0,0.0,1.0
raw_mask,STP22,VPS28,TLG2,GOS1,1.0,0.5,0.5
raw_mask,STP22,VPS28,STP22,GCS1,1.0,0.5,0.5
raw_mask,STP22,VPS28,DOA4,GCS1,1.0,0.5,0.5
raw_mask,STP22,VPS28,CWH41,ROT2,1.0,0.0,1.0
raw_mask,STP22,VPS28,DOA4,VPS28,1.0,0.5,0.5
raw_mask,STP22,VPS28,GCS1,VPS28,1.0,0.0,1.0
raw_mask,STP22,VPS28,MNS1,OST5,1.0,0.0,1.0
raw_mask,STP22,VPS28,CWH41,OST5,1.0,0.0,1.0
raw_mask,STP22,VPS28,ROT2,OST5,1.0,0.0,1.0
raw_mask,STP22,VPS28,ALG5,OST5,1.0,0.5,0.5
raw_mask,STP22,VPS28,ALG8,OST5,1.0,0.5,0.5
raw_mask,STP22,VPS28,ALG6,OST5,1.0,0.5,0.5
raw_mask,STP22,VPS28,ALG3,OST5,1.0,0.5,0.5
raw_mask,STP22,VPS28,OST3,OST5,1.0,0.5,0.5
raw_mask,STP22,VPS28,CWH41,DIE2,1.0,0.0,1.0
raw_mask,STP22,VPS28,ROT2,DIE2,1.0,0.0,1.0
raw_mask,STP22,VPS28,OST3,DIE2,1.0,0.5,0.5
raw_mask,STP22,VPS28,UFD2,UBC7,1.0,0.0,1.0
raw_mask,STP22,VPS28,MNS1,ALG5,1.0,0.0,1.0
raw_mask,STP22,VPS28,CWH41,ALG5,1.0,0.0,1.0
raw_mask,STP22,VPS28,ROT2,ALG5,1.0,0.0,1.0
raw_mask,STP22,VPS28,OST5,ALG5,1.0,0.5,0.5
raw_mask,STP22,VPS28,ALG12,ALG5,0.0,1.0,-1.0
raw_mask,STP22,VPS28,OST3,ALG5,1.0,0.5,0.5
raw_mask,STP22,VPS28,PMT2,PMT1,1.0,0.5,0.5
raw_mask,STP22,VPS28,TLG2,SEC22,1.0,0.0,1.0
raw_mask,STP22,VPS28,GOS1,SEC22,1.0,0.0,1.0
raw_mask,STP22,VPS28,UFD2,HRD1,1.0,0.0,1.0
raw_mask,STP22,VPS28,UBC7,HRD1,1.0,0.0,1.0
raw_mask,STP22,VPS28,MNS1,ALG8,1.0,0.0,1.0
raw_mask,STP22,VPS28,CWH41,ALG8,1.0,0.0,1.0
raw_mask,STP22,VPS28,ROT2,ALG8,1.0,0.0,1.0
raw_mask,STP22,VPS28,OST5,ALG8,1.0,0.5,0.5
raw_mask,STP22,VPS28,ALG5,ALG8,1.0,0.0,1.0
raw_mask,STP22,VPS28,OST3,ALG8,1.0,0.5,0.5
raw_mask,STP22,VPS28,MNS1,ALG12,1.0,0.0,1.0
raw_mask,STP22,VPS28,CWH41,ALG12,1.0,0.0,1.0
raw_mask,STP22,VPS28,ROT2,ALG12,1.0,0.0,1.0
raw_mask,STP22,VPS28,DIE2,ALG12,1.0,0.0,1.0
raw_mask,STP22,VPS28,ALG5,ALG12,1.0,0.0,1.0
raw_mask,STP22,VPS28,ALG8,ALG12,1.0,0.0,1.0
raw_mask,STP22,VPS28,ALG9,ALG12,0.0,1.0,-1.0
raw_mask,STP22,VPS28,OST3,ALG12,1.0,0.5,0.5
raw_mask,STP22,VPS28,MNS1,ALG9,1.0,0.0,1.0
raw_mask,STP22,VPS28,CWH41,ALG9,1.0,0.0,1.0
raw_mask,STP22,VPS28,ROT2,ALG9,1.0,0.0,1.0
raw_mask,STP22,VPS28,ALG5,ALG9,1.0,0.0,1.0
raw_mask,STP22,VPS28,OST3,ALG9,1.0,0.5,0.5
raw_mask,STP22,VPS28,MNS1,ALG6,1.0,0.0,1.0
raw_mask,STP22,VPS28,CWH41,ALG6,1.0,0.0,1.0
raw_mask,STP22,VPS28,ROT2,ALG6,1.0,0.0,1.0
raw_mask,STP22,VPS28,OST5,ALG6,1.0,0.5,0.5
raw_mask,STP22,VPS28,ALG5,ALG6,1.0,0.0,1.0
raw_mask,STP22,VPS28,ALG12,ALG6,1.0,0.0,1.0
raw_mask,STP22,VPS28,ALG9,ALG6,1.0,0.0,1.0
raw_mask,STP22,VPS28,OST3,ALG6,1.0,0.5,0.5
raw_mask,STP22,VPS28,MNS1,ALG3,1.0,0.0,1.0
raw_mask,STP22,VPS28,CWH41,ALG3,1.0,0.0,1.0
raw_mask,STP22,VPS28,ROT2,ALG3,1.0,0.0,1.0
raw_mask,STP22,VPS28,OST5,ALG3,1.0,0.5,0.5
raw_mask,STP22,VPS28,DIE2,ALG3,1.0,0.0,1.0
raw_mask,STP22,VPS28,OST3,ALG3,1.0,0.5,0.5
raw_mask,STP22,VPS28,PMT1,PMT2,1.0,0.5,0.5
raw_mask,STP22,VPS28,MNS1,OST3,1.0,0.0,1.0
raw_mask,STP22,VPS28,CWH41,OST3,1.0,0.0,1.0
raw_mask,STP22,VPS28,ROT2,OST3,1.0,0.0,1.0
raw_mask,STP22,VPS28,DIE2,OST3,1.0,0.5,0.5
raw_mask,STP22,VPS28,ALG5,OST3,1.0,0.5,0.5
raw_mask,STP22,VPS28,ALG8,OST3,1.0,0.5,0.5
raw_mask,STP22,VPS28,ALG12,OST3,1.0,0.5,0.5
raw_mask,STP22,VPS28,ALG9,OST3,1.0,0.5,0.5
raw_mask,STP22,VPS28,ALG6,OST3,1.0,0.5,0.5
raw_mask,STP22,VPS28,ALG3,OST3,1.0,0.5,0.5
raw_mask,STP22,VPS28,MNN2,ANP1,1.0,0.5,0.5
raw_mask,HMG1,BTS1,STP22,GCS1,0.0,1.0,-1.0
raw_mask,HMG1,BTS1,MNS1,OST5,1.0,0.0,1.0
raw_mask,HMG1,BTS1,DIE2,OST5,0.0,1.0,-1.0
raw_mask,HMG1,BTS1,CWH41,DIE2,1.0,0.0,1.0
raw_mask,HMG1,BTS1,ROT2,DIE2,1.0,0.0,1.0
raw_mask,HMG1,BTS1,UFD2,UBC7,1.0,0.0,1.0
raw_mask,HMG1,BTS1,MNS1,ALG5,1.0,0.0,1.0
raw_mask,HMG1,BTS1,CWH41,ALG5,1.0,0.0,1.0
raw_mask,HMG1,BTS1,ROT2,ALG5,1.0,0.0,1.0
raw_mask,HMG1,BTS1,ALG12,ALG5,0.0,1.0,-1.0
raw_mask,HMG1,BTS1,TLG2,SEC22,1.0,0.0,1.0
raw_mask,HMG1,BTS1,GOS1,SEC22,1.0,0.0,1.0
raw_mask,HMG1,BTS1,UFD2,HRD1,1.0,0.0,1.0
raw_mask,HMG1,BTS1,MNS1,ALG8,1.0,0.0,1.0
raw_mask,HMG1,BTS1,CWH41,ALG8,1.0,0.0,1.0
raw_mask,HMG1,BTS1,ROT2,ALG8,1.0,0.0,1.0
raw_mask,HMG1,BTS1,ALG12,ALG8,0.0,1.0,-1.0
raw_mask,HMG1,BTS1,MNS1,ALG12,1.0,0.0,1.0
raw_mask,HMG1,BTS1,CWH41,ALG12,1.0,0.0,1.0
raw_mask,HMG1,BTS1,ROT2,ALG12,1.0,0.0,1.0
raw_mask,HMG1,BTS1,OST5,ALG12,0.0,1.0,-1.0
raw_mask,HMG1,BTS1,DIE2,ALG12,1.0,0.0,1.0
raw_mask,HMG1,BTS1,ALG9,ALG12,0.0,1.0,-1.0
raw_mask,HMG1,BTS1,ALG6,ALG12,0.0,1.0,-1.0
raw_mask,HMG1,BTS1,MNS1,ALG9,1.0,0.0,1.0
raw_mask,HMG1,BTS1,CWH41,ALG9,1.0,0.0,1.0
raw_mask,HMG1,BTS1,ROT2,ALG9,1.0,0.0,1.0
raw_mask,HMG1,BTS1,MNS1,ALG6,1.0,0.0,1.0
raw_mask,HMG1,BTS1,CWH41,ALG6,1.0,0.0,1.0
raw_mask,HMG1,BTS1,ROT2,ALG6,1.0,0.0,1.0
raw_mask,HMG1,BTS1,MNS1,ALG3,1.0,0.0,1.0
raw_mask,HMG1,BTS1,CWH41,ALG3,1.0,0.0,1.0
raw_mask,HMG1,BTS1,ROT2,ALG3,1.0,0.0,1.0
raw_mask,HMG1,BTS1,DIE2,ALG3,1.0,0.0,1.0
raw_mask,HMG1,BTS1,ALG6,ALG3,0.0,1.0,-1.0
raw_mask,HMG1,BTS1,MNS1,OST3,1.0,0.0,1.0
raw_mask,HMG1,BTS1,CWH41,OST3,1.0,0.0,1.0
raw_mask,HMG1,BTS1,ROT2,OST3,1.0,0.0,1.0
raw_mask,DIE2,ALG5,MNS1,OST5,1.0,0.0,1.0
raw_mask,DIE2,ALG5,DIE2,OST5,0.0,1.0,-1.0
raw_mask,DIE2,ALG5,ALG12,OST5,1.0,0.0,1.0
raw_mask,DIE2,ALG5,MNS1,DIE2,1.0,0.0,1.0
raw_mask,DIE2,ALG5,CWH41,DIE2,1.0,0.0,1.0
raw_mask,DIE2,ALG5,ROT2,DIE2,1.0,0.0,1.0
raw_mask,DIE2,ALG5,UFD2,UBC7,1.0,0.0,1.0
raw_mask,DIE2,ALG5,MNS1,ALG5,1.0,0.0,1.0
raw_mask,DIE2,ALG5,CWH41,ALG5,1.0,0.0,1.0
raw_mask,DIE2,ALG5,ROT2,ALG5,1.0,0.0,1.0
raw_mask,DIE2,ALG5,ALG12,ALG5,0.0,1.0,-1.0
raw_mask,DIE2,ALG5,TLG2,SEC22,1.0,0.0,1.0
raw_mask,DIE2,ALG5,GOS1,SEC22,1.0,0.0,1.0
raw_mask,DIE2,ALG5,UFD2,HRD1,1.0,0.0,1.0
raw_mask,DIE2,ALG5,MNS1,ALG8,1.0,0.0,1.0
raw_mask,DIE2,ALG5,CWH41,ALG8,1.0,0.0,1.0
raw_mask,DIE2,ALG5,ROT2,ALG8,1.0,0.0,1.0
raw_mask,DIE2,ALG5,MNS1,ALG12,1.0,0.0,1.0
raw_mask,DIE2,ALG5,CWH41,ALG12,1.0,0.0,1.0
raw_mask,DIE2,ALG5,ROT2,ALG12,1.0,0.0,1.0
raw_mask,DIE2,ALG5,DIE2,ALG12,1.0,0.0,1.0
raw_mask,DIE2,ALG5,MNS1,ALG9,1.0,0.0,1.0
raw_mask,DIE2,ALG5,CWH41,ALG9,1.0,0.0,1.0
raw_mask,DIE2,ALG5,ROT2,ALG9,1.0,0.0,1.0
raw_mask,DIE2,ALG5,MNS1,ALG6,1.0,0.0,1.0
raw_mask,DIE2,ALG5,CWH41,ALG6,1.0,0.0,1.0
raw_mask,DIE2,ALG5,ROT2,ALG6,1.0,0.0,1.0
raw_mask,DIE2,ALG5,MNS1,ALG3,1.0,0.0,1.0
raw_mask,DIE2,ALG5,CWH41,ALG3,1.0,0.0,1.0
raw_mask,DIE2,ALG5,ROT2,ALG3,1.0,0.0,1.0
raw_mask,DIE2,ALG5,DIE2,ALG3,1.0,0.0,1.0
raw_mask,DIE2,ALG5,ALG6,ALG3,0.0,1.0,-1.0
raw_mask,DIE2,ALG5,MNS1,OST3,1.0,0.0,1.0
raw_mask,DIE2,ALG5,CWH41,OST3,1.0,0.0,1.0
raw_mask,DIE2,ALG5,ROT2,OST3,1.0,0.0,1.0
raw_mask,ALG8,ALG5,CWH41,MNS1,1.0,0.0,1.0
raw_mask,ALG8,ALG5,MNN2,MNS1,1.0,0.0,1.0
raw_mask,ALG8,ALG5,ANP1,MNS1,1.0,0.0,1.0
raw_mask,ALG8,ALG5,DOA4,STP22,1.0,0.0,1.0
raw_mask,ALG8,ALG5,GCS1,STP22,1.0,0.0,1.0
raw_mask,ALG8,ALG5,VPS28,STP22,1.0,0.0,1.0
raw_mask,ALG8,ALG5,GOS1,TLG2,1.0,0.0,1.0
raw_mask,ALG8,ALG5,STP22,DOA4,1.0,0.0,1.0
raw_mask,ALG8,ALG5,GCS1,DOA4,1.0,0.0,1.0
raw_mask,ALG8,ALG5,VPS28,DOA4,1.0,0.0,1.0
raw_mask,ALG8,ALG5,PSD2,PCT1,1.0,0.0,1.0
raw_mask,ALG8,ALG5,TLG2,GOS1,1.0,0.0,1.0
raw_mask,ALG8,ALG5,STP22,GCS1,1.0,0.0,1.0
raw_mask,ALG8,ALG5,DOA4,GCS1,1.0,0.0,1.0
raw_mask,ALG8,ALG5,VPS28,GCS1,1.0,0.0,1.0
raw_mask,ALG8,ALG5,CWH41,ROT2,1.0,0.0,1.0
raw_mask,ALG8,ALG5,DOA4,VPS28,1.0,0.0,1.0
raw_mask,ALG8,ALG5,GCS1,VPS28,1.0,0.0,1.0
raw_mask,ALG8,ALG5,MNS1,OST5,1.0,0.0,1.0
raw_mask,ALG8,ALG5,CWH41,OST5,1.0,0.0,1.0
raw_mask,ALG8,ALG5,ROT2,OST5,1.0,0.0,1.0
raw_mask,ALG8,ALG5,ALG5,OST5,1.0,0.0,1.0
raw_mask,ALG8,ALG5,ALG8,OST5,1.0,0.0,1.0
raw_mask,ALG8,ALG5,ALG6,OST5,1.0,0.0,1.0
raw_mask,ALG8,ALG5,ALG3,OST5,1.0,0.0,1.0
raw_mask,ALG8,ALG5,OST3,OST5,1.0,0.0,1.0
raw_mask,ALG8,ALG5,CWH41,DIE2,1.0,0.0,1.0
raw_mask,ALG8,ALG5,ROT2,DIE2,1.0,0.0,1.0
raw_mask,ALG8,ALG5,OST3,DIE2,1.0,0.0,1.0
raw_mask,ALG8,ALG5,UFD2,UBC7,1.0,0.0,1.0
raw_mask,ALG8,ALG5,MNS1,ALG5,1.0,0.0,1.0
raw_mask,ALG8,ALG5,CWH41,ALG5,1.0,0.0,1.0
raw_mask,ALG8,ALG5,ROT2,ALG5,1.0,0.0,1.0
raw_mask,ALG8,ALG5,OST5,ALG5,1.0,0.0,1.0
raw_mask,ALG8,ALG5,ALG12,ALG5,0.0,1.0,-1.0
raw_mask,ALG8,ALG5,OST3,ALG5,1.0,0.0,1.0
raw_mask,ALG8,ALG5,PMT2,PMT1,1.0,0.0,1.0
raw_mask,ALG8,ALG5,TLG2,SEC22,1.0,0.0,1.0
raw_mask,ALG8,ALG5,GOS1,SEC22,1.0,0.0,1.0
raw_mask,ALG8,ALG5,UFD2,HRD1,1.0,0.0,1.0
raw_mask,ALG8,ALG5,UBC7,HRD1,1.0,0.0,1.0
raw_mask,ALG8,ALG5,MNS1,ALG8,1.0,0.0,1.0
raw_mask,ALG8,ALG5,CWH41,ALG8,1.0,0.0,1.0
raw_mask,ALG8,ALG5,ROT2,ALG8,1.0,0.0,1.0
raw_mask,ALG8,ALG5,OST5,ALG8,1.0,0.0,1.0
raw_mask,ALG8,ALG5,ALG5,ALG8,1.0,0.0,1.0
raw_mask,ALG8,ALG5,OST3,ALG8,1.0,0.0,1.0
raw_mask,ALG8,ALG5,MNS1,ALG12,1.0,0.0,1.0
raw_mask,ALG8,ALG5,CWH41,ALG12,1.0,0.0,1.0
raw_mask,ALG8,ALG5,ROT2,ALG12,1.0,0.0,1.0
raw_mask,ALG8,ALG5,DIE2,ALG12,1.0,0.0,1.0
raw_mask,ALG8,ALG5,ALG5,ALG12,1.0,0.0,1.0
raw_mask,ALG8,ALG5,ALG8,ALG12,1.0,0.0,1.0
raw_mask,ALG8,ALG5,OST3,ALG12,1.0,0.0,1.0
raw_mask,ALG8,ALG5,MNS1,ALG9,1.0,0.0,1.0
raw_mask,ALG8,ALG5,CWH41,ALG9,1.0,0.0,1.0
raw_mask,ALG8,ALG5,ROT2,ALG9,1.0,0.0,1.0
raw_mask,ALG8,ALG5,ALG5,ALG9,1.0,0.0,1.0
raw_mask,ALG8,ALG5,OST3,ALG9,1.0,0.0,1.0
raw_mask,ALG8,ALG5,MNS1,ALG6,1.0,0.0,1.0
raw_mask,ALG8,ALG5,CWH41,ALG6,1.0,0.0,1.0
raw_mask,ALG8,ALG5,ROT2,ALG6,1.0,0.0,1.0
raw_mask,ALG8,ALG5,OST5,ALG6,1.0,0.0,1.0
raw_mask,ALG8,ALG5,ALG5,ALG6,1.0,0.0,1.0
raw_mask,ALG8,ALG5,ALG12,ALG6,1.0,0.0,1.0
raw_mask,ALG8,ALG5,ALG9,ALG6,1.0,0.0,1.0
raw_mask,ALG8,ALG5,OST3,ALG6,1.0,0.0,1.0
raw_mask,ALG8,ALG5,MNS1,ALG3,1.0,0.0,1.0
raw_mask,ALG8,ALG5,CWH41,ALG3,1.0,0.0,1.0
raw_mask,ALG8,ALG5,ROT2,ALG3,1.0,0.0,1.0
raw_mask,ALG8,ALG5,OST5,ALG3,1.0,0.0,1.0
raw_mask,ALG8,ALG5,DIE2,ALG3,1.0,0.0,1.0
raw_mask,ALG8,ALG5,OST3,ALG3,1.0,0.0,1.0
raw_mask,ALG8,ALG5,PMT1,PMT2,1.0,0.0,1.0
raw_mask,ALG8,ALG5,MNS1,OST3,1.0,0.0,1.0
raw_mask,ALG8,ALG5,CWH41,OST3,1.0,0.0,1.0
raw_mask,ALG8,ALG5,ROT2,OST3,1.0,0.0,1.0
raw_mask,ALG8,ALG5,DIE2,OST3,1.0,0.0,1.0
raw_mask,ALG8,ALG5,ALG5,OST3,1.0,0.0,1.0
raw_mask,ALG8,ALG5,ALG8,OST3,1.0,0.0,1.0
raw_mask,ALG8,ALG5,ALG12,OST3,1.0,0.0,1.0
raw_mask,ALG8,ALG5,ALG9,OST3,1.0,0.0,1.0
raw_mask,ALG8,ALG5,ALG6,OST3,1.0,0.0,1.0
raw_mask,ALG8,ALG5,ALG3,OST3,1.0,0.0,1.0
raw_mask,ALG8,ALG5,MNN2,ANP1,1.0,0.0,1.0
raw_mask,ALG6,ALG5,CWH41,MNS1,1.0,0.0,1.0
raw_mask,ALG6,ALG5,MNN2,MNS1,1.0,0.0,1.0
raw_mask,ALG6,ALG5,ANP1,MNS1,1.0,0.0,1.0
raw_mask,ALG6,ALG5,DOA4,STP22,1.0,0.0,1.0
raw_mask,ALG6,ALG5,GCS1,STP22,1.0,0.0,1.0
raw_mask,ALG6,ALG5,VPS28,STP22,1.0,0.0,1.0
raw_mask,ALG6,ALG5,GOS1,TLG2,1.0,0.0,1.0
raw_mask,ALG6,ALG5,STP22,DOA4,1.0,0.0,1.0
raw_mask,ALG6,ALG5,GCS1,DOA4,1.0,0.0,1.0
raw_mask,ALG6,ALG5,VPS28,DOA4,1.0,0.0,1.0
raw_mask,ALG6,ALG5,PSD2,PCT1,1.0,0.0,1.0
raw_mask,ALG6,ALG5,DIE2,CWH41,0.0,1.0,-1.0
raw_mask,ALG6,ALG5,TLG2,GOS1,1.0,0.0,1.0
raw_mask,ALG6,ALG5,VPS28,GCS1,0.0,1.0,-1.0
raw_mask,ALG6,ALG5,OST5,ROT2,0.0,1.0,-1.0
raw_mask,ALG6,ALG5,GCS1,VPS28,1.0,0.0,1.0
raw_mask,ALG6,ALG5,ROT2,OST5,1.0,0.0,1.0
raw_mask,ALG6,ALG5,ALG5,OST5,1.0,0.0,1.0
raw_mask,ALG6,ALG5,ALG8,OST5,1.0,0.0,1.0
raw_mask,ALG6,ALG5,ALG6,OST5,1.0,0.0,1.0
raw_mask,ALG6,ALG5,ALG3,OST5,1.0,0.0,1.0
raw_mask,ALG6,ALG5,OST3,OST5,1.0,0.0,1.0
raw_mask,ALG6,ALG5,CWH41,DIE2,1.0,0.0,1.0
raw_mask,ALG6,ALG5,ROT2,DIE2,1.0,0.0,1.0
raw_mask,ALG6,ALG5,OST3,DIE2,1.0,0.0,1.0
raw_mask,ALG6,ALG5,UFD2,UBC7,1.0,0.0,1.0
raw_mask,ALG6,ALG5,CWH41,ALG5,1.0,0.0,1.0
raw_mask,ALG6,ALG5,OST5,ALG5,1.0,0.0,1.0
raw_mask,ALG6,ALG5,ALG12,ALG5,0.0,1.0,-1.0
raw_mask,ALG6,ALG5,ALG9,ALG5,0.0,1.0,-1.0
raw_mask,ALG6,ALG5,OST3,ALG5,1.0,0.0,1.0
raw_mask,ALG6,ALG5,PMT2,PMT1,1.0,0.0,1.0
raw_mask,ALG6,ALG5,TLG2,SEC22,1.0,0.0,1.0
raw_mask,ALG6,ALG5,GOS1,SEC22,1.0,0.0,1.0
raw_mask,ALG6,ALG5,UFD2,HRD1,1.0,0.0,1.0
raw_mask,ALG6,ALG5,UBC7,HRD1,1.0,0.0,1.0
raw_mask,ALG6,ALG5,CWH41,ALG8,1.0,0.0,1.0
raw_mask,ALG6,ALG5,ROT2,ALG8,1.0,0.0,1.0
raw_mask,ALG6,ALG5,OST5,ALG8,1.0,0.0,1.0
raw_mask,ALG6,ALG5,ALG5,ALG8,1.0,0.0,1.0
raw_mask,ALG6,ALG5,ALG12,ALG8,0.0,1.0,-1.0
raw_mask,ALG6,ALG5,ALG9,ALG8,0.0,1.0,-1.0
raw_mask,ALG6,ALG5,OST3,ALG8,1.0,0.0,1.0
raw_mask,ALG6,ALG5,MNS1,ALG12,1.0,0.0,1.0
raw_mask,ALG6,ALG5,CWH41,ALG12,1.0,0.0,1.0
raw_mask,ALG6,ALG5,OST5,ALG12,0.0,1.0,-1.0
raw_mask,ALG6,ALG5,ALG9,ALG12,0.0,1.0,-1.0
raw_mask,ALG6,ALG5,ALG6,ALG12,0.0,1.0,-1.0
raw_mask,ALG6,ALG5,OST3,ALG12,1.0,0.0,1.0
raw_mask,ALG6,ALG5,MNS1,ALG9,1.0,0.0,1.0
raw_mask,ALG6,ALG5,CWH41,ALG9,1.0,0.0,1.0
raw_mask,ALG6,ALG5,ROT2,ALG9,1.0,0.0,1.0
raw_mask,ALG6,ALG5,OST3,ALG9,1.0,0.0,1.0
raw_mask,ALG6,ALG5,CWH41,ALG6,1.0,0.0,1.0
raw_mask,ALG6,ALG5,ROT2,ALG6,1.0,0.0,1.0
raw_mask,ALG6,ALG5,OST5,ALG6,1.0,0.0,1.0
raw_mask,ALG6,ALG5,ALG5,ALG6,1.0,0.0,1.0
raw_mask,ALG6,ALG5,ALG12,ALG6,1.0,0.0,1.0
raw_mask,ALG6,ALG5,ALG9,ALG6,1.0,0.0,1.0
raw_mask,ALG6,ALG5,OST3,ALG6,1.0,0.0,1.0
raw_mask,ALG6,ALG5,MNS1,ALG3,1.0,0.0,1.0
raw_mask,ALG6,ALG5,CWH41,ALG3,1.0,0.0,1.0
raw_mask,ALG6,ALG5,OST5,ALG3,1.0,0.0,1.0
raw_mask,ALG6,ALG5,DIE2,ALG3,1.0,0.0,1.0
raw_mask,ALG6,ALG5,OST3,ALG3,1.0,0.0,1.0
raw_mask,ALG6,ALG5,PMT1,PMT2,1.0,0.0,1.0
raw_mask,ALG6,ALG5,CWH41,OST3,1.0,0.0,1.0
raw_mask,ALG6,ALG5,ROT2,OST3,1.0,0.0,1.0
raw_mask,ALG6,ALG5,ALG3,OST3,1.0,0.0,1.0
raw_mask,DIE2,ALG8,MNS1,OST5,1.0,0.0,1.0
raw_mask,DIE2,ALG8,DIE2,OST5,0.0,1.0,-1.0
raw_mask,DIE2,ALG8,MNS1,DIE2,1.0,0.0,1.0
raw_mask,DIE2,ALG8,UFD2,UBC7,1.0,0.0,1.0
raw_mask,DIE2,ALG8,MNS1,ALG5,1.0,0.0,1.0
raw_mask,DIE2,ALG8,CWH41,ALG5,1.0,0.0,1.0
raw_mask,DIE2,ALG8,ROT2,ALG5,1.0,0.0,1.0
raw_mask,DIE2,ALG8,TLG2,SEC22,1.0,0.0,1.0
raw_mask,DIE2,ALG8,GOS1,SEC22,1.0,0.0,1.0
raw_mask,DIE2,ALG8,UFD2,HRD1,1.0,0.0,1.0
raw_mask,DIE2,ALG8,MNS1,ALG8,1.0,0.0,1.0
raw_mask,DIE2,ALG8,CWH41,ALG8,1.0,0.0,1.0
raw_mask,DIE2,ALG8,ROT2,ALG8,1.0,0.0,1.0
raw_mask,DIE2,ALG8,MNS1,ALG12,1.0,0.0,1.0
raw_mask,DIE2,ALG8,CWH41,ALG12,1.0,0.0,1.0
raw_mask,DIE2,ALG8,ROT2,ALG12,1.0,0.0,1.0
raw_mask,DIE2,ALG8,DIE2,ALG12,1.0,0.0,1.0
raw_mask,DIE2,ALG8,MNS1,ALG9,1.0,0.0,1.0
raw_mask,DIE2,ALG8,CWH41,ALG9,1.0,0.0,1.0
raw_mask,DIE2,ALG8,ROT2,ALG9,1.0,0.0,1.0
raw_mask,DIE2,ALG8,MNS1,ALG6,1.0,0.0,1.0
raw_mask,DIE2,ALG8,CWH41,ALG6,1.0,0.0,1.0
raw_mask,DIE2,ALG8,ROT2,ALG6,1.0,0.0,1.0
raw_mask,DIE2,ALG8,MNS1,ALG3,1.0,0.0,1.0
raw_mask,DIE2,ALG8,CWH41,ALG3,1.0,0.0,1.0
raw_mask,DIE2,ALG8,ROT2,ALG3,1.0,0.0,1.0
raw_mask,DIE2,ALG8,DIE2,ALG3,1.0,0.0,1.0
raw_mask,DIE2,ALG8,ALG8,ALG3,1.0,0.0,1.0
raw_mask,DIE2,ALG8,ALG6,ALG3,0.0,1.0,-1.0
raw_mask,DIE2,ALG8,MNS1,OST3,1.0,0.0,1.0
raw_mask,DIE2,ALG8,CWH41,OST3,1.0,0.0,1.0
raw_mask,DIE2,ALG8,ROT2,OST3,1.0,0.0,1.0
raw_mask,DIE2,ALG9,STP22,GCS1,0.0,1.0,-1.0
raw_mask,DIE2,ALG9,DIE2,OST5,0.0,1.0,-1.0
raw_mask,DIE2,ALG9,ALG12,OST5,0.0,1.0,-1.0
raw_mask,DIE2,ALG9,UFD2,UBC7,1.0,0.0,1.0
raw_mask,DIE2,ALG9,MNS1,ALG5,1.0,0.0,1.0
raw_mask,DIE2,ALG9,CWH41,ALG5,1.0,0.0,1.0
raw_mask,DIE2,ALG9,ROT2,ALG5,1.0,0.0,1.0
raw_mask,DIE2,ALG9,ALG12,ALG5,0.0,1.0,-1.0
raw_mask,DIE2,ALG9,TLG2,SEC22,1.0,0.0,1.0
raw_mask,DIE2,ALG9,GOS1,SEC22,1.0,0.0,1.0
raw_mask,DIE2,ALG9,UFD2,HRD1,1.0,0.0,1.0
raw_mask,DIE2,ALG9,MNS1,ALG8,1.0,0.0,1.0
raw_mask,DIE2,ALG9,CWH41,ALG8,1.0,0.0,1.0
raw_mask,DIE2,ALG9,ROT2,ALG8,1.0,0.0,1.0
raw_mask,DIE2,ALG9,MNS1,ALG12,1.0,0.0,1.0
raw_mask,DIE2,ALG9,CWH41,ALG12,1.0,0.0,1.0
raw_mask,DIE2,ALG9,ROT2,ALG12,1.0,0.0,1.0
raw_mask,DIE2,ALG9,ALG9,ALG12,0.0,1.0,-1.0
raw_mask,DIE2,ALG9,MNS1,ALG9,1.0,0.0,1.0
raw_mask,DIE2,ALG9,CWH41,ALG9,1.0,0.0,1.0
raw_mask,DIE2,ALG9,ROT2,ALG9,1.0,0.0,1.0
raw_mask,DIE2,ALG9,MNS1,ALG6,1.0,0.0,1.0
raw_mask,DIE2,ALG9,CWH41,ALG6,1.0,0.0,1.0
raw_mask,DIE2,ALG9,ROT2,ALG6,1.0,0.0,1.0
raw_mask,DIE2,ALG9,MNS1,ALG3,1.0,0.0,1.0
raw_mask,DIE2,ALG9,CWH41,ALG3,1.0,0.0,1.0
raw_mask,DIE2,ALG9,ROT2,ALG3,1.0,0.0,1.0
raw_mask,DIE2,ALG9,DIE2,ALG3,1.0,0.0,1.0
raw_mask,DIE2,ALG9,ALG8,ALG3,0.0,1.0,-1.0
raw_mask,DIE2,ALG9,ALG6,ALG3,0.0,1.0,-1.0
raw_mask,DIE2,ALG9,MNS1,OST3,1.0,0.0,1.0
raw_mask,DIE2,ALG9,CWH41,OST3,1.0,0.0,1.0
raw_mask,DIE2,ALG9,ROT2,OST3,1.0,0.0,1.0
raw_mask,ALG8,ALG9,PSD2,PCT1,1.0,0.0,1.0
raw_mask,ALG8,ALG9,STP22,GCS1,0.0,1.0,-1.0
raw_mask,ALG8,ALG9,VPS28,GCS1,0.0,1.0,-1.0
raw_mask,ALG8,ALG9,CWH41,ROT2,0.0,1.0,-1.0
raw_mask,ALG8,ALG9,MNS1,OST5,1.0,0.0,1.0
raw_mask,ALG8,ALG9,ROT2,OST5,1.0,0.0,1.0
raw_mask,ALG8,ALG9,CWH41,DIE2,1.0,0.0,1.0
raw_mask,ALG8,ALG9,ROT2,DIE2,1.0,0.0,1.0
raw_mask,ALG8,ALG9,UFD2,UBC7,1.0,0.0,1.0
raw_mask,ALG8,ALG9,MNS1,ALG5,1.0,0.0,1.0
raw_mask,ALG8,ALG9,CWH41,ALG5,1.0,0.0,1.0
raw_mask,ALG8,ALG9,ROT2,ALG5,1.0,0.0,1.0
raw_mask,ALG8,ALG9,ALG12,ALG5,0.0,1.0,-1.0
raw_mask,ALG8,ALG9,TLG2,SEC22,1.0,0.0,1.0
raw_mask,ALG8,ALG9,GOS1,SEC22,1.0,0.0,1.0
raw_mask,ALG8,ALG9,UFD2,HRD1,1.0,0.0,1.0
raw_mask,ALG8,ALG9,UBC7,HRD1,1.0,0.0,1.0
raw_mask,ALG8,ALG9,MNS1,ALG8,1.0,0.0,1.0
raw_mask,ALG8,ALG9,CWH41,ALG8,1.0,0.0,1.0
raw_mask,ALG8,ALG9,ROT2,ALG8,1.0,0.0,1.0
raw_mask,ALG8,ALG9,ALG12,ALG8,0.0,1.0,-1.0
raw_mask,ALG8,ALG9,MNS1,ALG12,1.0,0.0,1.0
raw_mask,ALG8,ALG9,CWH41,ALG12,1.0,0.0,1.0
raw_mask,ALG8,ALG9,OST5,ALG12,0.0,1.0,-1.0
raw_mask,ALG8,ALG9,DIE2,ALG12,1.0,0.0,1.0
raw_mask,ALG8,ALG9,ALG9,ALG12,0.0,1.0,-1.0
raw_mask,ALG8,ALG9,ALG6,ALG12,0.0,1.0,-1.0
raw_mask,ALG8,ALG9,MNS1,ALG9,1.0,0.0,1.0
raw_mask,ALG8,ALG9,CWH41,ALG9,1.0,0.0,1.0
raw_mask,ALG8,ALG9,ROT2,ALG9,1.0,0.0,1.0
raw_mask,ALG8,ALG9,ALG5,ALG9,1.0,0.0,1.0
raw_mask,ALG8,ALG9,CWH41,ALG6,1.0,0.0,1.0
raw_mask,ALG8,ALG9,ROT2,ALG6,1.0,0.0,1.0
raw_mask,ALG8,ALG9,ALG12,ALG6,1.0,0.0,1.0
raw_mask,ALG8,ALG9,ALG9,ALG6,1.0,0.0,1.0
raw_mask,ALG8,ALG9,MNS1,ALG3,1.0,0.0,1.0
raw_mask,ALG8,ALG9,CWH41,ALG3,1.0,0.0,1.0
raw_mask,ALG8,ALG9,ROT2,ALG3,1.0,0.0,1.0
raw_mask,ALG8,ALG9,DIE2,ALG3,1.0,0.0,1.0
raw_mask,ALG8,ALG9,MNS1,OST3,1.0,0.0,1.0
raw_mask,ALG8,ALG9,CWH41,OST3,1.0,0.0,1.0
raw_mask,ALG8,ALG9,ROT2,OST3,1.0,0.0,1.0
raw_mask,ALG8,ALG9,ALG5,OST3,0.0,1.0,-1.0
raw_mask,ALG8,ALG9,ALG9,OST3,0.0,1.0,-1.0
raw_mask,ALG8,ALG9,MNN2,ANP1,0.0,1.0,-1.0
raw_mask,ALG12,ALG9,PSD2,PCT1,1.0,0.0,1.0
raw_mask,ALG12,ALG9,CWH41,ROT2,1.0,0.0,1.0
raw_mask,ALG12,ALG9,GCS1,VPS28,1.0,0.0,1.0
raw_mask,ALG12,ALG9,MNS1,OST5,1.0,0.0,1.0
raw_mask,ALG12,ALG9,CWH41,OST5,1.0,0.0,1.0
raw_mask,ALG12,ALG9,ROT2,OST5,1.0,0.0,1.0
raw_mask,ALG12,ALG9,ALG12,OST5,1.0,0.0,1.0
raw_mask,ALG12,ALG9,MNS1,DIE2,1.0,0.0,1.0
raw_mask,ALG12,ALG9,CWH41,DIE2,1.0,0.0,1.0
raw_mask,ALG12,ALG9,ROT2,DIE2,1.0,0.0,1.0
raw_mask,ALG12,ALG9,UFD2,UBC7,1.0,0.0,1.0
raw_mask,ALG12,ALG9,MNS1,ALG5,1.0,0.0,1.0
raw_mask,ALG12,ALG9,CWH41,ALG5,1.0,0.0,1.0
raw_mask,ALG12,ALG9,ROT2,ALG5,1.0,0.0,1.0
raw_mask,ALG12,ALG9,TLG2,SEC22,1.0,0.0,1.0
raw_mask,ALG12,ALG9,GOS1,SEC22,1.0,0.0,1.0
raw_mask,ALG12,ALG9,UFD2,HRD1,1.0,0.0,1.0
raw_mask,ALG12,ALG9,UBC7,HRD1,1.0,0.0,1.0
raw_mask,ALG12,ALG9,MNS1,ALG8,1.0,0.0,1.0
raw_mask,ALG12,ALG9,CWH41,ALG8,1.0,0.0,1.0
raw_mask,ALG12,ALG9,ROT2,ALG8,1.0,0.0,1.0
raw_mask,ALG12,ALG9,ALG5,ALG8,1.0,0.0,1.0
raw_mask,ALG12,ALG9,MNS1,ALG12,1.0,0.0,1.0
raw_mask,ALG12,ALG9,CWH41,ALG12,1.0,0.0,1.0
raw_mask,ALG12,ALG9,ROT2,ALG12,1.0,0.0,1.0
raw_mask,ALG12,ALG9,DIE2,ALG12,1.0,0.0,1.0
raw_mask,ALG12,ALG9,ALG5,ALG12,1.0,0.0,1.0
raw_mask,ALG12,ALG9,ALG8,ALG12,1.0,0.0,1.0
raw_mask,ALG12,ALG9,MNS1,ALG9,1.0,0.0,1.0
raw_mask,ALG12,ALG9,CWH41,ALG9,1.0,0.0,1.0
raw_mask,ALG12,ALG9,ROT2,ALG9,1.0,0.0,1.0
raw_mask,ALG12,ALG9,ALG5,ALG9,1.0,0.0,1.0
raw_mask,ALG12,ALG9,MNS1,ALG6,1.0,0.0,1.0
raw_mask,ALG12,ALG9,CWH41,ALG6,1.0,0.0,1.0
raw_mask,ALG12,ALG9,ROT2,ALG6,1.0,0.0,1.0
raw_mask,ALG12,ALG9,ALG12,ALG6,1.0,0.0,1.0
raw_mask,ALG12,ALG9,ALG9,ALG6,1.0,0.0,1.0
raw_mask,ALG12,ALG9,MNS1,ALG3,1.0,0.0,1.0
raw_mask,ALG12,ALG9,CWH41,ALG3,1.0,0.0,1.0
raw_mask,ALG12,ALG9,ROT2,ALG3,1.0,0.0,1.0
raw_mask,ALG12,ALG9,DIE2,ALG3,1.0,0.0,1.0
raw_mask,ALG12,ALG9,ALG8,ALG3,1.0,0.0,1.0
raw_mask,ALG12,ALG9,MNS1,OST3,1.0,0.0,1.0
raw_mask,ALG12,ALG9,CWH41,OST3,1.0,0.0,1.0
raw_mask,ALG12,ALG9,ROT2,OST3,1.0,0.0,1.0
raw_mask,ALG6,ALG9,CWH41,MNS1,1.0,0.0,1.0
raw_mask,ALG6,ALG9,MNN2,MNS1,1.0,0.0,1.0
raw_mask,ALG6,ALG9,ANP1,MNS1,1.0,0.0,1.0
raw_mask,ALG6,ALG9,PCT1,PSD2,1.0,0.0,1.0
raw_mask,ALG6,ALG9,DOA4,STP22,1.0,0.0,1.0
raw_mask,ALG6,ALG9,GCS1,STP22,1.0,0.0,1.0
raw_mask,ALG6,ALG9,VPS28,STP22,1.0,0.0,1.0
raw_mask,ALG6,ALG9,GOS1,TLG2,1.0,0.0,1.0
raw_mask,ALG6,ALG9,STP22,DOA4,1.0,0.0,1.0
raw_mask,ALG6,ALG9,GCS1,DOA4,1.0,0.0,1.0
raw_mask,ALG6,ALG9,VPS28,DOA4,1.0,0.0,1.0
raw_mask,ALG6,ALG9,PSD2,PCT1,1.0,0.0,1.0
raw_mask,ALG6,ALG9,OST5,CWH41,1.0,0.0,1.0
raw_mask,ALG6,ALG9,TLG2,GOS1,1.0,0.0,1.0
raw_mask,ALG6,ALG9,GCS1,VPS28,1.0,0.0,1.0
raw_mask,ALG6,ALG9,ROT2,OST5,1.0,0.0,1.0
raw_mask,ALG6,ALG9,ALG5,OST5,1.0,0.0,1.0
raw_mask,ALG6,ALG9,ALG8,OST5,1.0,0.0,1.0
raw_mask,ALG6,ALG9,ALG6,OST5,1.0,0.0,1.0
raw_mask,ALG6,ALG9,ALG3,OST5,1.0,0.0,1.0
raw_mask,ALG6,ALG9,OST3,OST5,1.0,0.0,1.0
raw_mask,ALG6,ALG9,CWH41,DIE2,1.0,0.0,1.0
raw_mask,ALG6,ALG9,ROT2,DIE2,1.0,0.0,1.0
raw_mask,ALG6,ALG9,OST5,DIE2,1.0,0.0,1.0
raw_mask,ALG6,ALG9,OST3,DIE2,1.0,0.0,1.0
raw_mask,ALG6,ALG9,UFD2,UBC7,1.0,0.0,1.0
raw_mask,ALG6,ALG9,HRD1,UBC7,1.0,0.0,1.0
raw_mask,ALG6,ALG9,CWH41,ALG5,1.0,0.0,1.0
raw_mask,ALG6,ALG9,OST5,ALG5,1.0,0.0,1.0
raw_mask,ALG6,ALG9,ALG12,ALG5,0.0,1.0,-1.0
raw_mask,ALG6,ALG9,ALG9,ALG5,1.0,0.0,1.0
raw_mask,ALG6,ALG9,OST3,ALG5,1.0,0.0,1.0
raw_mask,ALG6,ALG9,PMT2,PMT1,1.0,0.0,1.0
raw_mask,ALG6,ALG9,TLG2,SEC22,1.0,0.0,1.0
raw_mask,ALG6,ALG9,GOS1,SEC22,1.0,0.0,1.0
raw_mask,ALG6,ALG9,UFD2,HRD1,1.0,0.0,1.0
raw_mask,ALG6,ALG9,UBC7,HRD1,1.0,0.0,1.0
raw_mask,ALG6,ALG9,MNS1,ALG8,1.0,0.0,1.0
raw_mask,ALG6,ALG9,CWH41,ALG8,1.0,0.0,1.0
raw_mask,ALG6,ALG9,ROT2,ALG8,1.0,0.0,1.0
raw_mask,ALG6,ALG9,OST5,ALG8,1.0,0.0,1.0
raw_mask,ALG6,ALG9,ALG5,ALG8,1.0,0.0,1.0
raw_mask,ALG6,ALG9,ALG9,ALG8,1.0,0.0,1.0
raw_mask,ALG6,ALG9,OST3,ALG8,1.0,0.0,1.0
raw_mask,ALG6,ALG9,MNS1,ALG12,1.0,0.0,1.0
raw_mask,ALG6,ALG9,CWH41,ALG12,1.0,0.0,1.0
raw_mask,ALG6,ALG9,OST5,ALG12,0.0,1.0,-1.0
raw_mask,ALG6,ALG9,OST3,ALG12,1.0,0.0,1.0
raw_mask,ALG6,ALG9,MNS1,ALG9,1.0,0.0,1.0
raw_mask,ALG6,ALG9,CWH41,ALG9,1.0,0.0,1.0
raw_mask,ALG6,ALG9,ROT2,ALG9,1.0,0.0,1.0
raw_mask,ALG6,ALG9,OST3,ALG9,1.0,0.0,1.0
raw_mask,ALG6,ALG9,CWH41,ALG6,1.0,0.0,1.0
raw_mask,ALG6,ALG9,ROT2,ALG6,1.0,0.0,1.0
raw_mask,ALG6,ALG9,OST5,ALG6,1.0,0.0,1.0
raw_mask,ALG6,ALG9,ALG5,ALG6,1.0,0.0,1.0
raw_mask,ALG6,ALG9,ALG12,ALG6,1.0,0.0,1.0
raw_mask,ALG6,ALG9,ALG9,ALG6,1.0,0.0,1.0
raw_mask,ALG6,ALG9,ALG3,ALG6,1.0,0.0,1.0
raw_mask,ALG6,ALG9,OST3,ALG6,1.0,0.0,1.0
raw_mask,ALG6,ALG9,MNS1,ALG3,1.0,0.0,1.0
raw_mask,ALG6,ALG9,CWH41,ALG3,1.0,0.0,1.0
raw_mask,ALG6,ALG9,OST5,ALG3,1.0,0.0,1.0
raw_mask,ALG6,ALG9,DIE2,ALG3,1.0,0.0,1.0
raw_mask,ALG6,ALG9,OST3,ALG3,1.0,0.0,1.0
raw_mask,ALG6,ALG9,PMT1,PMT2,1.0,0.0,1.0
raw_mask,ALG6,ALG9,CWH41,OST3,1.0,0.0,1.0
raw_mask,ALG6,ALG9,ROT2,OST3,1.0,0.0,1.0
raw_mask,ALG6,ALG9,DIE2,OST3,1.0,0.0,1.0
raw_mask,ALG6,ALG9,ALG8,OST3,1.0,0.0,1.0
raw_mask,ALG6,ALG9,ALG6,OST3,1.0,0.0,1.0
raw_mask,ALG6,ALG9,ALG3,OST3,1.0,0.0,1.0
raw_mask,DIE2,ALG6,STP22,GCS1,0.0,1.0,-1.0
raw_mask,DIE2,ALG6,VPS28,GCS1,0.0,1.0,-1.0
raw_mask,DIE2,ALG6,CWH41,ROT2,0.0,1.0,-1.0
raw_mask,DIE2,ALG6,OST5,ROT2,0.0,1.0,-1.0
raw_mask,DIE2,ALG6,CWH41,OST5,0.0,1.0,-1.0
raw_mask,DIE2,ALG6,DIE2,OST5,0.0,1.0,-1.0
raw_mask,DIE2,ALG6,ALG12,OST5,0.0,1.0,-1.0
raw_mask,DIE2,ALG6,ALG9,OST5,0.0,1.0,-1.0
raw_mask,DIE2,ALG6,MNS1,DIE2,0.0,1.0,-1.0
raw_mask,DIE2,ALG6,MNS1,ALG5,1.0,0.0,1.0
raw_mask,DIE2,ALG6,ALG12,ALG5,0.0,1.0,-1.0
raw_mask,DIE2,ALG6,TLG2,SEC22,1.0,0.0,1.0
raw_mask,DIE2,ALG6,UFD2,HRD1,1.0,0.0,1.0
raw_mask,DIE2,ALG6,MNS1,ALG8,1.0,0.0,1.0
raw_mask,DIE2,ALG6,CWH41,ALG8,1.0,0.0,1.0
raw_mask,DIE2,ALG6,ROT2,ALG8,1.0,0.0,1.0
raw_mask,DIE2,ALG6,ALG12,ALG8,0.0,1.0,-1.0
raw_mask,DIE2,ALG6,MNS1,ALG12,1.0,0.0,1.0
raw_mask,DIE2,ALG6,CWH41,ALG12,1.0,0.0,1.0
raw_mask,DIE2,ALG6,OST5,ALG12,0.0,1.0,-1.0
raw_mask,DIE2,ALG6,ALG5,ALG12,0.0,1.0,-1.0
raw_mask,DIE2,ALG6,ALG9,ALG12,0.0,1.0,-1.0
raw_mask,DIE2,ALG6,ALG6,ALG12,0.0,1.0,-1.0
raw_mask,DIE2,ALG6,MNS1,ALG9,1.0,0.0,1.0
raw_mask,DIE2,ALG6,CWH41,ALG9,1.0,0.0,1.0
raw_mask,DIE2,ALG6,ROT2,ALG9,1.0,0.0,1.0
raw_mask,DIE2,ALG6,CWH41,ALG6,1.0,0.0,1.0
raw_mask,DIE2,ALG6,ROT2,ALG6,1.0,0.0,1.0
raw_mask,DIE2,ALG6,MNS1,ALG3,1.0,0.0,1.0
raw_mask,DIE2,ALG6,CWH41,ALG3,1.0,0.0,1.0
raw_mask,DIE2,ALG6,ROT2,ALG3,1.0,0.0,1.0
raw_mask,DIE2,ALG6,DIE2,ALG3,1.0,0.0,1.0
raw_mask,DIE2,ALG6,ALG5,ALG3,0.0,1.0,-1.0
raw_mask,DIE2,ALG6,ALG8,ALG3,0.0,1.0,-1.0
raw_mask,DIE2,ALG6,ALG6,ALG3,0.0,1.0,-1.0
raw_mask,DIE2,ALG6,CWH41,OST3,1.0,0.0,1.0
raw_mask,DIE2,ALG6,ROT2,OST3,1.0,0.0,1.0
raw_mask,DIE2,ALG6,ALG5,OST3,0.0,1.0,-1.0
raw_mask,DIE2,ALG6,ALG12,OST3,0.0,1.0,-1.0
raw_mask,DIE2,ALG6,ALG9,OST3,0.0,1.0,-1.0
raw_mask,DIE2,ALG6,MNN2,ANP1,0.0,1.0,-1.0
raw_mask,ALG8,ALG6,STP22,GCS1,0.0,1.0,-1.0
raw_mask,ALG8,ALG6,VPS28,GCS1,0.0,1.0,-1.0
raw_mask,ALG8,ALG6,CWH41,ROT2,0.0,1.0,-1.0
raw_mask,ALG8,ALG6,MNS1,OST5,1.0,0.0,1.0
raw_mask,ALG8,ALG6,CWH41,OST5,0.0,1.0,-1.0
raw_mask,ALG8,ALG6,DIE2,OST5,0.0,1.0,-1.0
raw_mask,ALG8,ALG6,CWH41,DIE2,1.0,0.0,1.0
raw_mask,ALG8,ALG6,ROT2,DIE2,1.0,0.0,1.0
raw_mask,ALG8,ALG6,UFD2,UBC7,1.0,0.0,1.0
raw_mask,ALG8,ALG6,MNS1,ALG5,1.0,0.0,1.0
raw_mask,ALG8,ALG6,CWH41,ALG5,1.0,0.0,1.0
raw_mask,ALG8,ALG6,ROT2,ALG5,1.0,0.0,1.0
raw_mask,ALG8,ALG6,ALG12,ALG5,0.0,1.0,-1.0
raw_mask,ALG8,ALG6,TLG2,SEC22,1.0,0.0,1.0
raw_mask,ALG8,ALG6,GOS1,SEC22,1.0,0.0,1.0
raw_mask,ALG8,ALG6,UFD2,HRD1,1.0,0.0,1.0
raw_mask,ALG8,ALG6,MNS1,ALG8,1.0,0.0,1.0
raw_mask,ALG8,ALG6,CWH41,ALG8,1.0,0.0,1.0
raw_mask,ALG8,ALG6,ROT2,ALG8,1.0,0.0,1.0
raw_mask,ALG8,ALG6,ALG12,ALG8,0.0,1.0,-1.0
raw_mask,ALG8,ALG6,MNS1,ALG12,1.0,0.0,1.0
raw_mask,ALG8,ALG6,CWH41,ALG12,1.0,0.0,1.0
raw_mask,ALG8,ALG6,OST5,ALG12,0.0,1.0,-1.0
raw_mask,ALG8,ALG6,DIE2,ALG12,1.0,0.0,1.0
raw_mask,ALG8,ALG6,ALG5,ALG12,0.0,1.0,-1.0
raw_mask,ALG8,ALG6,ALG9,ALG12,0.0,1.0,-1.0
raw_mask,ALG8,ALG6,ALG6,ALG12,0.0,1.0,-1.0
raw_mask,ALG8,ALG6,MNS1,ALG9,1.0,0.0,1.0
raw_mask,ALG8,ALG6,CWH41,ALG9,1.0,0.0,1.0
raw_mask,ALG8,ALG6,ROT2,ALG9,1.0,0.0,1.0
raw_mask,ALG8,ALG6,CWH41,ALG6,1.0,0.0,1.0
raw_mask,ALG8,ALG6,ROT2,ALG6,1.0,0.0,1.0
raw_mask,ALG8,ALG6,MNS1,ALG3,1.0,0.0,1.0
raw_mask,ALG8,ALG6,CWH41,ALG3,1.0,0.0,1.0
raw_mask,ALG8,ALG6,ROT2,ALG3,1.0,0.0,1.0
raw_mask,ALG8,ALG6,DIE2,ALG3,1.0,0.0,1.0
raw_mask,ALG8,ALG6,ALG6,ALG3,0.0,1.0,-1.0
raw_mask,ALG8,ALG6,MNS1,OST3,1.0,0.0,1.0
raw_mask,ALG8,ALG6,CWH41,OST3,1.0,0.0,1.0
raw_mask,ALG8,ALG6,ROT2,OST3,1.0,0.0,1.0
raw_mask,ALG8,ALG6,ALG5,OST3,0.0,1.0,-1.0
raw_mask,ALG8,ALG6,ALG12,OST3,0.0,1.0,-1.0
raw_mask,ALG8,ALG6,ALG9,OST3,0.0,1.0,-1.0
raw_mask,ALG8,ALG6,MNN2,ANP1,0.0,1.0,-1.0
raw_mask,ALG12,ALG3,MNS1,OST5,1.0,0.0,1.0
raw_mask,ALG12,ALG3,ALG9,OST5,1.0,0.0,1.0
raw_mask,ALG12,ALG3,MNS1,DIE2,1.0,0.0,1.0
raw_mask,ALG12,ALG3,CWH41,DIE2,1.0,0.0,1.0
raw_mask,ALG12,ALG3,UFD2,UBC7,1.0,0.0,1.0
raw_mask,ALG12,ALG3,MNS1,ALG5,1.0,0.0,1.0
raw_mask,ALG12,ALG3,CWH41,ALG5,1.0,0.0,1.0
raw_mask,ALG12,ALG3,ROT2,ALG5,1.0,0.0,1.0
raw_mask,ALG12,ALG3,TLG2,SEC22,1.0,0.0,1.0
raw_mask,ALG12,ALG3,GOS1,SEC22,1.0,0.0,1.0
raw_mask,ALG12,ALG3,UFD2,HRD1,1.0,0.0,1.0
raw_mask,ALG12,ALG3,MNS1,ALG8,1.0,0.0,1.0
raw_mask,ALG12,ALG3,CWH41,ALG8,1.0,0.0,1.0
raw_mask,ALG12,ALG3,ROT2,ALG8,1.0,0.0,1.0
raw_mask,ALG12,ALG3,MNS1,ALG12,1.0,0.0,1.0
raw_mask,ALG12,ALG3,CWH41,ALG12,1.0,0.0,1.0
raw_mask,ALG12,ALG3,ROT2,ALG12,1.0,0.0,1.0
raw_mask,ALG12,ALG3,DIE2,ALG12,1.0,0.0,1.0
raw_mask,ALG12,ALG3,MNS1,ALG9,1.0,0.0,1.0
raw_mask,ALG12,ALG3,CWH41,ALG9,1.0,0.0,1.0
raw_mask,ALG12,ALG3,ROT2,ALG9,1.0,0.0,1.0
raw_mask,ALG12,ALG3,MNS1,ALG6,1.0,0.0,1.0
raw_mask,ALG12,ALG3,CWH41,ALG6,1.0,0.0,1.0
raw_mask,ALG12,ALG3,ROT2,ALG6,1.0,0.0,1.0
raw_mask,ALG12,ALG3,MNS1,ALG3,1.0,0.0,1.0
raw_mask,ALG12,ALG3,CWH41,ALG3,1.0,0.0,1.0
raw_mask,ALG12,ALG3,ROT2,ALG3,1.0,0.0,1.0
raw_mask,ALG12,ALG3,DIE2,ALG3,1.0,0.0,1.0
raw_mask,ALG12,ALG3,ALG8,ALG3,1.0,0.0,1.0
raw_mask,ALG12,ALG3,MNS1,OST3,1.0,0.0,1.0
raw_mask,ALG12,ALG3,CWH41,OST3,1.0,0.0,1.0
raw_mask,ALG12,ALG3,ROT2,OST3,1.0,0.0,1.0
raw_mask,ALG9,ALG3,MNS1,OST5,1.0,0.0,1.0
raw_mask,ALG9,ALG3,DIE2,OST5,0.0,1.0,-1.0
raw_mask,ALG9,ALG3,ALG9,OST5,1.0,0.0,1.0
raw_mask,ALG9,ALG3,MNS1,DIE2,1.0,0.0,1.0
raw_mask,ALG9,ALG3,CWH41,DIE2,1.0,0.0,1.0
raw_mask,ALG9,ALG3,UFD2,UBC7,1.0,0.0,1.0
raw_mask,ALG9,ALG3,MNS1,ALG5,1.0,0.0,1.0
raw_mask,ALG9,ALG3,CWH41,ALG5,1.0,0.0,1.0
raw_mask,ALG9,ALG3,ROT2,ALG5,1.0,0.0,1.0
raw_mask,ALG9,ALG3,TLG2,SEC22,1.0,0.0,1.0
raw_mask,ALG9,ALG3,GOS1,SEC22,1.0,0.0,1.0
raw_mask,ALG9,ALG3,UFD2,HRD1,1.0,0.0,1.0
raw_mask,ALG9,ALG3,MNS1,ALG8,1.0,0.0,1.0
raw_mask,ALG9,ALG3,CWH41,ALG8,1.0,0.0,1.0
raw_mask,ALG9,ALG3,ROT2,ALG8,1.0,0.0,1.0
raw_mask,ALG9,ALG3,MNS1,ALG12,1.0,0.0,1.0
raw_mask,ALG9,ALG3,CWH41,ALG12,1.0,0.0,1.0
raw_mask,ALG9,ALG3,ROT2,ALG12,1.0,0.0,1.0
raw_mask,ALG9,ALG3,DIE2,ALG12,1.0,0.0,1.0
raw_mask,ALG9,ALG3,MNS1,ALG9,1.0,0.0,1.0
raw_mask,ALG9,ALG3,CWH41,ALG9,1.0,0.0,1.0
raw_mask,ALG9,ALG3,ROT2,ALG9,1.0,0.0,1.0
raw_mask,ALG9,ALG3,MNS1,ALG6,1.0,0.0,1.0
raw_mask,ALG9,ALG3,CWH41,ALG6,1.0,0.0,1.0
raw_mask,ALG9,ALG3,ROT2,ALG6,1.0,0.0,1.0
raw_mask,ALG9,ALG3,MNS1,ALG3,1.0,0.0,1.0
raw_mask,ALG9,ALG3,CWH41,ALG3,1.0,0.0,1.0
raw_mask,ALG9,ALG3,ROT2,ALG3,1.0,0.0,1.0
raw_mask,ALG9,ALG3,DIE2,ALG3,1.0,0.0,1.0
raw_mask,ALG9,ALG3,ALG8,ALG3,1.0,0.0,1.0
raw_mask,ALG9,ALG3,ALG6,ALG3,0.0,1.0,-1.0
raw_mask,ALG9,ALG3,MNS1,OST3,1.0,0.0,1.0
raw_mask,ALG9,ALG3,CWH41,OST3,1.0,0.0,1.0
raw_mask,ALG9,ALG3,ROT2,OST3,1.0,0.0,1.0
raw_mask,OST5,OST3,CWH41,MNS1,1.0,0.5,0.5
raw_mask,OST5,OST3,MNN2,MNS1,1.0,0.5,0.5
raw_mask,OST5,OST3,ANP1,MNS1,1.0,0.5,0.5
raw_mask,OST5,OST3,DOA4,STP22,1.0,0.5,0.5
raw_mask,OST5,OST3,GCS1,STP22,1.0,0.5,0.5
raw_mask,OST5,OST3,VPS28,STP22,1.0,0.5,0.5
raw_mask,OST5,OST3,GOS1,TLG2,1.0,0.5,0.5
raw_mask,OST5,OST3,STP22,DOA4,1.0,0.5,0.5
raw_mask,OST5,OST3,GCS1,DOA4,1.0,0.5,0.5
raw_mask,OST5,OST3,VPS28,DOA4,1.0,0.5,0.5
raw_mask,OST5,OST3,PSD2,PCT1,1.0,0.0,1.0
raw_mask,OST5,OST3,TLG2,GOS1,1.0,0.5,0.5
raw_mask,OST5,OST3,STP22,GCS1,0.0,0.5,-0.5
raw_mask,OST5,OST3,DOA4,GCS1,1.0,0.5,0.5
raw_mask,OST5,OST3,CWH41,ROT2,1.0,0.0,1.0
raw_mask,OST5,OST3,DOA4,VPS28,1.0,0.5,0.5
raw_mask,OST5,OST3,GCS1,VPS28,1.0,0.0,1.0
raw_mask,OST5,OST3,MNS1,OST5,1.0,0.0,1.0
raw_mask,OST5,OST3,CWH41,OST5,1.0,0.0,1.0
raw_mask,OST5,OST3,ROT2,OST5,1.0,0.0,1.0
raw_mask,OST5,OST3,ALG5,OST5,1.0,0.5,0.5
raw_mask,OST5,OST3,ALG8,OST5,1.0,0.5,0.5
raw_mask,OST5,OST3,ALG6,OST5,1.0,0.5,0.5
raw_mask,OST5,OST3,ALG3,OST5,1.0,0.5,0.5
raw_mask,OST5,OST3,OST3,OST5,1.0,0.5,0.5
raw_mask,OST5,OST3,CWH41,DIE2,1.0,0.0,1.0
raw_mask,OST5,OST3,ROT2,DIE2,1.0,0.0,1.0
raw_mask,OST5,OST3,OST3,DIE2,1.0,0.5,0.5
raw_mask,OST5,OST3,UFD2,UBC7,1.0,0.0,1.0
raw_mask,OST5,OST3,MNS1,ALG5,1.0,0.0,1.0
raw_mask,OST5,OST3,CWH41,ALG5,1.0,0.0,1.0
raw_mask,OST5,OST3,ROT2,ALG5,1.0,0.0,1.0
raw_mask,OST5,OST3,OST5,ALG5,1.0,0.5,0.5
raw_mask,OST5,OST3,ALG12,ALG5,0.0,1.0,-1.0
raw_mask,OST5,OST3,OST3,ALG5,1.0,0.5,0.5
raw_mask,OST5,OST3,PMT2,PMT1,1.0,0.5,0.5
raw_mask,OST5,OST3,TLG2,SEC22,1.0,0.0,1.0
raw_mask,OST5,OST3,GOS1,SEC22,1.0,0.0,1.0
raw_mask,OST5,OST3,UFD2,HRD1,1.0,0.0,1.0
raw_mask,OST5,OST3,UBC7,HRD1,1.0,0.0,1.0
raw_mask,OST5,OST3,MNS1,ALG8,1.0,0.0,1.0
raw_mask,OST5,OST3,CWH41,ALG8,1.0,0.0,1.0
raw_mask,OST5,OST3,ROT2,ALG8,1.0,0.0,1.0
raw_mask,OST5,OST3,OST5,ALG8,1.0,0.5,0.5
raw_mask,OST5,OST3,ALG5,ALG8,1.0,0.0,1.0
raw_mask,OST5,OST3,OST3,ALG8,1.0,0.5,0.5
raw_mask,OST5,OST3,MNS1,ALG12,1.0,0.0,1.0
raw_mask,OST5,OST3,CWH41,ALG12,1.0,0.0,1.0
raw_mask,OST5,OST3,ROT2,ALG12,1.0,0.0,1.0
raw_mask,OST5,OST3,DIE2,ALG12,1.0,0.0,1.0
raw_mask,OST5,OST3,ALG5,ALG12,1.0,0.0,1.0
raw_mask,OST5,OST3,ALG8,ALG12,1.0,0.0,1.0
raw_mask,OST5,OST3,ALG9,ALG12,0.0,1.0,-1.0
raw_mask,OST5,OST3,OST3,ALG12,1.0,0.5,0.5
raw_mask,OST5,OST3,MNS1,ALG9,1.0,0.0,1.0
raw_mask,OST5,OST3,CWH41,ALG9,1.0,0.0,1.0
raw_mask,OST5,OST3,ROT2,ALG9,1.0,0.0,1.0
raw_mask,OST5,OST3,ALG5,ALG9,1.0,0.0,1.0
raw_mask,OST5,OST3,OST3,ALG9,1.0,0.5,0.5
raw_mask,OST5,OST3,MNS1,ALG6,1.0,0.0,1.0
raw_mask,OST5,OST3,CWH41,ALG6,1.0,0.0,1.0
raw_mask,OST5,OST3,ROT2,ALG6,1.0,0.0,1.0
raw_mask,OST5,OST3,OST5,ALG6,1.0,0.5,0.5
raw_mask,OST5,OST3,ALG5,ALG6,1.0,0.0,1.0
raw_mask,OST5,OST3,ALG12,ALG6,1.0,0.0,1.0
raw_mask,OST5,OST3,ALG9,ALG6,1.0,0.0,1.0
raw_mask,OST5,OST3,OST3,ALG6,1.0,0.5,0.5
raw_mask,OST5,OST3,MNS1,ALG3,1.0,0.0,1.0
raw_mask,OST5,OST3,CWH41,ALG3,1.0,0.0,1.0
raw_mask,OST5,OST3,ROT2,ALG3,1.0,0.0,1.0
raw_mask,OST5,OST3,OST5,ALG3,1.0,0.5,0.5
raw_mask,OST5,OST3,DIE2,ALG3,1.0,0.0,1.0
raw_mask,OST5,OST3,OST3,ALG3,1.0,0.5,0.5
raw_mask,OST5,OST3,PMT1,PMT2,1.0,0.5,0.5
raw_mask,OST5,OST3,MNS1,OST3,1.0,0.0,1.0
raw_mask,OST5,OST3,CWH41,OST3,1.0,0.0,1.0
raw_mask,OST5,OST3,ROT2,OST3,1.0,0.0,1.0
raw_mask,OST5,OST3,DIE2,OST3,1.0,0.5,0.5
raw_mask,OST5,OST3,ALG5,OST3,1.0,0.5,0.5
raw_mask,OST5,OST3,ALG8,OST3,1.0,0.5,0.5
raw_mask,OST5,OST3,ALG12,OST3,1.0,0.5,0.5
raw_mask,OST5,OST3,ALG9,OST3,1.0,0.5,0.5
raw_mask,OST5,OST3,ALG6,OST3,1.0,0.5,0.5
raw_mask,OST5,OST3,ALG3,OST3,1.0,0.5,0.5
raw_mask,OST5,OST3,MNN2,ANP1,1.0,0.5,0.5
raw_mask,MNS1,ANP1,CWH41,MNS1,1.0,0.5,0.5
raw_mask,MNS1,ANP1,MNN2,MNS1,1.0,0.5,0.5
raw_mask,MNS1,ANP1,ANP1,MNS1,1.0,0.5,0.5
raw_mask,MNS1,ANP1,DOA4,STP22,1.0,0.5,0.5
raw_mask,MNS1,ANP1,GCS1,STP22,1.0,0.5,0.5
raw_mask,MNS1,ANP1,VPS28,STP22,1.0,0.5,0.5
raw_mask,MNS1,ANP1,GOS1,TLG2,1.0,0.5,0.5
raw_mask,MNS1,ANP1,STP22,DOA4,1.0,0.5,0.5
raw_mask,MNS1,ANP1,GCS1,DOA4,1.0,0.5,0.5
raw_mask,MNS1,ANP1,VPS28,DOA4,1.0,0.5,0.5
raw_mask,MNS1,ANP1,PSD2,PCT1,1.0,0.0,1.0
raw_mask,MNS1,ANP1,TLG2,GOS1,1.0,0.5,0.5
raw_mask,MNS1,ANP1,STP22,GCS1,0.0,0.5,-0.5
raw_mask,MNS1,ANP1,DOA4,GCS1,1.0,0.5,0.5
raw_mask,MNS1,ANP1,CWH41,ROT2,1.0,0.0,1.0
raw_mask,MNS1,ANP1,DOA4,VPS28,1.0,0.5,0.5
raw_mask,MNS1,ANP1,GCS1,VPS28,1.0,0.0,1.0
raw_mask,MNS1,ANP1,MNS1,OST5,1.0,0.0,1.0
raw_mask,MNS1,ANP1,CWH41,OST5,1.0,0.0,1.0
raw_mask,MNS1,ANP1,ROT2,OST5,1.0,0.0,1.0
raw_mask,MNS1,ANP1,ALG5,OST5,1.0,0.5,0.5
raw_mask,MNS1,ANP1,ALG8,OST5,1.0,0.5,0.5
raw_mask,MNS1,ANP1,ALG6,OST5,1.0,0.5,0.5
raw_mask,MNS1,ANP1,ALG3,OST5,1.0,0.5,0.5
raw_mask,MNS1,ANP1,OST3,OST5,1.0,0.5,0.5
raw_mask,MNS1,ANP1,CWH41,DIE2,1.0,0.0,1.0
raw_mask,MNS1,ANP1,ROT2,DIE2,1.0,0.0,1.0
raw_mask,MNS1,ANP1,OST3,DIE2,1.0,0.5,0.5
raw_mask,MNS1,ANP1,UFD2,UBC7,1.0,0.0,1.0
raw_mask,MNS1,ANP1,MNS1,ALG5,1.0,0.0,1.0
raw_mask,MNS1,ANP1,CWH41,ALG5,1.0,0.0,1.0
raw_mask,MNS1,ANP1,ROT2,ALG5,1.0,0.0,1.0
raw_mask,MNS1,ANP1,OST5,ALG5,1.0,0.5,0.5
raw_mask,MNS1,ANP1,ALG12,ALG5,0.0,1.0,-1.0
raw_mask,MNS1,ANP1,OST3,ALG5,1.0,0.5,0.5
raw_mask,MNS1,ANP1,PMT2,PMT1,1.0,0.5,0.5
raw_mask,MNS1,ANP1,TLG2,SEC22,1.0,0.0,1.0
raw_mask,MNS1,ANP1,GOS1,SEC22,1.0,0.0,1.0
raw_mask,MNS1,ANP1,UFD2,HRD1,1.0,0.0,1.0
raw_mask,MNS1,ANP1,UBC7,HRD1,1.0,0.0,1.0
raw_mask,MNS1,ANP1,MNS1,ALG8,1.0,0.0,1.0
raw_mask,MNS1,ANP1,CWH41,ALG8,1.0,0.0,1.0
raw_mask,MNS1,ANP1,ROT2,ALG8,1.0,0.0,1.0
raw_mask,MNS1,ANP1,OST5,ALG8,1.0,0.5,0.5
raw_mask,MNS1,ANP1,ALG5,ALG8,1.0,0.0,1.0
raw_mask,MNS1,ANP1,ALG12,ALG8,0.0,1.0,-1.0
raw_mask,MNS1,ANP1,OST3,ALG8,1.0,0.5,0.5
raw_mask,MNS1,ANP1,MNS1,ALG12,1.0,0.0,1.0
raw_mask,MNS1,ANP1,CWH41,ALG12,1.0,0.0,1.0
raw_mask,MNS1,ANP1,ROT2,ALG12,1.0,0.0,1.0
raw_mask,MNS1,ANP1,OST5,ALG12,0.0,1.0,-1.0
raw_mask,MNS1,ANP1,DIE2,ALG12,1.0,0.0,1.0
raw_mask,MNS1,ANP1,ALG8,ALG12,1.0,0.0,1.0
raw_mask,MNS1,ANP1,ALG9,ALG12,0.0,1.0,-1.0
raw_mask,MNS1,ANP1,ALG6,ALG12,0.0,1.0,-1.0
raw_mask,MNS1,ANP1,OST3,ALG12,1.0,0.5,0.5
raw_mask,MNS1,ANP1,MNS1,ALG9,1.0,0.0,1.0
raw_mask,MNS1,ANP1,CWH41,ALG9,1.0,0.0,1.0
raw_mask,MNS1,ANP1,ROT2,ALG9,1.0,0.0,1.0
raw_mask,MNS1,ANP1,ALG5,ALG9,1.0,0.0,1.0
raw_mask,MNS1,ANP1,OST3,ALG9,1.0,0.5,0.5
raw_mask,MNS1,ANP1,MNS1,ALG6,1.0,0.0,1.0
raw_mask,MNS1,ANP1,CWH41,ALG6,1.0,0.0,1.0
raw_mask,MNS1,ANP1,ROT2,ALG6,1.0,0.0,1.0
raw_mask,MNS1,ANP1,OST5,ALG6,1.0,0.5,0.5
raw_mask,MNS1,ANP1,ALG5,ALG6,1.0,0.0,1.0
raw_mask,MNS1,ANP1,ALG12,ALG6,1.0,0.0,1.0
raw_mask,MNS1,ANP1,ALG9,ALG6,1.0,0.0,1.0
raw_mask,MNS1,ANP1,OST3,ALG6,1.0,0.5,0.5
raw_mask,MNS1,ANP1,MNS1,ALG3,1.0,0.0,1.0
raw_mask,MNS1,ANP1,CWH41,ALG3,1.0,0.0,1.0
raw_mask,MNS1,ANP1,ROT2,ALG3,1.0,0.0,1.0
raw_mask,MNS1,ANP1,OST5,ALG3,1.0,0.5,0.5
raw_mask,MNS1,ANP1,DIE2,ALG3,1.0,0.0,1.0
raw_mask,MNS1,ANP1,OST3,ALG3,1.0,0.5,0.5
raw_mask,MNS1,ANP1,PMT1,PMT2,1.0,0.5,0.5
raw_mask,MNS1,ANP1,MNS1,OST3,1.0,0.0,1.0
raw_mask,MNS1,ANP1,CWH41,OST3,1.0,0.0,1.0
raw_mask,MNS1,ANP1,ROT2,OST3,1.0,0.0,1.0
raw_mask,MNS1,ANP1,DIE2,OST3,1.0,0.5,0.5
raw_mask,MNS1,ANP1,ALG5,OST3,1.0,0.5,0.5
raw_mask,MNS1,ANP1,ALG8,OST3,1.0,0.5,0.5
raw_mask,MNS1,ANP1,ALG12,OST3,1.0,0.5,0.5
raw_mask,MNS1,ANP1,ALG9,OST3,1.0,0.5,0.5
raw_mask,MNS1,ANP1,ALG6,OST3,1.0,0.5,0.5
raw_mask,MNS1,ANP1,ALG3,OST3,1.0,0.5,0.5
raw_mask,MNS1,ANP1,MNN2,ANP1,0.0,0.5,-0.5
single_only,MNS1,CWH41,CWH41,MNS1,1.0,0.0,1.0
single_only,MNS1,CWH41,MNN2,MNS1,1.0,0.0,1.0
single_only,MNS1,CWH41,ROT2,MNS1,1.0,0.0,1.0
single_only,MNS1,CWH41,OST5,MNS1,1.0,0.0,1.0
single_only,MNS1,CWH41,DIE2,MNS1,1.0,0.0,1.0
single_only,MNS1,CWH41,ALG5,MNS1,1.0,0.0,1.0
single_only,MNS1,CWH41,ALG8,MNS1,1.0,0.0,1.0
single_only,MNS1,CWH41,ALG12,MNS1,1.0,0.0,1.0
single_only,MNS1,CWH41,ALG9,MNS1,1.0,0.0,1.0
single_only,MNS1,CWH41,ALG6,MNS1,1.0,0.0,1.0
single_only,MNS1,CWH41,ALG3,MNS1,1.0,0.0,1.0
single_only,MNS1,CWH41,OST3,MNS1,1.0,0.0,1.0
single_only,MNS1,CWH41,ANP1,MNS1,1.0,0.0,1.0
single_only,MNS1,CWH41,BTS1,HMG1,1.0,0.0,1.0
single_only,MNS1,CWH41,PCT1,PSD2,1.0,0.0,1.0
single_only,MNS1,CWH41,DOA4,STP22,1.0,0.0,1.0
single_only,MNS1,CWH41,GCS1,STP22,1.0,0.0,1.0
single_only,MNS1,CWH41,VPS28,STP22,1.0,0.0,1.0
single_only,MNS1,CWH41,GOS1,TLG2,1.0,0.0,1.0
single_only,MNS1,CWH41,SEC22,TLG2,1.0,0.0,1.0
single_only,MNS1,CWH41,STP22,DOA4,1.0,0.0,1.0
single_only,MNS1,CWH41,GCS1,DOA4,1.0,0.0,1.0
single_only,MNS1,CWH41,VPS28,DOA4,1.0,0.0,1.0
single_only,MNS1,CWH41,PSD2,PCT1,1.0,0.0,1.0
single_only,MNS1,CWH41,OST5,CWH41,1.0,0.0,1.0
single_only,MNS1,CWH41,ALG5,CWH41,1.0,0.0,1.0
single_only,MNS1,CWH41,ALG8,CWH41,1.0,0.0,1.0
single_only,MNS1,CWH41,ALG12,CWH41,1.0,0.0,1.0
single_only,MNS1,CWH41,ALG9,CWH41,1.0,0.0,1.0
single_only,MNS1,CWH41,ALG6,CWH41,1.0,0.0,1.0
single_only,MNS1,CWH41,ALG3,CWH41,1.0,0.0,1.0
single_only,MNS1,CWH41,OST3,CWH41,1.0,0.0,1.0
single_only,MNS1,CWH41,UBC7,UFD2,1.0,0.0,1.0
single_only,MNS1,CWH41,HRD1,UFD2,1.0,0.0,1.0
single_only,MNS1,CWH41,TLG2,GOS1,1.0,0.0,1.0
single_only,MNS1,CWH41,SEC22,GOS1,1.0,0.0,1.0
single_only,MNS1,CWH41,DIE2,ROT2,1.0,0.0,1.0
single_only,MNS1,CWH41,ALG5,ROT2,1.0,0.0,1.0
single_only,MNS1,CWH41,ALG8,ROT2,1.0,0.0,1.0
single_only,MNS1,CWH41,ALG12,ROT2,1.0,0.0,1.0
single_only,MNS1,CWH41,ALG9,ROT2,1.0,0.0,1.0
single_only,MNS1,CWH41,ALG6,ROT2,1.0,0.0,1.0
single_only,MNS1,CWH41,ALG3,ROT2,1.0,0.0,1.0
single_only,MNS1,CWH41,OST3,ROT2,1.0,0.0,1.0
single_only,MNS1,CWH41,GCS1,VPS28,1.0,0.0,1.0
single_only,MNS1,CWH41,MNS1,OST5,0.0,1.0,-1.0
single_only,MNS1,CWH41,ROT2,OST5,1.0,0.0,1.0
single_only,MNS1,CWH41,ALG5,OST5,1.0,0.0,1.0
single_only,MNS1,CWH41,ALG8,OST5,1.0,0.0,1.0
single_only,MNS1,CWH41,ALG6,OST5,1.0,0.0,1.0
single_only,MNS1,CWH41,ALG3,OST5,1.0,0.0,1.0
single_only,MNS1,CWH41,OST3,OST5,1.0,0.0,1.0
single_only,MNS1,CWH41,MNS1,DIE2,0.0,1.0,-1.0
single_only,MNS1,CWH41,OST5,DIE2,1.0,0.0,1.0
single_only,MNS1,CWH41,ALG5,DIE2,1.0,0.0,1.0
single_only,MNS1,CWH41,ALG8,DIE2,1.0,0.0,1.0
single_only,MNS1,CWH41,ALG12,DIE2,1.0,0.0,1.0
single_only,MNS1,CWH41,ALG9,DIE2,1.0,0.0,1.0
single_only,MNS1,CWH41,ALG6,DIE2,1.0,0.0,1.0
single_only,MNS1,CWH41,ALG3,DIE2,1.0,0.0,1.0
single_only,MNS1,CWH41,OST3,DIE2,1.0,0.0,1.0
single_only,MNS1,CWH41,HRD1,UBC7,1.0,0.0,1.0
single_only,MNS1,CWH41,MNS1,ALG5,0.0,1.0,-1.0
single_only,MNS1,CWH41,ROT2,ALG5,0.0,1.0,-1.0
single_only,MNS1,CWH41,ALG3,ALG5,1.0,0.0,1.0
single_only,MNS1,CWH41,OST3,ALG5,1.0,0.0,1.0
single_only,MNS1,CWH41,PMT2,PMT1,1.0,0.0,1.0
single_only,MNS1,CWH41,UBC7,HRD1,1.0,0.0,1.0
single_only,MNS1,CWH41,MNS1,ALG8,0.0,1.0,-1.0
single_only,MNS1,CWH41,ALG5,ALG8,1.0,0.0,1.0
single_only,MNS1,CWH41,ALG9,ALG8,1.0,0.0,1.0
single_only,MNS1,CWH41,ALG6,ALG8,1.0,0.0,1.0
single_only,MNS1,CWH41,ALG3,ALG8,1.0,0.0,1.0
single_only,MNS1,CWH41,OST3,ALG8,1.0,0.0,1.0
single_only,MNS1,CWH41,ROT2,ALG12,0.0,1.0,-1.0
single_only,MNS1,CWH41,OST5,ALG12,0.0,1.0,-1.0
single_only,MNS1,CWH41,DIE2,ALG12,0.0,1.0,-1.0
single_only,MNS1,CWH41,ALG5,ALG12,0.0,1.0,-1.0
single_only,MNS1,CWH41,ALG3,ALG12,1.0,0.0,1.0
single_only,MNS1,CWH41,OST3,ALG12,1.0,0.0,1.0
single_only,MNS1,CWH41,ALG5,ALG9,0.0,1.0,-1.0
single_only,MNS1,CWH41,ALG3,ALG9,1.0,0.0,1.0
single_only,MNS1,CWH41,OST3,ALG9,1.0,0.0,1.0
single_only,MNS1,CWH41,MNS1,ALG6,0.0,1.0,-1.0
single_only,MNS1,CWH41,ALG12,ALG6,1.0,0.0,1.0
single_only,MNS1,CWH41,ALG9,ALG6,1.0,0.0,1.0
single_only,MNS1,CWH41,ALG3,ALG6,1.0,0.0,1.0
single_only,MNS1,CWH41,OST3,ALG6,1.0,0.0,1.0
single_only,MNS1,CWH41,ROT2,ALG3,0.0,1.0,-1.0
single_only,MNS1,CWH41,ALG5,ALG3,0.0,1.0,-1.0
single_only,MNS1,CWH41,ALG8,ALG3,0.0,1.0,-1.0
single_only,MNS1,CWH41,OST3,ALG3,1.0,0.0,1.0
single_only,MNS1,CWH41,MNS1,OST3,0.0,1.0,-1.0
single_only,MNS1,CWH41,DIE2,OST3,0.0,1.0,-1.0
single_only,MNS1,CWH41,ALG5,OST3,0.0,1.0,-1.0
single_only,MNS1,CWH41,ALG8,OST3,0.0,1.0,-1.0
single_only,MNS1,CWH41,ALG12,OST3,0.0,1.0,-1.0
single_only,MNS1,CWH41,ALG9,OST3,0.0,1.0,-1.0
single_only,MNS1,CWH41,ALG6,OST3,0.0,1.0,-1.0
single_only,MNS1,CWH41,ALG3,OST3,1.0,0.0,1.0
single_only,ROT2,CWH41,CWH41,MNS1,1.0,0.0,1.0
single_only,ROT2,CWH41,MNN2,MNS1,1.0,0.0,1.0
single_only,ROT2,CWH41,ROT2,MNS1,1.0,0.0,1.0
single_only,ROT2,CWH41,OST5,MNS1,1.0,0.0,1.0
single_only,ROT2,CWH41,DIE2,MNS1,1.0,0.0,1.0
single_only,ROT2,CWH41,ALG5,MNS1,1.0,0.0,1.0
single_only,ROT2,CWH41,ALG8,MNS1,1.0,0.0,1.0
single_only,ROT2,CWH41,ALG12,MNS1,1.0,0.0,1.0
single_only,ROT2,CWH41,ALG9,MNS1,1.0,0.0,1.0
single_only,ROT2,CWH41,ALG6,MNS1,1.0,0.0,1.0
single_only,ROT2,CWH41,ALG3,MNS1,1.0,0.0,1.0
single_only,ROT2,CWH41,OST3,MNS1,1.0,0.0,1.0
single_only,ROT2,CWH41,BTS1,HMG1,1.0,0.0,1.0
single_only,ROT2,CWH41,PCT1,PSD2,1.0,0.0,1.0
single_only,ROT2,CWH41,DOA4,STP22,1.0,0.0,1.0
single_only,ROT2,CWH41,GCS1,STP22,1.0,0.0,1.0
single_only,ROT2,CWH41,VPS28,STP22,1.0,0.0,1.0
single_only,ROT2,CWH41,GOS1,TLG2,1.0,0.0,1.0
single_only,ROT2,CWH41,SEC22,TLG2,1.0,0.0,1.0
single_only,ROT2,CWH41,GCS1,DOA4,1.0,0.0,1.0
single_only,ROT2,CWH41,VPS28,DOA4,1.0,0.0,1.0
single_only,ROT2,CWH41,OST5,CWH41,1.0,0.0,1.0
single_only,ROT2,CWH41,DIE2,CWH41,1.0,0.0,1.0
single_only,ROT2,CWH41,ALG5,CWH41,1.0,0.0,1.0
single_only,ROT2,CWH41,ALG8,CWH41,1.0,0.0,1.0
single_only,ROT2,CWH41,ALG12,CWH41,1.0,0.0,1.0
single_only,ROT2,CWH41,ALG9,CWH41,1.0,0.0,1.0
single_only,ROT2,CWH41,ALG6,CWH41,1.0,0.0,1.0
single_only,ROT2,CWH41,ALG3,CWH41,1.0,0.0,1.0
single_only,ROT2,CWH41,OST3,CWH41,1.0,0.0,1.0
single_only,ROT2,CWH41,UBC7,UFD2,1.0,0.0,1.0
single_only,ROT2,CWH41,HRD1,UFD2,1.0,0.0,1.0
single_only,ROT2,CWH41,SEC22,GOS1,1.0,0.0,1.0
single_only,ROT2,CWH41,STP22,GCS1,0.0,1.0,-1.0
single_only,ROT2,CWH41,VPS28,GCS1,0.0,1.0,-1.0
single_only,ROT2,CWH41,CWH41,ROT2,0.0,1.0,-1.0
single_only,ROT2,CWH41,OST5,ROT2,1.0,0.0,1.0
single_only,ROT2,CWH41,DIE2,ROT2,1.0,0.0,1.0
single_only,ROT2,CWH41,ALG5,ROT2,1.0,0.0,1.0
single_only,ROT2,CWH41,ALG8,ROT2,1.0,0.0,1.0
single_only,ROT2,CWH41,ALG12,ROT2,1.0,0.0,1.0
single_only,ROT2,CWH41,ALG9,ROT2,1.0,0.0,1.0
single_only,ROT2,CWH41,ALG6,ROT2,1.0,0.0,1.0
single_only,ROT2,CWH41,ALG3,ROT2,1.0,0.0,1.0
single_only,ROT2,CWH41,OST3,ROT2,1.0,0.0,1.0
single_only,ROT2,CWH41,CWH41,OST5,0.0,1.0,-1.0
single_only,ROT2,CWH41,ALG5,OST5,1.0,0.0,1.0
single_only,ROT2,CWH41,ALG8,OST5,1.0,0.0,1.0
single_only,ROT2,CWH41,ALG6,OST5,1.0,0.0,1.0
single_only,ROT2,CWH41,ALG3,OST5,1.0,0.0,1.0
single_only,ROT2,CWH41,OST3,OST5,1.0,0.0,1.0
single_only,ROT2,CWH41,MNS1,DIE2,0.0,1.0,-1.0
single_only,ROT2,CWH41,ALG5,DIE2,1.0,0.0,1.0
single_only,ROT2,CWH41,ALG8,DIE2,1.0,0.0,1.0
single_only,ROT2,CWH41,ALG12,DIE2,1.0,0.0,1.0
single_only,ROT2,CWH41,ALG9,DIE2,1.0,0.0,1.0
single_only,ROT2,CWH41,ALG6,DIE2,1.0,0.0,1.0
single_only,ROT2,CWH41,ALG3,DIE2,1.0,0.0,1.0
single_only,ROT2,CWH41,OST3,DIE2,1.0,0.0,1.0
single_only,ROT2,CWH41,HRD1,UBC7,1.0,0.0,1.0
single_only,ROT2,CWH41,ALG9,ALG5,1.0,0.0,1.0
single_only,ROT2,CWH41,ALG3,ALG5,1.0,0.0,1.0
single_only,ROT2,CWH41,OST3,ALG5,1.0,0.0,1.0
single_only,ROT2,CWH41,PMT2,PMT1,1.0,0.0,1.0
single_only,ROT2,CWH41,ALG12,ALG8,0.0,1.0,-1.0
single_only,ROT2,CWH41,ALG9,ALG8,1.0,0.0,1.0
single_only,ROT2,CWH41,ALG6,ALG8,1.0,0.0,1.0
single_only,ROT2,CWH41,ALG3,ALG8,1.0,0.0,1.0
single_only,ROT2,CWH41,OST3,ALG8,1.0,0.0,1.0
single_only,ROT2,CWH41,ROT2,ALG12,0.0,1.0,-1.0
single_only,ROT2,CWH41,OST5,ALG12,0.0,1.0,-1.0
single_only,ROT2,CWH41,ALG5,ALG12,0.0,1.0,-1.0
single_only,ROT2,CWH41,ALG9,ALG12,0.0,1.0,-1.0
single_only,ROT2,CWH41,ALG3,ALG12,1.0,0.0,1.0
single_only,ROT2,CWH41,OST3,ALG12,1.0,0.0,1.0
single_only,ROT2,CWH41,ALG3,ALG9,1.0,0.0,1.0
single_only,ROT2,CWH41,OST3,ALG9,1.0,0.0,1.0
single_only,ROT2,CWH41,MNS1,ALG6,0.0,1.0,-1.0
single_only,ROT2,CWH41,ALG3,ALG6,1.0,0.0,1.0
single_only,ROT2,CWH41,OST3,ALG6,1.0,0.0,1.0
single_only,ROT2,CWH41,ALG5,ALG3,0.0,1.0,-1.0
single_only,ROT2,CWH41,ALG8,ALG3,0.0,1.0,-1.0
single_only,ROT2,CWH41,ALG6,ALG3,0.0,1.0,-1.0
single_only,ROT2,CWH41,OST3,ALG3,1.0,0.0,1.0
single_only,ROT2,CWH41,ALG5,OST3,0.0,1.0,-1.0
single_only,ROT2,CWH41,ALG9,OST3,0.0,1.0,-1.0
single_only,MNS1,MNN2,CWH41,MNS1,1.0,0.0,1.0
single_only,MNS1,MNN2,MNN2,MNS1,1.0,0.0,1.0
single_only,MNS1,MNN2,ROT2,MNS1,1.0,0.0,1.0
single_only,MNS1,MNN2,OST5,MNS1,1.0,0.0,1.0
single_only,MNS1,MNN2,DIE2,MNS1,1.0,0.0,1.0
single_only,MNS1,MNN2,ALG5,MNS1,1.0,0.0,1.0
single_only,MNS1,MNN2,ALG8,MNS1,1.0,0.0,1.0
single_only,MNS1,MNN2,ALG12,MNS1,1.0,0.0,1.0
single_only,MNS1,MNN2,ALG9,MNS1,1.0,0.0,1.0
single_only,MNS1,MNN2,ALG6,MNS1,1.0,0.0,1.0
single_only,MNS1,MNN2,ALG3,MNS1,1.0,0.0,1.0
single_only,MNS1,MNN2,OST3,MNS1,1.0,0.0,1.0
single_only,MNS1,MNN2,ANP1,MNS1,1.0,0.0,1.0
single_only,MNS1,MNN2,BTS1,HMG1,1.0,0.0,1.0
single_only,MNS1,MNN2,PCT1,PSD2,1.0,0.0,1.0
single_only,MNS1,MNN2,DOA4,STP22,1.0,0.0,1.0
single_only,MNS1,MNN2,GCS1,STP22,1.0,0.0,1.0
single_only,MNS1,MNN2,VPS28,STP22,1.0,0.0,1.0
single_only,MNS1,MNN2,GOS1,TLG2,1.0,0.0,1.0
single_only,MNS1,MNN2,SEC22,TLG2,1.0,0.0,1.0
single_only,MNS1,MNN2,STP22,DOA4,1.0,0.0,1.0
single_only,MNS1,MNN2,GCS1,DOA4,1.0,0.0,1.0
single_only,MNS1,MNN2,VPS28,DOA4,1.0,0.0,1.0
single_only,MNS1,MNN2,PSD2,PCT1,1.0,0.0,1.0
single_only,MNS1,MNN2,OST5,CWH41,1.0,0.0,1.0
single_only,MNS1,MNN2,DIE2,CWH41,1.0,0.0,1.0
single_only,MNS1,MNN2,ALG5,CWH41,1.0,0.0,1.0
single_only,MNS1,MNN2,ALG8,CWH41,1.0,0.0,1.0
single_only,MNS1,MNN2,ALG12,CWH41,1.0,0.0,1.0
single_only,MNS1,MNN2,ALG9,CWH41,1.0,0.0,1.0
single_only,MNS1,MNN2,ALG6,CWH41,1.0,0.0,1.0
single_only,MNS1,MNN2,ALG3,CWH41,1.0,0.0,1.0
single_only,MNS1,MNN2,OST3,CWH41,1.0,0.0,1.0
single_only,MNS1,MNN2,UBC7,UFD2,1.0,0.0,1.0
single_only,MNS1,MNN2,HRD1,UFD2,1.0,0.0,1.0
single_only,MNS1,MNN2,TLG2,GOS1,1.0,0.0,1.0
single_only,MNS1,MNN2,SEC22,GOS1,1.0,0.0,1.0
single_only,MNS1,MNN2,DOA4,GCS1,1.0,0.0,1.0
single_only,MNS1,MNN2,OST5,ROT2,1.0,0.0,1.0
single_only,MNS1,MNN2,DIE2,ROT2,1.0,0.0,1.0
single_only,MNS1,MNN2,ALG5,ROT2,1.0,0.0,1.0
single_only,MNS1,MNN2,ALG8,ROT2,1.0,0.0,1.0
single_only,MNS1,MNN2,ALG12,ROT2,1.0,0.0,1.0
single_only,MNS1,MNN2,ALG9,ROT2,1.0,0.0,1.0
single_only,MNS1,MNN2,ALG6,ROT2,1.0,0.0,1.0
single_only,MNS1,MNN2,ALG3,ROT2,1.0,0.0,1.0
single_only,MNS1,MNN2,OST3,ROT2,1.0,0.0,1.0
single_only,MNS1,MNN2,DOA4,VPS28,1.0,0.0,1.0
single_only,MNS1,MNN2,GCS1,VPS28,1.0,0.0,1.0
single_only,MNS1,MNN2,ROT2,OST5,1.0,0.0,1.0
single_only,MNS1,MNN2,ALG5,OST5,1.0,0.0,1.0
single_only,MNS1,MNN2,ALG8,OST5,1.0,0.0,1.0
single_only,MNS1,MNN2,ALG6,OST5,1.0,0.0,1.0
single_only,MNS1,MNN2,ALG3,OST5,1.0,0.0,1.0
single_only,MNS1,MNN2,OST3,OST5,1.0,0.0,1.0
single_only,MNS1,MNN2,MNS1,DIE2,0.0,1.0,-1.0
single_only,MNS1,MNN2,OST5,DIE2,1.0,0.0,1.0
single_only,MNS1,MNN2,ALG5,DIE2,1.0,0.0,1.0
single_only,MNS1,MNN2,ALG8,DIE2,1.0,0.0,1.0
single_only,MNS1,MNN2,ALG12,DIE2,1.0,0.0,1.0
single_only,MNS1,MNN2,ALG9,DIE2,1.0,0.0,1.0
single_only,MNS1,MNN2,ALG6,DIE2,1.0,0.0,1.0
single_only,MNS1,MNN2,ALG3,DIE2,1.0,0.0,1.0
single_only,MNS1,MNN2,OST3,DIE2,1.0,0.0,1.0
single_only,MNS1,MNN2,HRD1,UBC7,1.0,0.0,1.0
single_only,MNS1,MNN2,ALG9,ALG5,1.0,0.0,1.0
single_only,MNS1,MNN2,ALG3,ALG5,1.0,0.0,1.0
single_only,MNS1,MNN2,OST3,ALG5,1.0,0.0,1.0
single_only,MNS1,MNN2,PMT2,PMT1,1.0,0.0,1.0
single_only,MNS1,MNN2,UBC7,HRD1,1.0,0.0,1.0
single_only,MNS1,MNN2,ALG5,ALG8,1.0,0.0,1.0
single_only,MNS1,MNN2,ALG9,ALG8,1.0,0.0,1.0
single_only,MNS1,MNN2,ALG6,ALG8,1.0,0.0,1.0
single_only,MNS1,MNN2,ALG3,ALG8,1.0,0.0,1.0
single_only,MNS1,MNN2,OST3,ALG8,1.0,0.0,1.0
single_only,MNS1,MNN2,ROT2,ALG12,0.0,1.0,-1.0
single_only,MNS1,MNN2,OST5,ALG12,0.0,1.0,-1.0
single_only,MNS1,MNN2,ALG8,ALG12,1.0,0.0,1.0
single_only,MNS1,MNN2,ALG3,ALG12,1.0,0.0,1.0
single_only,MNS1,MNN2,OST3,ALG12,1.0,0.0,1.0
single_only,MNS1,MNN2,ALG5,ALG9,1.0,0.0,1.0
single_only,MNS1,MNN2,ALG3,ALG9,1.0,0.0,1.0
single_only,MNS1,MNN2,OST3,ALG9,1.0,0.0,1.0
single_only,MNS1,MNN2,MNS1,ALG6,0.0,1.0,-1.0
single_only,MNS1,MNN2,ALG12,ALG6,1.0,0.0,1.0
single_only,MNS1,MNN2,ALG9,ALG6,1.0,0.0,1.0
single_only,MNS1,MNN2,ALG3,ALG6,1.0,0.0,1.0
single_only,MNS1,MNN2,OST3,ALG6,1.0,0.0,1.0
single_only,MNS1,MNN2,ALG5,ALG3,0.0,1.0,-1.0
single_only,MNS1,MNN2,ALG8,ALG3,0.0,1.0,-1.0
single_only,MNS1,MNN2,OST3,ALG3,1.0,0.0,1.0
single_only,MNS1,MNN2,ALG5,OST3,0.0,1.0,-1.0
single_only,MNS1,MNN2,ALG9,OST3,0.0,1.0,-1.0
single_only,MNS1,MNN2,ALG3,OST3,1.0,0.0,1.0
single_only,ANP1,MNN2,CWH41,MNS1,1.0,0.0,1.0
single_only,ANP1,MNN2,MNN2,MNS1,1.0,0.0,1.0
single_only,ANP1,MNN2,ROT2,MNS1,1.0,0.0,1.0
single_only,ANP1,MNN2,OST5,MNS1,1.0,0.0,1.0
single_only,ANP1,MNN2,DIE2,MNS1,1.0,0.0,1.0
single_only,ANP1,MNN2,ALG5,MNS1,1.0,0.0,1.0
single_only,ANP1,MNN2,ALG8,MNS1,1.0,0.0,1.0
single_only,ANP1,MNN2,ALG12,MNS1,1.0,0.0,1.0
single_only,ANP1,MNN2,ALG9,MNS1,1.0,0.0,1.0
single_only,ANP1,MNN2,ALG6,MNS1,1.0,0.0,1.0
single_only,ANP1,MNN2,ALG3,MNS1,1.0,0.0,1.0
single_only,ANP1,MNN2,OST3,MNS1,1.0,0.0,1.0
single_only,ANP1,MNN2,ANP1,MNS1,1.0,0.0,1.0
single_only,ANP1,MNN2,BTS1,HMG1,1.0,0.0,1.0
single_only,ANP1,MNN2,PCT1,PSD2,1.0,0.0,1.0
single_only,ANP1,MNN2,DOA4,STP22,1.0,0.0,1.0
single_only,ANP1,MNN2,GCS1,STP22,1.0,0.0,1.0
single_only,ANP1,MNN2,VPS28,STP22,1.0,0.0,1.0
single_only,ANP1,MNN2,GOS1,TLG2,1.0,0.0,1.0
single_only,ANP1,MNN2,SEC22,TLG2,1.0,0.0,1.0
single_only,ANP1,MNN2,STP22,DOA4,1.0,0.0,1.0
single_only,ANP1,MNN2,GCS1,DOA4,1.0,0.0,1.0
single_only,ANP1,MNN2,VPS28,DOA4,1.0,0.0,1.0
single_only,ANP1,MNN2,PSD2,PCT1,1.0,0.0,1.0
single_only,ANP1,MNN2,OST5,CWH41,1.0,0.0,1.0
single_only,ANP1,MNN2,DIE2,CWH41,1.0,0.0,1.0
single_only,ANP1,MNN2,ALG5,CWH41,1.0,0.0,1.0
single_only,ANP1,MNN2,ALG8,CWH41,1.0,0.0,1.0
single_only,ANP1,MNN2,ALG12,CWH41,1.0,0.0,1.0
single_only,ANP1,MNN2,ALG9,CWH41,1.0,0.0,1.0
single_only,ANP1,MNN2,ALG6,CWH41,1.0,0.0,1.0
single_only,ANP1,MNN2,ALG3,CWH41,1.0,0.0,1.0
single_only,ANP1,MNN2,OST3,CWH41,1.0,0.0,1.0
single_only,ANP1,MNN2,UBC7,UFD2,1.0,0.0,1.0
single_only,ANP1,MNN2,HRD1,UFD2,1.0,0.0,1.0
single_only,ANP1,MNN2,TLG2,GOS1,1.0,0.0,1.0
single_only,ANP1,MNN2,SEC22,GOS1,1.0,0.0,1.0
single_only,ANP1,MNN2,DOA4,GCS1,1.0,0.0,1.0
single_only,ANP1,MNN2,VPS28,GCS1,1.0,0.0,1.0
single_only,ANP1,MNN2,CWH41,ROT2,1.0,0.0,1.0
single_only,ANP1,MNN2,OST5,ROT2,1.0,0.0,1.0
single_only,ANP1,MNN2,DIE2,ROT2,1.0,0.0,1.0
single_only,ANP1,MNN2,ALG5,ROT2,1.0,0.0,1.0
single_only,ANP1,MNN2,ALG8,ROT2,1.0,0.0,1.0
single_only,ANP1,MNN2,ALG12,ROT2,1.0,0.0,1.0
single_only,ANP1,MNN2,ALG9,ROT2,1.0,0.0,1.0
single_only,ANP1,MNN2,ALG6,ROT2,1.0,0.0,1.0
single_only,ANP1,MNN2,ALG3,ROT2,1.0,0.0,1.0
single_only,ANP1,MNN2,OST3,ROT2,1.0,0.0,1.0
single_only,ANP1,MNN2,DOA4,VPS28,1.0,0.0,1.0
single_only,ANP1,MNN2,GCS1,VPS28,1.0,0.0,1.0
single_only,ANP1,MNN2,CWH41,OST5,1.0,0.0,1.0
single_only,ANP1,MNN2,ROT2,OST5,1.0,0.0,1.0
single_only,ANP1,MNN2,ALG5,OST5,1.0,0.0,1.0
single_only,ANP1,MNN2,ALG8,OST5,1.0,0.0,1.0
single_only,ANP1,MNN2,ALG6,OST5,1.0,0.0,1.0
single_only,ANP1,MNN2,ALG3,OST5,1.0,0.0,1.0
single_only,ANP1,MNN2,OST3,OST5,1.0,0.0,1.0
single_only,ANP1,MNN2,MNS1,DIE2,0.0,1.0,-1.0
single_only,ANP1,MNN2,ROT2,DIE2,1.0,0.0,1.0
single_only,ANP1,MNN2,OST5,DIE2,1.0,0.0,1.0
single_only,ANP1,MNN2,ALG5,DIE2,1.0,0.0,1.0
single_only,ANP1,MNN2,ALG8,DIE2,1.0,0.0,1.0
single_only,ANP1,MNN2,ALG12,DIE2,1.0,0.0,1.0
single_only,ANP1,MNN2,ALG9,DIE2,1.0,0.0,1.0
single_only,ANP1,MNN2,ALG6,DIE2,1.0,0.0,1.0
single_only,ANP1,MNN2,ALG3,DIE2,1.0,0.0,1.0
single_only,ANP1,MNN2,OST3,DIE2,1.0,0.0,1.0
single_only,ANP1,MNN2,HRD1,UBC7,1.0,0.0,1.0
single_only,ANP1,MNN2,ALG9,ALG5,1.0,0.0,1.0
single_only,ANP1,MNN2,ALG3,ALG5,1.0,0.0,1.0
single_only,ANP1,MNN2,OST3,ALG5,1.0,0.0,1.0
single_only,ANP1,MNN2,PMT2,PMT1,1.0,0.0,1.0
single_only,ANP1,MNN2,UBC7,HRD1,1.0,0.0,1.0
single_only,ANP1,MNN2,ALG5,ALG8,1.0,0.0,1.0
single_only,ANP1,MNN2,ALG12,ALG8,1.0,0.0,1.0
single_only,ANP1,MNN2,ALG9,ALG8,1.0,0.0,1.0
single_only,ANP1,MNN2,ALG6,ALG8,1.0,0.0,1.0
single_only,ANP1,MNN2,ALG3,ALG8,1.0,0.0,1.0
single_only,ANP1,MNN2,OST3,ALG8,1.0,0.0,1.0
single_only,ANP1,MNN2,OST5,ALG12,0.0,1.0,-1.0
single_only,ANP1,MNN2,ALG5,ALG12,1.0,0.0,1.0
single_only,ANP1,MNN2,ALG8,ALG12,1.0,0.0,1.0
single_only,ANP1,MNN2,ALG6,ALG12,1.0,0.0,1.0
single_only,ANP1,MNN2,ALG3,ALG12,1.0,0.0,1.0
single_only,ANP1,MNN2,OST3,ALG12,1.0,0.0,1.0
single_only,ANP1,MNN2,ALG5,ALG9,1.0,0.0,1.0
single_only,ANP1,MNN2,ALG3,ALG9,1.0,0.0,1.0
single_only,ANP1,MNN2,OST3,ALG9,1.0,0.0,1.0
single_only,ANP1,MNN2,ALG12,ALG6,1.0,0.0,1.0
single_only,ANP1,MNN2,ALG9,ALG6,1.0,0.0,1.0
single_only,ANP1,MNN2,ALG3,ALG6,1.0,0.0,1.0
single_only,ANP1,MNN2,OST3,ALG6,1.0,0.0,1.0
single_only,ANP1,MNN2,ALG5,ALG3,0.0,1.0,-1.0
single_only,ANP1,MNN2,ALG8,ALG3,0.0,1.0,-1.0
single_only,ANP1,MNN2,OST3,ALG3,1.0,0.0,1.0
single_only,ANP1,MNN2,ALG6,OST3,1.0,0.0,1.0
single_only,ANP1,MNN2,ALG3,OST3,1.0,0.0,1.0
single_only,ANP1,MNN2,MNN2,ANP1,1.0,0.0,1.0
single_only,MNS1,ROT2,CWH41,MNS1,1.0,0.0,1.0
single_only,MNS1,ROT2,MNN2,MNS1,1.0,0.0,1.0
single_only,MNS1,ROT2,ROT2,MNS1,1.0,0.0,1.0
single_only,MNS1,ROT2,OST5,MNS1,1.0,0.0,1.0
single_only,MNS1,ROT2,DIE2,MNS1,1.0,0.0,1.0
single_only,MNS1,ROT2,ALG5,MNS1,1.0,0.0,1.0
single_only,MNS1,ROT2,ALG8,MNS1,1.0,0.0,1.0
single_only,MNS1,ROT2,ALG12,MNS1,1.0,0.0,1.0
single_only,MNS1,ROT2,ALG9,MNS1,1.0,0.0,1.0
single_only,MNS1,ROT2,ALG6,MNS1,1.0,0.0,1.0
single_only,MNS1,ROT2,ALG3,MNS1,1.0,0.0,1.0
single_only,MNS1,ROT2,OST3,MNS1,1.0,0.0,1.0
single_only,MNS1,ROT2,ANP1,MNS1,1.0,0.0,1.0
single_only,MNS1,ROT2,BTS1,HMG1,1.0,0.0,1.0
single_only,MNS1,ROT2,PCT1,PSD2,1.0,0.0,1.0
single_only,MNS1,ROT2,DOA4,STP22,1.0,0.0,1.0
single_only,MNS1,ROT2,GCS1,STP22,1.0,0.0,1.0
single_only,MNS1,ROT2,VPS28,STP22,1.0,0.0,1.0
single_only,MNS1,ROT2,GOS1,TLG2,1.0,0.0,1.0
single_only,MNS1,ROT2,SEC22,TLG2,1.0,0.0,1.0
single_only,MNS1,ROT2,STP22,DOA4,1.0,0.0,1.0
single_only,MNS1,ROT2,GCS1,DOA4,1.0,0.0,1.0
single_only,MNS1,ROT2,VPS28,DOA4,1.0,0.0,1.0
single_only,MNS1,ROT2,PSD2,PCT1,1.0,0.0,1.0
single_only,MNS1,ROT2,OST5,CWH41,1.0,0.0,1.0
single_only,MNS1,ROT2,ALG5,CWH41,1.0,0.0,1.0
single_only,MNS1,ROT2,ALG8,CWH41,1.0,0.0,1.0
single_only,MNS1,ROT2,ALG12,CWH41,1.0,0.0,1.0
single_only,MNS1,ROT2,ALG9,CWH41,1.0,0.0,1.0
single_only,MNS1,ROT2,ALG6,CWH41,1.0,0.0,1.0
single_only,MNS1,ROT2,ALG3,CWH41,1.0,0.0,1.0
single_only,MNS1,ROT2,OST3,CWH41,1.0,0.0,1.0
single_only,MNS1,ROT2,UBC7,UFD2,1.0,0.0,1.0
single_only,MNS1,ROT2,HRD1,UFD2,1.0,0.0,1.0
single_only,MNS1,ROT2,TLG2,GOS1,1.0,0.0,1.0
single_only,MNS1,ROT2,SEC22,GOS1,1.0,0.0,1.0
single_only,MNS1,ROT2,DIE2,ROT2,1.0,0.0,1.0
single_only,MNS1,ROT2,ALG5,ROT2,1.0,0.0,1.0
single_only,MNS1,ROT2,ALG8,ROT2,1.0,0.0,1.0
single_only,MNS1,ROT2,ALG12,ROT2,1.0,0.0,1.0
single_only,MNS1,ROT2,ALG9,ROT2,1.0,0.0,1.0
single_only,MNS1,ROT2,ALG6,ROT2,1.0,0.0,1.0
single_only,MNS1,ROT2,ALG3,ROT2,1.0,0.0,1.0
single_only,MNS1,ROT2,OST3,ROT2,1.0,0.0,1.0
single_only,MNS1,ROT2,MNS1,OST5,0.0,1.0,-1.0
single_only,MNS1,ROT2,ROT2,OST5,1.0,0.0,1.0
single_only,MNS1,ROT2,ALG5,OST5,1.0,0.0,1.0
single_only,MNS1,ROT2,ALG8,OST5,1.0,0.0,1.0
single_only,MNS1,ROT2,ALG6,OST5,1.0,0.0,1.0
single_only,MNS1,ROT2,ALG3,OST5,1.0,0.0,1.0
single_only,MNS1,ROT2,OST3,OST5,1.0,0.0,1.0
single_only,MNS1,ROT2,MNS1,DIE2,0.0,1.0,-1.0
single_only,MNS1,ROT2,OST5,DIE2,1.0,0.0,1.0
single_only,MNS1,ROT2,ALG5,DIE2,1.0,0.0,1.0
single_only,MNS1,ROT2,ALG8,DIE2,1.0,0.0,1.0
single_only,MNS1,ROT2,ALG12,DIE2,1.0,0.0,1.0
single_only,MNS1,ROT2,ALG9,DIE2,1.0,0.0,1.0
single_only,MNS1,ROT2,ALG6,DIE2,1.0,0.0,1.0
single_only,MNS1,ROT2,ALG3,DIE2,1.0,0.0,1.0
single_only,MNS1,ROT2,OST3,DIE2,1.0,0.0,1.0
single_only,MNS1,ROT2,HRD1,UBC7,1.0,0.0,1.0
single_only,MNS1,ROT2,MNS1,ALG5,0.0,1.0,-1.0
single_only,MNS1,ROT2,ROT2,ALG5,0.0,1.0,-1.0
single_only,MNS1,ROT2,ALG3,ALG5,1.0,0.0,1.0
single_only,MNS1,ROT2,OST3,ALG5,1.0,0.0,1.0
single_only,MNS1,ROT2,PMT2,PMT1,1.0,0.0,1.0
single_only,MNS1,ROT2,UBC7,HRD1,1.0,0.0,1.0
single_only,MNS1,ROT2,MNS1,ALG8,0.0,1.0,-1.0
single_only,MNS1,ROT2,ALG5,ALG8,1.0,0.0,1.0
single_only,MNS1,ROT2,ALG6,ALG8,1.0,0.0,1.0
single_only,MNS1,ROT2,ALG3,ALG8,1.0,0.0,1.0
single_only,MNS1,ROT2,OST3,ALG8,1.0,0.0,1.0
single_only,MNS1,ROT2,ROT2,ALG12,0.0,1.0,-1.0
single_only,MNS1,ROT2,OST5,ALG12,0.0,1.0,-1.0
single_only,MNS1,ROT2,DIE2,ALG12,0.0,1.0,-1.0
single_only,MNS1,ROT2,ALG3,ALG12,1.0,0.0,1.0
single_only,MNS1,ROT2,OST3,ALG12,1.0,0.0,1.0
single_only,MNS1,ROT2,ROT2,ALG9,0.0,1.0,-1.0
single_only,MNS1,ROT2,ALG3,ALG9,1.0,0.0,1.0
single_only,MNS1,ROT2,OST3,ALG9,1.0,0.0,1.0
single_only,MNS1,ROT2,MNS1,ALG6,0.0,1.0,-1.0
single_only,MNS1,ROT2,ALG12,ALG6,1.0,0.0,1.0
single_only,MNS1,ROT2,ALG9,ALG6,1.0,0.0,1.0
single_only,MNS1,ROT2,ALG3,ALG6,1.0,0.0,1.0
single_only,MNS1,ROT2,OST3,ALG6,1.0,0.0,1.0
single_only,MNS1,ROT2,ROT2,ALG3,0.0,1.0,-1.0
single_only,MNS1,ROT2,ALG5,ALG3,0.0,1.0,-1.0
single_only,MNS1,ROT2,ALG8,ALG3,0.0,1.0,-1.0
single_only,MNS1,ROT2,OST3,ALG3,1.0,0.0,1.0
single_only,MNS1,ROT2,MNS1,OST3,0.0,1.0,-1.0
single_only,MNS1,ROT2,DIE2,OST3,0.0,1.0,-1.0
single_only,MNS1,ROT2,ALG5,OST3,0.0,1.0,-1.0
single_only,MNS1,ROT2,ALG8,OST3,0.0,1.0,-1.0
single_only,MNS1,ROT2,ALG12,OST3,0.0,1.0,-1.0
single_only,MNS1,ROT2,ALG9,OST3,0.0,1.0,-1.0
single_only,MNS1,ROT2,ALG3,OST3,1.0,0.0,1.0
single_only,STP22,VPS28,CWH41,MNS1,1.0,0.0,1.0
single_only,STP22,VPS28,MNN2,MNS1,1.0,0.0,1.0
single_only,STP22,VPS28,ROT2,MNS1,1.0,0.0,1.0
single_only,STP22,VPS28,OST5,MNS1,1.0,0.0,1.0
single_only,STP22,VPS28,DIE2,MNS1,1.0,0.0,1.0
single_only,STP22,VPS28,ALG5,MNS1,1.0,0.0,1.0
single_only,STP22,VPS28,ALG8,MNS1,1.0,0.0,1.0
single_only,STP22,VPS28,ALG12,MNS1,1.0,0.0,1.0
single_only,STP22,VPS28,ALG9,MNS1,1.0,0.0,1.0
single_only,STP22,VPS28,ALG6,MNS1,1.0,0.0,1.0
single_only,STP22,VPS28,ALG3,MNS1,1.0,0.0,1.0
single_only,STP22,VPS28,OST3,MNS1,1.0,0.0,1.0
single_only,STP22,VPS28,ANP1,MNS1,1.0,0.0,1.0
single_only,STP22,VPS28,BTS1,HMG1,1.0,0.0,1.0
single_only,STP22,VPS28,PCT1,PSD2,1.0,0.0,1.0
single_only,STP22,VPS28,DOA4,STP22,1.0,0.0,1.0
single_only,STP22,VPS28,GCS1,STP22,1.0,0.0,1.0
single_only,STP22,VPS28,VPS28,STP22,1.0,0.0,1.0
single_only,STP22,VPS28,GOS1,TLG2,1.0,0.0,1.0
single_only,STP22,VPS28,SEC22,TLG2,1.0,0.0,1.0
single_only,STP22,VPS28,STP22,DOA4,1.0,0.0,1.0
single_only,STP22,VPS28,GCS1,DOA4,1.0,0.0,1.0
single_only,STP22,VPS28,VPS28,DOA4,1.0,0.0,1.0
single_only,STP22,VPS28,PSD2,PCT1,1.0,0.0,1.0
single_only,STP22,VPS28,OST5,CWH41,1.0,0.0,1.0
single_only,STP22,VPS28,DIE2,CWH41,1.0,0.0,1.0
single_only,STP22,VPS28,ALG5,CWH41,1.0,0.0,1.0
single_only,STP22,VPS28,ALG8,CWH41,1.0,0.0,1.0
single_only,STP22,VPS28,ALG12,CWH41,1.0,0.0,1.0
single_only,STP22,VPS28,ALG9,CWH41,1.0,0.0,1.0
single_only,STP22,VPS28,ALG6,CWH41,1.0,0.0,1.0
single_only,STP22,VPS28,ALG3,CWH41,1.0,0.0,1.0
single_only,STP22,VPS28,OST3,CWH41,1.0,0.0,1.0
single_only,STP22,VPS28,UBC7,UFD2,1.0,0.0,1.0
single_only,STP22,VPS28,HRD1,UFD2,1.0,0.0,1.0
single_only,STP22,VPS28,TLG2,GOS1,1.0,0.0,1.0
single_only,STP22,VPS28,SEC22,GOS1,1.0,0.0,1.0
single_only,STP22,VPS28,STP22,GCS1,1.0,0.0,1.0
single_only,STP22,VPS28,DOA4,GCS1,1.0,0.0,1.0
single_only,STP22,VPS28,VPS28,GCS1,1.0,0.0,1.0
single_only,STP22,VPS28,CWH41,ROT2,1.0,0.0,1.0
single_only,STP22,VPS28,OST5,ROT2,1.0,0.0,1.0
single_only,STP22,VPS28,DIE2,ROT2,1.0,0.0,1.0
single_only,STP22,VPS28,ALG5,ROT2,1.0,0.0,1.0
single_only,STP22,VPS28,ALG8,ROT2,1.0,0.0,1.0
single_only,STP22,VPS28,ALG12,ROT2,1.0,0.0,1.0
single_only,STP22,VPS28,ALG9,ROT2,1.0,0.0,1.0
single_only,STP22,VPS28,ALG6,ROT2,1.0,0.0,1.0
single_only,STP22,VPS28,ALG3,ROT2,1.0,0.0,1.0
single_only,STP22,VPS28,OST3,ROT2,1.0,0.0,1.0
single_only,STP22,VPS28,DOA4,VPS28,1.0,0.0,1.0
single_only,STP22,VPS28,GCS1,VPS28,1.0,0.0,1.0
single_only,STP22,VPS28,ROT2,OST5,1.0,0.0,1.0
single_only,STP22,VPS28,ALG5,OST5,1.0,0.0,1.0
single_only,STP22,VPS28,ALG8,OST5,1.0,0.0,1.0
single_only,STP22,VPS28,ALG6,OST5,1.0,0.0,1.0
single_only,STP22,VPS28,ALG3,OST5,1.0,0.0,1.0
single_only,STP22,VPS28,OST3,OST5,1.0,0.0,1.0
single_only,STP22,VPS28,MNS1,DIE2,0.0,1.0,-1.0
single_only,STP22,VPS28,OST5,DIE2,1.0,0.0,1.0
single_only,STP22,VPS28,ALG5,DIE2,1.0,0.0,1.0
single_only,STP22,VPS28,ALG8,DIE2,1.0,0.0,1.0
single_only,STP22,VPS28,ALG12,DIE2,1.0,0.0,1.0
single_only,STP22,VPS28,ALG9,DIE2,1.0,0.0,1.0
single_only,STP22,VPS28,ALG6,DIE2,1.0,0.0,1.0
single_only,STP22,VPS28,ALG3,DIE2,1.0,0.0,1.0
single_only,STP22,VPS28,OST3,DIE2,1.0,0.0,1.0
single_only,STP22,VPS28,HRD1,UBC7,1.0,0.0,1.0
single_only,STP22,VPS28,ALG9,ALG5,1.0,0.0,1.0
single_only,STP22,VPS28,ALG3,ALG5,1.0,0.0,1.0
single_only,STP22,VPS28,OST3,ALG5,1.0,0.0,1.0
single_only,STP22,VPS28,PMT2,PMT1,1.0,0.0,1.0
single_only,STP22,VPS28,UBC7,HRD1,1.0,0.0,1.0
single_only,STP22,VPS28,ALG5,ALG8,1.0,0.0,1.0
single_only,STP22,VPS28,ALG12,ALG8,1.0,0.0,1.0
single_only,STP22,VPS28,ALG9,ALG8,1.0,0.0,1.0
single_only,STP22,VPS28,ALG6,ALG8,1.0,0.0,1.0
single_only,STP22,VPS28,ALG3,ALG8,1.0,0.0,1.0
single_only,STP22,VPS28,OST3,ALG8,1.0,0.0,1.0
single_only,STP22,VPS28,ALG8,ALG12,1.0,0.0,1.0
single_only,STP22,VPS28,ALG6,ALG12,1.0,0.0,1.0
single_only,STP22,VPS28,ALG3,ALG12,1.0,0.0,1.0
single_only,STP22,VPS28,OST3,ALG12,1.0,0.0,1.0
single_only,STP22,VPS28,ALG3,ALG9,1.0,0.0,1.0
single_only,STP22,VPS28,OST3,ALG9,1.0,0.0,1.0
single_only,STP22,VPS28,ALG3,ALG6,1.0,0.0,1.0
single_only,STP22,VPS28,OST3,ALG6,1.0,0.0,1.0
single_only,STP22,VPS28,ALG5,ALG3,0.0,1.0,-1.0
single_only,STP22,VPS28,ALG8,ALG3,0.0,1.0,-1.0
single_only,STP22,VPS28,OST3,ALG3,1.0,0.0,1.0
single_only,STP22,VPS28,ALG3,OST3,1.0,0.0,1.0
single_only,STP22,VPS28,MNN2,ANP1,1.0,0.0,1.0
single_only,HMG1,BTS1,CWH41,MNS1,1.0,0.0,1.0
single_only,HMG1,BTS1,MNN2,MNS1,1.0,0.0,1.0
single_only,HMG1,BTS1,ROT2,MNS1,1.0,0.0,1.0
single_only,HMG1,BTS1,OST5,MNS1,1.0,0.0,1.0
single_only,HMG1,BTS1,DIE2,MNS1,1.0,0.0,1.0
single_only,HMG1,BTS1,ALG5,MNS1,1.0,0.0,1.0
single_only,HMG1,BTS1,ALG8,MNS1,1.0,0.0,1.0
single_only,HMG1,BTS1,ALG12,MNS1,1.0,0.0,1.0
single_only,HMG1,BTS1,ALG9,MNS1,1.0,0.0,1.0
single_only,HMG1,BTS1,ALG6,MNS1,1.0,0.0,1.0
single_only,HMG1,BTS1,ALG3,MNS1,1.0,0.0,1.0
single_only,HMG1,BTS1,OST3,MNS1,1.0,0.0,1.0
single_only,HMG1,BTS1,ANP1,MNS1,1.0,0.0,1.0
single_only,HMG1,BTS1,BTS1,HMG1,1.0,0.0,1.0
single_only,HMG1,BTS1,PCT1,PSD2,1.0,0.0,1.0
single_only,HMG1,BTS1,DOA4,STP22,1.0,0.0,1.0
single_only,HMG1,BTS1,GCS1,STP22,1.0,0.0,1.0
single_only,HMG1,BTS1,VPS28,STP22,1.0,0.0,1.0
single_only,HMG1,BTS1,GOS1,TLG2,1.0,0.0,1.0
single_only,HMG1,BTS1,SEC22,TLG2,1.0,0.0,1.0
single_only,HMG1,BTS1,STP22,DOA4,1.0,0.0,1.0
single_only,HMG1,BTS1,GCS1,DOA4,1.0,0.0,1.0
single_only,HMG1,BTS1,VPS28,DOA4,1.0,0.0,1.0
single_only,HMG1,BTS1,PSD2,PCT1,1.0,0.0,1.0
single_only,HMG1,BTS1,OST5,CWH41,1.0,0.0,1.0
single_only,HMG1,BTS1,DIE2,CWH41,1.0,0.0,1.0
single_only,HMG1,BTS1,ALG5,CWH41,1.0,0.0,1.0
single_only,HMG1,BTS1,ALG8,CWH41,1.0,0.0,1.0
single_only,HMG1,BTS1,ALG12,CWH41,1.0,0.0,1.0
single_only,HMG1,BTS1,ALG9,CWH41,1.0,0.0,1.0
single_only,HMG1,BTS1,ALG6,CWH41,1.0,0.0,1.0
single_only,HMG1,BTS1,ALG3,CWH41,1.0,0.0,1.0
single_only,HMG1,BTS1,OST3,CWH41,1.0,0.0,1.0
single_only,HMG1,BTS1,UBC7,UFD2,1.0,0.0,1.0
single_only,HMG1,BTS1,HRD1,UFD2,1.0,0.0,1.0
single_only,HMG1,BTS1,TLG2,GOS1,1.0,0.0,1.0
single_only,HMG1,BTS1,SEC22,GOS1,1.0,0.0,1.0
single_only,HMG1,BTS1,DOA4,GCS1,1.0,0.0,1.0
single_only,HMG1,BTS1,VPS28,GCS1,1.0,0.0,1.0
single_only,HMG1,BTS1,CWH41,ROT2,1.0,0.0,1.0
single_only,HMG1,BTS1,OST5,ROT2,1.0,0.0,1.0
single_only,HMG1,BTS1,DIE2,ROT2,1.0,0.0,1.0
single_only,HMG1,BTS1,ALG5,ROT2,1.0,0.0,1.0
single_only,HMG1,BTS1,ALG8,ROT2,1.0,0.0,1.0
single_only,HMG1,BTS1,ALG12,ROT2,1.0,0.0,1.0
single_only,HMG1,BTS1,ALG9,ROT2,1.0,0.0,1.0
single_only,HMG1,BTS1,ALG6,ROT2,1.0,0.0,1.0
single_only,HMG1,BTS1,ALG3,ROT2,1.0,0.0,1.0
single_only,HMG1,BTS1,OST3,ROT2,1.0,0.0,1.0
single_only,HMG1,BTS1,DOA4,VPS28,1.0,0.0,1.0
single_only,HMG1,BTS1,GCS1,VPS28,1.0,0.0,1.0
single_only,HMG1,BTS1,CWH41,OST5,1.0,0.0,1.0
single_only,HMG1,BTS1,ROT2,OST5,1.0,0.0,1.0
single_only,HMG1,BTS1,ALG5,OST5,1.0,0.0,1.0
single_only,HMG1,BTS1,ALG8,OST5,1.0,0.0,1.0
single_only,HMG1,BTS1,ALG6,OST5,1.0,0.0,1.0
single_only,HMG1,BTS1,ALG3,OST5,1.0,0.0,1.0
single_only,HMG1,BTS1,OST3,OST5,1.0,0.0,1.0
single_only,HMG1,BTS1,MNS1,DIE2,0.0,1.0,-1.0
single_only,HMG1,BTS1,OST5,DIE2,1.0,0.0,1.0
single_only,HMG1,BTS1,ALG5,DIE2,1.0,0.0,1.0
single_only,HMG1,BTS1,ALG8,DIE2,1.0,0.0,1.0
single_only,HMG1,BTS1,ALG12,DIE2,1.0,0.0,1.0
single_only,HMG1,BTS1,ALG9,DIE2,1.0,0.0,1.0
single_only,HMG1,BTS1,ALG6,DIE2,1.0,0.0,1.0
single_only,HMG1,BTS1,ALG3,DIE2,1.0,0.0,1.0
single_only,HMG1,BTS1,OST3,DIE2,1.0,0.0,1.0
single_only,HMG1,BTS1,HRD1,UBC7,1.0,0.0,1.0
single_only,HMG1,BTS1,ALG9,ALG5,1.0,0.0,1.0
single_only,HMG1,BTS1,ALG3,ALG5,1.0,0.0,1.0
single_only,HMG1,BTS1,OST3,ALG5,1.0,0.0,1.0
single_only,HMG1,BTS1,PMT2,PMT1,1.0,0.0,1.0
single_only,HMG1,BTS1,UBC7,HRD1,1.0,0.0,1.0
single_only,HMG1,BTS1,ALG5,ALG8,1.0,0.0,1.0
single_only,HMG1,BTS1,ALG9,ALG8,1.0,0.0,1.0
single_only,HMG1,BTS1,ALG6,ALG8,1.0,0.0,1.0
single_only,HMG1,BTS1,ALG3,ALG8,1.0,0.0,1.0
single_only,HMG1,BTS1,OST3,ALG8,1.0,0.0,1.0
single_only,HMG1,BTS1,OST5,ALG12,0.0,1.0,-1.0
single_only,HMG1,BTS1,ALG5,ALG12,1.0,0.0,1.0
single_only,HMG1,BTS1,ALG8,ALG12,1.0,0.0,1.0
single_only,HMG1,BTS1,ALG3,ALG12,1.0,0.0,1.0
single_only,HMG1,BTS1,OST3,ALG12,1.0,0.0,1.0
single_only,HMG1,BTS1,ALG5,ALG9,1.0,0.0,1.0
single_only,HMG1,BTS1,ALG3,ALG9,1.0,0.0,1.0
single_only,HMG1,BTS1,OST3,ALG9,1.0,0.0,1.0
single_only,HMG1,BTS1,ALG12,ALG6,1.0,0.0,1.0
single_only,HMG1,BTS1,ALG9,ALG6,1.0,0.0,1.0
single_only,HMG1,BTS1,ALG3,ALG6,1.0,0.0,1.0
single_only,HMG1,BTS1,OST3,ALG6,1.0,0.0,1.0
single_only,HMG1,BTS1,ALG5,ALG3,0.0,1.0,-1.0
single_only,HMG1,BTS1,ALG8,ALG3,0.0,1.0,-1.0
single_only,HMG1,BTS1,OST3,ALG3,1.0,0.0,1.0
single_only,HMG1,BTS1,ALG6,OST3,1.0,0.0,1.0
single_only,HMG1,BTS1,ALG3,OST3,1.0,0.0,1.0
single_only,HMG1,BTS1,MNN2,ANP1,1.0,0.0,1.0
single_only,DIE2,ALG5,CWH41,MNS1,1.0,0.0,1.0
single_only,DIE2,ALG5,MNN2,MNS1,1.0,0.0,1.0
single_only,DIE2,ALG5,ROT2,MNS1,1.0,0.0,1.0
single_only,DIE2,ALG5,OST5,MNS1,1.0,0.0,1.0
single_only,DIE2,ALG5,DIE2,MNS1,1.0,0.0,1.0
single_only,DIE2,ALG5,ALG5,MNS1,1.0,0.0,1.0
single_only,DIE2,ALG5,ALG8,MNS1,1.0,0.0,1.0
single_only,DIE2,ALG5,ALG12,MNS1,1.0,0.0,1.0
single_only,DIE2,ALG5,ALG9,MNS1,1.0,0.0,1.0
single_only,DIE2,ALG5,ALG6,MNS1,1.0,0.0,1.0
single_only,DIE2,ALG5,ALG3,MNS1,1.0,0.0,1.0
single_only,DIE2,ALG5,OST3,MNS1,1.0,0.0,1.0
single_only,DIE2,ALG5,ANP1,MNS1,1.0,0.0,1.0
single_only,DIE2,ALG5,BTS1,HMG1,1.0,0.0,1.0
single_only,DIE2,ALG5,PCT1,PSD2,1.0,0.0,1.0
single_only,DIE2,ALG5,DOA4,STP22,1.0,0.0,1.0
single_only,DIE2,ALG5,GCS1,STP22,1.0,0.0,1.0
single_only,DIE2,ALG5,VPS28,STP22,1.0,0.0,1.0
single_only,DIE2,ALG5,GOS1,TLG2,1.0,0.0,1.0
single_only,DIE2,ALG5,SEC22,TLG2,1.0,0.0,1.0
single_only,DIE2,ALG5,STP22,DOA4,1.0,0.0,1.0
single_only,DIE2,ALG5,GCS1,DOA4,1.0,0.0,1.0
single_only,DIE2,ALG5,VPS28,DOA4,1.0,0.0,1.0
single_only,DIE2,ALG5,PSD2,PCT1,1.0,0.0,1.0
single_only,DIE2,ALG5,OST5,CWH41,1.0,0.0,1.0
single_only,DIE2,ALG5,DIE2,CWH41,1.0,0.0,1.0
single_only,DIE2,ALG5,ALG5,CWH41,1.0,0.0,1.0
single_only,DIE2,ALG5,ALG8,CWH41,1.0,0.0,1.0
single_only,DIE2,ALG5,ALG12,CWH41,1.0,0.0,1.0
single_only,DIE2,ALG5,ALG9,CWH41,1.0,0.0,1.0
single_only,DIE2,ALG5,ALG6,CWH41,1.0,0.0,1.0
single_only,DIE2,ALG5,ALG3,CWH41,1.0,0.0,1.0
single_only,DIE2,ALG5,OST3,CWH41,1.0,0.0,1.0
single_only,DIE2,ALG5,UBC7,UFD2,1.0,0.0,1.0
single_only,DIE2,ALG5,HRD1,UFD2,1.0,0.0,1.0
single_only,DIE2,ALG5,TLG2,GOS1,1.0,0.0,1.0
single_only,DIE2,ALG5,SEC22,GOS1,1.0,0.0,1.0
single_only,DIE2,ALG5,STP22,GCS1,1.0,0.0,1.0
single_only,DIE2,ALG5,DOA4,GCS1,1.0,0.0,1.0
single_only,DIE2,ALG5,VPS28,GCS1,1.0,0.0,1.0
single_only,DIE2,ALG5,CWH41,ROT2,1.0,0.0,1.0
single_only,DIE2,ALG5,OST5,ROT2,1.0,0.0,1.0
single_only,DIE2,ALG5,DIE2,ROT2,1.0,0.0,1.0
single_only,DIE2,ALG5,ALG5,ROT2,1.0,0.0,1.0
single_only,DIE2,ALG5,ALG8,ROT2,1.0,0.0,1.0
single_only,DIE2,ALG5,ALG12,ROT2,1.0,0.0,1.0
single_only,DIE2,ALG5,ALG9,ROT2,1.0,0.0,1.0
single_only,DIE2,ALG5,ALG6,ROT2,1.0,0.0,1.0
single_only,DIE2,ALG5,ALG3,ROT2,1.0,0.0,1.0
single_only,DIE2,ALG5,OST3,ROT2,1.0,0.0,1.0
single_only,DIE2,ALG5,DOA4,VPS28,1.0,0.0,1.0
single_only,DIE2,ALG5,GCS1,VPS28,1.0,0.0,1.0
single_only,DIE2,ALG5,CWH41,OST5,1.0,0.0,1.0
single_only,DIE2,ALG5,ROT2,OST5,1.0,0.0,1.0
single_only,DIE2,ALG5,ALG5,OST5,1.0,0.0,1.0
single_only,DIE2,ALG5,ALG8,OST5,1.0,0.0,1.0
single_only,DIE2,ALG5,ALG12,OST5,1.0,0.0,1.0
single_only,DIE2,ALG5,ALG6,OST5,1.0,0.0,1.0
single_only,DIE2,ALG5,ALG3,OST5,1.0,0.0,1.0
single_only,DIE2,ALG5,OST3,OST5,1.0,0.0,1.0
single_only,DIE2,ALG5,OST5,DIE2,1.0,0.0,1.0
single_only,DIE2,ALG5,ALG5,DIE2,1.0,0.0,1.0
single_only,DIE2,ALG5,ALG8,DIE2,1.0,0.0,1.0
single_only,DIE2,ALG5,ALG12,DIE2,1.0,0.0,1.0
single_only,DIE2,ALG5,ALG9,DIE2,1.0,0.0,1.0
single_only,DIE2,ALG5,ALG6,DIE2,1.0,0.0,1.0
single_only,DIE2,ALG5,ALG3,DIE2,1.0,0.0,1.0
single_only,DIE2,ALG5,OST3,DIE2,1.0,0.0,1.0
single_only,DIE2,ALG5,HRD1,UBC7,1.0,0.0,1.0
single_only,DIE2,ALG5,ALG9,ALG5,1.0,0.0,1.0
single_only,DIE2,ALG5,ALG3,ALG5,1.0,0.0,1.0
single_only,DIE2,ALG5,OST3,ALG5,1.0,0.0,1.0
single_only,DIE2,ALG5,PMT2,PMT1,1.0,0.0,1.0
single_only,DIE2,ALG5,UBC7,HRD1,1.0,0.0,1.0
single_only,DIE2,ALG5,ALG5,ALG8,1.0,0.0,1.0
single_only,DIE2,ALG5,ALG12,ALG8,1.0,0.0,1.0
single_only,DIE2,ALG5,ALG9,ALG8,1.0,0.0,1.0
single_only,DIE2,ALG5,ALG6,ALG8,1.0,0.0,1.0
single_only,DIE2,ALG5,ALG3,ALG8,1.0,0.0,1.0
single_only,DIE2,ALG5,OST3,ALG8,1.0,0.0,1.0
single_only,DIE2,ALG5,ALG5,ALG12,1.0,0.0,1.0
single_only,DIE2,ALG5,ALG8,ALG12,1.0,0.0,1.0
single_only,DIE2,ALG5,ALG9,ALG12,1.0,0.0,1.0
single_only,DIE2,ALG5,ALG6,ALG12,1.0,0.0,1.0
single_only,DIE2,ALG5,ALG3,ALG12,1.0,0.0,1.0
single_only,DIE2,ALG5,OST3,ALG12,1.0,0.0,1.0
single_only,DIE2,ALG5,ALG3,ALG9,1.0,0.0,1.0
single_only,DIE2,ALG5,OST3,ALG9,1.0,0.0,1.0
single_only,DIE2,ALG5,ALG12,ALG6,1.0,0.0,1.0
single_only,DIE2,ALG5,ALG9,ALG6,1.0,0.0,1.0
single_only,DIE2,ALG5,ALG3,ALG6,1.0,0.0,1.0
single_only,DIE2,ALG5,OST3,ALG6,1.0,0.0,1.0
single_only,DIE2,ALG5,ALG5,ALG3,0.0,1.0,-1.0
single_only,DIE2,ALG5,ALG8,ALG3,0.0,1.0,-1.0
single_only,DIE2,ALG5,OST3,ALG3,1.0,0.0,1.0
single_only,DIE2,ALG5,ALG3,OST3,1.0,0.0,1.0
single_only,DIE2,ALG5,MNN2,ANP1,1.0,0.0,1.0
single_only,ALG8,ALG5,CWH41,MNS1,1.0,0.0,1.0
single_only,ALG8,ALG5,MNN2,MNS1,1.0,0.0,1.0
single_only,ALG8,ALG5,ROT2,MNS1,1.0,0.0,1.0
single_only,ALG8,ALG5,OST5,MNS1,1.0,0.0,1.0
single_only,ALG8,ALG5,DIE2,MNS1,1.0,0.0,1.0
single_only,ALG8,ALG5,ALG5,MNS1,1.0,0.0,1.0
single_only,ALG8,ALG5,ALG8,MNS1,1.0,0.0,1.0
single_only,ALG8,ALG5,ALG12,MNS1,1.0,0.0,1.0
single_only,ALG8,ALG5,ALG9,MNS1,1.0,0.0,1.0
single_only,ALG8,ALG5,ALG6,MNS1,1.0,0.0,1.0
single_only,ALG8,ALG5,ALG3,MNS1,1.0,0.0,1.0
single_only,ALG8,ALG5,OST3,MNS1,1.0,0.0,1.0
single_only,ALG8,ALG5,BTS1,HMG1,1.0,0.0,1.0
single_only,ALG8,ALG5,VPS28,STP22,1.0,0.0,1.0
single_only,ALG8,ALG5,SEC22,TLG2,1.0,0.0,1.0
single_only,ALG8,ALG5,OST5,CWH41,1.0,0.0,1.0
single_only,ALG8,ALG5,DIE2,CWH41,1.0,0.0,1.0
single_only,ALG8,ALG5,ALG5,CWH41,1.0,0.0,1.0
single_only,ALG8,ALG5,ALG8,CWH41,1.0,0.0,1.0
single_only,ALG8,ALG5,ALG12,CWH41,1.0,0.0,1.0
single_only,ALG8,ALG5,ALG9,CWH41,1.0,0.0,1.0
single_only,ALG8,ALG5,ALG6,CWH41,1.0,0.0,1.0
single_only,ALG8,ALG5,ALG3,CWH41,1.0,0.0,1.0
single_only,ALG8,ALG5,OST3,CWH41,1.0,0.0,1.0
single_only,ALG8,ALG5,UBC7,UFD2,1.0,0.0,1.0
single_only,ALG8,ALG5,HRD1,UFD2,1.0,0.0,1.0
single_only,ALG8,ALG5,SEC22,GOS1,1.0,0.0,1.0
single_only,ALG8,ALG5,DIE2,ROT2,1.0,0.0,1.0
single_only,ALG8,ALG5,ALG5,ROT2,1.0,0.0,1.0
single_only,ALG8,ALG5,ALG8,ROT2,1.0,0.0,1.0
single_only,ALG8,ALG5,ALG12,ROT2,1.0,0.0,1.0
single_only,ALG8,ALG5,ALG9,ROT2,1.0,0.0,1.0
single_only,ALG8,ALG5,ALG6,ROT2,1.0,0.0,1.0
single_only,ALG8,ALG5,ALG3,ROT2,1.0,0.0,1.0
single_only,ALG8,ALG5,OST3,ROT2,1.0,0.0,1.0
single_only,ALG8,ALG5,DIE2,OST5,0.0,1.0,-1.0
single_only,ALG8,ALG5,ALG5,OST5,1.0,0.0,1.0
single_only,ALG8,ALG5,ALG8,OST5,1.0,0.0,1.0
single_only,ALG8,ALG5,ALG6,OST5,1.0,0.0,1.0
single_only,ALG8,ALG5,ALG3,OST5,1.0,0.0,1.0
single_only,ALG8,ALG5,OST3,OST5,1.0,0.0,1.0
single_only,ALG8,ALG5,MNS1,DIE2,0.0,1.0,-1.0
single_only,ALG8,ALG5,ALG5,DIE2,1.0,0.0,1.0
single_only,ALG8,ALG5,ALG8,DIE2,1.0,0.0,1.0
single_only,ALG8,ALG5,ALG12,DIE2,1.0,0.0,1.0
single_only,ALG8,ALG5,ALG9,DIE2,1.0,0.0,1.0
single_only,ALG8,ALG5,ALG6,DIE2,1.0,0.0,1.0
single_only,ALG8,ALG5,ALG3,DIE2,1.0,0.0,1.0
single_only,ALG8,ALG5,OST3,DIE2,1.0,0.0,1.0
single_only,ALG8,ALG5,ALG9,ALG5,1.0,0.0,1.0
single_only,ALG8,ALG5,ALG3,ALG5,1.0,0.0,1.0
single_only,ALG8,ALG5,OST3,ALG5,1.0,0.0,1.0
single_only,ALG8,ALG5,PMT2,PMT1,1.0,0.0,1.0
single_only,ALG8,ALG5,ALG6,ALG8,1.0,0.0,1.0
single_only,ALG8,ALG5,ALG3,ALG8,1.0,0.0,1.0
single_only,ALG8,ALG5,OST3,ALG8,1.0,0.0,1.0
single_only,ALG8,ALG5,ALG9,ALG12,0.0,1.0,-1.0
single_only,ALG8,ALG5,ALG6,ALG12,1.0,0.0,1.0
single_only,ALG8,ALG5,ALG3,ALG12,1.0,0.0,1.0
single_only,ALG8,ALG5,OST3,ALG12,1.0,0.0,1.0
single_only,ALG8,ALG5,ALG3,ALG9,1.0,0.0,1.0
single_only,ALG8,ALG5,OST3,ALG9,1.0,0.0,1.0
single_only,ALG8,ALG5,OST3,ALG6,1.0,0.0,1.0
single_only,ALG8,ALG5,ALG5,ALG3,0.0,1.0,-1.0
single_only,ALG8,ALG5,ALG8,ALG3,0.0,1.0,-1.0
single_only,ALG8,ALG5,ALG6,ALG3,0.0,1.0,-1.0
single_only,ALG8,ALG5,MNN2,ANP1,1.0,0.0,1.0
single_only,ALG6,ALG5,DIE2,MNS1,1.0,0.0,1.0
single_only,ALG6,ALG5,ALG5,MNS1,1.0,0.0,1.0
single_only,ALG6,ALG5,ALG8,MNS1,1.0,0.0,1.0
single_only,ALG6,ALG5,ALG12,MNS1,1.0,0.0,1.0
single_only,ALG6,ALG5,ALG9,MNS1,1.0,0.0,1.0
single_only,ALG6,ALG5,ALG6,MNS1,1.0,0.0,1.0
single_only,ALG6,ALG5,ALG3,MNS1,1.0,0.0,1.0
single_only,ALG6,ALG5,OST3,MNS1,1.0,0.0,1.0
single_only,ALG6,ALG5,SEC22,TLG2,1.0,0.0,1.0
single_only,ALG6,ALG5,DIE2,CWH41,0.0,1.0,-1.0
single_only,ALG6,ALG5,ALG5,CWH41,1.0,0.0,1.0
single_only,ALG6,ALG5,ALG8,CWH41,1.0,0.0,1.0
single_only,ALG6,ALG5,ALG12,CWH41,1.0,0.0,1.0
single_only,ALG6,ALG5,ALG9,CWH41,1.0,0.0,1.0
single_only,ALG6,ALG5,ALG6,CWH41,1.0,0.0,1.0
single_only,ALG6,ALG5,ALG3,CWH41,1.0,0.0,1.0
single_only,ALG6,ALG5,OST3,CWH41,1.0,0.0,1.0
single_only,ALG6,ALG5,UBC7,UFD2,1.0,0.0,1.0
single_only,ALG6,ALG5,HRD1,UFD2,1.0,0.0,1.0
single_only,ALG6,ALG5,SEC22,GOS1,1.0,0.0,1.0
single_only,ALG6,ALG5,STP22,GCS1,0.0,1.0,-1.0
single_only,ALG6,ALG5,DOA4,GCS1,0.0,1.0,-1.0
single_only,ALG6,ALG5,VPS28,GCS1,0.0,1.0,-1.0
single_only,ALG6,ALG5,CWH41,ROT2,0.0,1.0,-1.0
single_only,ALG6,ALG5,OST5,ROT2,0.0,1.0,-1.0
single_only,ALG6,ALG5,ALG5,ROT2,1.0,0.0,1.0
single_only,ALG6,ALG5,ALG8,ROT2,1.0,0.0,1.0
single_only,ALG6,ALG5,ALG12,ROT2,1.0,0.0,1.0
single_only,ALG6,ALG5,ALG9,ROT2,1.0,0.0,1.0
single_only,ALG6,ALG5,ALG6,ROT2,1.0,0.0,1.0
single_only,ALG6,ALG5,ALG3,ROT2,1.0,0.0,1.0
single_only,ALG6,ALG5,OST3,ROT2,1.0,0.0,1.0
single_only,ALG6,ALG5,DOA4,VPS28,0.0,1.0,-1.0
single_only,ALG6,ALG5,MNS1,OST5,0.0,1.0,-1.0
single_only,ALG6,ALG5,CWH41,OST5,0.0,1.0,-1.0
single_only,ALG6,ALG5,DIE2,OST5,0.0,1.0,-1.0
single_only,ALG6,ALG5,ALG8,OST5,1.0,0.0,1.0
single_only,ALG6,ALG5,ALG6,OST5,1.0,0.0,1.0
single_only,ALG6,ALG5,ALG3,OST5,1.0,0.0,1.0
single_only,ALG6,ALG5,OST3,OST5,1.0,0.0,1.0
single_only,ALG6,ALG5,MNS1,DIE2,0.0,1.0,-1.0
single_only,ALG6,ALG5,ALG12,DIE2,1.0,0.0,1.0
single_only,ALG6,ALG5,ALG9,DIE2,1.0,0.0,1.0
single_only,ALG6,ALG5,ALG6,DIE2,1.0,0.0,1.0
single_only,ALG6,ALG5,ALG3,DIE2,1.0,0.0,1.0
single_only,ALG6,ALG5,OST3,DIE2,1.0,0.0,1.0
single_only,ALG6,ALG5,MNS1,ALG5,0.0,1.0,-1.0
single_only,ALG6,ALG5,ROT2,ALG5,0.0,1.0,-1.0
single_only,ALG6,ALG5,ALG12,ALG5,0.0,1.0,-1.0
single_only,ALG6,ALG5,ALG9,ALG5,0.0,1.0,-1.0
single_only,ALG6,ALG5,ALG3,ALG5,1.0,0.0,1.0
single_only,ALG6,ALG5,OST3,ALG5,1.0,0.0,1.0
single_only,ALG6,ALG5,PMT2,PMT1,1.0,0.0,1.0
single_only,ALG6,ALG5,MNS1,ALG8,0.0,1.0,-1.0
single_only,ALG6,ALG5,ALG12,ALG8,0.0,1.0,-1.0
single_only,ALG6,ALG5,ALG9,ALG8,0.0,1.0,-1.0
single_only,ALG6,ALG5,OST3,ALG8,1.0,0.0,1.0
single_only,ALG6,ALG5,ROT2,ALG12,0.0,1.0,-1.0
single_only,ALG6,ALG5,OST5,ALG12,0.0,1.0,-1.0
single_only,ALG6,ALG5,DIE2,ALG12,0.0,1.0,-1.0
single_only,ALG6,ALG5,ALG5,ALG12,0.0,1.0,-1.0
single_only,ALG6,ALG5,ALG8,ALG12,0.0,1.0,-1.0
single_only,ALG6,ALG5,ALG9,ALG12,0.0,1.0,-1.0
single_only,ALG6,ALG5,ALG6,ALG12,0.0,1.0,-1.0
single_only,ALG6,ALG5,OST3,ALG12,1.0,0.0,1.0
single_only,ALG6,ALG5,ALG5,ALG9,0.0,1.0,-1.0
single_only,ALG6,ALG5,OST3,ALG9,1.0,0.0,1.0
single_only,ALG6,ALG5,MNS1,ALG6,0.0,1.0,-1.0
single_only,ALG6,ALG5,ROT2,ALG3,0.0,1.0,-1.0
single_only,ALG6,ALG5,ALG5,ALG3,0.0,1.0,-1.0
single_only,ALG6,ALG5,ALG8,ALG3,0.0,1.0,-1.0
single_only,ALG6,ALG5,ALG6,ALG3,0.0,1.0,-1.0
single_only,ALG6,ALG5,MNS1,OST3,0.0,1.0,-1.0
single_only,ALG6,ALG5,DIE2,OST3,0.0,1.0,-1.0
single_only,ALG6,ALG5,ALG5,OST3,0.0,1.0,-1.0
single_only,ALG6,ALG5,ALG8,OST3,0.0,1.0,-1.0
single_only,ALG6,ALG5,ALG12,OST3,0.0,1.0,-1.0
single_only,ALG6,ALG5,ALG9,OST3,0.0,1.0,-1.0
single_only,ALG6,ALG5,ALG6,OST3,0.0,1.0,-1.0
single_only,ALG6,ALG5,MNN2,ANP1,0.0,1.0,-1.0
single_only,DIE2,ALG8,CWH41,MNS1,1.0,0.0,1.0
single_only,DIE2,ALG8,MNN2,MNS1,1.0,0.0,1.0
single_only,DIE2,ALG8,ROT2,MNS1,1.0,0.0,1.0
single_only,DIE2,ALG8,OST5,MNS1,1.0,0.0,1.0
single_only,DIE2,ALG8,DIE2,MNS1,1.0,0.0,1.0
single_only,DIE2,ALG8,ALG5,MNS1,1.0,0.0,1.0
single_only,DIE2,ALG8,ALG8,MNS1,1.0,0.0,1.0
single_only,DIE2,ALG8,ALG12,MNS1,1.0,0.0,1.0
single_only,DIE2,ALG8,ALG9,MNS1,1.0,0.0,1.0
single_only,DIE2,ALG8,ALG6,MNS1,1.0,0.0,1.0
single_only,DIE2,ALG8,ALG3,MNS1,1.0,0.0,1.0
single_only,DIE2,ALG8,OST3,MNS1,1.0,0.0,1.0
single_only,DIE2,ALG8,ANP1,MNS1,1.0,0.0,1.0
single_only,DIE2,ALG8,BTS1,HMG1,1.0,0.0,1.0
single_only,DIE2,ALG8,PCT1,PSD2,1.0,0.0,1.0
single_only,DIE2,ALG8,DOA4,STP22,1.0,0.0,1.0
single_only,DIE2,ALG8,GCS1,STP22,1.0,0.0,1.0
single_only,DIE2,ALG8,VPS28,STP22,1.0,0.0,1.0
single_only,DIE2,ALG8,GOS1,TLG2,1.0,0.0,1.0
single_only,DIE2,ALG8,SEC22,TLG2,1.0,0.0,1.0
single_only,DIE2,ALG8,STP22,DOA4,1.0,0.0,1.0
single_only,DIE2,ALG8,GCS1,DOA4,1.0,0.0,1.0
single_only,DIE2,ALG8,VPS28,DOA4,1.0,0.0,1.0
single_only,DIE2,ALG8,PSD2,PCT1,1.0,0.0,1.0
single_only,DIE2,ALG8,OST5,CWH41,1.0,0.0,1.0
single_only,DIE2,ALG8,DIE2,CWH41,1.0,0.0,1.0
single_only,DIE2,ALG8,ALG5,CWH41,1.0,0.0,1.0
single_only,DIE2,ALG8,ALG8,CWH41,1.0,0.0,1.0
single_only,DIE2,ALG8,ALG12,CWH41,1.0,0.0,1.0
single_only,DIE2,ALG8,ALG9,CWH41,1.0,0.0,1.0
single_only,DIE2,ALG8,ALG6,CWH41,1.0,0.0,1.0
single_only,DIE2,ALG8,ALG3,CWH41,1.0,0.0,1.0
single_only,DIE2,ALG8,OST3,CWH41,1.0,0.0,1.0
single_only,DIE2,ALG8,UBC7,UFD2,1.0,0.0,1.0
single_only,DIE2,ALG8,HRD1,UFD2,1.0,0.0,1.0
single_only,DIE2,ALG8,TLG2,GOS1,1.0,0.0,1.0
single_only,DIE2,ALG8,SEC22,GOS1,1.0,0.0,1.0
single_only,DIE2,ALG8,STP22,GCS1,1.0,0.0,1.0
single_only,DIE2,ALG8,DOA4,GCS1,1.0,0.0,1.0
single_only,DIE2,ALG8,VPS28,GCS1,1.0,0.0,1.0
single_only,DIE2,ALG8,CWH41,ROT2,1.0,0.0,1.0
single_only,DIE2,ALG8,OST5,ROT2,1.0,0.0,1.0
single_only,DIE2,ALG8,DIE2,ROT2,1.0,0.0,1.0
single_only,DIE2,ALG8,ALG5,ROT2,1.0,0.0,1.0
single_only,DIE2,ALG8,ALG8,ROT2,1.0,0.0,1.0
single_only,DIE2,ALG8,ALG12,ROT2,1.0,0.0,1.0
single_only,DIE2,ALG8,ALG9,ROT2,1.0,0.0,1.0
single_only,DIE2,ALG8,ALG6,ROT2,1.0,0.0,1.0
single_only,DIE2,ALG8,ALG3,ROT2,1.0,0.0,1.0
single_only,DIE2,ALG8,OST3,ROT2,1.0,0.0,1.0
single_only,DIE2,ALG8,DOA4,VPS28,1.0,0.0,1.0
single_only,DIE2,ALG8,GCS1,VPS28,1.0,0.0,1.0
single_only,DIE2,ALG8,CWH41,OST5,1.0,0.0,1.0
single_only,DIE2,ALG8,ROT2,OST5,1.0,0.0,1.0
single_only,DIE2,ALG8,ALG5,OST5,1.0,0.0,1.0
single_only,DIE2,ALG8,ALG8,OST5,1.0,0.0,1.0
single_only,DIE2,ALG8,ALG12,OST5,1.0,0.0,1.0
single_only,DIE2,ALG8,ALG6,OST5,1.0,0.0,1.0
single_only,DIE2,ALG8,ALG3,OST5,1.0,0.0,1.0
single_only,DIE2,ALG8,OST3,OST5,1.0,0.0,1.0
single_only,DIE2,ALG8,CWH41,DIE2,1.0,0.0,1.0
single_only,DIE2,ALG8,ROT2,DIE2,1.0,0.0,1.0
single_only,DIE2,ALG8,OST5,DIE2,1.0,0.0,1.0
single_only,DIE2,ALG8,ALG5,DIE2,1.0,0.0,1.0
single_only,DIE2,ALG8,ALG8,DIE2,1.0,0.0,1.0
single_only,DIE2,ALG8,ALG12,DIE2,1.0,0.0,1.0
single_only,DIE2,ALG8,ALG9,DIE2,1.0,0.0,1.0
single_only,DIE2,ALG8,ALG6,DIE2,1.0,0.0,1.0
single_only,DIE2,ALG8,ALG3,DIE2,1.0,0.0,1.0
single_only,DIE2,ALG8,OST3,DIE2,1.0,0.0,1.0
single_only,DIE2,ALG8,HRD1,UBC7,1.0,0.0,1.0
single_only,DIE2,ALG8,OST5,ALG5,1.0,0.0,1.0
single_only,DIE2,ALG8,ALG12,ALG5,1.0,0.0,1.0
single_only,DIE2,ALG8,ALG9,ALG5,1.0,0.0,1.0
single_only,DIE2,ALG8,ALG3,ALG5,1.0,0.0,1.0
single_only,DIE2,ALG8,OST3,ALG5,1.0,0.0,1.0
single_only,DIE2,ALG8,PMT2,PMT1,1.0,0.0,1.0
single_only,DIE2,ALG8,UBC7,HRD1,1.0,0.0,1.0
single_only,DIE2,ALG8,ALG5,ALG8,1.0,0.0,1.0
single_only,DIE2,ALG8,ALG12,ALG8,1.0,0.0,1.0
single_only,DIE2,ALG8,ALG9,ALG8,1.0,0.0,1.0
single_only,DIE2,ALG8,ALG6,ALG8,1.0,0.0,1.0
single_only,DIE2,ALG8,ALG3,ALG8,1.0,0.0,1.0
single_only,DIE2,ALG8,OST3,ALG8,1.0,0.0,1.0
single_only,DIE2,ALG8,ALG5,ALG12,1.0,0.0,1.0
single_only,DIE2,ALG8,ALG8,ALG12,1.0,0.0,1.0
single_only,DIE2,ALG8,ALG9,ALG12,1.0,0.0,1.0
single_only,DIE2,ALG8,ALG6,ALG12,1.0,0.0,1.0
single_only,DIE2,ALG8,ALG3,ALG12,1.0,0.0,1.0
single_only,DIE2,ALG8,OST3,ALG12,1.0,0.0,1.0
single_only,DIE2,ALG8,ALG5,ALG9,1.0,0.0,1.0
single_only,DIE2,ALG8,ALG3,ALG9,1.0,0.0,1.0
single_only,DIE2,ALG8,OST3,ALG9,1.0,0.0,1.0
single_only,DIE2,ALG8,ALG12,ALG6,1.0,0.0,1.0
single_only,DIE2,ALG8,ALG9,ALG6,1.0,0.0,1.0
single_only,DIE2,ALG8,ALG3,ALG6,1.0,0.0,1.0
single_only,DIE2,ALG8,OST3,ALG6,1.0,0.0,1.0
single_only,DIE2,ALG8,ALG5,ALG3,0.0,1.0,-1.0
single_only,DIE2,ALG8,ALG8,ALG3,1.0,0.0,1.0
single_only,DIE2,ALG8,OST3,ALG3,1.0,0.0,1.0
single_only,DIE2,ALG8,ALG6,OST3,1.0,0.0,1.0
single_only,DIE2,ALG8,ALG3,OST3,1.0,0.0,1.0
single_only,DIE2,ALG8,MNN2,ANP1,1.0,0.0,1.0
single_only,DIE2,ALG9,CWH41,MNS1,1.0,0.0,1.0
single_only,DIE2,ALG9,MNN2,MNS1,1.0,0.0,1.0
single_only,DIE2,ALG9,ROT2,MNS1,1.0,0.0,1.0
single_only,DIE2,ALG9,OST5,MNS1,1.0,0.0,1.0
single_only,DIE2,ALG9,DIE2,MNS1,1.0,0.0,1.0
single_only,DIE2,ALG9,ALG5,MNS1,1.0,0.0,1.0
single_only,DIE2,ALG9,ALG8,MNS1,1.0,0.0,1.0
single_only,DIE2,ALG9,ALG12,MNS1,1.0,0.0,1.0
single_only,DIE2,ALG9,ALG9,MNS1,1.0,0.0,1.0
single_only,DIE2,ALG9,ALG6,MNS1,1.0,0.0,1.0
single_only,DIE2,ALG9,ALG3,MNS1,1.0,0.0,1.0
single_only,DIE2,ALG9,OST3,MNS1,1.0,0.0,1.0
single_only,DIE2,ALG9,ANP1,MNS1,1.0,0.0,1.0
single_only,DIE2,ALG9,BTS1,HMG1,1.0,0.0,1.0
single_only,DIE2,ALG9,PCT1,PSD2,1.0,0.0,1.0
single_only,DIE2,ALG9,DOA4,STP22,1.0,0.0,1.0
single_only,DIE2,ALG9,GCS1,STP22,1.0,0.0,1.0
single_only,DIE2,ALG9,VPS28,STP22,1.0,0.0,1.0
single_only,DIE2,ALG9,GOS1,TLG2,1.0,0.0,1.0
single_only,DIE2,ALG9,SEC22,TLG2,1.0,0.0,1.0
single_only,DIE2,ALG9,STP22,DOA4,1.0,0.0,1.0
single_only,DIE2,ALG9,GCS1,DOA4,1.0,0.0,1.0
single_only,DIE2,ALG9,VPS28,DOA4,1.0,0.0,1.0
single_only,DIE2,ALG9,PSD2,PCT1,1.0,0.0,1.0
single_only,DIE2,ALG9,OST5,CWH41,1.0,0.0,1.0
single_only,DIE2,ALG9,DIE2,CWH41,1.0,0.0,1.0
single_only,DIE2,ALG9,ALG5,CWH41,1.0,0.0,1.0
single_only,DIE2,ALG9,ALG8,CWH41,1.0,0.0,1.0
single_only,DIE2,ALG9,ALG12,CWH41,1.0,0.0,1.0
single_only,DIE2,ALG9,ALG9,CWH41,1.0,0.0,1.0
single_only,DIE2,ALG9,ALG6,CWH41,1.0,0.0,1.0
single_only,DIE2,ALG9,ALG3,CWH41,1.0,0.0,1.0
single_only,DIE2,ALG9,OST3,CWH41,1.0,0.0,1.0
single_only,DIE2,ALG9,UBC7,UFD2,1.0,0.0,1.0
single_only,DIE2,ALG9,HRD1,UFD2,1.0,0.0,1.0
single_only,DIE2,ALG9,TLG2,GOS1,1.0,0.0,1.0
single_only,DIE2,ALG9,SEC22,GOS1,1.0,0.0,1.0
single_only,DIE2,ALG9,DOA4,GCS1,1.0,0.0,1.0
single_only,DIE2,ALG9,VPS28,GCS1,1.0,0.0,1.0
single_only,DIE2,ALG9,CWH41,ROT2,1.0,0.0,1.0
single_only,DIE2,ALG9,OST5,ROT2,1.0,0.0,1.0
single_only,DIE2,ALG9,DIE2,ROT2,1.0,0.0,1.0
single_only,DIE2,ALG9,ALG5,ROT2,1.0,0.0,1.0
single_only,DIE2,ALG9,ALG8,ROT2,1.0,0.0,1.0
single_only,DIE2,ALG9,ALG12,ROT2,1.0,0.0,1.0
single_only,DIE2,ALG9,ALG9,ROT2,1.0,0.0,1.0
single_only,DIE2,ALG9,ALG6,ROT2,1.0,0.0,1.0
single_only,DIE2,ALG9,ALG3,ROT2,1.0,0.0,1.0
single_only,DIE2,ALG9,OST3,ROT2,1.0,0.0,1.0
single_only,DIE2,ALG9,DOA4,VPS28,1.0,0.0,1.0
single_only,DIE2,ALG9,GCS1,VPS28,1.0,0.0,1.0
single_only,DIE2,ALG9,MNS1,OST5,1.0,0.0,1.0
single_only,DIE2,ALG9,CWH41,OST5,1.0,0.0,1.0
single_only,DIE2,ALG9,ROT2,OST5,1.0,0.0,1.0
single_only,DIE2,ALG9,ALG5,OST5,1.0,0.0,1.0
single_only,DIE2,ALG9,ALG8,OST5,1.0,0.0,1.0
single_only,DIE2,ALG9,ALG6,OST5,1.0,0.0,1.0
single_only,DIE2,ALG9,ALG3,OST5,1.0,0.0,1.0
single_only,DIE2,ALG9,OST3,OST5,1.0,0.0,1.0
single_only,DIE2,ALG9,MNS1,DIE2,0.0,1.0,-1.0
single_only,DIE2,ALG9,CWH41,DIE2,1.0,0.0,1.0
single_only,DIE2,ALG9,ROT2,DIE2,1.0,0.0,1.0
single_only,DIE2,ALG9,OST5,DIE2,1.0,0.0,1.0
single_only,DIE2,ALG9,ALG5,DIE2,1.0,0.0,1.0
single_only,DIE2,ALG9,ALG8,DIE2,1.0,0.0,1.0
single_only,DIE2,ALG9,ALG12,DIE2,1.0,0.0,1.0
single_only,DIE2,ALG9,ALG9,DIE2,1.0,0.0,1.0
single_only,DIE2,ALG9,ALG6,DIE2,1.0,0.0,1.0
single_only,DIE2,ALG9,ALG3,DIE2,1.0,0.0,1.0
single_only,DIE2,ALG9,OST3,DIE2,1.0,0.0,1.0
single_only,DIE2,ALG9,HRD1,UBC7,1.0,0.0,1.0
single_only,DIE2,ALG9,OST5,ALG5,1.0,0.0,1.0
single_only,DIE2,ALG9,ALG9,ALG5,1.0,0.0,1.0
single_only,DIE2,ALG9,ALG3,ALG5,1.0,0.0,1.0
single_only,DIE2,ALG9,OST3,ALG5,1.0,0.0,1.0
single_only,DIE2,ALG9,PMT2,PMT1,1.0,0.0,1.0
single_only,DIE2,ALG9,UBC7,HRD1,1.0,0.0,1.0
single_only,DIE2,ALG9,ALG5,ALG8,1.0,0.0,1.0
single_only,DIE2,ALG9,ALG12,ALG8,1.0,0.0,1.0
single_only,DIE2,ALG9,ALG9,ALG8,1.0,0.0,1.0
single_only,DIE2,ALG9,ALG6,ALG8,1.0,0.0,1.0
single_only,DIE2,ALG9,ALG3,ALG8,1.0,0.0,1.0
single_only,DIE2,ALG9,OST3,ALG8,1.0,0.0,1.0
single_only,DIE2,ALG9,DIE2,ALG12,1.0,0.0,1.0
single_only,DIE2,ALG9,ALG5,ALG12,1.0,0.0,1.0
single_only,DIE2,ALG9,ALG8,ALG12,1.0,0.0,1.0
single_only,DIE2,ALG9,ALG6,ALG12,1.0,0.0,1.0
single_only,DIE2,ALG9,ALG3,ALG12,1.0,0.0,1.0
single_only,DIE2,ALG9,OST3,ALG12,1.0,0.0,1.0
single_only,DIE2,ALG9,ALG5,ALG9,1.0,0.0,1.0
single_only,DIE2,ALG9,ALG3,ALG9,1.0,0.0,1.0
single_only,DIE2,ALG9,OST3,ALG9,1.0,0.0,1.0
single_only,DIE2,ALG9,ALG5,ALG6,1.0,0.0,1.0
single_only,DIE2,ALG9,ALG12,ALG6,1.0,0.0,1.0
single_only,DIE2,ALG9,ALG9,ALG6,1.0,0.0,1.0
single_only,DIE2,ALG9,ALG3,ALG6,1.0,0.0,1.0
single_only,DIE2,ALG9,OST3,ALG6,1.0,0.0,1.0
single_only,DIE2,ALG9,ALG5,ALG3,0.0,1.0,-1.0
single_only,DIE2,ALG9,OST3,ALG3,1.0,0.0,1.0
single_only,DIE2,ALG9,ALG6,OST3,1.0,0.0,1.0
single_only,DIE2,ALG9,ALG3,OST3,1.0,0.0,1.0
single_only,DIE2,ALG9,MNN2,ANP1,1.0,0.0,1.0
single_only,ALG8,ALG9,CWH41,MNS1,1.0,0.0,1.0
single_only,ALG8,ALG9,MNN2,MNS1,1.0,0.0,1.0
single_only,ALG8,ALG9,ROT2,MNS1,1.0,0.0,1.0
single_only,ALG8,ALG9,OST5,MNS1,1.0,0.0,1.0
single_only,ALG8,ALG9,DIE2,MNS1,1.0,0.0,1.0
single_only,ALG8,ALG9,ALG5,MNS1,1.0,0.0,1.0
single_only,ALG8,ALG9,ALG8,MNS1,1.0,0.0,1.0
single_only,ALG8,ALG9,ALG12,MNS1,1.0,0.0,1.0
single_only,ALG8,ALG9,ALG9,MNS1,1.0,0.0,1.0
single_only,ALG8,ALG9,ALG6,MNS1,1.0,0.0,1.0
single_only,ALG8,ALG9,ALG3,MNS1,1.0,0.0,1.0
single_only,ALG8,ALG9,OST3,MNS1,1.0,0.0,1.0
single_only,ALG8,ALG9,BTS1,HMG1,1.0,0.0,1.0
single_only,ALG8,ALG9,PCT1,PSD2,1.0,0.0,1.0
single_only,ALG8,ALG9,DOA4,STP22,1.0,0.0,1.0
single_only,ALG8,ALG9,GCS1,STP22,1.0,0.0,1.0
single_only,ALG8,ALG9,VPS28,STP22,1.0,0.0,1.0
single_only,ALG8,ALG9,GOS1,TLG2,1.0,0.0,1.0
single_only,ALG8,ALG9,SEC22,TLG2,1.0,0.0,1.0
single_only,ALG8,ALG9,GCS1,DOA4,1.0,0.0,1.0
single_only,ALG8,ALG9,VPS28,DOA4,1.0,0.0,1.0
single_only,ALG8,ALG9,OST5,CWH41,1.0,0.0,1.0
single_only,ALG8,ALG9,DIE2,CWH41,1.0,0.0,1.0
single_only,ALG8,ALG9,ALG5,CWH41,1.0,0.0,1.0
single_only,ALG8,ALG9,ALG8,CWH41,1.0,0.0,1.0
single_only,ALG8,ALG9,ALG12,CWH41,1.0,0.0,1.0
single_only,ALG8,ALG9,ALG9,CWH41,1.0,0.0,1.0
single_only,ALG8,ALG9,ALG6,CWH41,1.0,0.0,1.0
single_only,ALG8,ALG9,ALG3,CWH41,1.0,0.0,1.0
single_only,ALG8,ALG9,OST3,CWH41,1.0,0.0,1.0
single_only,ALG8,ALG9,UBC7,UFD2,1.0,0.0,1.0
single_only,ALG8,ALG9,HRD1,UFD2,1.0,0.0,1.0
single_only,ALG8,ALG9,SEC22,GOS1,1.0,0.0,1.0
single_only,ALG8,ALG9,STP22,GCS1,0.0,1.0,-1.0
single_only,ALG8,ALG9,OST5,ROT2,1.0,0.0,1.0
single_only,ALG8,ALG9,DIE2,ROT2,1.0,0.0,1.0
single_only,ALG8,ALG9,ALG5,ROT2,1.0,0.0,1.0
single_only,ALG8,ALG9,ALG8,ROT2,1.0,0.0,1.0
single_only,ALG8,ALG9,ALG12,ROT2,1.0,0.0,1.0
single_only,ALG8,ALG9,ALG9,ROT2,1.0,0.0,1.0
single_only,ALG8,ALG9,ALG6,ROT2,1.0,0.0,1.0
single_only,ALG8,ALG9,ALG3,ROT2,1.0,0.0,1.0
single_only,ALG8,ALG9,OST3,ROT2,1.0,0.0,1.0
single_only,ALG8,ALG9,GCS1,VPS28,1.0,0.0,1.0
single_only,ALG8,ALG9,CWH41,OST5,0.0,1.0,-1.0
single_only,ALG8,ALG9,ALG5,OST5,1.0,0.0,1.0
single_only,ALG8,ALG9,ALG8,OST5,1.0,0.0,1.0
single_only,ALG8,ALG9,ALG6,OST5,1.0,0.0,1.0
single_only,ALG8,ALG9,ALG3,OST5,1.0,0.0,1.0
single_only,ALG8,ALG9,OST3,OST5,1.0,0.0,1.0
single_only,ALG8,ALG9,MNS1,DIE2,0.0,1.0,-1.0
single_only,ALG8,ALG9,ALG5,DIE2,1.0,0.0,1.0
single_only,ALG8,ALG9,ALG8,DIE2,1.0,0.0,1.0
single_only,ALG8,ALG9,ALG12,DIE2,1.0,0.0,1.0
single_only,ALG8,ALG9,ALG9,DIE2,1.0,0.0,1.0
single_only,ALG8,ALG9,ALG6,DIE2,1.0,0.0,1.0
single_only,ALG8,ALG9,ALG3,DIE2,1.0,0.0,1.0
single_only,ALG8,ALG9,OST3,DIE2,1.0,0.0,1.0
single_only,ALG8,ALG9,HRD1,UBC7,1.0,0.0,1.0
single_only,ALG8,ALG9,ALG9,ALG5,1.0,0.0,1.0
single_only,ALG8,ALG9,ALG3,ALG5,1.0,0.0,1.0
single_only,ALG8,ALG9,OST3,ALG5,1.0,0.0,1.0
single_only,ALG8,ALG9,PMT2,PMT1,1.0,0.0,1.0
single_only,ALG8,ALG9,ALG9,ALG8,1.0,0.0,1.0
single_only,ALG8,ALG9,ALG6,ALG8,1.0,0.0,1.0
single_only,ALG8,ALG9,ALG3,ALG8,1.0,0.0,1.0
single_only,ALG8,ALG9,OST3,ALG8,1.0,0.0,1.0
single_only,ALG8,ALG9,ROT2,ALG12,0.0,1.0,-1.0
single_only,ALG8,ALG9,OST5,ALG12,0.0,1.0,-1.0
single_only,ALG8,ALG9,ALG5,ALG12,0.0,1.0,-1.0
single_only,ALG8,ALG9,ALG8,ALG12,1.0,0.0,1.0
single_only,ALG8,ALG9,ALG3,ALG12,1.0,0.0,1.0
single_only,ALG8,ALG9,OST3,ALG12,1.0,0.0,1.0
single_only,ALG8,ALG9,ALG3,ALG9,1.0,0.0,1.0
single_only,ALG8,ALG9,OST3,ALG9,1.0,0.0,1.0
single_only,ALG8,ALG9,MNS1,ALG6,0.0,1.0,-1.0
single_only,ALG8,ALG9,ALG3,ALG6,1.0,0.0,1.0
single_only,ALG8,ALG9,OST3,ALG6,1.0,0.0,1.0
single_only,ALG8,ALG9,ALG5,ALG3,0.0,1.0,-1.0
single_only,ALG8,ALG9,ALG8,ALG3,0.0,1.0,-1.0
single_only,ALG8,ALG9,ALG6,ALG3,0.0,1.0,-1.0
single_only,ALG8,ALG9,OST3,ALG3,1.0,0.0,1.0
single_only,ALG8,ALG9,ALG5,OST3,0.0,1.0,-1.0
single_only,ALG8,ALG9,ALG9,OST3,0.0,1.0,-1.0
single_only,ALG12,ALG9,CWH41,MNS1,1.0,0.0,1.0
single_only,ALG12,ALG9,MNN2,MNS1,1.0,0.0,1.0
single_only,ALG12,ALG9,ROT2,MNS1,1.0,0.0,1.0
single_only,ALG12,ALG9,OST5,MNS1,1.0,0.0,1.0
single_only,ALG12,ALG9,DIE2,MNS1,1.0,0.0,1.0
single_only,ALG12,ALG9,ALG5,MNS1,1.0,0.0,1.0
single_only,ALG12,ALG9,ALG8,MNS1,1.0,0.0,1.0
single_only,ALG12,ALG9,ALG12,MNS1,1.0,0.0,1.0
single_only,ALG12,ALG9,ALG9,MNS1,1.0,0.0,1.0
single_only,ALG12,ALG9,ALG6,MNS1,1.0,0.0,1.0
single_only,ALG12,ALG9,ALG3,MNS1,1.0,0.0,1.0
single_only,ALG12,ALG9,OST3,MNS1,1.0,0.0,1.0
single_only,ALG12,ALG9,BTS1,HMG1,1.0,0.0,1.0
single_only,ALG12,ALG9,PCT1,PSD2,1.0,0.0,1.0
single_only,ALG12,ALG9,DOA4,STP22,1.0,0.0,1.0
single_only,ALG12,ALG9,GCS1,STP22,1.0,0.0,1.0
single_only,ALG12,ALG9,VPS28,STP22,1.0,0.0,1.0
single_only,ALG12,ALG9,GOS1,TLG2,1.0,0.0,1.0
single_only,ALG12,ALG9,SEC22,TLG2,1.0,0.0,1.0
single_only,ALG12,ALG9,GCS1,DOA4,1.0,0.0,1.0
single_only,ALG12,ALG9,VPS28,DOA4,1.0,0.0,1.0
single_only,ALG12,ALG9,OST5,CWH41,1.0,0.0,1.0
single_only,ALG12,ALG9,DIE2,CWH41,1.0,0.0,1.0
single_only,ALG12,ALG9,ALG5,CWH41,1.0,0.0,1.0
single_only,ALG12,ALG9,ALG8,CWH41,1.0,0.0,1.0
single_only,ALG12,ALG9,ALG12,CWH41,1.0,0.0,1.0
single_only,ALG12,ALG9,ALG9,CWH41,1.0,0.0,1.0
single_only,ALG12,ALG9,ALG6,CWH41,1.0,0.0,1.0
single_only,ALG12,ALG9,ALG3,CWH41,1.0,0.0,1.0
single_only,ALG12,ALG9,OST3,CWH41,1.0,0.0,1.0
single_only,ALG12,ALG9,UBC7,UFD2,1.0,0.0,1.0
single_only,ALG12,ALG9,HRD1,UFD2,1.0,0.0,1.0
single_only,ALG12,ALG9,SEC22,GOS1,1.0,0.0,1.0
single_only,ALG12,ALG9,VPS28,GCS1,1.0,0.0,1.0
single_only,ALG12,ALG9,OST5,ROT2,1.0,0.0,1.0
single_only,ALG12,ALG9,DIE2,ROT2,1.0,0.0,1.0
single_only,ALG12,ALG9,ALG5,ROT2,1.0,0.0,1.0
single_only,ALG12,ALG9,ALG8,ROT2,1.0,0.0,1.0
single_only,ALG12,ALG9,ALG12,ROT2,1.0,0.0,1.0
single_only,ALG12,ALG9,ALG9,ROT2,1.0,0.0,1.0
single_only,ALG12,ALG9,ALG6,ROT2,1.0,0.0,1.0
single_only,ALG12,ALG9,ALG3,ROT2,1.0,0.0,1.0
single_only,ALG12,ALG9,OST3,ROT2,1.0,0.0,1.0
single_only,ALG12,ALG9,ALG5,OST5,1.0,0.0,1.0
single_only,ALG12,ALG9,ALG8,OST5,1.0,0.0,1.0
single_only,ALG12,ALG9,ALG12,OST5,1.0,0.0,1.0
single_only,ALG12,ALG9,ALG6,OST5,1.0,0.0,1.0
single_only,ALG12,ALG9,ALG3,OST5,1.0,0.0,1.0
single_only,ALG12,ALG9,OST3,OST5,1.0,0.0,1.0
single_only,ALG12,ALG9,ALG5,DIE2,1.0,0.0,1.0
single_only,ALG12,ALG9,ALG8,DIE2,1.0,0.0,1.0
single_only,ALG12,ALG9,ALG12,DIE2,1.0,0.0,1.0
single_only,ALG12,ALG9,ALG9,DIE2,1.0,0.0,1.0
single_only,ALG12,ALG9,ALG6,DIE2,1.0,0.0,1.0
single_only,ALG12,ALG9,ALG3,DIE2,1.0,0.0,1.0
single_only,ALG12,ALG9,OST3,DIE2,1.0,0.0,1.0
single_only,ALG12,ALG9,HRD1,UBC7,1.0,0.0,1.0
single_only,ALG12,ALG9,ALG12,ALG5,1.0,0.0,1.0
single_only,ALG12,ALG9,ALG9,ALG5,1.0,0.0,1.0
single_only,ALG12,ALG9,ALG3,ALG5,1.0,0.0,1.0
single_only,ALG12,ALG9,OST3,ALG5,1.0,0.0,1.0
single_only,ALG12,ALG9,PMT2,PMT1,1.0,0.0,1.0
single_only,ALG12,ALG9,ALG12,ALG8,1.0,0.0,1.0
single_only,ALG12,ALG9,ALG9,ALG8,1.0,0.0,1.0
single_only,ALG12,ALG9,ALG6,ALG8,1.0,0.0,1.0
single_only,ALG12,ALG9,ALG3,ALG8,1.0,0.0,1.0
single_only,ALG12,ALG9,OST3,ALG8,1.0,0.0,1.0
single_only,ALG12,ALG9,ALG9,ALG12,1.0,0.0,1.0
single_only,ALG12,ALG9,ALG6,ALG12,1.0,0.0,1.0
single_only,ALG12,ALG9,ALG3,ALG12,1.0,0.0,1.0
single_only,ALG12,ALG9,OST3,ALG12,1.0,0.0,1.0
single_only,ALG12,ALG9,ALG3,ALG9,1.0,0.0,1.0
single_only,ALG12,ALG9,OST3,ALG9,1.0,0.0,1.0
single_only,ALG12,ALG9,ALG3,ALG6,1.0,0.0,1.0
single_only,ALG12,ALG9,OST3,ALG6,1.0,0.0,1.0
single_only,ALG12,ALG9,ALG5,ALG3,0.0,1.0,-1.0
single_only,ALG12,ALG9,ALG6,ALG3,0.0,1.0,-1.0
single_only,ALG12,ALG9,OST3,ALG3,1.0,0.0,1.0
single_only,ALG12,ALG9,MNN2,ANP1,1.0,0.0,1.0
single_only,ALG6,ALG9,CWH41,MNS1,1.0,0.0,1.0
single_only,ALG6,ALG9,MNN2,MNS1,1.0,0.0,1.0
single_only,ALG6,ALG9,ROT2,MNS1,1.0,0.0,1.0
single_only,ALG6,ALG9,OST5,MNS1,1.0,0.0,1.0
single_only,ALG6,ALG9,DIE2,MNS1,1.0,0.0,1.0
single_only,ALG6,ALG9,ALG5,MNS1,1.0,0.0,1.0
single_only,ALG6,ALG9,ALG8,MNS1,1.0,0.0,1.0
single_only,ALG6,ALG9,ALG12,MNS1,1.0,0.0,1.0
single_only,ALG6,ALG9,ALG9,MNS1,1.0,0.0,1.0
single_only,ALG6,ALG9,ALG6,MNS1,1.0,0.0,1.0
single_only,ALG6,ALG9,ALG3,MNS1,1.0,0.0,1.0
single_only,ALG6,ALG9,OST3,MNS1,1.0,0.0,1.0
single_only,ALG6,ALG9,BTS1,HMG1,1.0,0.0,1.0
single_only,ALG6,ALG9,SEC22,TLG2,1.0,0.0,1.0
single_only,ALG6,ALG9,DIE2,CWH41,1.0,0.0,1.0
single_only,ALG6,ALG9,ALG5,CWH41,1.0,0.0,1.0
single_only,ALG6,ALG9,ALG8,CWH41,1.0,0.0,1.0
single_only,ALG6,ALG9,ALG12,CWH41,1.0,0.0,1.0
single_only,ALG6,ALG9,ALG9,CWH41,1.0,0.0,1.0
single_only,ALG6,ALG9,ALG6,CWH41,1.0,0.0,1.0
single_only,ALG6,ALG9,ALG3,CWH41,1.0,0.0,1.0
single_only,ALG6,ALG9,OST3,CWH41,1.0,0.0,1.0
single_only,ALG6,ALG9,UBC7,UFD2,1.0,0.0,1.0
single_only,ALG6,ALG9,HRD1,UFD2,1.0,0.0,1.0
single_only,ALG6,ALG9,SEC22,GOS1,1.0,0.0,1.0
single_only,ALG6,ALG9,STP22,GCS1,0.0,1.0,-1.0
single_only,ALG6,ALG9,DOA4,GCS1,0.0,1.0,-1.0
single_only,ALG6,ALG9,VPS28,GCS1,0.0,1.0,-1.0
single_only,ALG6,ALG9,CWH41,ROT2,0.0,1.0,-1.0
single_only,ALG6,ALG9,OST5,ROT2,0.0,1.0,-1.0
single_only,ALG6,ALG9,DIE2,ROT2,1.0,0.0,1.0
single_only,ALG6,ALG9,ALG5,ROT2,1.0,0.0,1.0
single_only,ALG6,ALG9,ALG8,ROT2,1.0,0.0,1.0
single_only,ALG6,ALG9,ALG12,ROT2,1.0,0.0,1.0
single_only,ALG6,ALG9,ALG9,ROT2,1.0,0.0,1.0
single_only,ALG6,ALG9,ALG6,ROT2,1.0,0.0,1.0
single_only,ALG6,ALG9,ALG3,ROT2,1.0,0.0,1.0
single_only,ALG6,ALG9,OST3,ROT2,1.0,0.0,1.0
single_only,ALG6,ALG9,DOA4,VPS28,0.0,1.0,-1.0
single_only,ALG6,ALG9,MNS1,OST5,0.0,1.0,-1.0
single_only,ALG6,ALG9,CWH41,OST5,0.0,1.0,-1.0
single_only,ALG6,ALG9,DIE2,OST5,0.0,1.0,-1.0
single_only,ALG6,ALG9,ALG5,OST5,1.0,0.0,1.0
single_only,ALG6,ALG9,ALG8,OST5,1.0,0.0,1.0
single_only,ALG6,ALG9,ALG6,OST5,1.0,0.0,1.0
single_only,ALG6,ALG9,ALG3,OST5,1.0,0.0,1.0
single_only,ALG6,ALG9,OST3,OST5,1.0,0.0,1.0
single_only,ALG6,ALG9,MNS1,DIE2,0.0,1.0,-1.0
single_only,ALG6,ALG9,ALG5,DIE2,1.0,0.0,1.0
single_only,ALG6,ALG9,ALG8,DIE2,1.0,0.0,1.0
single_only,ALG6,ALG9,ALG12,DIE2,1.0,0.0,1.0
single_only,ALG6,ALG9,ALG9,DIE2,1.0,0.0,1.0
single_only,ALG6,ALG9,ALG6,DIE2,1.0,0.0,1.0
single_only,ALG6,ALG9,ALG3,DIE2,1.0,0.0,1.0
single_only,ALG6,ALG9,OST3,DIE2,1.0,0.0,1.0
single_only,ALG6,ALG9,MNS1,ALG5,0.0,1.0,-1.0
single_only,ALG6,ALG9,ROT2,ALG5,0.0,1.0,-1.0
single_only,ALG6,ALG9,ALG9,ALG5,1.0,0.0,1.0
single_only,ALG6,ALG9,ALG3,ALG5,1.0,0.0,1.0
single_only,ALG6,ALG9,OST3,ALG5,1.0,0.0,1.0
single_only,ALG6,ALG9,PMT2,PMT1,1.0,0.0,1.0
single_only,ALG6,ALG9,ALG12,ALG8,0.0,1.0,-1.0
single_only,ALG6,ALG9,ALG6,ALG8,1.0,0.0,1.0
single_only,ALG6,ALG9,ALG3,ALG8,1.0,0.0,1.0
single_only,ALG6,ALG9,OST3,ALG8,1.0,0.0,1.0
single_only,ALG6,ALG9,ROT2,ALG12,0.0,1.0,-1.0
single_only,ALG6,ALG9,OST5,ALG12,0.0,1.0,-1.0
single_only,ALG6,ALG9,DIE2,ALG12,0.0,1.0,-1.0
single_only,ALG6,ALG9,ALG5,ALG12,0.0,1.0,-1.0
single_only,ALG6,ALG9,ALG8,ALG12,0.0,1.0,-1.0
single_only,ALG6,ALG9,ALG9,ALG12,0.0,1.0,-1.0
single_only,ALG6,ALG9,ALG3,ALG12,1.0,0.0,1.0
single_only,ALG6,ALG9,OST3,ALG12,1.0,0.0,1.0
single_only,ALG6,ALG9,ALG5,ALG9,0.0,1.0,-1.0
single_only,ALG6,ALG9,ALG3,ALG9,1.0,0.0,1.0
single_only,ALG6,ALG9,OST3,ALG9,1.0,0.0,1.0
single_only,ALG6,ALG9,MNS1,ALG6,0.0,1.0,-1.0
single_only,ALG6,ALG9,OST3,ALG6,1.0,0.0,1.0
single_only,ALG6,ALG9,ROT2,ALG3,0.0,1.0,-1.0
single_only,ALG6,ALG9,ALG5,ALG3,0.0,1.0,-1.0
single_only,ALG6,ALG9,ALG8,ALG3,0.0,1.0,-1.0
single_only,ALG6,ALG9,ALG6,ALG3,0.0,1.0,-1.0
single_only,ALG6,ALG9,MNS1,OST3,0.0,1.0,-1.0
single_only,ALG6,ALG9,ALG5,OST3,0.0,1.0,-1.0
single_only,ALG6,ALG9,ALG12,OST3,0.0,1.0,-1.0
single_only,ALG6,ALG9,ALG9,OST3,0.0,1.0,-1.0
single_only,DIE2,ALG6,CWH41,MNS1,1.0,0.0,1.0
single_only,DIE2,ALG6,MNN2,MNS1,1.0,0.0,1.0
single_only,DIE2,ALG6,ROT2,MNS1,1.0,0.0,1.0
single_only,DIE2,ALG6,OST5,MNS1,1.0,0.0,1.0
single_only,DIE2,ALG6,DIE2,MNS1,1.0,0.0,1.0
single_only,DIE2,ALG6,ALG5,MNS1,1.0,0.0,1.0
single_only,DIE2,ALG6,ALG8,MNS1,1.0,0.0,1.0
single_only,DIE2,ALG6,ALG12,MNS1,1.0,0.0,1.0
single_only,DIE2,ALG6,ALG9,MNS1,1.0,0.0,1.0
single_only,DIE2,ALG6,ALG6,MNS1,1.0,0.0,1.0
single_only,DIE2,ALG6,ALG3,MNS1,1.0,0.0,1.0
single_only,DIE2,ALG6,OST3,MNS1,1.0,0.0,1.0
single_only,DIE2,ALG6,ANP1,MNS1,1.0,0.0,1.0
single_only,DIE2,ALG6,BTS1,HMG1,1.0,0.0,1.0
single_only,DIE2,ALG6,PCT1,PSD2,1.0,0.0,1.0
single_only,DIE2,ALG6,DOA4,STP22,1.0,0.0,1.0
single_only,DIE2,ALG6,GCS1,STP22,1.0,0.0,1.0
single_only,DIE2,ALG6,VPS28,STP22,1.0,0.0,1.0
single_only,DIE2,ALG6,GOS1,TLG2,1.0,0.0,1.0
single_only,DIE2,ALG6,SEC22,TLG2,1.0,0.0,1.0
single_only,DIE2,ALG6,STP22,DOA4,1.0,0.0,1.0
single_only,DIE2,ALG6,GCS1,DOA4,1.0,0.0,1.0
single_only,DIE2,ALG6,VPS28,DOA4,1.0,0.0,1.0
single_only,DIE2,ALG6,PSD2,PCT1,1.0,0.0,1.0
single_only,DIE2,ALG6,OST5,CWH41,1.0,0.0,1.0
single_only,DIE2,ALG6,DIE2,CWH41,1.0,0.0,1.0
single_only,DIE2,ALG6,ALG5,CWH41,1.0,0.0,1.0
single_only,DIE2,ALG6,ALG8,CWH41,1.0,0.0,1.0
single_only,DIE2,ALG6,ALG12,CWH41,1.0,0.0,1.0
single_only,DIE2,ALG6,ALG9,CWH41,1.0,0.0,1.0
single_only,DIE2,ALG6,ALG6,CWH41,1.0,0.0,1.0
single_only,DIE2,ALG6,ALG3,CWH41,1.0,0.0,1.0
single_only,DIE2,ALG6,OST3,CWH41,1.0,0.0,1.0
single_only,DIE2,ALG6,UBC7,UFD2,1.0,0.0,1.0
single_only,DIE2,ALG6,HRD1,UFD2,1.0,0.0,1.0
single_only,DIE2,ALG6,TLG2,GOS1,1.0,0.0,1.0
single_only,DIE2,ALG6,SEC22,GOS1,1.0,0.0,1.0
single_only,DIE2,ALG6,DOA4,GCS1,1.0,0.0,1.0
single_only,DIE2,ALG6,DIE2,ROT2,1.0,0.0,1.0
single_only,DIE2,ALG6,ALG5,ROT2,1.0,0.0,1.0
single_only,DIE2,ALG6,ALG8,ROT2,1.0,0.0,1.0
single_only,DIE2,ALG6,ALG12,ROT2,1.0,0.0,1.0
single_only,DIE2,ALG6,ALG9,ROT2,1.0,0.0,1.0
single_only,DIE2,ALG6,ALG6,ROT2,1.0,0.0,1.0
single_only,DIE2,ALG6,ALG3,ROT2,1.0,0.0,1.0
single_only,DIE2,ALG6,OST3,ROT2,1.0,0.0,1.0
single_only,DIE2,ALG6,DOA4,VPS28,1.0,0.0,1.0
single_only,DIE2,ALG6,GCS1,VPS28,1.0,0.0,1.0
single_only,DIE2,ALG6,MNS1,OST5,1.0,0.0,1.0
single_only,DIE2,ALG6,ROT2,OST5,1.0,0.0,1.0
single_only,DIE2,ALG6,ALG5,OST5,1.0,0.0,1.0
single_only,DIE2,ALG6,ALG8,OST5,1.0,0.0,1.0
single_only,DIE2,ALG6,ALG6,OST5,1.0,0.0,1.0
single_only,DIE2,ALG6,ALG3,OST5,1.0,0.0,1.0
single_only,DIE2,ALG6,OST3,OST5,1.0,0.0,1.0
single_only,DIE2,ALG6,CWH41,DIE2,1.0,0.0,1.0
single_only,DIE2,ALG6,ROT2,DIE2,1.0,0.0,1.0
single_only,DIE2,ALG6,OST5,DIE2,1.0,0.0,1.0
single_only,DIE2,ALG6,ALG5,DIE2,1.0,0.0,1.0
single_only,DIE2,ALG6,ALG8,DIE2,1.0,0.0,1.0
single_only,DIE2,ALG6,ALG12,DIE2,1.0,0.0,1.0
single_only,DIE2,ALG6,ALG9,DIE2,1.0,0.0,1.0
single_only,DIE2,ALG6,ALG6,DIE2,1.0,0.0,1.0
single_only,DIE2,ALG6,ALG3,DIE2,1.0,0.0,1.0
single_only,DIE2,ALG6,OST3,DIE2,1.0,0.0,1.0
single_only,DIE2,ALG6,UFD2,UBC7,1.0,0.0,1.0
single_only,DIE2,ALG6,HRD1,UBC7,1.0,0.0,1.0
single_only,DIE2,ALG6,CWH41,ALG5,1.0,0.0,1.0
single_only,DIE2,ALG6,ROT2,ALG5,1.0,0.0,1.0
single_only,DIE2,ALG6,OST5,ALG5,1.0,0.0,1.0
single_only,DIE2,ALG6,ALG9,ALG5,1.0,0.0,1.0
single_only,DIE2,ALG6,ALG3,ALG5,1.0,0.0,1.0
single_only,DIE2,ALG6,OST3,ALG5,1.0,0.0,1.0
single_only,DIE2,ALG6,PMT2,PMT1,1.0,0.0,1.0
single_only,DIE2,ALG6,GOS1,SEC22,1.0,0.0,1.0
single_only,DIE2,ALG6,UBC7,HRD1,1.0,0.0,1.0
single_only,DIE2,ALG6,OST5,ALG8,1.0,0.0,1.0
single_only,DIE2,ALG6,ALG5,ALG8,1.0,0.0,1.0
single_only,DIE2,ALG6,ALG9,ALG8,1.0,0.0,1.0
single_only,DIE2,ALG6,ALG6,ALG8,1.0,0.0,1.0
single_only,DIE2,ALG6,ALG3,ALG8,1.0,0.0,1.0
single_only,DIE2,ALG6,OST3,ALG8,1.0,0.0,1.0
single_only,DIE2,ALG6,ROT2,ALG12,0.0,1.0,-1.0
single_only,DIE2,ALG6,DIE2,ALG12,1.0,0.0,1.0
single_only,DIE2,ALG6,ALG8,ALG12,1.0,0.0,1.0
single_only,DIE2,ALG6,ALG3,ALG12,1.0,0.0,1.0
single_only,DIE2,ALG6,OST3,ALG12,1.0,0.0,1.0
single_only,DIE2,ALG6,OST5,ALG9,1.0,0.0,1.0
single_only,DIE2,ALG6,ALG5,ALG9,1.0,0.0,1.0
single_only,DIE2,ALG6,ALG3,ALG9,1.0,0.0,1.0
single_only,DIE2,ALG6,OST3,ALG9,1.0,0.0,1.0
single_only,DIE2,ALG6,MNS1,ALG6,0.0,1.0,-1.0
single_only,DIE2,ALG6,ALG5,ALG6,1.0,0.0,1.0
single_only,DIE2,ALG6,ALG12,ALG6,1.0,0.0,1.0
single_only,DIE2,ALG6,ALG9,ALG6,1.0,0.0,1.0
single_only,DIE2,ALG6,ALG3,ALG6,1.0,0.0,1.0
single_only,DIE2,ALG6,OST3,ALG6,1.0,0.0,1.0
single_only,DIE2,ALG6,OST3,ALG3,1.0,0.0,1.0
single_only,DIE2,ALG6,PMT1,PMT2,1.0,0.0,1.0
single_only,DIE2,ALG6,MNS1,OST3,0.0,1.0,-1.0
single_only,DIE2,ALG6,ALG5,OST3,0.0,1.0,-1.0
single_only,DIE2,ALG6,ALG8,OST3,1.0,0.0,1.0
single_only,DIE2,ALG6,ALG6,OST3,1.0,0.0,1.0
single_only,DIE2,ALG6,ALG3,OST3,1.0,0.0,1.0
single_only,ALG8,ALG6,CWH41,MNS1,1.0,0.0,1.0
single_only,ALG8,ALG6,MNN2,MNS1,1.0,0.0,1.0
single_only,ALG8,ALG6,ROT2,MNS1,1.0,0.0,1.0
single_only,ALG8,ALG6,OST5,MNS1,1.0,0.0,1.0
single_only,ALG8,ALG6,DIE2,MNS1,1.0,0.0,1.0
single_only,ALG8,ALG6,ALG5,MNS1,1.0,0.0,1.0
single_only,ALG8,ALG6,ALG8,MNS1,1.0,0.0,1.0
single_only,ALG8,ALG6,ALG12,MNS1,1.0,0.0,1.0
single_only,ALG8,ALG6,ALG9,MNS1,1.0,0.0,1.0
single_only,ALG8,ALG6,ALG6,MNS1,1.0,0.0,1.0
single_only,ALG8,ALG6,ALG3,MNS1,1.0,0.0,1.0
single_only,ALG8,ALG6,OST3,MNS1,1.0,0.0,1.0
single_only,ALG8,ALG6,ANP1,MNS1,1.0,0.0,1.0
single_only,ALG8,ALG6,BTS1,HMG1,1.0,0.0,1.0
single_only,ALG8,ALG6,PCT1,PSD2,1.0,0.0,1.0
single_only,ALG8,ALG6,DOA4,STP22,1.0,0.0,1.0
single_only,ALG8,ALG6,GCS1,STP22,1.0,0.0,1.0
single_only,ALG8,ALG6,VPS28,STP22,1.0,0.0,1.0
single_only,ALG8,ALG6,GOS1,TLG2,1.0,0.0,1.0
single_only,ALG8,ALG6,SEC22,TLG2,1.0,0.0,1.0
single_only,ALG8,ALG6,STP22,DOA4,1.0,0.0,1.0
single_only,ALG8,ALG6,GCS1,DOA4,1.0,0.0,1.0
single_only,ALG8,ALG6,VPS28,DOA4,1.0,0.0,1.0
single_only,ALG8,ALG6,PSD2,PCT1,1.0,0.0,1.0
single_only,ALG8,ALG6,OST5,CWH41,1.0,0.0,1.0
single_only,ALG8,ALG6,DIE2,CWH41,1.0,0.0,1.0
single_only,ALG8,ALG6,ALG5,CWH41,1.0,0.0,1.0
single_only,ALG8,ALG6,ALG8,CWH41,1.0,0.0,1.0
single_only,ALG8,ALG6,ALG12,CWH41,1.0,0.0,1.0
single_only,ALG8,ALG6,ALG9,CWH41,1.0,0.0,1.0
single_only,ALG8,ALG6,ALG6,CWH41,1.0,0.0,1.0
single_only,ALG8,ALG6,ALG3,CWH41,1.0,0.0,1.0
single_only,ALG8,ALG6,OST3,CWH41,1.0,0.0,1.0
single_only,ALG8,ALG6,UBC7,UFD2,1.0,0.0,1.0
single_only,ALG8,ALG6,HRD1,UFD2,1.0,0.0,1.0
single_only,ALG8,ALG6,TLG2,GOS1,1.0,0.0,1.0
single_only,ALG8,ALG6,SEC22,GOS1,1.0,0.0,1.0
single_only,ALG8,ALG6,DOA4,GCS1,1.0,0.0,1.0
single_only,ALG8,ALG6,OST5,ROT2,1.0,0.0,1.0
single_only,ALG8,ALG6,DIE2,ROT2,1.0,0.0,1.0
single_only,ALG8,ALG6,ALG5,ROT2,1.0,0.0,1.0
single_only,ALG8,ALG6,ALG8,ROT2,1.0,0.0,1.0
single_only,ALG8,ALG6,ALG12,ROT2,1.0,0.0,1.0
single_only,ALG8,ALG6,ALG9,ROT2,1.0,0.0,1.0
single_only,ALG8,ALG6,ALG6,ROT2,1.0,0.0,1.0
single_only,ALG8,ALG6,ALG3,ROT2,1.0,0.0,1.0
single_only,ALG8,ALG6,OST3,ROT2,1.0,0.0,1.0
single_only,ALG8,ALG6,DOA4,VPS28,1.0,0.0,1.0
single_only,ALG8,ALG6,GCS1,VPS28,1.0,0.0,1.0
single_only,ALG8,ALG6,ROT2,OST5,1.0,0.0,1.0
single_only,ALG8,ALG6,ALG5,OST5,1.0,0.0,1.0
single_only,ALG8,ALG6,ALG8,OST5,1.0,0.0,1.0
single_only,ALG8,ALG6,ALG6,OST5,1.0,0.0,1.0
single_only,ALG8,ALG6,ALG3,OST5,1.0,0.0,1.0
single_only,ALG8,ALG6,OST3,OST5,1.0,0.0,1.0
single_only,ALG8,ALG6,MNS1,DIE2,0.0,1.0,-1.0
single_only,ALG8,ALG6,OST5,DIE2,1.0,0.0,1.0
single_only,ALG8,ALG6,ALG5,DIE2,1.0,0.0,1.0
single_only,ALG8,ALG6,ALG8,DIE2,1.0,0.0,1.0
single_only,ALG8,ALG6,ALG12,DIE2,1.0,0.0,1.0
single_only,ALG8,ALG6,ALG9,DIE2,1.0,0.0,1.0
single_only,ALG8,ALG6,ALG6,DIE2,1.0,0.0,1.0
single_only,ALG8,ALG6,ALG3,DIE2,1.0,0.0,1.0
single_only,ALG8,ALG6,OST3,DIE2,1.0,0.0,1.0
single_only,ALG8,ALG6,HRD1,UBC7,1.0,0.0,1.0
single_only,ALG8,ALG6,ALG9,ALG5,1.0,0.0,1.0
single_only,ALG8,ALG6,ALG3,ALG5,1.0,0.0,1.0
single_only,ALG8,ALG6,OST3,ALG5,1.0,0.0,1.0
single_only,ALG8,ALG6,PMT2,PMT1,1.0,0.0,1.0
single_only,ALG8,ALG6,UBC7,HRD1,1.0,0.0,1.0
single_only,ALG8,ALG6,ALG5,ALG8,1.0,0.0,1.0
single_only,ALG8,ALG6,ALG9,ALG8,1.0,0.0,1.0
single_only,ALG8,ALG6,ALG6,ALG8,1.0,0.0,1.0
single_only,ALG8,ALG6,ALG3,ALG8,1.0,0.0,1.0
single_only,ALG8,ALG6,OST3,ALG8,1.0,0.0,1.0
single_only,ALG8,ALG6,ROT2,ALG12,0.0,1.0,-1.0
single_only,ALG8,ALG6,OST5,ALG12,0.0,1.0,-1.0
single_only,ALG8,ALG6,ALG8,ALG12,1.0,0.0,1.0
single_only,ALG8,ALG6,ALG3,ALG12,1.0,0.0,1.0
single_only,ALG8,ALG6,OST3,ALG12,1.0,0.0,1.0
single_only,ALG8,ALG6,ALG5,ALG9,1.0,0.0,1.0
single_only,ALG8,ALG6,ALG3,ALG9,1.0,0.0,1.0
single_only,ALG8,ALG6,OST3,ALG9,1.0,0.0,1.0
single_only,ALG8,ALG6,MNS1,ALG6,0.0,1.0,-1.0
single_only,ALG8,ALG6,ALG12,ALG6,1.0,0.0,1.0
single_only,ALG8,ALG6,ALG9,ALG6,1.0,0.0,1.0
single_only,ALG8,ALG6,ALG3,ALG6,1.0,0.0,1.0
single_only,ALG8,ALG6,OST3,ALG6,1.0,0.0,1.0
single_only,ALG8,ALG6,ALG5,ALG3,0.0,1.0,-1.0
single_only,ALG8,ALG6,ALG8,ALG3,0.0,1.0,-1.0
single_only,ALG8,ALG6,OST3,ALG3,1.0,0.0,1.0
single_only,ALG8,ALG6,ALG5,OST3,0.0,1.0,-1.0
single_only,ALG8,ALG6,ALG12,OST3,0.0,1.0,-1.0
single_only,ALG8,ALG6,ALG9,OST3,0.0,1.0,-1.0
single_only,ALG8,ALG6,ALG3,OST3,1.0,0.0,1.0
single_only,ALG12,ALG3,CWH41,MNS1,1.0,0.0,1.0
single_only,ALG12,ALG3,MNN2,MNS1,1.0,0.0,1.0
single_only,ALG12,ALG3,ROT2,MNS1,1.0,0.0,1.0
single_only,ALG12,ALG3,OST5,MNS1,1.0,0.0,1.0
single_only,ALG12,ALG3,DIE2,MNS1,1.0,0.0,1.0
single_only,ALG12,ALG3,ALG5,MNS1,1.0,0.0,1.0
single_only,ALG12,ALG3,ALG8,MNS1,1.0,0.0,1.0
single_only,ALG12,ALG3,ALG12,MNS1,1.0,0.0,1.0
single_only,ALG12,ALG3,ALG9,MNS1,1.0,0.0,1.0
single_only,ALG12,ALG3,ALG6,MNS1,1.0,0.0,1.0
single_only,ALG12,ALG3,ALG3,MNS1,1.0,0.0,1.0
single_only,ALG12,ALG3,OST3,MNS1,1.0,0.0,1.0
single_only,ALG12,ALG3,ANP1,MNS1,1.0,0.0,1.0
single_only,ALG12,ALG3,BTS1,HMG1,1.0,0.0,1.0
single_only,ALG12,ALG3,PCT1,PSD2,1.0,0.0,1.0
single_only,ALG12,ALG3,DOA4,STP22,1.0,0.0,1.0
single_only,ALG12,ALG3,GCS1,STP22,1.0,0.0,1.0
single_only,ALG12,ALG3,VPS28,STP22,1.0,0.0,1.0
single_only,ALG12,ALG3,GOS1,TLG2,1.0,0.0,1.0
single_only,ALG12,ALG3,SEC22,TLG2,1.0,0.0,1.0
single_only,ALG12,ALG3,STP22,DOA4,1.0,0.0,1.0
single_only,ALG12,ALG3,GCS1,DOA4,1.0,0.0,1.0
single_only,ALG12,ALG3,VPS28,DOA4,1.0,0.0,1.0
single_only,ALG12,ALG3,PSD2,PCT1,1.0,0.0,1.0
single_only,ALG12,ALG3,OST5,CWH41,1.0,0.0,1.0
single_only,ALG12,ALG3,DIE2,CWH41,1.0,0.0,1.0
single_only,ALG12,ALG3,ALG5,CWH41,1.0,0.0,1.0
single_only,ALG12,ALG3,ALG8,CWH41,1.0,0.0,1.0
single_only,ALG12,ALG3,ALG12,CWH41,1.0,0.0,1.0
single_only,ALG12,ALG3,ALG9,CWH41,1.0,0.0,1.0
single_only,ALG12,ALG3,ALG6,CWH41,1.0,0.0,1.0
single_only,ALG12,ALG3,ALG3,CWH41,1.0,0.0,1.0
single_only,ALG12,ALG3,OST3,CWH41,1.0,0.0,1.0
single_only,ALG12,ALG3,UBC7,UFD2,1.0,0.0,1.0
single_only,ALG12,ALG3,HRD1,UFD2,1.0,0.0,1.0
single_only,ALG12,ALG3,TLG2,GOS1,1.0,0.0,1.0
single_only,ALG12,ALG3,SEC22,GOS1,1.0,0.0,1.0
single_only,ALG12,ALG3,STP22,GCS1,1.0,0.0,1.0
single_only,ALG12,ALG3,DOA4,GCS1,1.0,0.0,1.0
single_only,ALG12,ALG3,VPS28,GCS1,1.0,0.0,1.0
single_only,ALG12,ALG3,CWH41,ROT2,1.0,0.0,1.0
single_only,ALG12,ALG3,OST5,ROT2,1.0,0.0,1.0
single_only,ALG12,ALG3,DIE2,ROT2,1.0,0.0,1.0
single_only,ALG12,ALG3,ALG5,ROT2,1.0,0.0,1.0
single_only,ALG12,ALG3,ALG8,ROT2,1.0,0.0,1.0
single_only,ALG12,ALG3,ALG12,ROT2,1.0,0.0,1.0
single_only,ALG12,ALG3,ALG9,ROT2,1.0,0.0,1.0
single_only,ALG12,ALG3,ALG6,ROT2,1.0,0.0,1.0
single_only,ALG12,ALG3,ALG3,ROT2,1.0,0.0,1.0
single_only,ALG12,ALG3,OST3,ROT2,1.0,0.0,1.0
single_only,ALG12,ALG3,DOA4,VPS28,1.0,0.0,1.0
single_only,ALG12,ALG3,GCS1,VPS28,1.0,0.0,1.0
single_only,ALG12,ALG3,CWH41,OST5,1.0,0.0,1.0
single_only,ALG12,ALG3,ROT2,OST5,1.0,0.0,1.0
single_only,ALG12,ALG3,DIE2,OST5,1.0,0.0,1.0
single_only,ALG12,ALG3,ALG5,OST5,1.0,0.0,1.0
single_only,ALG12,ALG3,ALG8,OST5,1.0,0.0,1.0
single_only,ALG12,ALG3,ALG12,OST5,1.0,0.0,1.0
single_only,ALG12,ALG3,ALG9,OST5,1.0,0.0,1.0
single_only,ALG12,ALG3,ALG6,OST5,1.0,0.0,1.0
single_only,ALG12,ALG3,ALG3,OST5,1.0,0.0,1.0
single_only,ALG12,ALG3,OST3,OST5,1.0,0.0,1.0
single_only,ALG12,ALG3,ROT2,DIE2,1.0,0.0,1.0
single_only,ALG12,ALG3,OST5,DIE2,1.0,0.0,1.0
single_only,ALG12,ALG3,ALG5,DIE2,1.0,0.0,1.0
single_only,ALG12,ALG3,ALG8,DIE2,1.0,0.0,1.0
single_only,ALG12,ALG3,ALG12,DIE2,1.0,0.0,1.0
single_only,ALG12,ALG3,ALG9,DIE2,1.0,0.0,1.0
single_only,ALG12,ALG3,ALG6,DIE2,1.0,0.0,1.0
single_only,ALG12,ALG3,ALG3,DIE2,1.0,0.0,1.0
single_only,ALG12,ALG3,OST3,DIE2,1.0,0.0,1.0
single_only,ALG12,ALG3,HRD1,UBC7,1.0,0.0,1.0
single_only,ALG12,ALG3,ALG12,ALG5,1.0,0.0,1.0
single_only,ALG12,ALG3,ALG9,ALG5,1.0,0.0,1.0
single_only,ALG12,ALG3,ALG3,ALG5,1.0,0.0,1.0
single_only,ALG12,ALG3,OST3,ALG5,1.0,0.0,1.0
single_only,ALG12,ALG3,PMT2,PMT1,1.0,0.0,1.0
single_only,ALG12,ALG3,UBC7,HRD1,1.0,0.0,1.0
single_only,ALG12,ALG3,ALG5,ALG8,1.0,0.0,1.0
single_only,ALG12,ALG3,ALG12,ALG8,1.0,0.0,1.0
single_only,ALG12,ALG3,ALG9,ALG8,1.0,0.0,1.0
single_only,ALG12,ALG3,ALG6,ALG8,1.0,0.0,1.0
single_only,ALG12,ALG3,ALG3,ALG8,1.0,0.0,1.0
single_only,ALG12,ALG3,OST3,ALG8,1.0,0.0,1.0
single_only,ALG12,ALG3,ALG5,ALG12,1.0,0.0,1.0
single_only,ALG12,ALG3,ALG8,ALG12,1.0,0.0,1.0
single_only,ALG12,ALG3,ALG9,ALG12,1.0,0.0,1.0
single_only,ALG12,ALG3,ALG6,ALG12,1.0,0.0,1.0
single_only,ALG12,ALG3,ALG3,ALG12,1.0,0.0,1.0
single_only,ALG12,ALG3,OST3,ALG12,1.0,0.0,1.0
single_only,ALG12,ALG3,ALG5,ALG9,1.0,0.0,1.0
single_only,ALG12,ALG3,ALG3,ALG9,1.0,0.0,1.0
single_only,ALG12,ALG3,OST3,ALG9,1.0,0.0,1.0
single_only,ALG12,ALG3,ALG12,ALG6,1.0,0.0,1.0
single_only,ALG12,ALG3,ALG9,ALG6,1.0,0.0,1.0
single_only,ALG12,ALG3,ALG3,ALG6,1.0,0.0,1.0
single_only,ALG12,ALG3,OST3,ALG6,1.0,0.0,1.0
single_only,ALG12,ALG3,ALG5,ALG3,0.0,1.0,-1.0
single_only,ALG12,ALG3,ALG6,ALG3,1.0,0.0,1.0
single_only,ALG12,ALG3,OST3,ALG3,1.0,0.0,1.0
single_only,ALG12,ALG3,ALG6,OST3,1.0,0.0,1.0
single_only,ALG12,ALG3,ALG3,OST3,1.0,0.0,1.0
single_only,ALG12,ALG3,MNN2,ANP1,1.0,0.0,1.0
single_only,ALG9,ALG3,CWH41,MNS1,1.0,0.0,1.0
single_only,ALG9,ALG3,MNN2,MNS1,1.0,0.0,1.0
single_only,ALG9,ALG3,ROT2,MNS1,1.0,0.0,1.0
single_only,ALG9,ALG3,OST5,MNS1,1.0,0.0,1.0
single_only,ALG9,ALG3,DIE2,MNS1,1.0,0.0,1.0
single_only,ALG9,ALG3,ALG5,MNS1,1.0,0.0,1.0
single_only,ALG9,ALG3,ALG8,MNS1,1.0,0.0,1.0
single_only,ALG9,ALG3,ALG12,MNS1,1.0,0.0,1.0
single_only,ALG9,ALG3,ALG9,MNS1,1.0,0.0,1.0
single_only,ALG9,ALG3,ALG6,MNS1,1.0,0.0,1.0
single_only,ALG9,ALG3,ALG3,MNS1,1.0,0.0,1.0
single_only,ALG9,ALG3,OST3,MNS1,1.0,0.0,1.0
single_only,ALG9,ALG3,ANP1,MNS1,1.0,0.0,1.0
single_only,ALG9,ALG3,BTS1,HMG1,1.0,0.0,1.0
single_only,ALG9,ALG3,PCT1,PSD2,1.0,0.0,1.0
single_only,ALG9,ALG3,DOA4,STP22,1.0,0.0,1.0
single_only,ALG9,ALG3,GCS1,STP22,1.0,0.0,1.0
single_only,ALG9,ALG3,VPS28,STP22,1.0,0.0,1.0
single_only,ALG9,ALG3,GOS1,TLG2,1.0,0.0,1.0
single_only,ALG9,ALG3,SEC22,TLG2,1.0,0.0,1.0
single_only,ALG9,ALG3,STP22,DOA4,1.0,0.0,1.0
single_only,ALG9,ALG3,GCS1,DOA4,1.0,0.0,1.0
single_only,ALG9,ALG3,VPS28,DOA4,1.0,0.0,1.0
single_only,ALG9,ALG3,PSD2,PCT1,1.0,0.0,1.0
single_only,ALG9,ALG3,OST5,CWH41,1.0,0.0,1.0
single_only,ALG9,ALG3,DIE2,CWH41,1.0,0.0,1.0
single_only,ALG9,ALG3,ALG5,CWH41,1.0,0.0,1.0
single_only,ALG9,ALG3,ALG8,CWH41,1.0,0.0,1.0
single_only,ALG9,ALG3,ALG12,CWH41,1.0,0.0,1.0
single_only,ALG9,ALG3,ALG9,CWH41,1.0,0.0,1.0
single_only,ALG9,ALG3,ALG6,CWH41,1.0,0.0,1.0
single_only,ALG9,ALG3,ALG3,CWH41,1.0,0.0,1.0
single_only,ALG9,ALG3,OST3,CWH41,1.0,0.0,1.0
single_only,ALG9,ALG3,UBC7,UFD2,1.0,0.0,1.0
single_only,ALG9,ALG3,HRD1,UFD2,1.0,0.0,1.0
single_only,ALG9,ALG3,TLG2,GOS1,1.0,0.0,1.0
single_only,ALG9,ALG3,SEC22,GOS1,1.0,0.0,1.0
single_only,ALG9,ALG3,STP22,GCS1,1.0,0.0,1.0
single_only,ALG9,ALG3,DOA4,GCS1,1.0,0.0,1.0
single_only,ALG9,ALG3,VPS28,GCS1,1.0,0.0,1.0
single_only,ALG9,ALG3,CWH41,ROT2,1.0,0.0,1.0
single_only,ALG9,ALG3,OST5,ROT2,1.0,0.0,1.0
single_only,ALG9,ALG3,DIE2,ROT2,1.0,0.0,1.0
single_only,ALG9,ALG3,ALG5,ROT2,1.0,0.0,1.0
single_only,ALG9,ALG3,ALG8,ROT2,1.0,0.0,1.0
single_only,ALG9,ALG3,ALG12,ROT2,1.0,0.0,1.0
single_only,ALG9,ALG3,ALG9,ROT2,1.0,0.0,1.0
single_only,ALG9,ALG3,ALG6,ROT2,1.0,0.0,1.0
single_only,ALG9,ALG3,ALG3,ROT2,1.0,0.0,1.0
single_only,ALG9,ALG3,OST3,ROT2,1.0,0.0,1.0
single_only,ALG9,ALG3,DOA4,VPS28,1.0,0.0,1.0
single_only,ALG9,ALG3,GCS1,VPS28,1.0,0.0,1.0
single_only,ALG9,ALG3,CWH41,OST5,1.0,0.0,1.0
single_only,ALG9,ALG3,ROT2,OST5,1.0,0.0,1.0
single_only,ALG9,ALG3,ALG5,OST5,1.0,0.0,1.0
single_only,ALG9,ALG3,ALG8,OST5,1.0,0.0,1.0
single_only,ALG9,ALG3,ALG12,OST5,1.0,0.0,1.0
single_only,ALG9,ALG3,ALG9,OST5,1.0,0.0,1.0
single_only,ALG9,ALG3,ALG6,OST5,1.0,0.0,1.0
single_only,ALG9,ALG3,ALG3,OST5,1.0,0.0,1.0
single_only,ALG9,ALG3,OST3,OST5,1.0,0.0,1.0
single_only,ALG9,ALG3,ROT2,DIE2,1.0,0.0,1.0
single_only,ALG9,ALG3,OST5,DIE2,1.0,0.0,1.0
single_only,ALG9,ALG3,ALG5,DIE2,1.0,0.0,1.0
single_only,ALG9,ALG3,ALG8,DIE2,1.0,0.0,1.0
single_only,ALG9,ALG3,ALG12,DIE2,1.0,0.0,1.0
single_only,ALG9,ALG3,ALG9,DIE2,1.0,0.0,1.0
single_only,ALG9,ALG3,ALG6,DIE2,1.0,0.0,1.0
single_only,ALG9,ALG3,ALG3,DIE2,1.0,0.0,1.0
single_only,ALG9,ALG3,OST3,DIE2,1.0,0.0,1.0
single_only,ALG9,ALG3,HRD1,UBC7,1.0,0.0,1.0
single_only,ALG9,ALG3,ALG12,ALG5,1.0,0.0,1.0
single_only,ALG9,ALG3,ALG9,ALG5,1.0,0.0,1.0
single_only,ALG9,ALG3,ALG3,ALG5,1.0,0.0,1.0
single_only,ALG9,ALG3,OST3,ALG5,1.0,0.0,1.0
single_only,ALG9,ALG3,PMT2,PMT1,1.0,0.0,1.0
single_only,ALG9,ALG3,UBC7,HRD1,1.0,0.0,1.0
single_only,ALG9,ALG3,ALG5,ALG8,1.0,0.0,1.0
single_only,ALG9,ALG3,ALG12,ALG8,1.0,0.0,1.0
single_only,ALG9,ALG3,ALG9,ALG8,1.0,0.0,1.0
single_only,ALG9,ALG3,ALG6,ALG8,1.0,0.0,1.0
single_only,ALG9,ALG3,ALG3,ALG8,1.0,0.0,1.0
single_only,ALG9,ALG3,OST3,ALG8,1.0,0.0,1.0
single_only,ALG9,ALG3,ALG5,ALG12,1.0,0.0,1.0
single_only,ALG9,ALG3,ALG8,ALG12,1.0,0.0,1.0
single_only,ALG9,ALG3,ALG9,ALG12,1.0,0.0,1.0
single_only,ALG9,ALG3,ALG6,ALG12,1.0,0.0,1.0
single_only,ALG9,ALG3,ALG3,ALG12,1.0,0.0,1.0
single_only,ALG9,ALG3,OST3,ALG12,1.0,0.0,1.0
single_only,ALG9,ALG3,ALG5,ALG9,1.0,0.0,1.0
single_only,ALG9,ALG3,ALG3,ALG9,1.0,0.0,1.0
single_only,ALG9,ALG3,OST3,ALG9,1.0,0.0,1.0
single_only,ALG9,ALG3,ALG12,ALG6,1.0,0.0,1.0
single_only,ALG9,ALG3,ALG9,ALG6,1.0,0.0,1.0
single_only,ALG9,ALG3,ALG3,ALG6,1.0,0.0,1.0
single_only,ALG9,ALG3,OST3,ALG6,1.0,0.0,1.0
single_only,ALG9,ALG3,ALG5,ALG3,0.0,1.0,-1.0
single_only,ALG9,ALG3,OST3,ALG3,1.0,0.0,1.0
single_only,ALG9,ALG3,ALG6,OST3,1.0,0.0,1.0
single_only,ALG9,ALG3,ALG3,OST3,1.0,0.0,1.0
single_only,ALG9,ALG3,MNN2,ANP1,1.0,0.0,1.0
single_only,OST5,OST3,CWH41,MNS1,1.0,0.0,1.0
single_only,OST5,OST3,MNN2,MNS1,1.0,0.0,1.0
single_only,OST5,OST3,ROT2,MNS1,1.0,0.0,1.0
single_only,OST5,OST3,OST5,MNS1,1.0,0.0,1.0
single_only,OST5,OST3,DIE2,MNS1,1.0,0.0,1.0
single_only,OST5,OST3,ALG5,MNS1,1.0,0.0,1.0
single_only,OST5,OST3,ALG8,MNS1,1.0,0.0,1.0
single_only,OST5,OST3,ALG12,MNS1,1.0,0.0,1.0
single_only,OST5,OST3,ALG9,MNS1,1.0,0.0,1.0
single_only,OST5,OST3,ALG6,MNS1,1.0,0.0,1.0
single_only,OST5,OST3,ALG3,MNS1,1.0,0.0,1.0
single_only,OST5,OST3,OST3,MNS1,1.0,0.0,1.0
single_only,OST5,OST3,ANP1,MNS1,1.0,0.0,1.0
single_only,OST5,OST3,BTS1,HMG1,1.0,0.0,1.0
single_only,OST5,OST3,PCT1,PSD2,1.0,0.0,1.0
single_only,OST5,OST3,DOA4,STP22,1.0,0.0,1.0
single_only,OST5,OST3,GCS1,STP22,1.0,0.0,1.0
single_only,OST5,OST3,VPS28,STP22,1.0,0.0,1.0
single_only,OST5,OST3,GOS1,TLG2,1.0,0.0,1.0
single_only,OST5,OST3,SEC22,TLG2,1.0,0.0,1.0
single_only,OST5,OST3,STP22,DOA4,1.0,0.0,1.0
single_only,OST5,OST3,GCS1,DOA4,1.0,0.0,1.0
single_only,OST5,OST3,VPS28,DOA4,1.0,0.0,1.0
single_only,OST5,OST3,PSD2,PCT1,1.0,0.0,1.0
single_only,OST5,OST3,OST5,CWH41,1.0,0.0,1.0
single_only,OST5,OST3,DIE2,CWH41,1.0,0.0,1.0
single_only,OST5,OST3,ALG5,CWH41,1.0,0.0,1.0
single_only,OST5,OST3,ALG8,CWH41,1.0,0.0,1.0
single_only,OST5,OST3,ALG12,CWH41,1.0,0.0,1.0
single_only,OST5,OST3,ALG9,CWH41,1.0,0.0,1.0
single_only,OST5,OST3,ALG6,CWH41,1.0,0.0,1.0
single_only,OST5,OST3,ALG3,CWH41,1.0,0.0,1.0
single_only,OST5,OST3,OST3,CWH41,1.0,0.0,1.0
single_only,OST5,OST3,UBC7,UFD2,1.0,0.0,1.0
single_only,OST5,OST3,HRD1,UFD2,1.0,0.0,1.0
single_only,OST5,OST3,TLG2,GOS1,1.0,0.0,1.0
single_only,OST5,OST3,SEC22,GOS1,1.0,0.0,1.0
single_only,OST5,OST3,DOA4,GCS1,1.0,0.0,1.0
single_only,OST5,OST3,VPS28,GCS1,1.0,0.0,1.0
single_only,OST5,OST3,CWH41,ROT2,1.0,0.0,1.0
single_only,OST5,OST3,OST5,ROT2,1.0,0.0,1.0
single_only,OST5,OST3,DIE2,ROT2,1.0,0.0,1.0
single_only,OST5,OST3,ALG5,ROT2,1.0,0.0,1.0
single_only,OST5,OST3,ALG8,ROT2,1.0,0.0,1.0
single_only,OST5,OST3,ALG12,ROT2,1.0,0.0,1.0
single_only,OST5,OST3,ALG9,ROT2,1.0,0.0,1.0
single_only,OST5,OST3,ALG6,ROT2,1.0,0.0,1.0
single_only,OST5,OST3,ALG3,ROT2,1.0,0.0,1.0
single_only,OST5,OST3,OST3,ROT2,1.0,0.0,1.0
single_only,OST5,OST3,DOA4,VPS28,1.0,0.0,1.0
single_only,OST5,OST3,GCS1,VPS28,1.0,0.0,1.0
single_only,OST5,OST3,MNS1,OST5,1.0,0.0,1.0
single_only,OST5,OST3,CWH41,OST5,1.0,0.0,1.0
single_only,OST5,OST3,ROT2,OST5,1.0,0.0,1.0
single_only,OST5,OST3,ALG5,OST5,1.0,0.0,1.0
single_only,OST5,OST3,ALG8,OST5,1.0,0.0,1.0
single_only,OST5,OST3,ALG6,OST5,1.0,0.0,1.0
single_only,OST5,OST3,ALG3,OST5,1.0,0.0,1.0
single_only,OST5,OST3,OST3,OST5,1.0,0.0,1.0
single_only,OST5,OST3,CWH41,DIE2,1.0,0.0,1.0
single_only,OST5,OST3,ROT2,DIE2,1.0,0.0,1.0
single_only,OST5,OST3,OST5,DIE2,1.0,0.0,1.0
single_only,OST5,OST3,ALG5,DIE2,1.0,0.0,1.0
single_only,OST5,OST3,ALG8,DIE2,1.0,0.0,1.0
single_only,OST5,OST3,ALG12,DIE2,1.0,0.0,1.0
single_only,OST5,OST3,ALG9,DIE2,1.0,0.0,1.0
single_only,OST5,OST3,ALG6,DIE2,1.0,0.0,1.0
single_only,OST5,OST3,ALG3,DIE2,1.0,0.0,1.0
single_only,OST5,OST3,OST3,DIE2,1.0,0.0,1.0
single_only,OST5,OST3,UFD2,UBC7,1.0,0.0,1.0
single_only,OST5,OST3,HRD1,UBC7,1.0,0.0,1.0
single_only,OST5,OST3,MNS1,ALG5,1.0,0.0,1.0
single_only,OST5,OST3,CWH41,ALG5,1.0,0.0,1.0
single_only,OST5,OST3,ROT2,ALG5,1.0,0.0,1.0
single_only,OST5,OST3,OST5,ALG5,1.0,0.0,1.0
single_only,OST5,OST3,ALG9,ALG5,1.0,0.0,1.0
single_only,OST5,OST3,ALG3,ALG5,1.0,0.0,1.0
single_only,OST5,OST3,OST3,ALG5,1.0,0.0,1.0
single_only,OST5,OST3,PMT2,PMT1,1.0,0.0,1.0
single_only,OST5,OST3,TLG2,SEC22,1.0,0.0,1.0
single_only,OST5,OST3,GOS1,SEC22,1.0,0.0,1.0
single_only,OST5,OST3,UFD2,HRD1,1.0,0.0,1.0
single_only,OST5,OST3,UBC7,HRD1,1.0,0.0,1.0
single_only,OST5,OST3,MNS1,ALG8,1.0,0.0,1.0
single_only,OST5,OST3,CWH41,ALG8,1.0,0.0,1.0
single_only,OST5,OST3,ROT2,ALG8,1.0,0.0,1.0
single_only,OST5,OST3,OST5,ALG8,1.0,0.0,1.0
single_only,OST5,OST3,ALG5,ALG8,1.0,0.0,1.0
single_only,OST5,OST3,ALG12,ALG8,1.0,0.0,1.0
single_only,OST5,OST3,ALG9,ALG8,1.0,0.0,1.0
single_only,OST5,OST3,ALG6,ALG8,1.0,0.0,1.0
single_only,OST5,OST3,ALG3,ALG8,1.0,0.0,1.0
single_only,OST5,OST3,OST3,ALG8,1.0,0.0,1.0
single_only,OST5,OST3,MNS1,ALG12,1.0,0.0,1.0
single_only,OST5,OST3,CWH41,ALG12,1.0,0.0,1.0
single_only,OST5,OST3,ROT2,ALG12,1.0,0.0,1.0
single_only,OST5,OST3,OST5,ALG12,1.0,0.0,1.0
single_only,OST5,OST3,DIE2,ALG12,1.0,0.0,1.0
single_only,OST5,OST3,ALG5,ALG12,1.0,0.0,1.0
single_only,OST5,OST3,ALG8,ALG12,1.0,0.0,1.0
single_only,OST5,OST3,ALG6,ALG12,1.0,0.0,1.0
single_only,OST5,OST3,ALG3,ALG12,1.0,0.0,1.0
single_only,OST5,OST3,OST3,ALG12,1.0,0.0,1.0
single_only,OST5,OST3,MNS1,ALG9,1.0,0.0,1.0
single_only,OST5,OST3,CWH41,ALG9,1.0,0.0,1.0
single_only,OST5,OST3,ROT2,ALG9,1.0,0.0,1.0
single_only,OST5,OST3,OST5,ALG9,1.0,0.0,1.0
single_only,OST5,OST3,ALG5,ALG9,1.0,0.0,1.0
single_only,OST5,OST3,ALG3,ALG9,1.0,0.0,1.0
single_only,OST5,OST3,OST3,ALG9,1.0,0.0,1.0
single_only,OST5,OST3,CWH41,ALG6,1.0,0.0,1.0
single_only,OST5,OST3,ROT2,ALG6,1.0,0.0,1.0
single_only,OST5,OST3,OST5,ALG6,1.0,0.0,1.0
single_only,OST5,OST3,ALG5,ALG6,1.0,0.0,1.0
single_only,OST5,OST3,ALG12,ALG6,1.0,0.0,1.0
single_only,OST5,OST3,ALG9,ALG6,1.0,0.0,1.0
single_only,OST5,OST3,ALG3,ALG6,1.0,0.0,1.0
single_only,OST5,OST3,OST3,ALG6,1.0,0.0,1.0
single_only,OST5,OST3,OST5,ALG3,1.0,0.0,1.0
single_only,OST5,OST3,DIE2,ALG3,1.0,0.0,1.0
single_only,OST5,OST3,OST3,ALG3,1.0,0.0,1.0
single_only,OST5,OST3,PMT1,PMT2,1.0,0.0,1.0
single_only,OST5,OST3,DIE2,OST3,1.0,0.0,1.0
single_only,OST5,OST3,ALG5,OST3,1.0,0.0,1.0
single_only,OST5,OST3,ALG8,OST3,1.0,0.0,1.0
single_only,OST5,OST3,ALG12,OST3,1.0,0.0,1.0
single_only,OST5,OST3,ALG9,OST3,1.0,0.0,1.0
single_only,OST5,OST3,ALG6,OST3,1.0,0.0,1.0
single_only,OST5,OST3,ALG3,OST3,1.0,0.0,1.0
single_only,OST5,OST3,MNN2,ANP1,1.0,0.0,1.0
single_only,MNS1,ANP1,CWH41,MNS1,1.0,0.0,1.0
single_only,MNS1,ANP1,MNN2,MNS1,1.0,0.0,1.0
single_only,MNS1,ANP1,ROT2,MNS1,1.0,0.0,1.0
single_only,MNS1,ANP1,OST5,MNS1,1.0,0.0,1.0
single_only,MNS1,ANP1,DIE2,MNS1,1.0,0.0,1.0
single_only,MNS1,ANP1,ALG5,MNS1,1.0,0.0,1.0
single_only,MNS1,ANP1,ALG8,MNS1,1.0,0.0,1.0
single_only,MNS1,ANP1,ALG12,MNS1,1.0,0.0,1.0
single_only,MNS1,ANP1,ALG9,MNS1,1.0,0.0,1.0
single_only,MNS1,ANP1,ALG6,MNS1,1.0,0.0,1.0
single_only,MNS1,ANP1,ALG3,MNS1,1.0,0.0,1.0
single_only,MNS1,ANP1,OST3,MNS1,1.0,0.0,1.0
single_only,MNS1,ANP1,BTS1,HMG1,1.0,0.0,1.0
single_only,MNS1,ANP1,PCT1,PSD2,1.0,0.0,1.0
single_only,MNS1,ANP1,GCS1,STP22,1.0,0.0,1.0
single_only,MNS1,ANP1,VPS28,STP22,1.0,0.0,1.0
single_only,MNS1,ANP1,SEC22,TLG2,1.0,0.0,1.0
single_only,MNS1,ANP1,OST5,CWH41,1.0,0.0,1.0
single_only,MNS1,ANP1,DIE2,CWH41,1.0,0.0,1.0
single_only,MNS1,ANP1,ALG5,CWH41,1.0,0.0,1.0
single_only,MNS1,ANP1,ALG8,CWH41,1.0,0.0,1.0
single_only,MNS1,ANP1,ALG12,CWH41,1.0,0.0,1.0
single_only,MNS1,ANP1,ALG9,CWH41,1.0,0.0,1.0
single_only,MNS1,ANP1,ALG6,CWH41,1.0,0.0,1.0
single_only,MNS1,ANP1,ALG3,CWH41,1.0,0.0,1.0
single_only,MNS1,ANP1,OST3,CWH41,1.0,0.0,1.0
single_only,MNS1,ANP1,UBC7,UFD2,1.0,0.0,1.0
single_only,MNS1,ANP1,HRD1,UFD2,1.0,0.0,1.0
single_only,MNS1,ANP1,SEC22,GOS1,1.0,0.0,1.0
single_only,MNS1,ANP1,STP22,GCS1,0.0,1.0,-1.0
single_only,MNS1,ANP1,OST5,ROT2,1.0,0.0,1.0
single_only,MNS1,ANP1,DIE2,ROT2,1.0,0.0,1.0
single_only,MNS1,ANP1,ALG5,ROT2,1.0,0.0,1.0
single_only,MNS1,ANP1,ALG8,ROT2,1.0,0.0,1.0
single_only,MNS1,ANP1,ALG12,ROT2,1.0,0.0,1.0
single_only,MNS1,ANP1,ALG9,ROT2,1.0,0.0,1.0
single_only,MNS1,ANP1,ALG6,ROT2,1.0,0.0,1.0
single_only,MNS1,ANP1,ALG3,ROT2,1.0,0.0,1.0
single_only,MNS1,ANP1,OST3,ROT2,1.0,0.0,1.0
single_only,MNS1,ANP1,ALG5,OST5,1.0,0.0,1.0
single_only,MNS1,ANP1,ALG8,OST5,1.0,0.0,1.0
single_only,MNS1,ANP1,ALG6,OST5,1.0,0.0,1.0
single_only,MNS1,ANP1,ALG3,OST5,1.0,0.0,1.0
single_only,MNS1,ANP1,OST3,OST5,1.0,0.0,1.0
single_only,MNS1,ANP1,MNS1,DIE2,0.0,1.0,-1.0
single_only,MNS1,ANP1,ALG5,DIE2,1.0,0.0,1.0
single_only,MNS1,ANP1,ALG8,DIE2,1.0,0.0,1.0
single_only,MNS1,ANP1,ALG12,DIE2,1.0,0.0,1.0
single_only,MNS1,ANP1,ALG9,DIE2,1.0,0.0,1.0
single_only,MNS1,ANP1,ALG6,DIE2,1.0,0.0,1.0
single_only,MNS1,ANP1,ALG3,DIE2,1.0,0.0,1.0
single_only,MNS1,ANP1,OST3,DIE2,1.0,0.0,1.0
single_only,MNS1,ANP1,ALG9,ALG5,1.0,0.0,1.0
single_only,MNS1,ANP1,ALG3,ALG5,1.0,0.0,1.0
single_only,MNS1,ANP1,OST3,ALG5,1.0,0.0,1.0
single_only,MNS1,ANP1,PMT2,PMT1,1.0,0.0,1.0
single_only,MNS1,ANP1,ALG12,ALG8,0.0,1.0,-1.0
single_only,MNS1,ANP1,ALG6,ALG8,1.0,0.0,1.0
single_only,MNS1,ANP1,ALG3,ALG8,1.0,0.0,1.0
single_only,MNS1,ANP1,OST3,ALG8,1.0,0.0,1.0
single_only,MNS1,ANP1,OST5,ALG12,0.0,1.0,-1.0
single_only,MNS1,ANP1,ALG5,ALG12,0.0,1.0,-1.0
single_only,MNS1,ANP1,ALG9,ALG12,0.0,1.0,-1.0
single_only,MNS1,ANP1,ALG3,ALG12,1.0,0.0,1.0
single_only,MNS1,ANP1,OST3,ALG12,1.0,0.0,1.0
single_only,MNS1,ANP1,ALG3,ALG9,1.0,0.0,1.0
single_only,MNS1,ANP1,OST3,ALG9,1.0,0.0,1.0
single_only,MNS1,ANP1,ALG3,ALG6,1.0,0.0,1.0
single_only,MNS1,ANP1,OST3,ALG6,1.0,0.0,1.0
single_only,MNS1,ANP1,ALG5,ALG3,0.0,1.0,-1.0
single_only,MNS1,ANP1,ALG8,ALG3,0.0,1.0,-1.0
single_only,MNS1,ANP1,ALG6,ALG3,0.0,1.0,-1.0
