delta,correct_pad,correct_amatch,auroc_pad,auroc_amatch,delta_vs_p_only,pad_w0,pad_w1,pad_w2,pad_w3,pad_w4,pad_w5,pad_w6,pad_l0,pad_l1,pad_l2,pad_l3,pad_l4,am_w0,am_w1,am_w2,am_w3,am_w4,am_w5,am_w6,am_l0,am_l1,am_l2,am_l3,am_l4,min_train_pairs,mean_train_pairs,r,kind
-1.0,618,619,0.9748216806597815,0.976381974886693,21.0,0,0,0,1,0,2,2,0,0,0,3,2,0,0,0,0,0,4,1,0,0,0,5,0,498,525.6,3,null
-3.0,608,611,0.9737443346459618,0.97626123783342,11.0,0,0,0,2,0,1,2,0,0,0,1,4,0,0,0,3,0,2,0,0,0,0,2,3,498,525.6,1,null
0.0,608,608,0.9714410431681403,0.9686733784084999,11.0,0,0,0,4,0,1,0,0,0,0,3,2,0,0,0,2,0,0,3,0,0,0,2,3,498,525.6,0,null
-1.0,605,606,0.9763541124897839,0.9751560294226911,8.0,0,0,0,4,0,1,0,0,0,1,3,1,0,0,1,1,0,3,0,0,0,0,4,1,498,525.6,2,null
0.0,609,609,0.977812244594695,0.9746266438814176,12.0,0,0,0,4,0,1,0,0,0,0,1,4,0,0,0,3,0,0,2,0,0,0,1,4,498,525.6,5,null
-1.0,606,607,0.9702801099635932,0.972936325135597,9.0,0,0,0,3,0,1,1,0,0,0,1,4,0,0,0,2,0,1,2,0,0,0,1,4,498,525.6,4,null
-3.0,610,613,0.9727691507541422,0.9780165688386953,13.0,0,0,0,5,0,0,0,0,0,0,1,4,0,0,0,1,0,4,0,0,0,0,5,0,498,525.6,6,null
0.0,604,604,0.9759547514674196,0.9746823686752359,7.0,0,0,0,3,0,2,0,0,0,2,2,1,0,0,1,2,0,2,0,0,0,1,2,2,498,525.6,7,null
0.0,601,601,0.9694535255219556,0.968998439705773,4.0,0,0,2,3,0,0,0,0,0,0,2,3,0,0,1,3,0,1,0,0,0,0,2,3,498,525.6,9,null
-1.0,610,611,0.9751560294226911,0.971088119473958,13.0,0,0,0,2,0,1,2,0,0,0,1,4,0,0,0,4,0,0,1,0,0,0,0,5,498,525.6,8,null
0.0,607,607,0.9673081209599524,0.9760754885206925,10.0,0,0,0,3,0,1,1,0,0,1,0,4,0,0,0,3,0,1,1,0,0,0,1,4,498,525.6,10,null
3.0,609,606,0.9673081209599524,0.9761497882457835,12.0,0,0,3,0,0,2,0,0,0,0,2,3,0,0,0,0,0,3,2,0,0,0,3,2,498,525.6,11,null
4.0,617,613,0.9805056096292444,0.9782766178765139,20.0,0,0,0,0,0,5,0,0,0,0,5,0,0,0,0,0,0,4,1,0,0,0,5,0,498,525.6,12,null
-1.0,613,614,0.9818708670777918,0.9822516531688833,16.0,0,0,0,0,0,2,3,0,0,0,2,3,0,0,0,0,0,3,2,0,0,0,4,1,498,525.6,13,null
4.0,610,606,0.9704287094137752,0.9721933278846869,13.0,0,0,0,5,0,0,0,0,0,0,0,5,0,0,1,2,0,1,1,0,0,1,1,3,498,525.6,14,null
1.0,605,604,0.9764191247492384,0.974561631621963,8.0,0,0,0,3,0,1,1,0,0,0,1,4,0,0,0,3,0,1,1,0,0,0,1,4,498,525.6,15,null
1.0,610,609,0.9741994204621442,0.975425365926146,13.0,0,0,0,4,0,1,0,0,0,0,1,4,0,0,0,5,0,0,0,0,0,1,0,4,498,525.6,16,null
1.0,606,605,0.9679210936919533,0.9673917081506799,9.0,0,0,0,3,0,0,2,0,0,0,0,5,0,0,0,2,0,0,3,0,0,0,0,5,498,525.6,17,null
1.0,612,611,0.9648562300319489,0.9721468905565049,15.0,0,0,1,2,0,2,0,0,0,1,3,1,0,0,0,2,0,1,2,0,0,0,4,1,498,525.6,18,null
3.0,608,605,0.9648655174975853,0.9753046288728732,11.0,0,0,1,0,0,2,2,0,0,1,3,1,0,0,1,0,0,1,3,0,0,0,3,2,498,525.6,19,null
0.0,613,613,0.9730570621888699,0.9723790771974145,16.0,0,0,0,3,0,2,0,0,0,0,4,1,0,0,0,5,0,0,0,0,0,0,3,2,498,525.6,20,null
1.0,613,612,0.9708373579017757,0.9740322460806895,16.0,0,0,0,3,0,0,2,0,0,0,4,1,0,0,0,5,0,0,0,0,0,0,2,3,498,525.6,21,null
0.0,609,609,0.970893082695594,0.9733449736235976,12.0,0,0,2,2,0,1,0,0,0,0,2,3,0,0,0,4,0,1,0,0,0,0,2,3,498,525.6,22,null
1.0,612,611,0.9764934244743295,0.9761033509176016,15.0,0,0,0,3,0,1,1,0,0,1,0,4,0,0,0,3,0,1,1,0,0,0,1,4,498,525.6,23,null
0.0,606,606,0.9694349505906829,0.9694349505906829,9.0,0,0,0,5,0,0,0,0,0,1,0,4,0,0,0,5,0,0,0,0,0,1,0,4,498,525.6,24,null
-2.0,604,606,0.9687105282710454,0.9687848279961364,7.0,0,0,1,4,0,0,0,0,0,0,0,5,0,0,0,5,0,0,0,0,0,0,0,5,498,525.6,25,null
-4.0,603,607,0.981090719964336,0.9768463481685118,6.0,0,0,2,2,0,0,1,0,0,0,0,5,0,0,0,4,0,0,1,0,0,0,0,5,498,525.6,26,null
0.0,604,604,0.9755089531168735,0.9723605022661417,7.0,0,0,0,1,0,0,4,0,0,0,2,3,0,0,0,2,0,1,2,0,0,0,1,4,498,525.6,27,null
-1.0,613,614,0.9758340144141466,0.9776357827476038,16.0,0,0,0,1,0,3,1,0,0,0,3,2,0,0,0,3,0,1,1,0,0,0,1,4,498,525.6,28,null
-1.0,609,610,0.9737907719741437,0.9720911657626867,12.0,0,0,0,2,0,0,3,0,0,0,2,3,0,0,0,3,0,0,2,0,0,0,0,5,498,525.6,29,null
-1.0,608,609,0.9707537707110484,0.972100453228323,11.0,0,0,0,3,0,1,1,0,0,0,1,4,0,0,1,1,0,1,2,0,0,0,1,4,498,525.6,30,null
0.0,610,610,0.9769299353592392,0.9722862025410507,13.0,0,0,0,1,0,4,0,0,0,1,4,0,0,0,0,1,0,2,2,0,0,0,3,2,498,525.6,31,null
-1.0,613,614,0.9716360799465042,0.9712552938554126,16.0,0,0,0,1,0,0,4,0,0,1,0,4,0,0,0,2,0,0,3,0,0,1,0,4,498,525.6,32,null
0.0,615,615,0.9739765212868713,0.971728954602868,18.0,0,0,0,4,0,0,1,0,0,0,2,3,0,0,0,4,0,0,1,0,0,0,1,4,498,525.6,33,null
0.0,611,611,0.97005721078832,0.9714410431681403,14.0,0,0,0,4,0,1,0,0,0,0,1,4,0,0,0,4,0,1,0,0,0,0,1,4,498,525.6,34,null
0.0,609,609,0.9510829184932017,0.9692956386061371,12.0,0,0,0,3,0,2,0,0,1,0,1,3,0,0,0,5,0,0,0,0,0,0,0,5,498,525.6,35,null
-3.0,599,602,0.9727320008915967,0.974710231072145,2.0,0,0,1,2,0,0,2,0,0,0,1,4,0,0,0,2,0,2,1,0,0,0,3,2,498,525.6,36,null
-6.0,608,614,0.9768742105654209,0.9788245783490601,11.0,0,0,0,2,0,2,1,0,0,1,3,1,0,0,0,1,0,4,0,0,0,0,4,1,498,525.6,37,null
0.0,606,606,0.9685619288208633,0.9696764246972286,9.0,0,0,0,2,0,1,2,0,0,1,1,3,0,0,0,2,0,1,2,0,0,1,1,3,498,525.6,38,null
1.0,610,609,0.9711531317334126,0.9722026153503232,13.0,0,0,0,4,0,0,1,0,0,0,1,4,0,0,0,3,0,0,2,0,0,0,2,3,498,525.6,39,null
-1.0,603,604,0.9762148005052381,0.9781001560294227,6.0,0,0,0,2,0,2,1,0,0,1,3,1,0,0,0,1,0,3,1,0,0,1,3,1,498,525.6,40,null
0.0,616,616,0.9759454640017832,0.9703544096886842,19.0,0,0,0,2,0,2,1,0,0,0,3,2,0,0,0,2,0,3,0,0,0,0,3,2,498,525.6,41,null
-1.0,609,610,0.9761683631770561,0.9771621220001486,12.0,0,0,0,3,0,2,0,0,0,0,2,3,0,0,0,1,0,4,0,0,0,0,4,1,498,525.6,42,null
0.0,610,610,0.9767627609777844,0.9757411397577829,13.0,0,0,0,2,0,3,0,0,0,0,3,2,0,0,0,3,0,2,0,0,0,0,2,3,498,525.6,43,null
-1.0,613,614,0.9755089531168734,0.9746730812095995,16.0,0,0,0,4,0,0,1,0,0,1,0,4,0,0,0,3,0,1,1,0,0,0,1,4,498,525.6,44,null
3.0,616,613,0.9781744557545137,0.9788617282116056,19.0,0,0,0,0,0,5,0,0,0,0,5,0,0,0,0,1,0,4,0,0,0,0,4,1,498,525.6,45,null
4.0,606,602,0.9564046363028458,0.9724812393194145,9.0,0,0,3,0,0,2,0,0,0,2,1,2,0,0,0,2,0,0,3,0,1,0,1,3,498,525.6,46,null
-6.0,615,621,0.9729084627386878,0.9763726874210565,18.0,0,0,1,0,0,4,0,0,0,0,4,1,0,0,0,0,0,5,0,0,0,0,5,0,498,525.6,47,null
-2.0,604,606,0.9715246303588676,0.9741251207370533,7.0,1,0,0,4,0,0,0,0,0,0,4,1,0,0,1,4,0,0,0,0,0,0,4,1,498,525.6,48,null
-3.0,612,615,0.9679675310201352,0.9716175050152315,15.0,0,0,1,4,0,0,0,0,0,0,1,4,0,0,0,5,0,0,0,0,0,0,1,4,498,525.6,49,null
0.0,613,613,0.9726948510290513,0.9739115090274165,16.0,0,0,0,4,0,1,0,0,0,0,2,3,0,0,0,5,0,0,0,0,0,0,1,4,498,525.6,50,null
1.0,601,600,0.971311018649231,0.9585128910023033,4.0,0,0,0,4,0,1,0,0,0,0,3,2,0,0,2,3,0,0,0,0,0,0,2,3,498,525.6,51,null
1.0,606,605,0.9751653168883275,0.9734192733486886,9.0,0,0,0,3,0,2,0,0,0,0,4,1,0,0,0,4,0,1,0,0,0,0,3,2,498,525.6,52,null
-1.0,608,609,0.9762333754365109,0.9763633999554202,11.0,0,0,0,3,0,2,0,0,0,0,5,0,0,0,0,3,0,2,0,0,0,0,5,0,498,525.6,53,null
-3.0,605,608,0.9550486663199348,0.9694442380563192,8.0,0,0,0,4,1,0,0,0,0,1,0,4,0,0,0,4,0,0,1,0,0,0,0,5,498,525.6,54,null
0.0,598,598,0.973084924585779,0.9713667434430493,1.0,0,0,1,0,0,2,2,0,0,0,2,3,0,0,0,1,0,1,3,0,0,0,1,4,498,525.6,55,null
1.0,606,605,0.9703358347574114,0.9739486588899621,9.0,0,0,2,0,0,3,0,0,0,0,4,1,0,0,1,1,0,3,0,0,0,0,3,2,498,525.6,56,null
-2.0,612,614,0.9749609926443271,0.9781465933576047,15.0,0,0,0,4,0,0,1,0,0,0,2,3,0,0,0,3,0,2,0,0,0,0,4,1,498,525.6,57,null
2.0,610,608,0.9747845307972361,0.9729827624637788,13.0,0,0,0,2,0,2,1,0,0,0,3,2,0,0,0,1,0,0,4,0,0,0,2,3,498,525.6,58,null
-1.0,611,612,0.9757318522921464,0.9750445798350547,14.0,0,0,0,3,0,1,1,0,0,0,2,3,0,0,0,2,0,2,1,0,0,0,3,2,498,525.6,59,null
2.0,608,606,0.960723307823761,0.9705030091388662,11.0,0,0,1,0,1,2,1,0,0,1,3,1,0,0,3,0,0,0,2,0,0,1,1,3,498,525.6,61,null
-5.0,602,607,0.9632216360799464,0.9713203061148673,5.0,0,0,1,2,0,0,2,0,0,0,1,4,0,0,0,1,0,0,4,0,0,0,0,5,498,525.6,60,null
-1.0,609,610,0.9618842410283082,0.9665929861059513,12.0,0,0,0,1,0,2,2,0,0,1,1,3,0,0,0,0,0,1,4,0,0,0,2,3,498,525.6,62,null
0.0,614,614,0.9730756371201427,0.9730756371201427,17.0,0,0,0,5,0,0,0,0,0,0,0,5,0,0,0,5,0,0,0,0,0,0,0,5,498,525.6,63,null
1.0,606,605,0.9680418307452262,0.9688034029274092,9.0,0,0,0,2,0,1,2,0,0,0,3,2,0,0,0,2,0,2,1,0,0,0,3,2,498,525.6,64,null
-1.0,607,608,0.9704379968794117,0.9710045322832306,10.0,0,0,0,4,0,0,1,0,0,0,1,4,0,0,0,5,0,0,0,0,0,0,0,5,498,525.6,65,null
0.0,608,608,0.9741158332714169,0.9741344082026896,11.0,0,0,0,1,0,1,3,0,0,0,1,4,0,0,0,1,0,1,3,0,0,0,1,4,498,525.6,66,null
-3.0,600,603,0.9632402110112193,0.9674288580132253,3.0,0,0,2,3,0,0,0,0,0,1,0,4,0,0,0,4,0,0,1,0,0,1,0,4,498,525.6,67,null
0.0,608,608,0.9772549966565124,0.9792796641652426,11.0,0,0,0,1,0,3,1,0,0,0,3,2,0,0,0,1,0,4,0,0,0,0,4,1,498,525.6,68,null
-1.0,608,609,0.9680325432795899,0.9657292518017684,11.0,0,0,0,1,0,1,3,0,0,0,2,3,0,0,0,0,0,1,4,0,0,0,3,2,498,525.6,69,null
0.0,610,610,0.9740043836837804,0.9757968645516012,13.0,0,0,0,4,0,1,0,0,0,0,2,3,0,0,0,5,0,0,0,0,0,1,1,3,498,525.6,70,null
-1.0,608,609,0.9743480199123262,0.9724162270599598,11.0,0,0,0,3,0,2,0,0,0,0,2,3,0,0,0,1,0,3,1,0,0,0,3,2,498,525.6,71,null
1.0,609,608,0.9730291997919608,0.9742458577903261,12.0,0,0,0,1,0,0,4,0,0,0,0,5,0,0,0,1,0,1,3,0,0,0,1,4,498,525.6,72,null
-3.0,618,621,0.9707537707110483,0.9796511627906976,21.0,0,0,0,0,0,5,0,0,1,0,4,0,0,0,0,0,0,5,0,0,0,0,5,0,498,525.6,74,null
-3.0,610,613,0.9745894940188722,0.9782208930826957,13.0,0,0,0,4,0,0,1,0,0,0,0,5,0,0,0,2,0,3,0,0,0,0,3,2,498,525.6,73,null
-1.0,611,612,0.9713946058399584,0.9712924437179582,14.0,0,0,0,2,0,0,3,0,0,0,0,5,0,0,0,2,0,0,3,0,0,0,0,5,498,525.6,76,null
-3.0,610,613,0.980152685935062,0.9790846273868786,13.0,0,0,0,1,0,3,1,0,0,2,2,1,0,0,0,0,0,5,0,0,0,0,5,0,498,525.6,75,null
1.0,606,605,0.9675867449290438,0.9615777546623077,9.0,0,0,5,0,0,0,0,0,0,0,0,5,0,0,4,1,0,0,0,0,0,0,0,5,498,525.6,77,null
0.0,604,604,0.968626941080318,0.9682740173861357,7.0,0,0,0,3,0,1,1,0,0,1,1,3,0,0,0,3,0,0,2,0,0,1,0,4,498,525.6,78,null
0.0,613,613,0.976827773237239,0.9774314585036035,16.0,0,0,0,3,0,2,0,0,0,0,2,3,0,0,0,3,0,2,0,0,0,0,3,2,498,525.6,79,null
1.0,617,616,0.9776172078163311,0.9778029571290585,20.0,0,0,0,3,0,2,0,0,0,0,4,1,0,0,0,3,0,2,0,0,0,0,4,1,498,525.6,80,null
-2.0,608,610,0.9768649230997846,0.9773385838472398,11.0,0,0,1,1,0,3,0,0,0,0,3,2,0,0,0,3,0,2,0,0,0,0,2,3,498,525.6,81,null
-6.0,608,614,0.9778308195259677,0.9777007950070584,11.0,0,0,0,4,0,1,0,0,0,1,3,1,0,0,0,1,0,4,0,0,0,0,5,0,498,525.6,83,null
-1.0,613,614,0.970846645367412,0.9712831562523218,16.0,0,0,0,0,0,5,0,0,0,0,5,0,0,0,0,0,0,5,0,0,0,0,5,0,498,525.6,82,null
-1.0,606,607,0.9675774574634074,0.968821977858682,9.0,0,0,1,3,0,1,0,0,0,0,1,4,0,0,0,2,0,0,3,0,0,0,0,5,498,525.6,84,null
3.0,604,601,0.9673638457537707,0.9598409985883051,7.0,0,0,5,0,0,0,0,0,0,0,0,5,0,0,2,2,0,1,0,0,0,0,4,1,498,525.6,85,null
1.0,610,609,0.9737629095772345,0.9751467419570548,13.0,0,0,0,3,0,0,2,0,0,0,0,5,0,0,0,2,0,1,2,0,0,0,1,4,498,525.6,86,null
-1.0,614,615,0.9728248755479604,0.9732985362954156,17.0,0,0,0,4,0,0,1,0,0,0,2,3,0,0,0,2,0,2,1,0,0,0,3,2,498,525.6,87,null
0.0,603,603,0.9727320008915967,0.9726205513039602,6.0,0,0,0,4,0,0,1,0,0,1,2,2,0,0,0,4,0,0,1,0,0,1,2,2,498,525.6,88,null
-2.0,614,616,0.9715896426183223,0.9708559328330485,17.0,0,0,0,1,0,4,0,0,0,1,4,0,0,0,0,0,0,5,0,0,0,0,5,0,498,525.6,89,null
3.0,606,603,0.9750910171632364,0.9708745077643213,9.0,0,0,2,1,0,1,1,0,0,0,2,3,0,0,1,1,0,1,2,0,0,0,1,4,498,525.6,90,null
-1.0,611,612,0.9734378482799614,0.9731963741734155,14.0,0,0,0,1,0,0,4,0,0,0,0,5,0,0,0,1,0,0,4,0,0,0,0,5,498,525.6,91,null
1.0,608,607,0.9704937216732299,0.9717196671372316,11.0,0,0,0,1,0,1,3,0,0,0,2,3,0,0,0,3,0,1,1,0,0,0,2,3,498,525.6,92,null
-2.0,614,616,0.96503269187904,0.973038487257597,17.0,0,0,0,0,0,0,5,0,0,1,0,4,0,0,0,1,0,0,4,0,0,0,0,5,498,525.6,93,null
-5.0,608,613,0.9794375510810609,0.9764005498179655,11.0,0,0,0,1,0,3,1,0,0,0,4,1,0,0,1,0,0,3,1,0,0,0,4,1,498,525.6,94,null
1.0,599,598,0.9505349580206552,0.9611691061743072,2.0,0,0,3,1,0,0,1,0,0,0,2,3,0,0,3,2,0,0,0,0,0,0,0,5,498,525.6,95,null
-2.0,596,598,0.9631380488892191,0.9748123931941451,-1.0,0,0,0,2,2,1,0,0,1,1,0,3,0,0,1,3,0,1,0,0,2,0,1,2,498,525.6,96,null
0.0,615,615,0.9784995170517868,0.9773571587785125,18.0,0,0,0,0,0,4,1,0,0,0,5,0,0,0,0,1,0,4,0,0,0,0,4,1,498,525.6,97,null
-3.0,604,607,0.9693699383312282,0.9714410431681404,7.0,0,0,0,4,0,1,0,0,0,0,1,4,0,0,0,4,0,0,1,0,0,0,0,5,498,525.6,98,null
5.0,600,595,0.9681532803328627,0.9587450776432127,3.0,0,0,0,1,0,2,2,0,1,2,1,1,1,0,1,0,0,1,2,0,0,1,1,3,498,525.6,99,null
-1.0,607,608,0.9665186863808604,0.9710974069395943,10.0,0,0,0,3,0,1,1,0,0,1,1,3,0,0,0,2,0,0,3,0,0,0,0,5,498,525.6,100,null
-1.0,610,611,0.9689798647745004,0.9690077271714096,13.0,0,0,0,4,0,0,1,0,0,0,1,4,0,0,0,5,0,0,0,0,0,0,0,5,498,525.6,102,null
2.0,610,608,0.9699550486663199,0.9688312653243183,13.0,0,0,0,4,0,1,0,0,0,0,1,4,0,0,1,2,0,2,0,0,0,0,2,3,498,525.6,101,null
0.0,610,610,0.9741901329965079,0.9745244817594174,13.0,0,0,0,4,0,0,1,0,0,0,0,5,0,0,0,5,0,0,0,0,0,0,0,5,498,525.6,103,null
1.0,606,605,0.9694535255219555,0.9699643361319563,9.0,0,0,0,2,0,1,2,0,0,0,3,2,0,0,0,3,0,1,1,0,0,0,3,2,498,525.6,105,null
1.0,614,613,0.9748031057285089,0.9757132773608738,17.0,0,0,1,4,0,0,0,0,0,1,3,1,0,0,0,3,0,0,2,0,0,0,3,2,498,525.6,104,null
-3.0,605,608,0.9688219778586818,0.9708187829705031,8.0,0,0,0,4,0,1,0,0,0,0,3,2,0,0,0,2,0,3,0,0,0,0,4,1,498,525.6,106,null
0.0,607,607,0.9742365703246897,0.9739765212868713,10.0,0,0,0,1,0,0,4,0,0,1,0,4,0,0,0,1,0,0,4,0,0,1,0,4,498,525.6,107,null
-1.0,611,612,0.9663979493275875,0.9737443346459618,14.0,0,0,0,1,0,3,1,0,0,2,3,0,0,0,0,1,0,4,0,0,0,0,5,0,498,525.6,108,null
-2.0,604,606,0.9652277286574039,0.9661286128241324,7.0,0,0,1,1,0,1,2,0,0,0,1,4,0,0,0,3,0,0,2,0,0,0,1,4,498,525.6,109,null
-3.0,602,605,0.9653577531763132,0.9750724422319638,5.0,0,0,2,3,0,0,0,0,0,0,0,5,0,0,0,3,0,0,2,0,0,1,1,3,498,525.6,111,null
-1.0,608,609,0.9713481685117764,0.9748216806597816,11.0,0,0,0,4,0,0,1,0,0,0,2,3,0,0,0,2,0,1,2,0,0,0,3,2,498,525.6,110,null
-11.0,606,617,0.9773385838472397,0.9766048740619659,9.0,0,0,1,1,0,2,1,0,0,1,3,1,0,0,0,0,0,5,0,0,0,0,5,0,498,525.6,112,null
0.0,607,607,0.9632773608737647,0.9650512668103127,10.0,0,0,3,1,0,1,0,0,0,1,0,4,0,0,1,1,0,1,2,0,0,0,2,3,498,525.6,113,null
-3.0,604,607,0.974069395943235,0.9760940634519651,7.0,0,0,0,1,1,1,2,0,0,0,1,4,0,0,2,1,0,1,1,0,0,0,1,4,498,525.6,114,null
-4.0,598,602,0.9683018797830448,0.9705865963295935,1.0,0,0,2,0,1,2,0,0,0,0,2,3,0,0,3,0,0,2,0,0,0,0,3,2,498,525.6,115,null
-2.0,605,607,0.9715710676870495,0.9777193699383312,8.0,0,0,0,2,0,1,2,0,0,0,1,4,0,0,0,1,0,2,2,0,0,0,2,3,498,525.6,116,null
0.0,612,612,0.9744780444312356,0.9743851697748719,15.0,0,0,0,4,0,0,1,0,0,0,1,4,0,0,0,5,0,0,0,0,0,0,0,5,498,525.6,118,null
-1.0,610,611,0.9681811427297718,0.9714874804963222,13.0,0,0,1,3,0,0,1,0,0,0,1,4,0,0,0,3,0,1,1,0,0,0,2,3,498,525.6,117,null
0.0,618,618,0.9675403076008621,0.970893082695594,21.0,0,0,0,3,0,1,1,0,0,0,2,3,0,0,0,3,0,2,0,0,0,0,2,3,498,525.6,119,null
0.0,609,609,0.9723883646630508,0.9724162270599599,12.0,0,0,0,4,0,0,1,0,0,1,0,4,0,0,0,4,0,0,1,0,0,1,0,4,498,525.6,120,null
-1.0,613,614,0.977914406716695,0.9780722936325136,16.0,0,0,1,0,0,1,3,0,0,1,1,3,0,0,0,1,0,1,3,0,0,0,2,3,498,525.6,121,null
-2.0,609,611,0.9721283156252322,0.9723883646630507,12.0,0,0,0,4,0,0,1,0,0,0,1,4,0,0,0,5,0,0,0,0,0,0,0,5,498,525.6,122,null
-1.0,605,606,0.9743573073779628,0.9783416301359684,8.0,0,0,0,4,0,1,0,0,0,1,0,4,0,0,0,3,0,2,0,0,0,0,2,3,498,525.6,123,null
-3.0,603,606,0.9694070881937736,0.9745523441563266,6.0,0,0,1,1,0,1,2,0,0,0,1,4,0,0,0,1,0,2,2,0,0,0,2,3,498,525.6,124,null
0.0,608,608,0.967865368898135,0.9681347054015901,11.0,0,0,0,1,0,4,0,0,0,0,4,1,0,0,0,1,0,4,0,0,0,0,4,1,498,525.6,125,null
-1.0,606,607,0.9632773608737647,0.9611691061743072,9.0,0,0,0,4,0,1,0,0,0,1,2,2,0,0,1,3,0,1,0,0,0,0,3,2,498,525.6,127,null
0.0,611,611,0.9748402555910542,0.9758897392079651,14.0,0,0,0,1,0,4,0,0,0,0,4,1,0,0,0,1,0,4,0,0,0,0,4,1,498,525.6,126,null
-2.0,609,611,0.9727505758228695,0.9722026153503232,12.0,0,0,0,3,0,2,0,0,0,0,2,3,0,0,0,2,0,3,0,0,0,0,3,2,498,525.6,128,null
-4.0,606,610,0.9690634519652276,0.9768184857716027,9.0,0,0,1,1,0,2,1,0,0,0,3,2,0,0,0,2,0,2,1,0,0,0,2,3,498,525.6,129,null
-1.0,608,609,0.9718589791217772,0.9747195185377814,11.0,0,0,0,4,0,0,1,0,0,0,0,5,0,0,0,2,0,2,1,0,0,0,2,3,498,525.6,131,null
0.0,618,618,0.9755461029794189,0.9755461029794189,21.0,0,0,0,5,0,0,0,0,0,0,0,5,0,0,0,5,0,0,0,0,0,0,0,5,498,525.6,130,null
-2.0,609,611,0.9753603536666915,0.974459469499963,12.0,0,0,0,2,0,3,0,0,0,0,3,2,0,0,0,2,0,3,0,0,0,0,3,2,498,525.6,132,null
0.0,607,607,0.9641132327810387,0.9671502340441339,10.0,0,0,2,0,0,1,2,0,0,0,1,4,0,0,2,0,0,3,0,0,0,0,3,2,498,525.6,133,null
0.0,615,615,0.9738372093023255,0.9742458577903261,18.0,0,0,0,3,0,1,1,0,0,0,1,4,0,0,0,4,0,1,0,0,0,0,1,4,498,525.6,134,null
-2.0,602,604,0.9761683631770564,0.9785088045174233,5.0,0,0,0,1,0,2,2,0,0,0,3,2,0,0,0,1,0,3,1,0,0,0,4,1,498,525.6,135,null
0.0,610,610,0.9731777992421428,0.970549446467048,13.0,0,0,1,0,0,1,3,0,0,0,2,3,0,0,0,3,0,0,2,0,0,0,0,5,498,525.6,136,null
-1.0,601,602,0.9662307749461326,0.9656178022141317,4.0,0,0,0,5,0,0,0,0,0,0,1,4,0,0,0,4,0,1,0,0,0,0,2,3,498,525.6,137,null
0.0,612,612,0.969193476484137,0.9738929340961439,15.0,0,0,0,1,0,3,1,0,0,0,5,0,0,0,0,0,0,4,1,0,0,0,5,0,498,525.6,138,null
4.0,605,601,0.9694999628501375,0.9589586893528491,8.0,0,0,5,0,0,0,0,0,0,0,0,5,0,0,4,0,0,0,1,0,0,0,0,5,498,525.6,139,null
1.0,614,613,0.9742458577903262,0.9721933278846868,17.0,0,0,0,3,0,0,2,0,0,0,3,2,0,0,0,4,0,0,1,0,0,0,2,3,498,525.6,140,null
-3.0,608,611,0.9803941600416078,0.9804127349728806,11.0,0,0,1,0,1,3,0,0,1,3,1,0,0,0,0,1,0,4,0,0,0,0,5,0,498,525.6,141,null
-1.0,610,611,0.9792239393714243,0.9794189761497883,13.0,0,0,0,1,0,4,0,0,0,0,5,0,0,0,0,1,0,4,0,0,0,0,4,1,498,525.6,142,null
0.0,612,612,0.9720540159001411,0.9720540159001411,15.0,0,0,0,5,0,0,0,0,0,0,0,5,0,0,0,5,0,0,0,0,0,0,0,5,498,525.6,144,null
-2.0,607,609,0.9778679693885133,0.9779515565792406,10.0,0,0,0,3,0,2,0,0,0,0,2,3,0,0,0,3,0,2,0,0,0,0,2,3,498,525.6,143,null
1.0,605,604,0.9707351957797755,0.9754253659261461,8.0,0,0,1,2,1,0,1,0,0,0,2,3,0,0,3,2,0,0,0,0,0,0,1,4,498,525.6,145,null
0.0,608,608,0.9723140649379597,0.9719425663125046,11.0,0,0,0,4,0,0,1,0,0,0,0,5,0,0,0,3,0,1,1,0,0,0,1,4,498,525.6,146,null
4.0,616,612,0.972295490006687,0.9751095920945092,19.0,0,0,0,1,0,4,0,0,0,0,5,0,0,0,0,1,0,2,2,0,0,0,3,2,498,525.6,147,null
0.0,601,601,0.9671316591128613,0.9616892042499442,4.0,0,0,0,3,0,2,0,0,0,0,4,1,0,0,1,2,0,2,0,0,0,0,3,2,498,525.6,148,null
1.0,615,614,0.9783416301359685,0.9755275280481462,18.0,0,0,0,4,0,1,0,0,0,1,3,1,0,0,0,4,0,1,0,0,0,0,2,3,498,525.6,149,null
0.0,607,607,0.9740879708745078,0.9739858087525077,10.0,0,0,0,4,0,0,1,0,0,0,0,5,0,0,0,4,0,0,1,0,0,0,0,5,498,525.6,150,null
-1.0,610,611,0.9679396686232262,0.9745523441563265,13.0,0,0,0,1,0,0,4,0,0,0,1,4,0,0,0,4,0,0,1,0,0,0,1,4,498,525.6,151,null
1.0,600,599,0.9516215915001115,0.9594880748941229,3.0,1,0,1,0,0,2,1,0,1,0,2,2,0,0,2,0,0,1,2,0,0,0,1,4,498,525.6,152,null
3.0,598,595,0.9654227654357679,0.9648376551006761,1.0,1,0,0,4,0,0,0,0,0,0,2,3,2,0,0,2,0,1,0,0,0,0,1,4,498,525.6,153,null
0.0,609,609,0.9727691507541423,0.9740322460806895,12.0,0,0,0,1,0,4,0,0,0,0,4,1,0,0,0,1,0,3,1,0,0,0,3,2,498,525.6,154,null
-3.0,605,608,0.9724998142506872,0.9717010922059589,8.0,0,0,2,1,0,0,2,0,0,0,1,4,0,0,0,1,0,0,4,0,0,0,0,5,498,525.6,155,null
-3.0,613,616,0.9737071847834163,0.973874359164871,16.0,0,0,0,3,0,1,1,0,0,0,1,4,0,0,0,0,0,4,1,0,0,0,4,1,498,525.6,156,null
1.0,606,605,0.970326547291775,0.9690820268965004,9.0,0,0,0,2,0,0,3,0,0,0,3,2,0,0,0,2,0,1,2,0,0,0,3,2,498,525.6,157,null
-1.0,618,619,0.9785645293112416,0.9752024667508731,21.0,0,0,0,1,0,3,1,0,0,2,2,1,0,0,0,3,0,0,2,0,0,0,1,4,498,525.6,158,null
0.0,614,614,0.9622371647224904,0.969072739430864,17.0,0,0,0,3,0,0,2,0,0,0,2,3,0,0,0,5,0,0,0,0,0,0,0,5,498,525.6,159,null
-2.0,619,621,0.9739115090274165,0.9776729326101493,22.0,0,0,0,1,0,3,1,0,0,0,4,1,0,0,0,0,0,5,0,0,0,0,5,0,498,525.6,160,null
0.0,609,609,0.969564975109592,0.969564975109592,12.0,0,0,0,5,0,0,0,0,0,0,0,5,0,0,0,5,0,0,0,0,0,0,0,5,498,525.6,161,null
4.0,615,611,0.9739765212868712,0.9741901329965078,18.0,0,0,0,5,0,0,0,0,0,0,0,5,0,0,0,4,0,1,0,0,0,0,1,4,498,525.6,162,null
-1.0,619,620,0.9758711642766922,0.9789546028679693,22.0,0,0,0,4,0,0,1,0,0,0,1,4,0,0,0,3,0,2,0,0,0,0,2,3,498,525.6,163,null
-1.0,614,615,0.9734657106768705,0.9747845307972359,17.0,0,0,0,1,0,1,3,0,0,0,1,4,0,0,0,2,0,1,2,0,0,0,1,4,498,525.6,165,null
1.0,606,605,0.9652370161230402,0.9745337692250539,9.0,0,0,2,2,0,0,1,0,0,0,1,4,0,0,0,2,0,0,3,0,0,0,1,4,498,525.6,164,null
-4.0,605,609,0.9659614384426778,0.9715060554275949,8.0,0,0,1,3,0,0,1,0,0,0,2,3,0,0,0,2,0,0,3,0,0,0,1,4,498,525.6,166,null
3.0,613,610,0.9763726874210564,0.9763262500928747,16.0,0,0,0,3,0,0,2,0,0,0,1,4,0,0,0,3,0,2,0,0,0,0,2,3,498,525.6,167,null
0.0,609,609,0.9640853703841294,0.9640853703841294,12.0,0,0,0,5,0,0,0,0,0,0,1,4,0,0,0,5,0,0,0,0,0,0,1,4,498,525.6,168,null
-1.0,609,610,0.9728248755479604,0.9707259083141393,12.0,0,0,1,3,0,0,1,0,0,0,0,5,0,0,0,0,0,2,3,0,0,0,2,3,498,525.6,169,null
0.0,612,612,0.976679173787057,0.977617207816331,15.0,0,0,0,4,0,1,0,0,0,0,1,4,0,0,0,3,0,2,0,0,0,0,3,2,498,525.6,170,null
0.0,613,613,0.9720633033657775,0.9720633033657775,16.0,0,0,0,5,0,0,0,0,0,0,3,2,0,0,0,5,0,0,0,0,0,0,3,2,498,525.6,171,null
-1.0,614,615,0.9738372093023256,0.9723883646630509,17.0,0,0,0,3,0,2,0,0,0,0,5,0,0,0,0,2,0,3,0,0,0,0,5,0,498,525.6,172,null
-2.0,608,610,0.9740786834088714,0.9708373579017757,11.0,0,0,0,1,0,2,2,0,0,0,3,2,0,0,0,0,0,2,3,0,0,0,2,3,498,525.6,174,null
0.0,612,612,0.9715989300839586,0.9744130321717809,15.0,0,0,0,2,0,0,3,0,0,0,0,5,0,0,0,1,0,1,3,0,0,0,1,4,498,525.6,175,null
-5.0,609,614,0.9727041384946874,0.9746266438814176,12.0,0,0,0,1,0,4,0,0,0,0,5,0,0,0,0,0,0,5,0,0,0,0,5,0,498,525.6,173,null
4.0,606,602,0.9714317557025038,0.9656735270079501,9.0,0,0,0,1,0,1,3,0,0,0,1,4,0,0,1,4,0,0,0,0,0,0,0,5,498,525.6,176,null
1.0,603,602,0.9746730812095995,0.9699550486663199,6.0,0,0,0,2,1,1,1,0,2,0,2,1,0,0,0,2,1,2,0,0,0,0,2,3,498,525.6,177,null
4.0,605,601,0.9729270376699606,0.9668344602124973,8.0,0,0,0,0,0,0,5,0,0,1,0,4,0,0,1,1,0,0,3,0,0,2,0,3,498,525.6,178,null
0.0,607,607,0.9714410431681402,0.9714410431681403,10.0,0,0,0,4,0,0,1,0,0,0,0,5,0,0,0,4,0,0,1,0,0,0,0,5,498,525.6,179,null
3.0,604,601,0.9766420239245116,0.976781335909057,7.0,0,0,1,1,0,2,1,0,0,1,1,3,0,0,1,0,0,3,1,0,0,0,3,2,498,525.6,180,null
0.0,608,608,0.9756668400326919,0.9738093469054164,11.0,0,0,2,2,0,1,0,0,0,0,1,4,0,0,0,4,0,0,1,0,0,0,0,5,498,525.6,181,null
-4.0,607,611,0.9774778958317853,0.9777936696634222,10.0,0,0,0,3,0,1,1,0,0,0,4,1,0,0,0,3,0,2,0,0,0,0,5,0,498,525.6,182,null
0.0,606,606,0.9736886098521434,0.9741622705995988,9.0,0,0,0,3,0,0,2,0,0,0,0,5,0,0,0,4,0,0,1,0,0,0,0,5,498,525.6,183,null
3.0,606,603,0.9726391262352329,0.9687198157366819,9.0,0,0,5,0,0,0,0,0,0,0,0,5,0,0,1,1,0,2,1,0,0,0,2,3,498,525.6,184,null
-2.0,606,608,0.9755182405825099,0.9818801545434281,9.0,0,0,1,1,0,1,2,0,0,0,1,4,0,0,0,0,0,4,1,0,0,0,4,1,498,525.6,185,null
-2.0,608,610,0.9778308195259677,0.9777007950070584,11.0,0,0,1,0,0,4,0,0,0,0,4,1,0,0,1,0,0,4,0,0,0,0,4,1,498,525.6,186,null
-1.0,611,612,0.972713425960324,0.9736793223865071,14.0,0,0,0,2,0,0,3,0,0,1,0,4,0,0,0,2,0,0,3,0,0,0,1,4,498,525.6,187,null
-3.0,611,614,0.9753324912697823,0.9734842856081433,14.0,0,0,0,1,0,4,0,0,0,1,4,0,0,0,0,0,0,5,0,0,0,0,5,0,498,525.6,188,null
1.0,606,605,0.9708652202986849,0.9707909205735938,9.0,0,0,0,2,0,0,3,0,0,0,0,5,0,0,0,2,0,0,3,0,0,0,0,5,498,525.6,189,null
1.0,610,609,0.9737536221115981,0.9754718032543279,13.0,0,0,0,3,0,1,1,0,0,0,1,4,0,0,0,2,0,3,0,0,0,0,3,2,498,525.6,190,null
3.0,607,604,0.9654227654357679,0.973354261089234,10.0,0,0,0,2,0,3,0,0,0,3,0,2,0,0,2,3,0,0,0,0,0,0,0,5,498,525.6,191,null
-1.0,606,607,0.9725462515788691,0.972444089456869,9.0,0,0,1,3,0,1,0,0,0,0,1,4,0,0,0,4,0,0,1,0,0,0,0,5,498,525.6,192,null
0.0,611,611,0.9741901329965079,0.9741901329965079,14.0,0,0,0,5,0,0,0,0,0,1,4,0,0,0,0,5,0,0,0,0,0,1,4,0,498,525.6,193,null
-3.0,611,614,0.9678189315699531,0.9736235975926889,14.0,0,0,0,1,0,3,1,0,0,1,3,1,0,0,0,0,0,4,1,0,0,0,5,0,498,525.6,194,null
1.0,609,608,0.9709209450925032,0.9708466453674122,12.0,0,0,0,2,0,1,2,0,0,0,2,3,0,0,0,3,0,0,2,0,0,0,2,3,498,525.6,195,null
6.0,610,604,0.9741622705995987,0.9672616836317706,13.0,0,0,0,2,0,3,0,0,0,0,5,0,0,0,2,2,0,1,0,0,0,0,3,2,498,525.6,196,null
0.0,613,613,0.972026153503232,0.9755739653763281,16.0,0,0,0,5,0,0,0,0,0,0,0,5,0,0,0,4,0,1,0,0,0,0,1,4,498,525.6,197,null
-3.0,612,615,0.9749609926443271,0.9781373058919681,15.0,0,0,0,3,0,2,0,0,0,0,3,2,0,0,0,1,0,4,0,0,0,0,4,1,498,525.6,198,null
-1.0,610,611,0.9760476261237834,0.9743944572405081,13.0,0,0,1,4,0,0,0,0,0,0,0,5,0,0,0,2,0,1,2,0,0,0,1,4,498,525.6,200,null
2.0,612,610,0.9749795675755999,0.9740786834088714,15.0,0,0,0,1,0,4,0,0,0,0,4,1,0,0,0,1,0,4,0,0,0,0,4,1,498,525.6,199,null
0.0,609,609,0.9752860539416004,0.9749981425068728,12.0,0,0,0,4,0,1,0,0,0,0,1,4,0,0,0,4,0,0,1,0,0,0,1,4,498,525.6,201,null
-5.0,609,614,0.9732613864328702,0.9749331302474181,12.0,0,0,0,1,0,4,0,0,0,0,4,1,0,0,0,0,0,5,0,0,0,0,5,0,498,525.6,202,null
0.0,615,615,0.9730199123263243,0.9760569135894197,18.0,0,0,0,4,0,1,0,0,0,0,1,4,0,0,0,2,0,3,0,0,0,0,3,2,498,525.6,203,null
-3.0,612,615,0.9741344082026896,0.9801062486068801,15.0,0,0,0,2,0,1,2,0,0,0,1,4,0,0,0,1,0,4,0,0,0,0,4,1,498,525.6,205,null
2.0,609,607,0.9679675310201352,0.9652834534512222,12.0,0,0,0,3,0,2,0,0,0,0,2,3,0,0,1,2,0,2,0,0,0,0,2,3,498,525.6,204,null
2.0,616,614,0.9660450256334051,0.9670294969908612,19.0,0,0,0,2,0,2,1,0,0,0,3,2,0,0,0,2,0,1,2,0,0,2,1,2,498,525.6,206,null
-7.0,610,617,0.9748031057285087,0.9778215320603313,13.0,0,0,0,2,0,2,1,0,0,0,3,2,0,0,0,0,0,5,0,0,0,0,5,0,498,525.6,210,null
-2.0,612,614,0.9655342150234044,0.971041682145776,15.0,0,0,1,2,0,1,1,0,0,0,2,3,0,0,0,4,0,1,0,0,0,0,1,4,498,525.6,208,null
2.0,609,607,0.9750724422319637,0.9761033509176016,12.0,0,0,0,2,0,0,3,0,0,0,0,5,0,0,0,1,0,2,2,0,0,0,2,3,498,525.6,207,null
0.0,607,607,0.9675681699977711,0.9670852217846794,10.0,0,0,0,3,0,0,2,0,0,0,1,4,0,0,0,3,0,0,2,0,0,0,2,3,498,525.6,209,null
2.0,615,613,0.9735678727988707,0.9752674790103276,18.0,0,0,0,1,0,0,4,0,0,0,3,2,0,0,0,1,0,1,3,0,0,0,3,2,498,525.6,211,null
-4.0,605,609,0.972146890556505,0.9719797161750502,8.0,0,0,1,1,0,1,2,0,0,0,2,3,0,0,0,2,0,1,2,0,0,0,1,4,498,525.6,214,null
1.0,613,612,0.9776450702132401,0.9741251207370533,16.0,0,0,0,2,0,3,0,0,0,0,3,2,0,0,0,4,0,0,1,0,0,0,0,5,498,525.6,213,null
1.0,612,611,0.9768649230997845,0.9728248755479605,15.0,0,0,0,0,0,5,0,0,0,0,5,0,0,0,0,0,0,3,2,0,0,0,5,0,498,525.6,212,null
2.0,613,611,0.9747752433315997,0.9750631547663273,16.0,0,0,0,4,0,0,1,0,0,0,0,5,0,0,0,3,0,0,2,0,0,0,1,4,498,525.6,215,null
0.0,606,606,0.9743573073779627,0.9739858087525077,9.0,0,0,0,4,0,0,1,0,0,0,0,5,0,0,0,3,0,0,2,0,0,0,0,5,498,525.6,217,null
-1.0,601,602,0.9710045322832306,0.9707816331079574,4.0,0,0,0,4,0,1,0,0,0,0,1,4,0,0,0,4,0,1,0,0,0,0,1,4,498,525.6,216,null
1.0,612,611,0.9734564232112342,0.9762055130396018,15.0,0,0,0,4,0,0,1,0,0,0,1,4,0,0,0,4,0,1,0,0,0,0,1,4,498,525.6,218,null
1.0,607,606,0.9711252693365034,0.9685433538895906,10.0,0,0,0,2,0,1,2,0,0,1,2,2,0,0,0,1,0,0,4,0,0,1,0,4,498,525.6,219,null
-8.0,611,619,0.973502860539416,0.9796418753250613,14.0,0,0,0,0,0,2,3,0,0,0,3,2,0,0,0,0,0,5,0,0,0,0,5,0,498,525.6,220,null
2.0,606,604,0.9754625157886916,0.9753603536666915,9.0,0,0,1,0,0,4,0,0,0,2,2,1,0,0,2,1,0,1,1,0,0,0,2,3,498,525.6,221,null
6.0,616,610,0.9728713128761423,0.9743201575154172,19.0,0,0,0,0,0,2,3,0,0,4,1,0,0,0,0,3,0,1,1,0,0,0,3,2,498,525.6,222,null
-4.0,612,616,0.9684319043019541,0.9736793223865071,15.0,0,0,0,3,0,2,0,0,0,0,3,2,0,0,0,1,0,4,0,0,0,0,4,1,498,525.6,223,null
-1.0,612,613,0.9712552938554128,0.973010624860688,15.0,0,0,0,4,0,0,1,0,0,0,0,5,0,0,0,4,0,1,0,0,0,0,1,4,498,525.6,224,null
0.0,615,615,0.9716639423434132,0.9715246303588676,18.0,0,0,0,2,0,0,3,0,0,0,0,5,0,0,0,5,0,0,0,0,0,0,0,5,498,525.6,225,null
1.0,609,608,0.9709488074894123,0.9749238427817817,12.0,0,0,1,1,0,2,1,0,0,0,2,3,0,0,0,1,0,3,1,0,0,0,3,2,498,525.6,226,null
-1.0,605,606,0.9702986848948657,0.9697600118879559,8.0,0,0,0,1,0,1,3,0,0,1,3,1,0,0,0,3,0,0,2,0,0,0,2,3,498,525.6,227,null
0.0,608,608,0.9635095475146741,0.9691006018277732,11.0,0,0,2,1,0,1,1,0,0,0,2,3,0,0,0,3,0,1,1,0,0,0,3,2,498,525.6,228,null
2.0,604,602,0.9747380934690542,0.972444089456869,7.0,0,0,3,1,0,1,0,0,0,1,0,4,0,0,2,1,0,0,2,0,0,0,1,4,498,525.6,229,null
-1.0,605,606,0.9694070881937737,0.9711995690615945,8.0,0,0,0,2,0,1,2,0,0,1,1,3,0,0,0,2,0,2,1,0,0,1,2,2,498,525.6,230,null
4.0,604,600,0.9705680213983208,0.9624879262946727,7.0,0,0,4,1,0,0,0,0,0,1,0,4,0,0,1,2,0,1,1,0,0,1,2,2,498,525.6,231,null
-1.0,606,607,0.9735864477301434,0.9733728360205067,9.0,0,0,0,2,0,3,0,1,0,0,4,0,0,0,0,2,0,3,0,1,0,0,4,0,498,525.6,232,null
2.0,614,612,0.9743758823092356,0.9746452188126904,17.0,0,0,0,4,0,1,0,0,0,1,1,3,0,0,0,3,0,2,0,0,0,1,2,2,498,525.6,233,null
2.0,609,607,0.9747938182628724,0.9772828590534215,12.0,0,0,0,2,0,3,0,0,0,0,5,0,0,0,2,1,0,2,0,0,0,0,2,3,498,525.6,234,null
0.0,607,607,0.975248904079055,0.9724255145255962,10.0,0,0,1,4,0,0,0,0,0,0,0,5,0,0,0,3,0,1,1,0,0,0,1,4,498,525.6,235,null
1.0,609,608,0.9546771676944796,0.9719611412437773,12.0,0,0,1,0,0,0,4,0,1,0,0,4,0,0,0,2,0,2,1,0,0,0,2,3,498,525.6,236,null
-1.0,607,608,0.9689798647745004,0.9754718032543279,10.0,0,0,1,2,0,1,1,0,0,0,4,1,0,0,0,1,0,4,0,0,0,0,5,0,498,525.6,237,null
4.0,606,602,0.9745987814845085,0.9726019763726873,9.0,0,0,0,4,0,1,0,0,0,0,1,4,0,0,1,2,0,2,0,0,0,0,2,3,498,525.6,238,null
-6.0,606,612,0.9729270376699606,0.9716732298090498,9.0,0,0,0,1,0,3,1,0,0,3,2,0,0,0,0,0,0,5,0,0,0,0,5,0,498,525.6,239,null
0.0,613,613,0.9715432052901404,0.9715432052901404,16.0,0,0,0,5,0,0,0,0,0,0,1,4,0,0,0,5,0,0,0,0,0,0,1,4,498,525.6,240,null
-4.0,601,605,0.9716082175495951,0.9770135225499665,4.0,0,0,1,2,0,2,0,0,0,0,3,2,0,0,0,1,0,4,0,0,0,0,4,1,498,525.6,242,null
-1.0,608,609,0.974069395943235,0.9771992718626942,11.0,0,0,0,1,0,2,2,0,1,0,2,2,0,0,0,1,0,4,0,0,1,0,4,0,498,525.6,241,null
-1.0,603,604,0.9635188349803107,0.9646426183223122,6.0,0,0,1,4,0,0,0,0,0,0,2,3,0,0,0,3,0,0,2,0,0,0,2,3,498,525.6,243,null
2.0,611,609,0.9744780444312356,0.9727970131510514,14.0,0,0,3,0,0,0,2,0,0,0,0,5,0,0,0,1,0,0,4,0,0,0,1,4,498,525.6,244,null
0.0,607,607,0.9686826658741362,0.9723697897317779,10.0,0,0,1,2,0,0,2,0,0,0,0,5,0,0,0,2,0,0,3,0,0,0,1,4,498,525.6,246,null
1.0,612,611,0.9740043836837804,0.9680696931421353,15.0,0,0,0,4,0,0,1,0,0,0,4,1,0,0,1,3,0,0,1,0,0,0,1,4,498,525.6,245,null
2.0,609,607,0.9676517571884984,0.9693699383312282,12.0,0,0,0,3,0,1,1,0,0,0,2,3,0,0,0,4,0,0,1,0,0,1,1,3,498,525.6,247,null
1.0,618,617,0.9774035961066944,0.9787595660896055,21.0,0,0,0,4,0,1,0,0,0,0,1,4,0,0,0,3,0,2,0,0,0,0,2,3,498,525.6,248,null
3.0,606,603,0.9722304777472324,0.9759083141392376,9.0,0,0,1,0,0,1,3,0,0,0,1,4,0,0,0,1,0,3,1,0,0,0,3,2,498,525.6,250,null
-5.0,614,619,0.9701686603759566,0.9741901329965079,17.0,0,0,0,4,0,1,0,0,0,1,2,2,0,0,0,0,0,5,0,0,0,0,5,0,498,525.6,249,null
-3.0,606,609,0.9668716100750427,0.9708837952299577,9.0,0,0,1,4,0,0,0,0,0,0,0,5,0,0,0,5,0,0,0,0,0,0,0,5,498,525.6,251,null
4.0,619,615,0.9768834980310572,0.978453079723605,22.0,0,0,0,0,0,5,0,0,0,0,5,0,0,0,0,1,0,4,0,0,0,0,4,1,498,525.6,252,null
-1.0,609,610,0.974635931347054,0.9709488074894123,12.0,0,0,0,2,0,3,0,0,0,0,3,2,0,0,0,3,0,2,0,0,0,0,2,3,498,525.6,254,null
-1.0,607,608,0.9735400104019615,0.9728806003417787,10.0,0,0,0,3,0,1,1,0,0,0,1,4,0,0,0,5,0,0,0,0,0,0,0,5,498,525.6,253,null
-5.0,606,611,0.9748123931941453,0.9769577977561483,9.0,0,0,0,1,0,0,4,0,0,0,0,5,0,0,0,0,0,4,1,0,0,0,4,1,498,525.6,255,null
-1.0,611,612,0.9758990266736013,0.9759547514674195,14.0,0,0,0,4,0,0,1,0,1,1,0,3,0,0,0,3,0,2,0,0,0,1,2,2,498,525.6,256,null
-1.0,615,616,0.97305706218887,0.9723512148005052,18.0,0,0,0,3,0,1,1,0,0,0,1,4,0,0,0,3,0,2,0,0,0,0,2,3,498,525.6,258,null
0.0,607,607,0.9812486068801545,0.978453079723605,10.0,0,0,1,4,0,0,0,0,0,0,0,5,0,0,0,4,0,0,1,0,0,0,0,5,498,525.6,257,null
1.0,611,610,0.973651459989598,0.9663422245337693,14.0,0,0,0,3,0,0,2,0,0,0,1,4,0,0,0,3,0,0,2,0,0,0,1,4,498,525.6,259,null
-6.0,607,613,0.9715896426183223,0.9762798127646928,10.0,0,0,2,1,0,2,0,0,0,0,2,3,0,0,0,1,0,4,0,0,0,0,4,1,498,525.6,260,null
-3.0,604,607,0.9753882160636005,0.9720354409688684,7.0,0,0,2,3,0,0,0,0,0,0,0,5,0,0,0,5,0,0,0,0,0,0,1,4,498,525.6,262,null
0.0,608,608,0.9695649751095922,0.9724998142506871,11.0,0,0,0,3,0,2,0,0,0,0,2,3,0,0,0,2,0,3,0,0,0,0,3,2,498,525.6,261,null
2.0,612,610,0.9639089085370385,0.9790010401961512,15.0,0,0,1,0,0,4,0,0,0,1,4,0,0,0,0,2,0,3,0,0,0,0,3,2,498,525.6,263,null
-2.0,611,613,0.9695185377814103,0.9714224682368675,14.0,0,0,0,5,0,0,0,0,0,0,2,3,0,0,0,3,0,2,0,0,0,0,3,2,498,525.6,264,null
-4.0,605,609,0.9661564752210418,0.9742272828590534,8.0,0,0,1,3,0,0,1,0,0,1,0,4,0,0,0,3,0,2,0,0,0,0,2,3,498,525.6,266,null
-2.0,609,611,0.9750817296976002,0.9746545062783267,12.0,0,0,0,2,0,2,1,0,0,0,2,3,0,0,0,1,0,4,0,0,0,0,4,1,498,525.6,265,null
0.0,602,602,0.9650234044134037,0.9647169180474031,5.0,0,0,0,2,0,0,3,0,0,1,1,3,0,0,0,1,0,0,4,0,0,0,2,3,498,525.6,267,null
-1.0,609,610,0.9701593729103202,0.973772197042871,12.0,0,0,0,2,0,1,2,0,0,0,2,3,0,0,0,2,0,2,1,0,0,0,2,3,498,525.6,268,null
1.0,607,606,0.9742922951185081,0.9725834014414146,10.0,0,0,0,4,0,0,1,0,0,0,1,4,0,0,0,4,0,0,1,0,0,0,0,5,498,525.6,269,null
-6.0,605,611,0.967791069173044,0.9749795675756,8.0,0,0,2,2,0,1,0,0,0,0,1,4,0,0,0,3,0,2,0,0,0,0,2,3,498,525.6,270,null
8.0,613,605,0.9794747009436064,0.9743108700497808,16.0,0,0,0,0,0,5,0,0,0,0,5,0,0,0,2,0,0,3,0,0,0,0,3,2,498,525.6,271,null
0.0,611,611,0.972936325135597,0.9720540159001412,14.0,0,0,0,4,0,1,0,0,0,0,2,3,0,0,0,3,0,0,2,0,0,0,1,4,498,525.6,272,null
0.0,608,608,0.9730663496545062,0.9753975035292369,11.0,0,0,0,4,0,0,1,0,0,0,1,4,0,0,0,3,0,1,1,0,0,0,2,3,498,525.6,273,null
-2.0,608,610,0.9714967679619586,0.9721097406939595,11.0,0,0,0,0,0,3,2,0,0,0,4,1,0,0,0,0,0,3,2,0,0,0,4,1,498,525.6,275,null
1.0,605,604,0.9706887584515937,0.9724998142506872,8.0,0,0,1,3,0,1,0,0,0,1,4,0,0,0,0,3,0,2,0,0,0,0,3,2,498,525.6,274,null
0.0,613,613,0.9754810907199644,0.9760104762612378,16.0,0,0,0,3,0,1,1,0,0,0,1,4,0,0,0,3,0,1,1,0,0,0,1,4,498,525.6,276,null
0.0,607,607,0.9754253659261461,0.9763633999554201,10.0,0,0,0,4,0,0,1,0,0,1,2,2,0,0,0,4,0,0,1,0,0,1,0,4,498,525.6,277,null
1.0,608,607,0.9758525893454194,0.9753046288728732,11.0,0,0,1,0,0,0,4,0,0,0,2,3,0,0,0,3,0,1,1,0,0,0,2,3,498,525.6,278,null
-1.0,608,609,0.972295490006687,0.9699178988037744,11.0,0,0,0,5,0,0,0,0,0,0,2,3,0,0,0,5,0,0,0,0,0,0,0,5,498,525.6,279,null
-1.0,605,606,0.9676703321197712,0.9700572107883201,8.0,0,0,0,1,0,2,2,0,0,0,3,2,0,0,1,2,0,2,0,0,0,0,2,3,498,525.6,280,null
0.0,609,609,0.9709302325581396,0.9709302325581396,12.0,0,0,0,5,0,0,0,0,0,0,0,5,0,0,0,5,0,0,0,0,0,0,0,5,498,525.6,281,null
5.0,612,607,0.9703915595512296,0.9729734749981425,15.0,0,0,1,1,0,2,1,0,0,0,2,3,0,0,3,0,0,1,1,0,0,0,1,4,498,525.6,282,null
-3.0,602,605,0.9758247269485102,0.9781744557545138,5.0,0,0,0,3,0,1,1,0,0,1,2,2,0,0,0,3,0,2,0,0,0,0,2,3,498,525.6,283,null
0.0,610,610,0.9750074299725091,0.9760011887956015,13.0,0,0,0,0,0,3,2,0,0,1,3,1,0,0,0,1,0,0,4,0,0,0,1,4,498,525.6,284,null
-4.0,605,609,0.9722769150754142,0.9735864477301435,8.0,0,0,1,2,0,0,2,0,0,2,3,0,0,0,0,2,0,2,1,0,0,2,3,0,498,525.6,285,null
-2.0,611,613,0.9629522995764916,0.9744780444312355,14.0,0,0,1,0,0,1,3,0,0,0,3,2,0,0,1,0,0,2,2,0,0,0,3,2,498,525.6,286,null
5.0,608,603,0.9742087079277807,0.9700107734601382,11.0,0,0,0,1,0,3,1,0,0,0,4,1,0,0,0,3,0,1,1,0,0,0,2,3,498,525.6,287,null
-7.0,602,609,0.97059588379523,0.9734935730737796,5.0,0,0,1,2,0,2,0,0,0,3,1,1,0,0,2,0,0,2,1,0,0,0,3,2,498,525.6,288,null
0.0,615,615,0.9685247789583178,0.968431904301954,18.0,0,0,0,4,0,0,1,0,0,0,0,5,0,0,0,4,0,0,1,0,0,0,0,5,498,525.6,289,null
0.0,603,603,0.9693606508655918,0.9710231072145034,6.0,0,0,0,3,0,0,2,0,0,0,2,3,0,0,0,3,0,1,1,0,0,0,2,3,498,525.6,290,null
-3.0,607,610,0.9670852217846794,0.9764191247492384,10.0,0,0,1,1,0,3,0,0,0,0,3,2,0,0,0,0,0,4,1,0,0,0,4,1,498,525.6,291,null
-3.0,599,602,0.9670294969908612,0.964196819971766,2.0,0,0,0,1,2,1,1,0,0,0,2,3,0,0,1,1,0,0,3,0,0,0,1,4,498,525.6,292,null
0.0,605,605,0.9685154914926815,0.968998439705773,8.0,0,0,1,2,0,2,0,0,0,1,3,1,0,0,0,1,0,3,1,0,0,0,4,1,498,525.6,294,null
1.0,601,600,0.9657942640612229,0.9670573593877702,4.0,0,0,1,4,0,0,0,0,0,0,1,4,0,0,2,3,0,0,0,0,0,0,0,5,498,525.6,293,null
0.0,608,608,0.9738279218366892,0.9738279218366892,11.0,0,0,0,5,0,0,0,0,0,0,3,2,0,0,0,5,0,0,0,0,0,0,3,2,498,525.6,295,null
1.0,609,608,0.9748774054535998,0.9726762760977785,12.0,0,0,0,2,0,2,1,0,0,1,2,2,0,0,0,2,0,2,1,0,0,0,4,1,498,525.6,297,null
-3.0,612,615,0.9652463035886767,0.9731870867077792,15.0,0,0,1,0,0,0,4,0,0,0,3,2,0,0,0,1,0,1,3,0,0,0,4,1,498,525.6,296,null
0.0,612,612,0.9738929340961439,0.9741065458057805,15.0,0,0,0,4,0,1,0,0,0,0,1,4,0,0,0,4,0,0,1,0,0,0,1,4,498,525.6,298,null
0.0,616,616,0.9782394680139683,0.9788895906085149,19.0,0,0,0,0,0,4,1,0,0,0,5,0,0,0,0,2,0,3,0,0,0,0,4,1,498,525.6,299,null
0.0,612,612,0.9724069395943234,0.9721654654877777,15.0,0,0,0,4,0,0,1,0,0,0,0,5,0,0,2,1,0,1,1,0,0,0,1,4,498,525.6,300,null
0.0,611,611,0.9723790771974143,0.9724533769225054,14.0,0,0,0,3,0,0,2,0,0,0,0,5,0,0,0,3,0,0,2,0,0,0,0,5,498,525.6,301,null
3.0,608,605,0.9726298387695966,0.9636117096366743,11.0,0,0,0,3,0,1,1,0,0,0,1,4,0,0,1,0,0,1,3,0,0,0,2,3,498,525.6,302,null
-3.0,605,608,0.9711345568021398,0.9743294449810536,8.0,0,0,2,1,0,2,0,0,0,0,2,3,0,0,0,1,0,3,1,0,0,0,3,2,498,525.6,303,null
-1.0,610,611,0.9788617282116057,0.9784809421205141,13.0,0,0,0,2,0,3,0,0,0,1,4,0,0,0,0,3,0,2,0,0,0,1,4,0,498,525.6,304,null
-3.0,605,608,0.9720354409688684,0.9771806969314213,8.0,0,0,1,0,0,0,4,0,0,0,1,4,0,0,0,0,0,3,2,0,0,0,3,2,498,525.6,305,null
1.0,613,612,0.9688777026525001,0.9682461549892265,16.0,0,0,0,4,0,0,1,0,0,0,0,5,0,0,0,3,0,0,2,0,0,0,0,5,498,525.6,306,null
1.0,613,612,0.9667508730217698,0.9710974069395943,16.0,0,0,1,4,0,0,0,0,0,0,2,3,0,0,0,4,0,0,1,0,0,0,1,4,498,525.6,307,null
-1.0,609,610,0.9643454194219482,0.9741901329965079,12.0,0,0,1,1,0,0,3,0,0,0,1,4,0,0,0,1,0,1,3,0,0,0,1,4,498,525.6,308,null
3.0,618,615,0.9750445798350545,0.9792239393714243,21.0,0,0,0,2,0,0,3,0,0,0,5,0,0,0,0,1,0,4,0,0,0,0,4,1,498,525.6,309,null
1.0,611,610,0.9779236941823315,0.9762240879708746,14.0,0,0,0,1,0,4,0,0,0,0,4,1,0,0,0,0,0,1,4,0,0,0,1,4,498,525.6,310,null
-4.0,606,610,0.9699271862694108,0.9761962255739653,9.0,0,0,0,2,1,2,0,0,0,0,3,2,0,0,0,1,0,4,0,0,0,0,5,0,498,525.6,311,null
1.0,612,611,0.976381974886693,0.9761590757114198,15.0,0,0,0,4,0,0,1,0,0,0,0,5,0,0,0,4,0,1,0,0,0,0,1,4,498,525.6,312,null
0.0,608,608,0.9741065458057805,0.974561631621963,11.0,0,0,0,2,0,0,3,0,0,0,0,5,0,0,0,4,0,0,1,0,0,0,0,5,498,525.6,313,null
4.0,625,621,0.9757782896203285,0.9734099858830523,28.0,0,0,0,4,0,1,0,0,0,0,5,0,0,0,0,2,0,3,0,0,0,0,5,0,498,525.6,314,null
0.0,613,613,0.9709116576268668,0.9752024667508731,16.0,0,0,1,4,0,0,0,0,0,0,3,2,0,0,2,2,0,1,0,0,0,0,2,3,498,525.6,315,null
2.0,604,602,0.9768649230997846,0.9697042870941377,7.0,0,0,2,2,0,0,1,0,0,0,0,5,0,0,2,3,0,0,0,0,0,0,0,5,498,525.6,316,null
-3.0,606,609,0.9787038412957871,0.9795954379968794,9.0,0,0,0,1,0,3,1,0,0,0,5,0,0,0,0,1,0,4,0,0,0,0,5,0,498,525.6,317,null
0.0,613,613,0.9757411397577829,0.974784530797236,16.0,0,0,0,3,0,0,2,0,0,0,1,4,0,0,0,3,0,1,1,0,0,0,2,3,498,525.6,318,null
-2.0,602,604,0.9734471357455978,0.9757318522921465,5.0,0,0,0,2,0,1,2,0,0,0,2,3,0,0,0,1,0,3,1,0,0,0,3,2,498,525.6,319,null
-1.0,615,616,0.9710602570770488,0.9757504272234193,18.0,0,0,0,3,0,1,1,0,0,0,2,3,0,0,0,3,0,0,2,0,0,0,0,5,498,525.6,320,null
-3.0,602,605,0.9775336206256037,0.9749424177130545,5.0,0,0,0,2,0,3,0,0,0,0,3,2,0,0,0,1,0,3,1,0,0,0,3,2,498,525.6,321,null
-4.0,612,616,0.9696764246972287,0.9723047774723234,15.0,0,0,0,1,0,1,3,0,0,0,2,3,0,0,0,0,0,4,1,0,0,0,4,1,498,525.6,323,null
2.0,609,607,0.9756482651014192,0.9783509176016049,12.0,0,0,0,5,0,0,0,0,0,0,2,3,0,0,0,3,0,1,1,0,0,0,1,4,498,525.6,322,null
2.0,607,605,0.9751838918196003,0.9734099858830522,10.0,0,0,0,2,0,2,1,0,0,0,2,3,0,0,1,2,0,1,1,0,0,0,1,4,498,525.6,324,null
0.0,603,603,0.9756204027045099,0.9759640389330559,6.0,0,0,0,3,0,1,1,0,0,0,4,1,0,0,0,3,0,0,2,0,0,0,4,1,498,525.6,325,null
-4.0,604,608,0.9741529831339624,0.9763262500928747,7.0,0,0,0,0,0,2,3,0,0,0,2,3,0,0,0,0,0,3,2,0,0,0,3,2,498,525.6,326,null
0.0,599,599,0.9615963295935805,0.9678653688981351,2.0,0,0,0,0,2,2,1,0,0,1,1,3,0,0,1,2,0,2,0,0,0,0,2,3,498,525.6,327,null
3.0,612,609,0.9779979939074226,0.9751931792852366,15.0,0,0,5,0,0,0,0,0,0,0,0,5,0,0,0,1,0,1,3,0,0,0,1,4,498,525.6,329,null
1.0,613,612,0.9750724422319637,0.9747566684003269,16.0,0,0,0,5,0,0,0,0,0,0,0,5,0,0,0,4,0,0,1,0,0,0,0,5,498,525.6,328,null
-4.0,611,615,0.9746266438814176,0.98000408648488,14.0,0,0,0,2,0,0,3,0,0,1,3,1,0,0,0,1,0,1,3,0,0,0,5,0,498,525.6,330,null
-1.0,608,609,0.9719054164499592,0.9724533769225054,11.0,0,0,1,1,0,2,1,0,0,2,0,3,0,0,0,1,0,0,4,0,0,0,0,5,498,525.6,331,null
0.0,608,608,0.9740693959432349,0.9731499368452335,11.0,0,0,0,3,0,1,1,0,0,0,3,2,0,0,0,3,0,2,0,0,0,0,3,2,498,525.6,332,null
-4.0,609,613,0.9692399138123189,0.9717289546028679,12.0,0,0,0,3,0,0,2,0,0,0,0,5,0,0,0,0,0,4,1,0,0,0,4,1,498,525.6,333,null
1.0,612,611,0.9740508210119622,0.9747473809346905,15.0,0,0,0,5,0,0,0,0,0,0,4,1,0,0,0,2,0,3,0,0,0,0,4,1,498,525.6,334,null
-4.0,604,608,0.9725462515788692,0.975128167025782,7.0,0,0,3,0,0,0,2,0,0,0,1,4,0,0,0,1,0,3,1,0,0,0,3,2,498,525.6,335,null
3.0,607,604,0.9731963741734155,0.9735864477301434,10.0,0,0,1,1,0,2,1,0,0,2,1,2,0,0,0,1,0,0,4,0,0,0,0,5,498,525.6,336,null
-3.0,603,606,0.9672059588379524,0.9708280704361394,6.0,0,0,0,2,0,2,1,0,0,0,3,2,0,0,0,1,0,3,1,0,0,0,4,1,498,525.6,337,null
0.0,606,606,0.9719239913812319,0.9734564232112342,9.0,0,0,0,2,0,0,3,0,0,0,0,5,0,0,0,2,0,1,2,0,0,0,1,4,498,525.6,338,null
1.0,615,614,0.9731406493795973,0.9717753919310499,18.0,0,0,0,3,0,2,0,0,0,0,5,0,0,0,0,1,0,4,0,0,0,0,5,0,498,525.6,339,null
-5.0,605,610,0.9799669366223345,0.9789638903336058,8.0,0,0,1,1,0,3,0,0,0,0,4,1,0,0,0,1,0,4,0,0,0,0,5,0,498,525.6,340,null
0.0,607,607,0.9573705327290288,0.9710974069395942,10.0,0,0,4,0,0,1,0,0,0,0,1,4,0,0,0,0,0,3,2,0,0,2,3,0,498,525.6,342,null
-2.0,604,606,0.9722583401441415,0.9732892488297793,7.0,0,0,0,4,1,0,0,0,0,0,0,5,0,0,0,3,0,1,1,0,0,0,1,4,498,525.6,341,null
-3.0,608,611,0.9699643361319563,0.9746730812095995,11.0,0,0,0,2,0,2,1,0,0,0,4,1,0,0,0,0,0,5,0,0,0,0,5,0,498,525.6,344,null
-2.0,606,608,0.9646240433910394,0.9690820268965004,9.0,0,0,2,3,0,0,0,0,0,0,1,4,0,0,0,4,0,1,0,0,0,0,2,3,498,525.6,343,null
-1.0,603,604,0.9703079723605023,0.9737536221115982,6.0,0,0,1,2,0,2,0,0,1,1,1,2,0,0,0,3,0,2,0,0,0,0,2,3,498,525.6,345,null
1.0,611,610,0.9794096886841519,0.9792239393714243,14.0,0,0,0,1,0,3,1,0,0,0,4,1,0,0,0,1,0,3,1,0,0,0,4,1,498,525.6,346,null
2.0,608,606,0.9756389776357828,0.9738279218366892,11.0,0,0,0,2,0,0,3,0,0,0,4,1,0,0,0,1,0,3,1,0,0,0,3,2,498,525.6,347,null
1.0,603,602,0.9650884166728583,0.9660264507021323,6.0,0,0,1,3,0,1,0,0,0,0,2,3,0,0,2,2,0,1,0,0,0,0,2,3,498,525.6,348,null
-4.0,612,616,0.9733356861579612,0.9745059068281446,15.0,0,0,0,3,0,2,0,0,0,0,4,1,0,0,0,0,0,5,0,0,0,0,5,0,498,525.6,349,null
-3.0,604,607,0.9738650716992348,0.9706516085890482,7.0,0,0,0,1,0,3,1,0,0,0,3,2,0,0,0,4,0,0,1,0,0,0,0,5,498,525.6,350,null
-1.0,608,609,0.9771435470688759,0.9752767664759641,11.0,0,0,1,0,0,2,2,0,0,0,2,3,0,0,0,0,0,2,3,0,0,0,2,3,498,525.6,351,null
-5.0,599,604,0.9704658592763206,0.9667508730217698,2.0,0,0,3,1,0,0,1,0,1,0,2,2,0,0,1,1,0,1,2,0,0,0,2,3,498,525.6,352,null
-1.0,605,606,0.9639274834683113,0.9677724942417714,8.0,0,0,0,2,0,1,2,0,0,0,3,2,0,0,0,0,0,1,4,0,0,0,4,1,498,525.6,353,null
0.0,614,614,0.9727320008915967,0.9718218292592317,17.0,0,0,0,2,0,0,3,0,0,0,0,5,0,0,0,2,0,0,3,0,0,0,0,5,498,525.6,354,null
0.0,607,607,0.9664443866557694,0.9672338212348615,10.0,0,0,0,4,0,1,0,0,0,3,0,2,0,0,0,3,0,2,0,0,0,1,2,2,498,525.6,355,null
0.0,611,611,0.975202466750873,0.9743480199123263,14.0,0,0,0,4,0,0,1,0,0,0,1,4,0,0,0,4,0,1,0,0,0,0,1,4,498,525.6,356,null
-8.0,602,610,0.9717382420685043,0.9743015825841445,5.0,0,0,1,3,0,1,0,0,1,1,1,2,0,0,0,0,0,5,0,0,0,0,5,0,498,525.6,357,null
-2.0,608,610,0.9697321494910469,0.9713946058399585,11.0,0,0,0,4,0,1,0,0,0,0,1,4,0,0,0,5,0,0,0,0,0,0,0,5,498,525.6,358,null
-3.0,608,611,0.9778958317854224,0.9764562746117839,11.0,0,0,0,2,0,3,0,0,0,1,4,0,0,0,0,1,0,2,2,0,0,0,4,1,498,525.6,360,null
0.0,603,603,0.9659242885801322,0.971431755702504,6.0,0,0,3,1,0,1,0,0,0,0,1,4,0,0,1,4,0,0,0,0,0,0,0,5,498,525.6,359,null
0.0,612,612,0.9736421725239617,0.9734471357455977,15.0,0,0,0,4,0,0,1,0,0,0,0,5,0,0,0,4,0,0,1,0,0,0,0,5,498,525.6,361,null
-2.0,613,615,0.9787131287614236,0.9805706218886989,16.0,0,0,0,5,0,0,0,0,0,0,0,5,0,0,0,2,0,3,0,0,0,0,3,2,498,525.6,362,null
-3.0,607,610,0.9723512148005052,0.9731127869826882,10.0,0,0,1,2,0,2,0,0,0,0,2,3,0,0,0,2,0,1,2,0,0,0,1,4,498,525.6,363,null
-1.0,606,607,0.9635374099115833,0.966240062411769,9.0,0,0,1,3,0,1,0,0,0,0,3,2,0,0,0,3,0,1,1,0,0,0,3,2,498,525.6,364,null
0.0,606,606,0.9565903856155732,0.9721933278846868,9.0,0,0,2,0,0,2,1,1,0,0,2,2,0,0,2,0,0,1,2,0,0,0,1,4,498,525.6,365,null
-2.0,604,606,0.96557136488595,0.9729734749981425,7.0,0,0,0,1,0,2,2,0,0,1,2,2,0,0,0,2,0,2,1,0,0,0,2,3,498,525.6,366,null
3.0,607,604,0.9702429601010476,0.977812244594695,10.0,0,0,4,1,0,0,0,0,0,0,0,5,0,0,1,2,0,2,0,0,0,0,2,3,498,525.6,367,null
-6.0,608,614,0.9672059588379524,0.9749609926443272,11.0,0,0,1,2,0,0,2,0,0,0,1,4,0,0,0,1,0,4,0,0,0,0,5,0,498,525.6,368,null
1.0,604,603,0.9628222750575823,0.9666208485028606,7.0,0,0,3,1,0,1,0,0,0,0,1,4,0,0,2,1,0,2,0,0,0,0,2,3,498,525.6,369,null
-1.0,613,614,0.9750445798350545,0.9776172078163311,16.0,0,0,0,4,0,1,0,0,0,0,1,4,0,0,0,2,0,3,0,0,0,0,3,2,498,525.6,370,null
1.0,614,613,0.9761962255739653,0.9782580429452411,17.0,0,0,0,2,0,3,0,0,0,0,3,2,0,0,0,2,0,3,0,0,0,0,3,2,498,525.6,371,null
4.0,608,604,0.9807377962701538,0.9760197637268742,11.0,0,0,0,2,0,1,2,0,0,0,2,3,0,0,1,3,0,1,0,0,0,1,2,2,498,525.6,372,null
-3.0,600,603,0.9707073333828665,0.9730291997919607,3.0,0,0,0,2,0,1,2,0,0,2,1,2,0,0,0,0,0,1,4,0,0,0,1,4,498,525.6,373,null
-1.0,608,609,0.9665372613121331,0.971608217549595,11.0,0,0,1,2,0,0,2,0,0,0,2,3,0,0,1,1,0,2,1,0,0,0,2,3,498,525.6,374,null
0.0,611,611,0.9697042870941377,0.960426108923397,14.0,0,0,0,3,1,0,1,0,0,0,2,3,0,0,2,2,0,0,1,0,0,0,0,5,498,525.6,375,null
-1.0,606,607,0.9785180919830597,0.9771899843970577,9.0,0,0,0,1,0,4,0,0,0,0,5,0,0,0,0,1,0,4,0,0,0,0,5,0,498,525.6,376,null
0.0,607,607,0.9727598632885059,0.9754996656512371,10.0,0,0,0,2,0,3,0,0,0,0,3,2,0,0,0,2,0,3,0,0,0,0,3,2,498,525.6,377,null
-1.0,605,606,0.9722119028159596,0.970447284345048,8.0,0,0,0,3,0,2,0,0,0,0,2,3,0,0,0,4,0,1,0,0,0,0,1,4,498,525.6,378,null
0.0,606,606,0.9706051712608663,0.9726855635634147,9.0,0,0,1,1,0,3,0,0,0,0,3,2,0,0,0,1,0,3,1,0,0,0,3,2,498,525.6,379,null
2.0,609,607,0.9694999628501373,0.967150234044134,12.0,0,0,0,2,0,1,2,0,0,0,5,0,0,0,0,3,0,0,2,0,0,0,2,3,498,525.6,380,null
0.0,613,613,0.9728806003417788,0.9731220744483247,16.0,0,0,0,4,0,0,1,0,0,0,0,5,0,0,0,4,0,0,1,0,0,0,0,5,498,525.6,381,null
1.0,609,608,0.9755832528419645,0.9759176016048741,12.0,0,0,0,2,0,0,3,0,0,0,0,5,0,0,0,4,0,0,1,0,0,0,0,5,498,525.6,382,null
2.0,618,616,0.9786945538301508,0.9774964707630581,21.0,0,0,0,5,0,0,0,0,0,1,4,0,0,0,0,3,0,2,0,0,0,0,4,1,498,525.6,383,null
1.0,604,603,0.970205810238502,0.9726205513039602,7.0,0,0,0,2,0,1,2,0,0,0,1,4,0,0,0,3,0,1,1,0,0,0,1,4,498,525.6,384,null
0.0,606,606,0.9693792257968646,0.9724533769225053,9.0,0,0,0,5,0,0,0,0,0,0,1,4,0,0,0,2,0,3,0,0,0,0,3,2,498,525.6,386,null
-1.0,609,610,0.9702708224979568,0.977097109740694,12.0,0,0,0,4,0,1,0,0,0,0,1,4,0,0,0,2,0,3,0,0,0,0,3,2,498,525.6,385,null
2.0,612,610,0.9697692993535924,0.9717475295341407,15.0,0,0,1,0,0,2,2,0,0,0,2,3,0,0,0,0,0,3,2,0,0,0,3,2,498,525.6,387,null
-4.0,607,611,0.9652091537261311,0.9744316071030537,10.0,0,0,3,2,0,0,0,0,0,0,1,4,0,0,0,1,0,4,0,0,0,0,5,0,498,525.6,388,null
3.0,608,605,0.9734006984174158,0.9757225648265101,11.0,0,0,1,1,0,0,3,0,0,1,1,3,0,0,0,2,0,1,2,0,0,0,1,4,498,525.6,390,null
-2.0,614,616,0.9775800579537857,0.9757782896203284,17.0,0,0,0,4,0,0,1,0,0,0,5,0,0,0,0,2,0,2,1,0,0,0,5,0,498,525.6,389,null
-1.0,607,608,0.9694070881937736,0.9757225648265101,10.0,0,0,0,2,0,2,1,0,0,0,2,3,0,0,0,2,0,2,1,0,0,0,2,3,498,525.6,391,null
2.0,615,613,0.9737164722490527,0.9753603536666914,18.0,0,0,0,1,0,3,1,0,0,0,3,2,0,0,0,1,0,2,2,0,0,0,2,3,498,525.6,392,null
0.0,613,613,0.9786295415706963,0.9769392228248756,16.0,0,0,0,2,0,3,0,0,0,0,4,1,0,0,0,1,0,4,0,0,0,0,4,1,498,525.6,393,null
0.0,612,612,0.9705865963295937,0.969880748941229,15.0,0,0,0,2,0,0,3,0,0,0,0,5,0,0,0,1,0,1,3,0,0,0,1,4,498,525.6,394,null
1.0,606,605,0.9694163756594102,0.9630544616984917,9.0,0,0,0,3,1,0,1,0,0,1,1,3,0,0,1,2,0,0,2,0,0,0,1,4,498,525.6,395,null
-5.0,606,611,0.9646983431161305,0.9738186343710528,9.0,0,0,0,2,0,1,2,0,0,1,1,3,0,0,0,1,0,4,0,0,0,0,5,0,498,525.6,397,null
-1.0,616,617,0.976976372687421,0.9767070361839661,19.0,0,0,0,4,0,0,1,0,0,0,0,5,0,0,0,5,0,0,0,0,0,0,0,5,498,525.6,396,null
0.0,605,605,0.9730291997919608,0.9732892488297793,8.0,0,0,0,5,0,0,0,0,0,0,1,4,0,0,0,5,0,0,0,0,0,0,0,5,498,525.6,398,null
0.0,613,613,0.9707909205735938,0.969685712162865,16.0,0,0,0,2,0,3,0,0,0,0,3,2,0,0,0,4,0,1,0,0,0,0,1,4,498,525.6,399,null
0.0,610,610,0.9723605022661416,0.9730384872575971,13.0,0,0,0,1,0,3,1,0,0,0,3,2,0,0,0,1,0,2,2,0,0,0,2,3,498,525.6,400,null
2.0,612,610,0.9760940634519651,0.9728806003417787,15.0,0,0,0,3,0,1,1,0,0,0,3,2,0,0,1,3,0,1,0,0,0,0,2,3,498,525.6,401,null
0.0,611,611,0.9766698863214206,0.9793911137528791,14.0,0,0,0,1,0,0,4,0,0,0,0,5,0,0,0,1,0,2,2,0,0,0,2,3,498,525.6,402,null
1.0,612,611,0.9737257597146891,0.973874359164871,15.0,0,0,0,3,0,2,0,0,0,0,4,1,0,0,0,2,0,3,0,0,0,0,4,1,498,525.6,403,null
-2.0,594,596,0.9502563340515641,0.9730291997919607,-3.0,2,0,3,0,0,0,0,0,0,0,1,4,1,0,3,1,0,0,0,0,0,0,0,5,498,525.6,404,null
4.0,606,602,0.9658128389924957,0.9628872873170369,9.0,0,0,4,0,0,0,1,0,0,0,0,5,0,0,4,0,0,0,1,0,0,0,0,5,498,525.6,405,null
1.0,607,606,0.9759083141392376,0.9706330336577755,10.0,0,0,0,4,0,1,0,0,0,0,1,4,0,0,0,3,0,1,1,0,0,0,1,4,498,525.6,407,null
-1.0,611,612,0.9708280704361394,0.9708930826955939,14.0,0,0,0,4,0,0,1,0,0,0,1,4,0,0,0,4,0,0,1,0,0,0,1,4,498,525.6,406,null
3.0,610,607,0.9665186863808604,0.9748588305223271,13.0,0,0,4,1,0,0,0,0,0,1,0,4,0,0,1,1,0,3,0,0,0,1,3,1,498,525.6,408,null
2.0,609,607,0.9739579463555984,0.9719332788468682,12.0,0,0,0,5,0,0,0,0,0,0,1,4,0,0,0,1,0,0,4,0,0,0,1,4,498,525.6,410,null
3.0,613,610,0.9654877776952225,0.9736143101270525,16.0,0,0,0,2,0,2,1,0,0,2,0,3,0,0,0,3,0,0,2,0,0,0,0,5,498,525.6,409,null
0.0,605,605,0.9628965747826732,0.9655342150234044,8.0,0,0,2,0,0,1,2,0,0,0,1,4,0,0,0,0,0,0,5,0,0,0,2,3,498,525.6,411,null
2.0,606,604,0.972862025410506,0.9723976521286871,9.0,0,0,0,4,0,0,1,0,0,0,0,5,0,0,1,1,0,3,0,0,0,0,3,2,498,525.6,412,null
-3.0,599,602,0.9724626643881418,0.9696764246972286,2.0,0,0,0,2,1,2,0,0,0,0,3,2,0,0,1,3,0,1,0,0,0,0,3,2,498,525.6,413,null
0.0,610,610,0.9728527379448696,0.9726855635634148,13.0,0,0,0,3,0,0,2,0,0,0,0,5,0,0,0,3,0,0,2,0,0,0,0,5,498,525.6,414,null
1.0,602,601,0.9639924957277658,0.9687755405305001,5.0,0,0,1,1,0,2,1,0,0,0,4,1,0,0,0,2,0,2,1,0,0,0,4,1,498,525.6,415,null
-5.0,610,615,0.9633052232706739,0.9685062040270451,13.0,0,0,0,3,0,2,0,0,0,0,2,3,0,0,0,1,0,4,0,0,0,0,4,1,498,525.6,416,null
-1.0,611,612,0.974905267850509,0.9726577011665056,14.0,0,0,3,0,0,0,2,0,0,0,0,5,0,0,0,1,0,0,4,0,0,0,0,5,498,525.6,417,null
-5.0,607,612,0.9685712162864998,0.9684319043019541,10.0,0,0,0,3,0,1,1,0,0,1,3,1,0,0,0,2,0,3,0,0,0,0,3,2,498,525.6,418,null
-5.0,606,611,0.9657013894048592,0.9727784382197786,9.0,0,0,1,1,0,2,1,0,0,0,4,1,0,0,0,0,0,3,2,0,0,0,4,1,498,525.6,419,null
0.0,615,615,0.9588193773683036,0.9719054164499591,18.0,0,0,0,1,0,1,3,0,1,0,1,3,0,0,0,2,0,0,3,0,0,0,0,5,498,525.6,420,null
-1.0,605,606,0.9708466453674122,0.9698250241474106,8.0,0,0,0,1,0,2,2,0,0,0,3,2,0,0,0,1,0,2,2,0,0,0,3,2,498,525.6,421,null
-3.0,600,603,0.9667880228843153,0.9749517051786908,3.0,0,0,1,3,1,0,0,0,0,0,0,5,0,0,1,3,0,0,1,0,0,0,0,5,498,525.6,422,null
-7.0,612,619,0.9769577977561482,0.9796976001188796,15.0,0,0,0,4,0,1,0,0,0,0,1,4,0,0,0,0,0,5,0,0,0,0,5,0,498,525.6,423,null
0.0,613,613,0.9705773088639573,0.970818782970503,16.0,0,0,0,4,0,0,1,0,0,0,0,5,0,0,0,5,0,0,0,0,0,0,0,5,498,525.6,424,null
1.0,610,609,0.9755089531168735,0.9783323426703321,13.0,0,0,0,5,0,0,0,0,0,0,0,5,0,0,0,2,0,2,1,0,0,0,2,3,498,525.6,425,null
-1.0,617,618,0.974292295118508,0.9728806003417787,20.0,0,0,0,4,0,0,1,0,0,0,1,4,0,0,0,4,0,1,0,0,0,0,1,4,498,525.6,427,null
2.0,606,604,0.9708837952299577,0.9676331822572256,9.0,0,0,2,2,0,0,1,0,0,0,0,5,0,0,0,4,0,0,1,0,0,0,1,4,498,525.6,426,null
-3.0,606,609,0.9714503306337766,0.9746080689501448,9.0,0,0,1,1,0,3,0,0,0,0,4,1,0,0,0,1,0,4,0,0,0,0,5,0,498,525.6,428,null
0.0,606,606,0.9538598707184782,0.9662493498774054,9.0,0,0,0,1,0,2,2,0,0,1,2,2,0,0,0,0,0,3,2,0,0,0,3,2,498,525.6,429,null
-1.0,606,607,0.9696485623003195,0.9722026153503233,9.0,0,0,1,3,0,0,1,0,0,0,0,5,0,0,0,3,0,0,2,0,0,0,0,5,498,525.6,430,null
4.0,610,606,0.970744483245412,0.9634166728583103,13.0,0,0,2,2,0,1,0,0,0,1,2,2,0,0,3,1,0,0,1,0,0,0,1,4,498,525.6,431,null
0.0,611,611,0.972221190281596,0.972221190281596,14.0,0,0,0,5,0,0,0,0,0,0,0,5,0,0,0,5,0,0,0,0,0,0,0,5,498,525.6,432,null
1.0,608,607,0.9705122966045027,0.963258785942492,11.0,0,0,0,4,0,0,1,0,0,0,1,4,0,0,0,2,0,0,3,0,0,0,1,4,498,525.6,433,null
3.0,605,602,0.9758340144141466,0.9724069395943234,8.0,0,0,1,4,0,0,0,0,0,0,0,5,0,0,1,3,0,0,1,0,0,0,0,5,498,525.6,434,null
-2.0,602,604,0.9810907199643362,0.9800319488817891,5.0,0,0,0,1,0,4,0,0,0,1,4,0,0,0,0,1,0,4,0,0,0,1,4,0,498,525.6,435,null
-1.0,608,609,0.9731963741734155,0.9724162270599599,11.0,0,0,0,4,0,1,0,0,0,1,2,2,0,0,0,5,0,0,0,0,0,0,1,4,498,525.6,436,null
-2.0,606,608,0.9635559848428561,0.9648562300319489,9.0,0,0,0,0,0,0,5,0,0,0,1,4,0,0,0,0,0,1,4,0,0,0,2,3,498,525.6,437,null
0.0,598,598,0.964243257299948,0.9620142655472175,1.0,0,0,1,3,0,1,0,0,0,2,2,1,0,0,2,2,0,1,0,0,0,2,1,2,498,525.6,438,null
4.0,611,607,0.9625250761572183,0.9692956386061373,14.0,0,0,4,0,0,0,1,0,0,0,0,5,0,0,0,1,0,2,2,0,0,0,2,3,498,525.6,439,null
3.0,619,616,0.9753882160636006,0.9716918047403225,22.0,0,0,0,0,0,4,1,0,0,0,4,1,0,0,0,4,0,0,1,0,0,0,0,5,498,525.6,440,null
-2.0,609,611,0.9740972583401442,0.978675978898878,12.0,0,0,0,1,0,1,3,0,0,0,1,4,0,0,0,1,0,3,1,0,0,0,3,2,498,525.6,441,null
0.0,618,618,0.9734378482799615,0.9734378482799615,21.0,0,0,0,5,0,0,0,0,0,0,0,5,0,0,0,5,0,0,0,0,0,0,0,5,498,525.6,442,null
3.0,612,609,0.9668716100750427,0.969193476484137,15.0,0,0,0,1,0,2,2,0,0,0,2,3,0,0,0,0,0,2,3,0,0,0,2,3,498,525.6,443,null
1.0,609,608,0.9740508210119623,0.9751746043539639,12.0,0,0,0,1,0,3,1,0,0,0,3,2,0,0,0,1,0,3,1,0,0,0,3,2,498,525.6,445,null
1.0,606,605,0.9691006018277732,0.9715989300839587,9.0,0,0,0,1,0,3,1,0,0,0,4,1,0,0,0,1,0,4,0,0,0,0,4,1,498,525.6,444,null
0.0,607,607,0.9656178022141317,0.9746545062783268,10.0,0,0,0,3,0,1,1,0,0,1,1,3,0,0,0,2,0,3,0,0,0,0,3,2,498,525.6,446,null
0.0,619,619,0.9742830076528718,0.9744408945686902,22.0,0,0,0,4,0,0,1,0,0,0,0,5,0,0,0,4,0,0,1,0,0,0,0,5,498,525.6,447,null
-8.0,611,619,0.9622371647224904,0.9724626643881418,14.0,0,0,3,2,0,0,0,0,0,0,1,4,0,0,0,0,0,5,0,0,0,0,5,0,498,525.6,448,null
-2.0,612,614,0.9840905713648859,0.9827346013819749,15.0,0,0,0,2,0,3,0,0,0,0,4,1,0,0,0,0,0,4,1,0,0,0,4,1,498,525.6,449,null
-1.0,609,610,0.9776079203506947,0.9757225648265101,12.0,0,0,0,2,0,3,0,0,0,0,3,2,0,0,0,4,0,0,1,0,0,0,0,5,498,525.6,450,null
0.0,615,615,0.9642339698343115,0.963528122445947,18.0,0,0,0,1,0,0,4,0,0,0,1,4,0,0,0,2,0,0,3,0,0,0,1,4,498,525.6,451,null
0.0,608,608,0.9725648265101419,0.9724626643881418,11.0,0,0,0,4,0,1,0,0,2,1,0,2,0,0,0,4,0,0,1,0,1,0,1,3,498,525.6,452,null
1.0,613,612,0.9711159818708671,0.9728991752730515,16.0,0,0,0,1,0,4,0,0,0,1,3,1,0,0,0,2,0,3,0,0,0,0,3,2,498,525.6,453,null
-1.0,610,611,0.9734378482799613,0.9750631547663273,13.0,0,0,0,5,0,0,0,0,0,0,3,2,0,0,0,4,0,0,1,0,0,0,4,1,498,525.6,454,null
0.0,606,606,0.9772457091908759,0.9777193699383312,9.0,0,0,0,4,0,1,0,0,0,0,1,4,0,0,0,3,0,2,0,0,0,0,2,3,498,525.6,455,null
0.0,615,615,0.9734192733486886,0.9760662010550561,18.0,0,0,0,5,0,0,0,0,0,0,0,5,0,0,0,2,0,3,0,0,0,0,3,2,498,525.6,456,null
2.0,613,611,0.9709580949550487,0.9699921985288654,16.0,0,0,0,0,0,0,5,0,0,0,0,5,0,0,0,1,0,0,4,0,0,0,0,5,498,525.6,457,null
-2.0,602,604,0.9711345568021398,0.9730663496545062,5.0,0,0,1,2,0,0,2,0,0,0,0,5,0,0,0,1,0,0,4,0,0,0,0,5,498,525.6,458,null
0.0,610,610,0.9705030091388662,0.9705030091388662,13.0,0,0,0,5,0,0,0,0,0,0,0,5,0,0,0,5,0,0,0,0,0,0,0,5,498,525.6,459,null
0.0,612,612,0.9779422691136042,0.9770042350843302,15.0,0,0,0,2,0,3,0,0,0,0,4,1,0,0,0,4,0,1,0,0,0,0,3,2,498,525.6,460,null
0.0,603,603,0.9721190281595957,0.9734192733486886,6.0,0,0,1,2,0,1,1,0,0,1,1,3,0,0,1,2,0,1,1,0,0,0,1,4,498,525.6,461,null
-2.0,600,602,0.9651720038635857,0.9687198157366818,3.0,0,0,2,3,0,0,0,0,0,1,0,4,0,0,0,4,0,1,0,0,0,1,1,3,498,525.6,462,null
0.0,618,618,0.9722119028159595,0.9721283156252323,21.0,0,0,0,4,0,0,1,0,0,0,0,5,0,0,0,4,0,0,1,0,0,0,0,5,498,525.6,463,null
-1.0,608,609,0.9667230106248607,0.9703636971543205,11.0,0,0,1,0,0,0,4,0,0,0,0,5,0,0,0,0,0,1,4,0,0,0,2,3,498,525.6,464,null
-1.0,611,612,0.9705680213983209,0.9694163756594101,14.0,0,0,0,4,0,1,0,0,0,1,0,4,0,0,0,5,0,0,0,0,0,0,0,5,498,525.6,465,null
0.0,614,614,0.9713574559774129,0.9713946058399584,17.0,0,0,0,4,0,0,1,0,0,0,0,5,0,0,0,4,0,0,1,0,0,0,0,5,498,525.6,466,null
-3.0,611,614,0.9693699383312281,0.9651905787948584,14.0,0,0,0,1,0,1,3,0,0,0,3,2,0,0,0,1,0,1,3,0,0,0,2,3,498,525.6,467,null
1.0,605,604,0.9760847759863288,0.9734564232112342,8.0,0,0,0,1,0,3,1,0,0,0,3,2,0,0,1,0,0,3,1,0,0,0,3,2,498,525.6,468,null
2.0,614,612,0.9772271342596032,0.9740043836837804,17.0,0,0,0,2,0,1,2,0,0,1,3,1,0,0,0,1,0,0,4,0,0,0,2,3,498,525.6,469,null
-1.0,606,607,0.9663700869306784,0.9678467939668624,9.0,0,0,0,3,0,0,2,0,0,0,3,2,0,0,0,2,0,2,1,0,0,0,4,1,498,525.6,470,null
1.0,609,608,0.9762148005052382,0.9755368155137826,12.0,0,0,0,1,0,0,4,0,0,0,1,4,0,0,0,2,0,0,3,0,1,0,0,4,498,525.6,471,null
1.0,602,601,0.9734842856081432,0.9708745077643213,5.0,0,0,0,3,0,0,2,0,0,1,2,2,0,0,1,2,0,1,1,0,0,0,4,1,498,525.6,472,null
0.0,614,614,0.9737350471803254,0.9737350471803254,17.0,0,0,0,5,0,0,0,0,0,0,0,5,0,0,0,5,0,0,0,0,0,0,0,5,498,525.6,473,null
0.0,607,607,0.9724626643881418,0.9740415335463258,10.0,0,0,0,4,0,0,1,0,0,0,0,5,0,0,1,2,0,2,0,0,0,0,2,3,498,525.6,474,null
-2.0,602,604,0.96931421353741,0.9721561780221414,5.0,0,0,0,3,0,1,1,0,0,0,3,2,0,0,0,1,0,2,2,0,0,0,2,3,498,525.6,475,null
-3.0,604,607,0.9785645293112416,0.976632736458875,7.0,0,0,0,1,0,2,2,0,0,0,4,1,0,0,0,1,0,3,1,0,0,0,5,0,498,525.6,476,null
0.0,604,604,0.9724162270599598,0.9722490526785051,7.0,0,0,0,3,0,0,2,0,0,0,0,5,0,0,0,3,0,0,2,0,0,0,0,5,498,525.6,477,null
-3.0,606,609,0.9736328850583252,0.9745430566906902,9.0,0,0,0,4,0,1,0,0,0,0,1,4,0,0,0,4,0,1,0,0,0,0,1,4,498,525.6,478,null
-4.0,610,614,0.9765955865963296,0.9765584367337842,13.0,0,0,0,1,0,4,0,0,0,0,5,0,0,0,0,0,0,5,0,0,0,0,5,0,498,525.6,479,null
1.0,609,608,0.9720354409688684,0.9699178988037744,12.0,0,0,0,4,0,1,0,0,0,0,1,4,0,0,0,5,0,0,0,0,0,0,1,4,498,525.6,480,null
-1.0,603,604,0.9776822200757858,0.9768834980310572,6.0,0,0,0,2,0,3,0,0,0,0,3,2,0,0,0,1,0,4,0,0,0,0,4,1,498,525.6,481,null
0.0,608,608,0.9769392228248756,0.9759083141392376,11.0,0,0,0,1,0,1,3,0,0,0,2,3,0,0,0,1,0,1,3,0,0,0,2,3,498,525.6,482,null
2.0,609,607,0.9707259083141392,0.9716918047403225,12.0,0,0,0,5,0,0,0,0,0,0,0,5,0,0,0,3,0,0,2,0,0,0,0,5,498,525.6,483,null
1.0,608,607,0.9706144587265028,0.9734657106768705,11.0,0,0,5,0,0,0,0,0,0,0,2,3,0,0,4,1,0,0,0,0,0,0,0,5,498,525.6,484,null
0.0,608,608,0.9718032543279589,0.9743201575154171,11.0,0,0,0,2,0,1,2,0,0,0,3,2,0,0,0,2,0,2,1,0,0,0,3,2,498,525.6,485,null
-1.0,604,605,0.957621294301211,0.9686919533397728,7.0,0,0,2,1,0,2,0,0,0,0,2,3,0,0,0,3,0,2,0,0,0,0,2,3,498,525.6,486,null
0.0,608,608,0.9748309681254179,0.9693049260717734,11.0,0,0,0,4,0,0,1,0,0,0,1,4,0,0,2,2,0,1,0,0,0,0,1,4,498,525.6,487,null
-2.0,613,615,0.9762333754365109,0.9773664462441489,16.0,0,0,0,4,0,1,0,0,0,0,2,3,0,0,0,4,0,1,0,0,0,0,1,4,498,525.6,488,null
4.0,614,610,0.972369789731778,0.974487331896872,17.0,0,0,0,3,0,2,0,0,0,0,2,3,0,0,0,3,0,2,0,0,0,1,2,2,498,525.6,489,null
-1.0,607,608,0.9733078237610521,0.9760290511925106,10.0,0,0,0,2,0,1,2,0,0,0,2,3,0,0,0,4,0,1,0,0,0,0,1,4,498,525.6,490,null
0.0,609,609,0.9769577977561482,0.9766698863214206,12.0,0,0,0,2,0,1,2,0,0,0,1,4,0,0,0,3,0,0,2,0,0,1,0,4,498,525.6,491,null
1.0,609,608,0.9715617802214132,0.9662400624117691,12.0,0,0,0,2,0,1,2,0,0,0,1,4,0,0,0,0,0,2,3,0,0,0,3,2,498,525.6,492,null
-11.0,602,613,0.9706608960546845,0.9757318522921465,5.0,0,0,0,1,1,3,0,1,0,0,3,1,0,0,0,0,0,5,0,0,0,0,5,0,498,525.6,493,null
-3.0,610,613,0.9773571587785125,0.9781280184263319,13.0,0,0,0,2,0,3,0,0,0,0,4,1,0,0,0,0,0,5,0,0,0,0,5,0,498,525.6,494,null
-4.0,609,613,0.9729456126012334,0.9731406493795973,12.0,0,0,0,1,0,4,0,0,0,1,4,0,0,0,0,0,0,5,0,0,0,0,5,0,498,525.6,496,null
5.0,609,604,0.9699086113381381,0.9751746043539639,12.0,0,0,1,0,0,3,1,0,0,1,3,1,0,0,0,1,0,1,3,0,0,0,1,4,498,525.6,495,null
-3.0,604,607,0.9724162270599599,0.9738093469054164,7.0,0,0,1,2,0,1,1,0,0,0,2,3,0,0,0,1,0,3,1,0,0,0,4,1,498,525.6,497,null
0.0,614,614,0.9727320008915967,0.9737721970428708,17.0,0,0,0,4,0,1,0,0,0,0,1,4,0,0,0,5,0,0,0,0,0,0,0,5,498,525.6,498,null
8.0,612,604,0.9734378482799613,0.9573612452633925,15.0,0,0,0,0,0,5,0,0,0,0,5,0,0,0,2,1,0,1,1,0,0,0,2,3,498,525.6,499,null
1.0,613,612,0.9782487554796047,0.9796790251876067,16.0,0,0,0,2,0,2,1,0,0,0,2,3,0,0,0,2,0,2,1,0,0,0,2,3,498,525.6,500,null
-1.0,609,610,0.9686083661490452,0.9706608960546846,12.0,0,0,0,3,0,1,1,0,0,1,1,3,0,0,0,5,0,0,0,0,0,0,0,5,498,525.6,501,null
-3.0,609,612,0.9720540159001412,0.9703172598261387,12.0,0,0,0,3,0,2,0,0,0,0,4,1,0,0,0,3,0,1,1,0,0,0,3,2,498,525.6,502,null
-1.0,614,615,0.9754532283230551,0.977784382197786,17.0,0,0,0,3,0,2,0,0,0,0,2,3,0,0,0,1,0,4,0,0,0,0,4,1,498,525.6,503,null
1.0,614,613,0.9659614384426778,0.9678096441043167,17.0,0,0,0,2,0,2,1,0,0,0,3,2,0,0,0,2,0,2,1,0,0,0,4,1,498,525.6,505,null
3.0,609,606,0.9737629095772345,0.9728341630135969,12.0,0,0,0,0,0,0,5,0,0,0,0,5,0,0,0,1,0,1,3,0,0,0,1,4,498,525.6,504,null
0.0,605,605,0.9751560294226912,0.9720540159001412,8.0,0,0,1,0,0,3,1,0,0,0,3,2,0,0,1,0,0,2,2,0,0,0,2,3,498,525.6,506,null
0.0,615,615,0.9724812393194144,0.972592688907051,18.0,0,0,0,4,0,0,1,0,0,0,0,5,0,0,0,4,0,0,1,0,0,0,0,5,498,525.6,507,null
1.0,607,606,0.9741994204621442,0.9722583401441416,10.0,0,0,0,1,0,2,2,0,0,0,2,3,0,0,0,2,0,2,1,0,0,0,2,3,498,525.6,508,null
0.0,605,605,0.9714967679619585,0.9704658592763206,8.0,0,0,0,1,0,2,2,0,0,0,3,2,0,0,1,1,0,2,1,0,0,0,3,2,498,525.6,509,null
0.0,605,605,0.9783137677390593,0.9789174530054239,8.0,0,0,1,0,0,4,0,0,0,0,4,1,0,0,0,1,0,3,1,0,0,0,3,2,498,525.6,510,null
-1.0,611,612,0.9754532283230551,0.9742830076528718,14.0,0,0,0,0,0,1,4,0,0,0,1,4,0,0,0,0,0,2,3,0,0,0,2,3,498,525.6,511,null
0.0,606,606,0.9740229586150531,0.9740229586150531,9.0,0,0,0,5,0,0,0,0,0,0,0,5,0,0,0,5,0,0,0,0,0,0,0,5,498,525.6,512,null
-3.0,609,612,0.973846496767962,0.9732985362954157,12.0,0,0,1,4,0,0,0,0,0,0,1,4,0,0,0,4,0,1,0,0,0,0,1,4,498,525.6,514,null
1.0,605,604,0.971654654877777,0.9725834014414148,8.0,0,0,0,2,0,2,1,0,0,0,2,3,0,0,0,1,0,2,2,0,0,0,2,3,498,525.6,513,null
-2.0,605,607,0.9636395720335835,0.972564826510142,8.0,0,0,2,1,0,0,2,0,0,0,0,5,0,0,0,1,0,3,1,0,0,0,3,2,498,525.6,515,null
-5.0,614,619,0.9752860539416004,0.9790939148525151,17.0,0,0,0,2,0,1,2,0,0,0,2,3,0,0,0,1,0,4,0,0,0,0,4,1,498,525.6,516,null
0.0,608,608,0.9731220744483244,0.9700107734601382,11.0,0,0,0,2,0,1,2,0,0,0,2,3,0,0,0,2,0,0,3,0,0,0,1,4,498,525.6,517,null
1.0,601,600,0.9716918047403225,0.9693606508655918,4.0,0,0,0,2,0,1,2,0,1,0,1,3,0,0,0,3,0,0,2,0,0,0,0,5,498,525.6,518,null
0.0,615,615,0.9753789285979643,0.9751838918196003,18.0,0,0,0,4,0,0,1,0,0,0,0,5,0,0,0,4,0,0,1,0,0,0,0,5,498,525.6,519,null
2.0,613,611,0.9729827624637789,0.9704101344825024,16.0,0,0,0,5,0,0,0,0,0,1,4,0,0,0,0,2,0,3,0,0,0,0,5,0,498,525.6,520,null
0.0,607,607,0.9737071847834162,0.9737071847834162,10.0,0,0,0,5,0,0,0,0,0,0,1,4,0,0,0,5,0,0,0,0,0,0,1,4,498,525.6,521,null
2.0,607,605,0.9724626643881418,0.9658964261832231,10.0,0,0,0,1,0,3,1,0,0,0,4,1,0,0,1,2,0,0,2,0,0,0,1,4,498,525.6,522,null
0.0,610,610,0.9778772568541496,0.977812244594695,13.0,0,0,0,4,0,0,1,0,0,0,0,5,0,0,0,4,0,0,1,0,0,0,0,5,498,525.6,523,null
-2.0,604,606,0.9639460583995839,0.9698807489412289,7.0,0,0,2,1,0,0,2,0,0,0,0,5,0,0,0,1,0,0,4,0,0,0,0,5,498,525.6,524,null
0.0,610,610,0.9718311167248681,0.9723047774723232,13.0,0,0,0,4,0,1,0,0,0,0,1,4,0,0,0,4,0,1,0,0,0,0,1,4,498,525.6,525,null
-8.0,600,608,0.9671966713723159,0.9751653168883275,3.0,0,0,1,0,0,2,2,0,0,0,4,1,0,0,0,2,0,3,0,0,0,0,3,2,498,525.6,526,null
1.0,602,601,0.9609740693959432,0.965227728657404,5.0,0,0,4,1,0,0,0,0,0,0,0,5,0,0,1,0,0,2,2,0,0,1,2,2,498,525.6,527,null
-1.0,606,607,0.9757504272234192,0.971459618099413,9.0,0,0,1,4,0,0,0,0,0,0,1,4,0,0,0,5,0,0,0,0,0,0,2,3,498,525.6,528,null
-2.0,597,599,0.973502860539416,0.9699457612006835,0.0,0,0,0,0,1,3,1,0,0,0,3,2,0,0,2,0,0,2,1,0,0,0,2,3,498,525.6,529,null
1.0,610,609,0.9737350471803254,0.9741529831339625,13.0,0,0,1,1,0,3,0,0,0,0,3,2,0,0,0,2,0,2,1,0,0,0,2,3,498,525.6,530,null
-1.0,610,611,0.9670109220595884,0.970029348391411,13.0,0,0,0,4,0,1,0,0,0,1,0,4,0,0,0,4,0,1,0,0,0,0,1,4,498,525.6,531,null
0.0,605,605,0.9680975555390445,0.9686548034772271,8.0,0,0,2,0,0,2,1,0,0,0,2,3,0,0,2,0,0,2,1,0,0,0,2,3,498,525.6,532,null
-2.0,610,612,0.9690355895683186,0.97562040270451,13.0,0,0,5,0,0,0,0,0,0,0,1,4,0,0,0,0,0,1,4,0,0,0,5,0,498,525.6,533,null
3.0,606,603,0.9701129355821384,0.9686362285459543,9.0,0,0,1,1,0,3,0,0,0,3,1,1,0,0,1,2,0,2,0,0,0,0,3,2,498,525.6,534,null
0.0,612,612,0.9743573073779627,0.9723976521286871,15.0,0,0,0,5,0,0,0,0,0,0,0,5,0,0,0,4,0,1,0,0,0,0,1,4,498,525.6,535,null
-6.0,611,617,0.970177947841593,0.9755646779106918,14.0,0,0,0,3,0,0,2,0,0,0,1,4,0,0,0,1,0,4,0,0,0,0,4,1,498,525.6,536,null
0.0,606,606,0.9715432052901404,0.9738186343710529,9.0,0,0,1,3,0,0,1,0,0,0,1,4,0,0,0,4,0,0,1,0,0,0,0,5,498,525.6,537,null
-2.0,606,608,0.9684133293706811,0.9685433538895905,9.0,0,0,0,4,0,1,0,0,0,0,2,3,0,0,0,3,0,2,0,0,0,0,2,3,498,525.6,538,null
1.0,603,602,0.9766977487183297,0.9773200089159669,6.0,0,0,0,1,0,4,0,0,0,2,3,0,0,0,0,1,0,1,3,0,0,1,3,1,498,525.6,539,null
1.0,610,609,0.9723140649379598,0.9717661044654136,13.0,0,0,0,4,0,0,1,0,0,0,0,5,0,0,0,3,0,1,1,0,0,0,1,4,498,525.6,540,null
1.0,610,609,0.9687105282710454,0.9745709190875994,13.0,0,0,3,0,0,1,1,0,0,0,1,4,0,0,1,1,0,2,1,0,0,0,2,3,498,525.6,541,null
-1.0,606,607,0.9752489040790548,0.9711252693365034,9.0,0,0,0,0,0,1,4,0,0,0,1,4,0,0,0,0,0,1,4,0,0,0,1,4,498,525.6,542,null
-1.0,604,605,0.9762798127646927,0.9715896426183224,7.0,0,0,0,3,0,1,1,0,0,0,4,1,0,0,1,1,0,3,0,0,0,0,4,1,498,525.6,543,null
2.0,611,609,0.9741436956683259,0.9761497882457836,14.0,0,0,0,3,0,0,2,0,0,0,2,3,0,0,0,1,0,2,2,0,0,0,2,3,498,525.6,545,null
-5.0,613,618,0.9730106248606879,0.9737350471803256,16.0,0,0,0,1,0,4,0,0,0,0,5,0,0,0,0,0,0,5,0,0,0,0,5,0,498,525.6,544,null
1.0,609,608,0.973846496767962,0.9717010922059588,12.0,0,0,0,3,0,2,0,0,0,1,1,3,0,0,0,4,0,1,0,0,0,0,1,4,498,525.6,546,null
-1.0,612,613,0.9732799613641431,0.9753975035292369,15.0,0,0,0,4,0,0,1,0,0,0,1,4,0,0,0,4,0,1,0,0,0,0,1,4,498,525.6,547,null
-2.0,608,610,0.9747473809346906,0.9743944572405082,11.0,0,0,0,1,0,1,3,0,0,0,2,3,0,0,0,3,0,1,1,0,0,0,2,3,498,525.6,548,null
1.0,609,608,0.972072590831414,0.9714410431681403,12.0,0,0,0,5,0,0,0,0,0,0,0,5,0,0,0,4,0,1,0,0,0,0,1,4,498,525.6,549,null
0.0,612,612,0.9676610446541348,0.9676610446541348,15.0,0,0,0,5,0,0,0,0,0,0,1,4,0,0,0,5,0,0,0,0,0,0,1,4,498,525.6,550,null
1.0,602,601,0.9664072367932239,0.9635281224459471,5.0,0,0,0,3,0,2,0,0,0,1,2,2,0,0,0,3,0,0,2,0,0,1,0,4,498,525.6,551,null
0.0,611,611,0.9714781930306858,0.9722304777472323,14.0,0,0,0,5,0,0,0,0,0,0,0,5,0,0,0,3,0,2,0,0,0,0,2,3,498,525.6,552,null
3.0,606,603,0.9758154394828739,0.9722211902815959,9.0,0,0,0,2,0,2,1,0,0,0,4,1,0,0,1,3,0,1,0,0,0,0,2,3,498,525.6,553,null
1.0,610,609,0.9713017311835945,0.9731777992421428,13.0,0,0,0,2,0,2,1,0,0,0,2,3,0,0,0,4,0,1,0,0,0,0,1,4,498,525.6,554,null
-1.0,607,608,0.970818782970503,0.9718496916561409,10.0,0,0,0,2,0,0,3,0,0,0,2,3,0,0,0,3,0,0,2,0,0,1,1,3,498,525.6,555,null
-3.0,604,607,0.9775243331599673,0.9798183371721525,7.0,0,0,0,3,0,1,1,0,0,0,1,4,0,0,0,3,0,2,0,0,0,0,2,3,498,525.6,556,null
0.0,606,606,0.9745151942937811,0.9741808455308715,9.0,0,0,0,3,0,1,1,0,0,1,1,3,0,0,0,3,0,1,1,0,0,1,1,3,498,525.6,557,null
-3.0,614,617,0.9771063972063304,0.9758061520172375,17.0,0,0,0,3,0,2,0,0,0,0,5,0,0,0,0,4,0,1,0,0,0,0,5,0,498,525.6,558,null
-1.0,608,609,0.9692584887435918,0.971431755702504,11.0,0,0,1,2,0,2,0,0,0,1,3,1,0,0,0,1,0,4,0,0,0,1,4,0,498,525.6,560,null
0.0,611,611,0.9753603536666914,0.9747009436065086,14.0,0,0,0,0,0,5,0,0,0,0,5,0,0,0,0,0,0,5,0,0,0,0,5,0,498,525.6,559,null
0.0,609,609,0.970670183520321,0.9711159818708671,12.0,0,0,0,4,0,0,1,0,0,0,0,5,0,0,0,5,0,0,0,0,0,0,0,5,498,525.6,561,null
-2.0,608,610,0.973874359164871,0.9748031057285087,11.0,0,0,3,1,0,1,0,0,0,0,1,4,0,0,0,0,0,2,3,0,0,0,2,3,498,525.6,562,null
-1.0,613,614,0.9723419273348689,0.9691191767590459,16.0,0,0,0,1,0,3,1,0,0,0,3,2,0,0,0,0,0,4,1,0,0,0,5,0,498,525.6,563,null
2.0,610,608,0.9743015825841445,0.9709209450925032,13.0,0,0,3,2,0,0,0,0,0,0,3,2,0,0,1,4,0,0,0,0,0,0,1,4,498,525.6,564,null
-3.0,601,604,0.9741715580652351,0.9739765212868713,4.0,0,0,1,2,0,1,1,0,0,0,1,4,0,0,0,2,0,1,2,0,0,0,1,4,498,525.6,565,null
1.0,608,607,0.9771342596032394,0.9740601084775986,11.0,0,0,3,2,0,0,0,0,0,0,0,5,0,0,0,4,0,0,1,0,0,0,0,5,498,525.6,566,null
0.0,607,607,0.9654413403670407,0.969760011887956,10.0,0,0,0,3,0,1,1,0,0,0,3,2,0,0,0,5,0,0,0,0,0,0,1,4,498,525.6,567,null
-6.0,611,617,0.9740786834088713,0.9765212868712386,14.0,0,0,0,1,0,0,4,0,0,0,1,4,0,0,0,0,0,5,0,0,0,0,5,0,498,525.6,568,null
1.0,615,614,0.9728155880823242,0.9725462515788692,18.0,0,0,0,5,0,0,0,0,0,0,0,5,0,0,0,4,0,0,1,0,0,0,1,4,498,525.6,569,null
-1.0,603,604,0.9740508210119623,0.9725369641132328,6.0,0,0,2,1,0,0,2,0,0,0,0,5,0,0,0,0,0,1,4,0,0,0,1,4,498,525.6,570,null
0.0,610,610,0.9696299873690467,0.9703915595512296,13.0,0,0,0,4,0,1,0,0,0,0,1,4,0,0,0,4,0,1,0,0,0,0,1,4,498,525.6,572,null
0.0,609,609,0.9707630581766847,0.9710695445426852,12.0,0,0,0,2,0,0,3,0,0,0,1,4,0,0,0,2,0,0,3,0,0,0,1,4,498,525.6,571,null
0.0,609,609,0.9706423211234118,0.9728713128761424,12.0,0,0,1,2,0,2,0,0,0,0,2,3,0,0,0,1,0,3,1,0,0,0,3,2,498,525.6,573,null
3.0,608,605,0.9746359313470541,0.975128167025782,11.0,0,0,0,5,0,0,0,0,0,0,0,5,0,0,0,3,0,1,1,0,0,0,1,4,498,525.6,574,null
-1.0,609,610,0.9722954900066869,0.9769206478936028,12.0,0,0,1,1,0,3,0,0,0,0,3,2,0,0,0,3,0,2,0,0,0,0,2,3,498,525.6,575,null
-1.0,605,606,0.9741065458057805,0.9739115090274166,8.0,0,0,0,0,0,0,5,0,0,0,0,5,0,0,0,0,0,0,5,0,0,0,0,5,498,525.6,576,null
0.0,610,610,0.9738650716992346,0.9738186343710529,13.0,0,0,0,4,0,0,1,0,0,0,0,5,0,0,0,2,0,0,3,0,0,0,0,5,498,525.6,577,null
-1.0,610,611,0.9734564232112342,0.972964187532506,13.0,0,0,0,5,0,0,0,0,0,0,0,5,0,0,0,4,0,1,0,0,0,0,1,4,498,525.6,578,null
-3.0,605,608,0.9657664016643139,0.969193476484137,8.0,0,0,1,4,0,0,0,0,0,0,0,5,0,0,0,4,0,0,1,0,0,0,1,4,498,525.6,579,null
2.0,615,613,0.9727877256854149,0.9755275280481462,18.0,0,0,0,0,0,1,4,0,0,0,1,4,0,0,0,0,0,3,2,0,0,0,3,2,498,525.6,580,null
-1.0,606,607,0.9669830596626792,0.9732242365703246,9.0,0,0,2,2,0,1,0,0,0,1,2,2,0,0,0,2,0,2,1,0,0,0,3,2,498,525.6,581,null
0.0,617,617,0.9756018277732372,0.9756389776357826,20.0,0,0,0,4,0,1,0,0,0,0,1,4,0,0,0,5,0,0,0,0,0,1,0,4,498,525.6,582,null
-1.0,608,609,0.9655527899546772,0.9636209971023106,11.0,0,0,0,4,0,0,1,0,0,0,3,2,0,0,0,2,0,0,3,0,0,0,2,3,498,525.6,583,null
0.0,610,610,0.9676703321197713,0.9722304777472323,13.0,0,0,0,2,0,3,0,0,0,0,3,2,0,0,0,4,0,1,0,0,0,0,1,4,498,525.6,584,null
0.0,617,617,0.9665186863808604,0.9728620254105059,20.0,0,0,0,4,0,1,0,0,0,0,1,4,0,0,0,5,0,0,0,0,0,0,0,5,498,525.6,585,null
-2.0,615,617,0.9782951928077865,0.9768834980310572,18.0,0,0,0,0,0,4,1,0,0,0,5,0,0,0,0,0,0,5,0,0,0,0,5,0,498,525.6,586,null
-1.0,616,617,0.9723419273348689,0.9721933278846868,19.0,0,0,0,4,0,0,1,0,0,0,0,5,0,0,0,4,0,0,1,0,0,0,0,5,498,525.6,588,null
-1.0,611,612,0.98000408648488,0.9823352403596106,14.0,0,0,0,1,0,4,0,0,0,0,4,1,0,0,0,0,0,3,2,0,0,0,4,1,498,525.6,587,null
-1.0,610,611,0.9677724942417714,0.9764748495430566,13.0,0,0,3,1,0,0,1,0,0,0,0,5,0,0,0,2,0,2,1,0,0,0,2,3,498,525.6,589,null
-4.0,607,611,0.9685433538895906,0.973084924585779,10.0,0,0,1,4,0,0,0,0,1,0,0,4,0,0,0,5,0,0,0,0,0,0,0,5,498,525.6,590,null
-3.0,610,613,0.9695928375065013,0.9759083141392376,13.0,0,0,1,2,0,2,0,0,0,0,3,2,0,0,0,1,0,3,1,0,0,0,3,2,498,525.6,591,null
0.0,608,608,0.9752860539416005,0.9749888550412363,11.0,0,0,0,4,0,1,0,0,0,3,1,1,0,0,0,3,0,1,1,0,0,2,2,1,498,525.6,592,null
1.0,612,611,0.9760104762612378,0.9741344082026896,15.0,0,0,4,0,1,0,0,0,0,0,1,4,0,0,0,0,0,0,5,0,0,0,0,5,498,525.6,593,null
-4.0,603,607,0.9626643881417639,0.970744483245412,6.0,0,0,1,2,0,1,1,0,0,0,2,3,0,0,0,2,0,3,0,0,0,0,3,2,498,525.6,594,null
-1.0,608,609,0.9712088565272309,0.9694628129875918,11.0,0,0,0,2,0,2,1,0,0,1,3,1,0,0,0,2,0,3,0,0,0,1,3,1,498,525.6,595,null
-1.0,610,611,0.9715060554275949,0.973038487257597,13.0,0,0,0,3,0,0,2,0,0,0,0,5,0,0,0,4,0,1,0,0,0,0,1,4,498,525.6,596,null
1.0,607,606,0.9737536221115981,0.9749238427817818,10.0,0,0,0,3,0,1,1,0,0,0,1,4,0,0,0,1,0,3,1,0,0,0,3,2,498,525.6,597,null
-1.0,603,604,0.9665558362434058,0.9698807489412289,6.0,0,0,1,2,0,1,1,0,0,0,2,3,0,0,0,2,0,1,2,0,0,0,2,3,498,525.6,598,null
-5.0,596,601,0.9660543130990417,0.9687755405305001,-1.0,0,0,3,0,2,0,0,0,0,0,0,5,0,0,2,2,0,0,1,0,0,0,2,3,498,525.6,599,null
0.0,605,605,0.9747752433315998,0.9747752433315998,8.0,0,0,0,5,0,0,0,0,0,0,1,4,0,0,0,5,0,0,0,0,0,0,1,4,498,525.6,600,null
-1.0,605,606,0.9711902815959581,0.9709116576268668,8.0,0,0,0,1,0,0,4,0,0,0,1,4,0,0,0,1,0,0,4,0,0,0,0,5,498,525.6,601,null
0.0,605,605,0.9747473809346906,0.9748031057285087,8.0,0,0,4,0,0,0,1,0,0,0,1,4,0,0,4,0,0,0,1,0,0,0,0,5,498,525.6,602,null
-5.0,596,601,0.9669644847314065,0.9715153428932313,-1.0,0,0,0,0,1,2,2,0,0,3,0,2,0,0,0,0,0,2,3,0,0,0,4,1,498,525.6,603,null
-1.0,606,607,0.9708002080392302,0.9700107734601382,9.0,0,0,0,3,1,1,0,0,0,0,2,3,0,0,1,3,0,1,0,0,0,0,1,4,498,525.6,604,null
0.0,604,604,0.9657849765955865,0.9645125938034029,7.0,0,0,2,3,0,0,0,0,0,0,0,5,0,0,1,1,0,3,0,0,0,0,3,2,498,525.6,605,null
-1.0,612,613,0.9737536221115981,0.9734935730737796,15.0,0,0,0,2,0,2,1,0,0,0,4,1,0,0,0,4,0,1,0,0,0,0,4,1,498,525.6,606,null
1.0,608,607,0.9700943606508655,0.9714131807712312,11.0,0,0,0,1,0,3,1,0,0,0,4,1,0,0,0,3,0,1,1,0,0,0,3,2,498,525.6,607,null
0.0,612,612,0.9719982911063229,0.9719982911063229,15.0,0,0,0,5,0,0,0,0,0,0,0,5,0,0,0,5,0,0,0,0,0,0,0,5,498,525.6,608,null
-5.0,609,614,0.9738186343710529,0.9783694925328776,12.0,0,0,0,4,0,1,0,0,0,0,1,4,0,0,0,2,0,3,0,0,0,0,3,2,498,525.6,609,null
-8.0,610,618,0.9782116056170592,0.9827067389850658,13.0,0,0,0,0,0,3,2,0,0,0,4,1,0,0,0,0,0,5,0,0,0,0,5,0,498,525.6,610,null
4.0,600,596,0.9761219258488744,0.9700107734601382,3.0,0,0,2,1,0,2,0,0,0,0,2,3,0,0,0,3,1,1,0,0,0,0,1,4,498,525.6,611,null
-3.0,605,608,0.9674102830819525,0.9711809941303217,8.0,0,0,1,3,0,1,0,0,0,1,3,1,0,0,0,1,0,3,1,0,0,0,4,1,498,525.6,612,null
0.0,605,605,0.9573240954008471,0.9726205513039602,8.0,0,0,0,2,0,1,2,0,0,1,1,3,0,0,1,3,0,0,1,0,0,0,0,5,498,525.6,613,null
-4.0,613,617,0.9779794189761498,0.9733171112266884,16.0,0,0,0,1,0,2,2,0,0,1,3,1,0,0,0,1,0,0,4,0,0,0,2,3,498,525.6,614,null
6.0,608,602,0.9784159298610595,0.9746080689501448,11.0,0,0,0,0,0,5,0,0,0,0,5,0,0,0,0,3,0,0,2,0,0,1,2,2,498,525.6,615,null
0.0,612,612,0.9742272828590535,0.9769577977561483,15.0,0,0,1,4,0,0,0,0,0,0,0,5,0,0,0,5,0,0,0,0,0,0,0,5,498,525.6,616,null
0.0,602,602,0.9687848279961364,0.9755275280481462,5.0,0,0,0,3,0,1,1,0,0,0,2,3,0,0,1,2,0,1,1,0,0,0,2,3,498,525.6,617,null
0.0,614,614,0.9706794709859573,0.9699921985288654,17.0,0,0,0,0,0,0,5,0,0,0,1,4,0,0,0,0,0,1,4,0,0,0,1,4,498,525.6,618,null
1.0,608,607,0.9691098892934097,0.9699086113381381,11.0,0,0,0,2,0,0,3,0,0,0,0,5,0,0,0,2,0,1,2,0,0,0,1,4,498,525.6,619,null
-1.0,606,607,0.9720168660375956,0.971608217549595,9.0,0,0,0,4,0,0,1,0,0,0,0,5,0,0,0,5,0,0,0,0,0,0,0,5,498,525.6,620,null
-1.0,613,614,0.9734842856081433,0.9759547514674196,16.0,0,0,1,3,0,1,0,0,0,1,0,4,0,0,0,3,0,1,1,0,0,0,1,4,498,525.6,621,null
-1.0,604,605,0.9738650716992348,0.9730942120514153,7.0,0,0,0,1,0,3,1,0,0,2,2,1,0,0,0,1,0,0,4,0,0,0,1,4,498,525.6,622,null
-4.0,611,615,0.9749702801099636,0.9694442380563192,14.0,0,0,1,2,0,0,2,0,0,0,0,5,0,0,0,2,0,2,1,0,0,0,4,1,498,525.6,623,null
-4.0,605,609,0.9676331822572257,0.9804591723010624,8.0,0,0,0,4,0,1,0,1,0,0,1,3,0,0,0,2,0,2,1,0,0,0,2,3,498,525.6,624,null
1.0,608,607,0.9738279218366892,0.97433873244669,11.0,0,0,0,5,0,0,0,0,0,0,4,1,0,0,0,2,0,3,0,0,0,0,4,1,498,525.6,625,null
-2.0,613,615,0.970177947841593,0.9727877256854149,16.0,0,0,0,3,0,2,0,0,0,0,2,3,0,0,0,4,0,0,1,0,0,0,0,5,498,525.6,626,null
0.0,612,612,0.9684040419050449,0.9680325432795898,15.0,0,0,0,4,0,0,1,0,0,0,1,4,0,0,0,2,0,0,3,0,0,0,1,4,498,525.6,627,null
0.0,607,607,0.9641596701092205,0.9675031577383164,10.0,0,0,0,0,1,0,4,0,1,1,3,0,0,0,0,1,0,2,2,0,0,0,4,1,498,525.6,628,null
2.0,607,605,0.973651459989598,0.9713760309086856,10.0,0,0,0,5,0,0,0,0,0,0,0,5,0,0,1,2,0,2,0,0,0,0,2,3,498,525.6,629,null
0.0,614,614,0.9728063006166877,0.9715524927557768,17.0,0,0,0,5,0,0,0,0,0,0,1,4,0,0,0,3,0,2,0,0,0,0,3,2,498,525.6,630,null
-3.0,612,615,0.9749609926443272,0.9764934244743295,15.0,0,0,0,4,0,1,0,0,0,0,3,2,0,0,0,1,0,4,0,0,0,0,5,0,498,525.6,631,null
-1.0,607,608,0.9716918047403225,0.9736793223865072,10.0,0,0,1,1,0,1,2,0,0,0,1,4,0,0,2,0,0,0,3,0,0,0,0,5,498,525.6,632,null
-1.0,604,605,0.9742458577903261,0.9744408945686902,7.0,0,0,0,3,0,2,0,0,0,0,2,3,0,0,0,4,0,1,0,0,0,0,1,4,498,525.6,633,null
0.0,604,604,0.9688684151868637,0.9757318522921465,7.0,0,0,0,3,0,2,0,0,1,1,2,1,0,0,2,2,0,1,0,0,0,0,2,3,498,525.6,634,null
-2.0,607,609,0.965004829482131,0.9694999628501375,10.0,0,0,2,0,0,3,0,0,0,0,3,2,0,0,1,0,0,4,0,0,0,0,4,1,498,525.6,635,null
1.0,612,611,0.9756761274983282,0.9732613864328701,15.0,0,0,0,4,0,1,0,0,0,0,3,2,0,0,0,4,0,0,1,0,0,0,2,3,498,525.6,636,null
-2.0,619,621,0.9767348985808753,0.9784716546548778,22.0,0,0,0,1,0,3,1,0,0,0,4,1,0,0,0,1,0,4,0,0,0,0,4,1,498,525.6,637,null
1.0,610,609,0.9782859053421501,0.9804870346979716,13.0,0,0,0,2,0,3,0,0,0,2,2,1,0,0,0,3,0,2,0,0,0,1,2,2,498,525.6,639,null
-1.0,608,609,0.9695092503157738,0.9716918047403225,11.0,0,0,0,1,0,0,4,0,0,0,1,4,0,0,0,1,0,0,4,0,0,0,0,5,498,525.6,638,null
0.0,610,610,0.9731313619139609,0.976753473512148,13.0,0,0,0,5,0,0,0,0,0,0,1,4,0,0,0,4,0,1,0,0,0,0,2,3,498,525.6,640,null
0.0,606,606,0.971208856527231,0.971208856527231,9.0,0,0,0,5,0,0,0,0,0,0,1,4,0,0,0,5,0,0,0,0,0,0,1,4,498,525.6,641,null
0.0,613,613,0.9673824206850434,0.9701965227728657,16.0,0,0,0,5,0,0,0,0,0,0,3,2,0,0,0,2,0,3,0,0,0,0,4,1,498,525.6,642,null
4.0,602,598,0.967001634593952,0.9657199643361319,5.0,0,0,0,4,0,0,1,0,1,0,1,3,0,0,2,2,0,0,1,0,0,0,0,5,498,525.6,644,null
0.0,611,611,0.9718404041905044,0.9754903781856007,14.0,0,0,0,2,0,1,2,0,0,0,3,2,0,0,0,2,0,1,2,0,0,0,3,2,498,525.6,643,null
-5.0,610,615,0.9758340144141467,0.9764934244743294,13.0,0,0,0,4,0,1,0,0,0,0,4,1,0,0,0,1,0,4,0,0,0,0,5,0,498,525.6,645,null
6.0,611,605,0.9749609926443271,0.9738557842335984,14.0,0,0,0,0,0,5,0,0,0,1,4,0,0,0,0,0,0,3,2,0,0,0,3,2,498,525.6,646,null
0.0,602,602,0.9708652202986848,0.973846496767962,5.0,0,0,0,4,0,0,1,0,0,1,0,4,0,0,0,3,0,1,1,0,0,0,1,4,498,525.6,647,null
0.0,614,614,0.9663886618619509,0.9706051712608663,17.0,0,0,0,4,0,1,0,0,0,0,2,3,0,0,0,5,0,0,0,0,0,0,1,4,498,525.6,648,null
-2.0,610,612,0.9689427149119549,0.9739393714243257,13.0,0,0,2,3,0,0,0,0,0,0,0,5,0,0,0,4,0,0,1,0,0,0,0,5,498,525.6,649,null
-1.0,609,610,0.9709952448175941,0.969639274834683,12.0,0,0,1,0,0,0,4,0,0,0,0,5,0,0,0,0,0,1,4,0,0,0,1,4,498,525.6,651,null
2.0,603,601,0.9730477747232336,0.9724719518537781,6.0,0,0,0,5,0,0,0,0,0,0,0,5,0,0,0,3,0,1,1,0,0,0,1,4,498,525.6,650,null
4.0,615,611,0.9704287094137752,0.9750445798350547,18.0,0,0,1,0,0,3,1,0,1,1,1,2,0,0,1,1,0,2,1,0,0,0,2,3,498,525.6,652,null
2.0,610,608,0.9723883646630508,0.9683390296455904,13.0,0,0,0,5,0,0,0,0,0,0,0,5,0,0,0,4,0,0,1,0,0,0,1,4,498,525.6,653,null
-8.0,615,623,0.9774964707630581,0.9774407459692399,18.0,0,0,0,3,0,1,1,0,0,0,5,0,0,0,0,0,0,5,0,0,0,0,5,0,498,525.6,654,null
-3.0,609,612,0.9796976001188795,0.9767627609777844,12.0,0,0,1,1,0,3,0,0,0,1,3,1,0,0,0,1,0,4,0,0,0,0,5,0,498,525.6,655,null
-3.0,603,606,0.9723140649379598,0.9736978973177799,6.0,0,0,0,0,1,4,0,0,0,1,4,0,0,0,1,1,0,3,0,0,0,0,3,2,498,525.6,656,null
1.0,604,603,0.9755646779106918,0.9740415335463258,7.0,0,0,0,4,0,0,1,0,0,3,1,1,0,0,0,1,0,2,2,0,0,0,4,1,498,525.6,657,null
1.0,612,611,0.9751838918196002,0.9769856601530574,15.0,0,0,0,2,0,2,1,0,0,0,2,3,0,0,0,1,0,3,1,0,0,0,3,2,498,525.6,658,null
2.0,617,615,0.9710695445426851,0.9695092503157738,20.0,0,0,0,4,0,1,0,0,0,0,5,0,0,0,0,4,0,1,0,0,0,0,5,0,498,525.6,659,null
0.0,612,612,0.9791310647150604,0.9773385838472397,15.0,0,0,0,3,0,2,0,0,0,0,2,3,0,0,0,4,0,1,0,0,0,0,1,4,498,525.6,660,null
0.0,614,614,0.9725926889070511,0.9725926889070511,17.0,0,0,0,5,0,0,0,0,0,0,4,1,0,0,0,5,0,0,0,0,0,0,4,1,498,525.6,661,null
-4.0,607,611,0.973846496767962,0.9737164722490527,10.0,0,0,0,1,0,1,3,0,0,1,0,4,0,0,0,0,0,0,5,0,0,0,0,5,498,525.6,662,null
-9.0,603,612,0.9657292518017683,0.9729549000668698,6.0,0,0,1,3,1,0,0,0,1,0,1,3,0,0,0,1,0,3,1,0,0,0,4,1,498,525.6,663,null
0.0,606,606,0.9762891002303291,0.9785088045174233,9.0,0,0,1,2,0,2,0,0,0,0,2,3,0,0,0,0,0,4,1,0,0,0,4,1,498,525.6,664,null
2.0,606,604,0.976186938108329,0.9734285608143249,9.0,0,0,0,4,0,1,0,0,0,1,4,0,0,0,0,3,0,2,0,0,0,0,2,3,498,525.6,665,null
0.0,607,607,0.9722676276097778,0.9711066944052307,10.0,0,0,0,4,0,0,1,0,0,0,2,3,0,0,0,4,0,1,0,0,0,0,2,3,498,525.6,666,null
6.0,610,604,0.9767441860465116,0.972592688907051,13.0,0,0,0,1,0,3,1,0,0,0,3,2,0,0,1,1,0,0,3,0,0,0,0,5,498,525.6,667,null
-3.0,603,606,0.9707723456423212,0.9740136711494167,6.0,0,0,1,1,0,0,3,0,0,0,0,5,0,0,0,0,0,2,3,0,0,0,2,3,498,525.6,668,null
1.0,612,611,0.9751931792852366,0.9750074299725091,15.0,0,0,0,5,0,0,0,0,0,0,1,4,0,0,0,4,0,0,1,0,0,0,0,5,498,525.6,669,null
0.0,610,610,0.9692770636748644,0.9685805037521362,13.0,0,0,0,3,0,2,0,0,0,0,3,2,0,0,0,3,0,2,0,0,0,0,3,2,498,525.6,671,null
0.0,608,608,0.9736700349208708,0.9711531317334126,11.0,0,0,0,2,0,2,1,0,0,0,2,3,0,0,0,2,0,2,1,0,0,0,2,3,498,525.6,670,null
-2.0,609,611,0.9774221710379671,0.9775707704881492,12.0,0,0,0,2,0,1,2,0,0,0,1,4,0,0,0,0,0,3,2,0,0,0,3,2,498,525.6,673,null
0.0,615,615,0.9794468385466973,0.9752860539416003,18.0,0,0,0,1,0,4,0,0,0,0,4,1,0,0,0,1,0,3,1,0,0,0,4,1,498,525.6,672,null
4.0,600,596,0.9661564752210418,0.9658221264581321,3.0,0,0,3,0,2,0,0,0,0,0,0,5,0,0,2,2,1,0,0,0,0,0,0,5,498,525.6,675,null
-1.0,616,617,0.977050672412512,0.9787038412957871,19.0,0,0,0,4,0,1,0,0,0,0,1,4,0,0,0,3,0,2,0,0,0,0,2,3,498,525.6,674,null
-1.0,610,611,0.9774314585036035,0.9783416301359686,13.0,0,0,0,1,0,2,2,0,0,0,3,2,0,0,0,1,0,1,3,0,0,0,1,4,498,525.6,676,null
-2.0,602,604,0.9684690541644997,0.9638531837432202,5.0,0,0,1,2,0,0,2,0,0,0,2,3,0,0,3,1,0,1,0,0,0,0,2,3,498,525.6,678,null
1.0,609,608,0.9715246303588676,0.9735492978675978,12.0,0,0,0,4,0,0,1,0,0,1,0,4,0,0,1,2,0,0,2,0,0,0,0,5,498,525.6,679,null
-1.0,606,607,0.9689334274463185,0.9710416821457759,9.0,0,0,0,1,0,1,3,0,0,0,1,4,0,0,0,1,0,2,2,0,0,0,2,3,498,525.6,677,null
-3.0,604,607,0.979168214577606,0.981211457017609,7.0,0,0,0,1,0,3,1,0,0,0,3,2,0,0,0,0,0,4,1,0,0,0,4,1,498,525.6,680,null
-2.0,605,607,0.9757504272234192,0.97562040270451,8.0,0,0,0,2,0,3,0,0,0,0,5,0,0,0,0,2,0,3,0,0,0,0,5,0,498,525.6,681,null
0.0,613,613,0.9750167174381454,0.9757875770859648,16.0,0,0,0,4,0,1,0,0,0,0,2,3,0,0,0,2,0,3,0,0,0,0,3,2,498,525.6,682,null
1.0,606,605,0.9722769150754144,0.970177947841593,9.0,0,0,1,3,0,1,0,0,0,0,1,4,0,0,0,5,0,0,0,0,0,0,1,4,498,525.6,683,null
-2.0,606,608,0.9728620254105059,0.9755182405825098,9.0,0,0,0,4,0,0,1,0,1,0,3,1,0,0,0,4,0,1,0,0,1,0,3,1,498,525.6,684,null
0.0,613,613,0.9721840404190505,0.9721840404190505,16.0,0,0,0,5,0,0,0,0,0,0,0,5,0,0,0,5,0,0,0,0,0,0,0,5,498,525.6,685,null
-5.0,595,600,0.968821977858682,0.966017163236496,-2.0,0,0,0,2,2,1,0,0,0,0,1,4,0,0,3,1,0,1,0,0,0,0,1,4,498,525.6,686,null
0.0,610,610,0.977347871312876,0.97754290809124,13.0,0,0,0,1,0,1,3,0,0,2,1,2,0,0,0,1,0,1,3,0,0,0,1,4,498,525.6,687,null
0.0,606,606,0.950302771379746,0.9700757857195927,9.0,0,0,1,3,0,0,1,0,1,0,0,4,0,0,0,4,0,0,1,0,0,0,0,5,498,525.6,689,null
-2.0,601,603,0.9603332342670332,0.9733263986923247,4.0,0,0,1,1,2,1,0,0,0,0,1,4,0,0,0,1,0,1,3,0,0,0,4,1,498,525.6,688,null
2.0,609,607,0.9597666988632142,0.9741529831339624,12.0,0,0,0,1,1,0,3,0,0,1,0,4,0,0,0,2,0,2,1,0,0,0,2,3,498,525.6,690,null
-2.0,606,608,0.9673266958912252,0.9706330336577755,9.0,0,0,1,4,0,0,0,0,0,0,0,5,0,0,0,5,0,0,0,0,0,0,0,5,498,525.6,691,null
3.0,611,608,0.9765119994056023,0.9753417787354186,14.0,0,0,0,1,0,4,0,0,0,0,4,1,0,0,1,2,0,2,0,0,0,0,2,3,498,525.6,692,null
0.0,611,611,0.9699271862694107,0.9700386358570472,14.0,0,0,0,4,0,0,1,0,0,0,1,4,0,0,0,5,0,0,0,0,0,0,1,4,498,525.6,693,null
-2.0,598,600,0.9613362805557619,0.9684319043019539,1.0,0,0,1,1,2,0,1,0,0,0,1,4,0,0,0,0,2,1,2,0,0,0,1,4,498,525.6,694,null
-6.0,609,615,0.9792610892339697,0.9784159298610595,12.0,0,0,0,1,0,3,1,0,0,0,3,2,0,0,0,0,0,5,0,0,0,0,5,0,498,525.6,695,null
1.0,615,614,0.9768091983059662,0.9756111152388737,18.0,0,0,0,4,0,0,1,0,0,0,1,4,0,0,0,5,0,0,0,0,0,0,0,5,498,525.6,696,null
1.0,602,601,0.9645125938034029,0.9574541199197563,5.0,0,0,1,2,0,1,1,0,0,0,3,2,0,0,3,0,0,0,2,0,0,0,1,4,498,525.6,698,null
-3.0,600,603,0.9662029125492235,0.9696764246972286,3.0,0,0,0,3,0,0,2,0,0,1,1,3,0,0,0,3,0,0,2,0,0,0,0,5,498,525.6,697,null
-3.0,599,602,0.9645125938034029,0.9759454640017833,2.0,0,0,2,0,0,2,1,1,0,0,1,3,0,0,1,0,0,2,2,0,0,0,2,3,498,525.6,699,null
0.0,610,610,0.9690634519652277,0.9690634519652277,13.0,0,0,0,5,0,0,0,0,0,0,1,4,0,0,0,5,0,0,0,0,0,0,1,4,498,525.6,700,null
0.0,608,608,0.9750445798350547,0.9776915075414221,11.0,0,0,1,0,0,2,2,0,0,1,1,3,0,0,0,0,0,2,3,0,0,0,2,3,498,525.6,701,null
1.0,607,606,0.9744594694999629,0.9737907719741437,10.0,0,0,0,5,0,0,0,0,0,0,0,5,0,0,0,4,0,0,1,0,0,0,1,4,498,525.6,702,null
0.0,611,611,0.9675495950664984,0.9693513633999554,14.0,0,0,0,0,0,3,2,0,0,4,1,0,0,0,0,0,0,0,5,0,0,0,4,1,498,525.6,703,null
8.0,609,601,0.9707259083141393,0.9729456126012334,12.0,0,0,4,0,0,1,0,0,0,0,1,4,0,0,1,2,0,1,1,0,0,0,2,3,498,525.6,704,null
1.0,607,606,0.9728991752730515,0.9738000594397801,10.0,0,0,4,1,0,0,0,0,0,0,0,5,0,0,0,1,0,0,4,0,0,0,1,4,498,525.6,705,null
0.0,608,608,0.9699271862694108,0.9722769150754141,11.0,0,0,0,5,0,0,0,0,0,1,0,4,0,0,0,3,0,1,1,0,0,0,1,4,498,525.6,706,null
1.0,605,604,0.9667322980904971,0.9670109220595883,8.0,0,0,0,3,0,0,2,0,0,1,0,4,0,0,0,4,0,0,1,0,0,1,0,4,498,525.6,708,null
1.0,607,606,0.9742551452559626,0.9739300839586893,10.0,0,0,1,4,0,0,0,0,0,0,1,4,0,0,0,4,0,0,1,0,0,0,1,4,498,525.6,709,null
1.0,616,615,0.9734192733486886,0.9747659558659632,19.0,0,0,0,3,0,1,1,0,0,0,4,1,0,0,0,3,0,1,1,0,0,0,4,1,498,525.6,707,null
-2.0,611,613,0.9719611412437773,0.9721283156252322,14.0,0,0,0,4,0,0,1,0,0,0,0,5,0,0,0,5,0,0,0,0,0,0,0,5,498,525.6,710,null
-2.0,612,614,0.9732520989672339,0.9734378482799614,15.0,0,0,0,2,0,1,2,0,0,0,3,2,0,0,0,2,0,3,0,0,0,0,4,1,498,525.6,711,null
4.0,607,603,0.9663422245337692,0.9651905787948585,10.0,0,0,4,0,0,0,1,0,0,0,0,5,0,0,2,0,0,1,2,0,0,0,2,3,498,525.6,712,null
1.0,611,610,0.9738000594397801,0.9724162270599598,14.0,0,0,0,3,0,2,0,0,0,0,3,2,0,0,0,3,0,2,0,0,0,0,3,2,498,525.6,713,null
-1.0,610,611,0.9713760309086855,0.9719332788468682,13.0,0,0,0,1,0,2,2,0,0,0,4,1,0,0,0,1,0,2,2,0,0,0,4,1,498,525.6,714,null
-2.0,611,613,0.9763448250241473,0.9772549966565124,14.0,0,0,0,1,0,3,1,0,0,3,1,1,0,0,0,1,0,4,0,0,0,0,4,1,498,525.6,715,null
1.0,608,607,0.9717010922059589,0.973279961364143,11.0,0,0,0,1,0,4,0,0,0,0,4,1,0,0,0,1,0,4,0,0,0,0,4,1,498,525.6,716,null
-3.0,604,607,0.9745523441563265,0.9751467419570548,7.0,0,0,2,2,0,0,1,0,0,0,0,5,0,0,0,3,0,0,2,0,0,0,0,5,498,525.6,718,null
-1.0,611,612,0.9735307229363251,0.9727784382197785,14.0,0,0,0,0,0,4,1,0,0,0,4,1,0,0,0,0,0,4,1,0,0,0,4,1,498,525.6,717,null
-7.0,615,622,0.973605022661416,0.9779144067166952,18.0,0,0,0,4,0,1,0,0,0,0,2,3,0,0,0,2,0,3,0,0,0,0,3,2,498,525.6,719,null
1.0,607,606,0.9699921985288654,0.9733914109517794,10.0,0,0,0,2,0,3,0,0,0,0,3,2,0,0,0,0,0,4,1,0,0,0,4,1,498,525.6,720,null
0.0,607,607,0.9713017311835946,0.9708652202986849,10.0,0,0,0,3,0,0,2,0,0,1,0,4,0,0,0,4,0,1,0,0,0,0,1,4,498,525.6,721,null
-1.0,613,614,0.9754346533917824,0.9772364217252396,16.0,0,0,0,2,0,3,0,0,0,0,4,1,0,0,0,1,0,4,0,0,0,0,4,1,498,525.6,722,null
2.0,612,610,0.9770320974812393,0.9771806969314214,15.0,0,0,0,2,0,3,0,0,0,0,5,0,0,0,0,2,0,3,0,0,0,0,5,0,498,525.6,723,null
-1.0,604,605,0.9673731332194071,0.9711902815959581,7.0,0,0,0,1,0,2,2,0,0,1,1,3,0,0,0,2,0,1,2,0,0,0,1,4,498,525.6,724,null
0.0,608,608,0.9640482205215841,0.9672431087004978,11.0,0,0,1,2,0,0,2,0,0,0,0,5,0,0,0,4,0,1,0,0,0,0,1,4,498,525.6,725,null
-4.0,600,604,0.9601846348168512,0.9766141615276024,3.0,0,0,1,3,0,1,0,0,0,0,1,4,0,0,0,0,0,2,3,0,0,0,4,1,498,525.6,726,null
-13.0,600,613,0.968431904301954,0.9763633999554202,3.0,0,0,1,2,0,2,0,0,0,0,4,1,0,0,0,0,0,5,0,0,0,0,5,0,498,525.6,727,null
-6.0,606,612,0.9751653168883275,0.9757597146890556,9.0,0,0,1,2,0,1,1,0,0,0,2,3,0,0,0,0,0,4,1,0,0,0,4,1,498,525.6,728,null
1.0,605,604,0.9718589791217772,0.9710509696114125,8.0,0,0,0,4,0,0,1,0,0,0,1,4,0,0,0,4,0,1,0,0,0,0,2,3,498,525.6,729,null
-2.0,601,603,0.966685860762315,0.9742458577903261,4.0,0,0,0,1,1,1,2,0,0,0,1,4,0,0,1,1,0,0,3,0,0,0,0,5,498,525.6,730,null
-2.0,607,609,0.9802084107288803,0.9826045768630657,10.0,0,0,0,0,0,4,1,0,0,0,5,0,0,0,0,0,0,4,1,0,0,0,4,1,498,525.6,731,null
0.0,608,608,0.9708094955048666,0.9708094955048666,11.0,0,0,0,5,0,0,0,0,0,0,4,1,0,0,0,5,0,0,0,0,0,0,4,1,498,525.6,732,null
0.0,604,604,0.9656735270079502,0.9662493498774055,7.0,0,0,2,1,0,1,1,0,0,1,1,3,0,0,1,0,0,1,3,0,0,0,1,4,498,525.6,733,null
1.0,612,611,0.9742458577903262,0.9742272828590535,15.0,0,0,0,1,0,0,4,0,0,0,0,5,0,0,0,2,0,0,3,0,0,0,0,5,498,525.6,735,null
2.0,609,607,0.9722676276097779,0.9709209450925032,12.0,0,0,0,2,0,2,1,0,0,0,2,3,0,0,0,3,0,1,1,0,0,1,1,3,498,525.6,734,null
-4.0,601,605,0.9780258563043316,0.9761033509176017,4.0,0,0,0,1,1,2,1,0,0,2,3,0,0,0,0,1,0,4,0,0,0,1,4,0,498,525.6,736,null
1.0,607,606,0.9691841890185007,0.964243257299948,10.0,0,0,3,0,0,2,0,0,0,1,2,2,0,0,3,2,0,0,0,0,1,0,0,4,498,525.6,737,null
-1.0,611,612,0.9715989300839586,0.9731685117765065,14.0,0,0,0,3,0,2,0,0,0,0,3,2,0,0,0,1,0,2,2,0,0,0,2,3,498,525.6,738,null
1.0,605,604,0.9645218812690393,0.9672895460286797,8.0,0,0,3,1,0,0,1,0,0,0,0,5,0,0,1,1,0,1,2,0,0,0,1,4,498,525.6,739,null
0.0,603,603,0.969490675384501,0.9740508210119623,6.0,0,0,0,3,0,0,2,0,0,0,1,4,0,0,2,3,0,0,0,0,0,0,0,5,498,525.6,740,null
-1.0,616,617,0.9761033509176017,0.9772085593283306,19.0,0,0,0,2,0,2,1,0,0,0,4,1,0,0,0,2,0,3,0,0,0,0,5,0,498,525.6,741,null
1.0,610,609,0.9692120514154098,0.9692213388810461,13.0,0,0,0,3,0,1,1,0,0,0,2,3,0,0,0,3,0,1,1,0,0,0,2,3,498,525.6,742,null
1.0,611,610,0.9686455160115908,0.9722862025410507,14.0,0,0,3,0,0,1,1,0,0,1,1,3,0,0,3,0,0,1,1,0,0,0,1,4,498,525.6,744,null
-3.0,613,616,0.9809421205141541,0.9812486068801545,16.0,0,0,0,2,0,3,0,0,0,0,3,2,0,0,0,1,0,4,0,0,0,0,4,1,498,525.6,743,null
-3.0,601,604,0.9553365777546624,0.9617635039750353,4.0,0,0,2,1,1,1,0,0,0,0,2,3,0,0,2,1,0,1,1,0,0,0,3,2,498,525.6,745,null
-2.0,611,613,0.9763726874210565,0.9722769150754141,14.0,0,0,0,1,0,4,0,0,0,0,5,0,0,0,0,1,0,4,0,0,0,0,4,1,498,525.6,746,null
2.0,600,598,0.9715246303588678,0.9713295935805037,3.0,0,0,1,0,1,3,0,0,0,0,3,2,0,0,2,1,0,2,0,0,0,0,2,3,498,525.6,747,null
0.0,611,611,0.9712460063897763,0.9707259083141392,14.0,0,0,0,3,0,0,2,0,0,0,2,3,0,0,0,3,0,0,2,0,0,0,2,3,498,525.6,748,null
1.0,609,608,0.9645497436659485,0.9614012928152166,12.0,0,0,1,2,0,1,1,0,0,0,1,4,0,0,1,0,0,0,4,0,0,0,1,4,498,525.6,749,null
-2.0,604,606,0.9718961289843226,0.9639181960026749,7.0,0,0,1,1,0,2,1,0,0,0,2,3,0,0,3,0,0,2,0,0,0,0,2,3,498,525.6,750,null
-4.0,602,606,0.958355004086485,0.9699271862694109,5.0,0,0,1,1,1,1,1,0,0,0,2,3,0,0,1,0,0,4,0,0,0,0,4,1,498,525.6,751,null
1.0,602,601,0.9671688089754068,0.9646426183223122,5.0,0,0,1,2,0,0,2,0,0,0,0,5,0,0,1,1,0,1,2,0,0,0,1,4,498,525.6,752,null
-2.0,608,610,0.9687383906679545,0.9719239913812319,11.0,0,0,1,3,0,1,0,0,0,1,1,3,0,0,0,4,0,1,0,0,0,1,1,3,498,525.6,753,null
0.0,611,611,0.9633702355301285,0.9633702355301285,14.0,0,0,0,5,0,0,0,0,0,0,2,3,0,0,0,5,0,0,0,0,0,0,2,3,498,525.6,754,null
0.0,612,612,0.9719147039155954,0.973084924585779,15.0,0,0,0,5,0,0,0,0,0,0,0,5,0,0,0,4,0,1,0,0,0,0,1,4,498,525.6,755,null
0.0,609,609,0.97562040270451,0.975573965376328,12.0,0,0,0,3,0,0,2,0,0,0,0,5,0,0,0,4,0,0,1,0,0,0,0,5,498,525.6,757,null
-3.0,611,614,0.97380005943978,0.9746452188126903,14.0,0,0,0,2,0,3,0,0,0,1,4,0,0,0,0,2,0,3,0,0,0,1,4,0,498,525.6,756,null
-3.0,611,614,0.9696578497659559,0.9717382420685043,14.0,0,0,0,5,0,0,0,0,1,0,1,3,0,0,0,3,0,2,0,0,0,0,3,2,498,525.6,758,null
0.0,612,612,0.9682647299204992,0.970029348391411,15.0,0,0,0,4,0,0,1,0,0,0,0,5,0,0,0,3,0,1,1,0,0,0,1,4,498,525.6,759,null
0.0,602,602,0.9614012928152166,0.9722490526785051,5.0,0,0,1,2,0,0,2,0,0,0,1,4,0,0,1,4,0,0,0,0,0,0,0,5,498,525.6,760,null
-2.0,609,611,0.9765955865963296,0.976632736458875,12.0,0,0,0,0,0,4,1,0,0,0,5,0,0,0,0,0,0,5,0,0,0,0,5,0,498,525.6,761,null
-1.0,606,607,0.9734657106768705,0.972787725685415,9.0,0,0,0,2,0,2,1,0,0,2,2,1,0,0,0,0,0,2,3,0,0,0,2,3,498,525.6,762,null
-1.0,611,612,0.9774407459692399,0.9760197637268743,14.0,0,0,0,1,0,2,2,0,0,0,5,0,0,0,0,1,0,3,1,0,0,0,5,0,498,525.6,763,null
0.0,603,603,0.9672802585630433,0.966091462961587,6.0,0,0,3,1,0,1,0,0,0,0,1,4,0,0,2,1,0,2,0,0,0,0,2,3,498,525.6,764,null
0.0,606,606,0.9678932312950442,0.9678189315699532,9.0,0,0,0,4,0,0,1,0,0,0,0,5,0,0,0,4,0,0,1,0,0,0,0,5,498,525.6,765,null
0.0,603,603,0.9735492978675979,0.9727598632885058,6.0,0,0,0,2,0,1,2,0,0,0,4,1,0,0,0,2,0,1,2,0,0,0,3,2,498,525.6,766,null
1.0,607,606,0.9670387844564974,0.9736143101270526,10.0,0,0,2,1,0,0,2,0,0,0,0,5,0,0,0,1,0,2,2,0,0,0,2,3,498,525.6,767,null
0.0,608,608,0.9749795675756,0.9723883646630507,11.0,0,0,0,3,0,2,0,0,0,2,3,0,0,0,0,3,0,2,0,0,0,1,4,0,498,525.6,768,null
0.0,607,607,0.9674567204101345,0.9675867449290437,10.0,0,0,0,4,0,1,0,0,0,0,1,4,0,0,0,5,0,0,0,0,0,0,1,4,498,525.6,769,null
0.0,604,604,0.9725369641132328,0.9728991752730515,7.0,0,0,0,2,0,0,3,0,0,0,0,5,0,0,0,1,0,0,4,0,0,0,0,5,498,525.6,771,null
-1.0,616,617,0.967150234044134,0.9692027639497733,19.0,0,0,0,4,0,1,0,0,0,0,1,4,0,0,0,4,0,1,0,0,0,0,1,4,498,525.6,770,null
-2.0,602,604,0.9767720484434207,0.9758247269485103,5.0,0,0,1,2,0,1,1,0,0,1,1,3,0,0,0,1,0,0,4,0,0,0,2,3,498,525.6,772,null
0.0,613,613,0.9764284122148749,0.9777007950070585,16.0,0,0,0,2,0,3,0,0,0,0,3,2,0,0,0,1,0,4,0,0,0,0,4,1,498,525.6,773,null
0.0,608,608,0.9684690541644994,0.9684690541644994,11.0,0,0,0,5,0,0,0,0,0,0,2,3,0,0,0,5,0,0,0,0,0,0,2,3,498,525.6,774,null
-3.0,607,610,0.9722676276097779,0.9715803551526859,10.0,0,0,0,2,0,2,1,0,0,0,3,2,0,0,0,1,0,4,0,0,0,0,4,1,498,525.6,775,null
2.0,611,609,0.9700943606508655,0.9717753919310499,14.0,0,0,0,3,0,0,2,0,0,1,0,4,0,0,0,2,0,1,2,0,0,0,1,4,498,525.6,776,null
3.0,602,599,0.9679768184857716,0.9725369641132329,5.0,0,0,1,2,1,0,1,0,0,0,1,4,0,0,2,2,0,0,1,0,0,0,1,4,498,525.6,777,null
-2.0,604,606,0.9671780964410431,0.9757782896203284,7.0,0,0,2,1,0,1,1,0,0,0,1,4,0,0,0,1,0,2,2,0,0,0,2,3,498,525.6,778,null
3.0,611,608,0.9676981945166803,0.9726112638383237,14.0,0,0,1,1,0,2,1,0,0,0,2,3,0,0,0,1,0,3,1,0,0,0,3,2,498,525.6,779,null
1.0,614,613,0.98064492161379,0.9790381900586967,17.0,0,0,0,3,0,2,0,0,0,1,2,2,0,0,0,0,0,4,1,0,0,0,4,1,498,525.6,780,null
-1.0,609,610,0.9717753919310498,0.9714131807712312,12.0,0,0,0,4,0,0,1,0,0,0,0,5,0,0,0,5,0,0,0,0,0,0,0,5,498,525.6,781,null
1.0,607,606,0.97380005943978,0.9746916561408723,10.0,0,0,0,4,0,1,0,0,0,0,1,4,0,0,0,4,0,1,0,0,0,0,1,4,498,525.6,782,null
-6.0,608,614,0.9723883646630508,0.9783230552046956,11.0,0,0,1,4,0,0,0,0,0,0,3,2,0,0,0,1,0,4,0,0,0,0,5,0,498,525.6,783,null
-2.0,610,612,0.9734192733486886,0.9725369641132329,13.0,0,0,0,4,0,1,0,0,1,1,1,2,0,0,0,5,0,0,0,0,1,2,0,2,498,525.6,784,null
-4.0,602,606,0.9671966713723158,0.9691284642246824,5.0,0,0,0,2,2,0,1,0,0,0,2,3,0,0,0,2,0,0,3,0,0,0,2,3,498,525.6,785,null
0.0,612,612,0.9709580949550487,0.9709580949550487,15.0,0,0,0,5,0,0,0,0,0,0,0,5,0,0,0,5,0,0,0,0,0,0,0,5,498,525.6,786,null
-1.0,607,608,0.9702615350323203,0.9700757857195927,10.0,0,0,0,1,0,0,4,0,0,0,0,5,0,0,0,1,0,0,4,0,0,0,0,5,498,525.6,787,null
1.0,607,606,0.9719704287094137,0.9738093469054165,10.0,0,0,0,2,0,0,3,0,0,0,1,4,0,0,0,3,0,0,2,0,0,0,0,5,498,525.6,788,null
1.0,609,608,0.9709488074894124,0.9736514599895979,12.0,0,0,4,1,0,0,0,0,0,0,0,5,0,0,3,2,0,0,0,0,0,0,0,5,498,525.6,789,null
9.0,611,602,0.9740415335463258,0.9657292518017683,14.0,0,0,0,1,0,4,0,0,0,0,4,1,0,0,2,2,0,1,0,0,0,0,1,4,498,525.6,790,null
1.0,618,617,0.9735864477301434,0.9725091017163235,21.0,0,0,0,5,0,0,0,0,0,0,4,1,0,0,0,2,0,3,0,0,0,0,5,0,498,525.6,791,null
0.0,619,619,0.9743944572405082,0.9743944572405082,22.0,0,0,0,5,0,0,0,0,0,0,0,5,0,0,0,5,0,0,0,0,0,0,0,5,498,525.6,792,null
0.0,615,615,0.975546102979419,0.9745894940188722,18.0,0,0,0,0,0,2,3,0,0,2,3,0,0,0,0,0,0,3,2,0,0,0,5,0,498,525.6,793,null
-1.0,605,606,0.9678003566386804,0.9693978007281373,8.0,0,0,0,3,0,1,1,0,0,0,1,4,0,0,0,2,0,2,1,0,0,0,3,2,498,525.6,794,null
-7.0,610,617,0.9787781410208782,0.9781187309606953,13.0,0,0,1,0,0,4,0,0,0,0,4,1,0,0,0,0,0,5,0,0,0,0,5,0,498,525.6,795,null
0.0,608,608,0.9707351957797756,0.9710695445426852,11.0,0,0,0,2,0,0,3,0,0,0,0,5,0,0,0,3,0,0,2,0,0,0,1,4,498,525.6,796,null
-3.0,603,606,0.9553087153577532,0.9606675830299428,6.0,0,0,2,1,0,1,1,0,0,0,3,2,0,0,0,2,0,0,3,0,0,1,2,2,498,525.6,797,null
1.0,601,600,0.964809792703767,0.9741158332714169,4.0,0,0,0,2,0,3,0,0,0,1,2,2,0,0,3,1,0,0,1,0,0,0,1,4,498,525.6,798,null
0.0,611,611,0.971041682145776,0.9708280704361394,14.0,0,0,0,2,0,0,3,0,0,0,0,5,0,0,0,2,0,0,3,0,0,0,0,5,498,525.6,799,null
0.0,613,613,0.9800969611412438,0.97305706218887,16.0,0,0,0,0,0,4,1,0,0,0,5,0,0,0,0,3,0,0,2,0,0,0,1,4,498,525.6,800,null
0.0,607,607,0.9693049260717734,0.9767906233746936,10.0,0,0,1,0,0,3,1,0,0,0,3,2,0,0,0,1,0,2,2,0,0,0,2,3,498,525.6,802,null
-1.0,618,619,0.9771806969314214,0.9769206478936028,21.0,0,0,0,4,0,1,0,0,0,0,2,3,0,0,0,2,0,3,0,0,0,0,4,1,498,525.6,801,null
2.0,612,610,0.9656642395423136,0.9692306263466824,15.0,0,0,4,0,0,1,0,0,0,0,1,4,0,0,1,0,0,2,2,0,0,1,1,3,498,525.6,803,null
0.0,610,610,0.9752117542165094,0.9752117542165094,13.0,0,0,0,5,0,0,0,0,0,0,0,5,0,0,0,5,0,0,0,0,0,0,0,5,498,525.6,804,null
0.0,600,600,0.977022810015603,0.9701407979790475,3.0,0,0,2,1,0,2,0,0,0,0,3,2,0,0,1,0,1,2,1,0,0,0,3,2,498,525.6,805,null
0.0,614,614,0.9697042870941377,0.9696671372315923,17.0,0,0,0,4,0,1,0,0,0,0,2,3,0,0,0,5,0,0,0,0,0,0,1,4,498,525.6,806,null
0.0,600,600,0.9698993238725017,0.9700664982539564,3.0,0,0,0,3,0,0,2,0,0,0,0,5,0,0,0,4,0,0,1,0,0,0,0,5,498,525.6,807,null
-3.0,609,612,0.977784382197786,0.9783973549297867,12.0,0,0,0,3,0,2,0,0,0,2,3,0,0,0,0,2,0,3,0,0,0,2,3,0,498,525.6,809,null
0.0,617,617,0.9771435470688759,0.9771435470688759,20.0,0,0,0,5,0,0,0,0,0,0,5,0,0,0,0,5,0,0,0,0,0,0,5,0,498,525.6,808,null
-6.0,610,616,0.9777100824726949,0.9799576491566981,13.0,0,0,0,0,0,4,1,0,0,0,5,0,0,0,0,0,0,5,0,0,0,0,5,0,498,525.6,810,null
6.0,605,599,0.9745987814845085,0.9652091537261313,8.0,0,0,0,0,0,4,1,0,0,1,4,0,1,0,0,2,0,2,0,0,0,2,2,1,498,525.6,811,null
1.0,608,607,0.9723419273348688,0.9709302325581395,11.0,0,0,0,5,0,0,0,0,0,0,0,5,0,0,0,4,0,1,0,0,0,0,1,4,498,525.6,813,null
0.0,612,612,0.9782766178765139,0.9779051192510587,15.0,0,0,0,3,0,2,0,0,0,0,3,2,0,0,0,3,0,2,0,0,0,0,3,2,498,525.6,812,null
0.0,603,603,0.9720447284345047,0.9726019763726874,6.0,0,0,3,1,0,1,0,0,0,0,1,4,0,0,0,4,0,1,0,0,0,1,2,2,498,525.6,814,null
-2.0,605,607,0.964614755925403,0.9757039898952373,8.0,0,0,2,1,0,1,1,0,0,1,1,3,0,0,1,1,0,1,2,0,0,0,3,2,498,525.6,815,null
0.0,616,616,0.9746916561408723,0.974710231072145,19.0,0,0,0,4,0,0,1,0,0,0,0,5,0,0,0,4,0,0,1,0,0,0,0,5,498,525.6,817,null
-4.0,602,606,0.9562281744557544,0.9658035515268594,5.0,0,0,1,1,2,0,1,0,1,1,1,2,0,0,5,0,0,0,0,0,0,0,0,5,498,525.6,816,null
-1.0,608,609,0.9614198677464894,0.9704751467419571,11.0,0,0,0,1,0,1,3,0,1,0,0,4,0,0,0,1,0,1,3,0,0,0,1,4,498,525.6,818,null
0.0,613,613,0.971162419199049,0.971162419199049,16.0,0,0,0,5,0,0,0,0,0,3,1,1,0,0,0,5,0,0,0,0,0,3,1,1,498,525.6,819,null
-2.0,610,612,0.968952002377591,0.9738093469054164,13.0,0,0,2,2,0,0,1,0,0,0,1,4,0,0,0,4,0,0,1,0,0,0,1,4,498,525.6,820,null
-2.0,615,617,0.9674288580132254,0.9721561780221413,18.0,0,0,0,3,0,1,1,0,0,0,2,3,0,0,0,2,0,3,0,0,0,0,4,1,498,525.6,821,null
-1.0,605,606,0.9713203061148673,0.9736143101270525,8.0,0,0,0,2,0,1,2,0,0,0,1,4,0,0,0,2,0,1,2,0,0,0,1,4,498,525.6,822,null
-2.0,614,616,0.9798369121034252,0.9793353889590608,17.0,0,0,1,3,0,1,0,0,0,0,1,4,0,0,0,3,0,2,0,0,0,0,2,3,498,525.6,824,null
0.0,615,615,0.9738929340961439,0.9740322460806895,18.0,0,0,0,4,0,0,1,0,0,0,0,5,0,0,0,5,0,0,0,0,0,0,0,5,498,525.6,823,null
0.0,613,613,0.9754346533917825,0.9743573073779627,16.0,0,0,0,0,0,1,4,0,0,0,1,4,0,0,0,0,0,0,5,0,0,0,0,5,498,525.6,825,null
2.0,611,609,0.9771342596032394,0.9768277732372389,14.0,0,0,0,4,0,0,1,0,1,0,4,0,0,0,0,2,0,3,0,0,1,0,4,0,498,525.6,826,null
1.0,606,605,0.9739858087525076,0.969880748941229,9.0,0,0,0,2,0,3,0,0,0,0,3,2,0,0,1,3,0,1,0,0,0,0,1,4,498,525.6,827,null
-1.0,607,608,0.9751095920945093,0.9766141615276023,10.0,0,0,0,3,0,0,2,0,0,2,2,1,0,0,0,2,0,2,1,0,0,1,4,0,498,525.6,828,null
3.0,611,608,0.9757225648265102,0.972444089456869,14.0,0,0,0,3,0,0,2,0,0,0,5,0,0,0,0,1,0,2,2,0,0,0,3,2,498,525.6,829,null
-1.0,603,604,0.9578256185452114,0.9606397206330336,6.0,0,0,1,0,2,1,1,0,0,1,1,3,0,0,3,1,0,0,1,0,0,0,1,4,498,525.6,830,null
0.0,609,609,0.9746173564157813,0.9746173564157813,12.0,0,0,0,5,0,0,0,0,0,0,0,5,0,0,0,5,0,0,0,0,0,0,0,5,498,525.6,831,null
1.0,607,606,0.9774500334348762,0.9760940634519653,10.0,0,0,0,4,0,1,0,0,0,0,2,3,0,0,1,3,0,1,0,0,0,0,1,4,498,525.6,832,null
2.0,612,610,0.9708652202986849,0.9724626643881418,15.0,0,0,0,0,0,5,0,0,0,4,1,0,0,0,0,1,0,4,0,0,0,0,4,1,498,525.6,833,null
-1.0,606,607,0.9755925403076008,0.9712460063897764,9.0,0,0,2,3,0,0,0,0,0,0,1,4,0,0,1,4,0,0,0,0,0,0,0,5,498,525.6,834,null
2.0,619,617,0.9799390742254253,0.9813507690021547,22.0,0,0,0,2,0,1,2,0,0,0,2,3,0,0,0,1,0,4,0,0,0,0,4,1,498,525.6,835,null
0.0,609,609,0.9728248755479605,0.9733356861579612,12.0,0,0,0,3,0,1,1,0,0,0,1,4,0,0,0,3,0,1,1,0,0,0,1,4,498,525.6,836,null
2.0,608,606,0.9583550040864849,0.9662493498774054,11.0,0,0,2,0,0,2,1,0,1,0,3,1,0,0,1,2,0,1,1,0,0,0,3,2,498,525.6,837,null
-2.0,608,610,0.9627572627981277,0.9691470391559552,11.0,0,0,0,2,0,2,1,0,0,0,2,3,0,0,0,4,0,0,1,0,0,0,0,5,498,525.6,838,null
-1.0,622,623,0.9772921465190579,0.9768184857716027,25.0,0,0,0,0,0,4,1,0,0,0,5,0,0,0,0,0,0,4,1,0,0,0,5,0,498,525.6,839,null
0.0,609,609,0.9734564232112342,0.9787595660896056,12.0,0,0,0,0,0,5,0,0,0,1,4,0,0,0,0,2,0,3,0,0,0,1,3,1,498,525.6,840,null
3.0,616,613,0.9754439408574187,0.9782859053421502,19.0,0,0,0,0,0,4,1,0,0,0,5,0,0,0,0,0,0,4,1,0,0,0,4,1,498,525.6,841,null
-1.0,609,610,0.9702986848948658,0.9693606508655918,12.0,0,0,0,2,0,2,1,0,0,0,2,3,0,0,0,4,0,1,0,0,0,0,2,3,498,525.6,842,null
-2.0,609,611,0.9751095920945092,0.9767627609777844,12.0,0,0,2,2,0,1,0,0,0,1,1,3,0,0,0,1,0,4,0,0,0,0,5,0,498,525.6,843,null
3.0,606,603,0.9731127869826882,0.9753882160636006,9.0,0,0,1,0,0,4,0,0,0,0,4,1,0,0,0,1,0,2,2,0,0,0,2,3,498,525.6,845,null
-6.0,604,610,0.9735400104019615,0.9787038412957872,7.0,0,0,1,2,0,1,1,0,0,0,1,4,0,0,0,1,0,3,1,0,0,0,3,2,498,525.6,844,null
-1.0,610,611,0.9743944572405082,0.9740972583401443,13.0,0,0,0,3,0,1,1,0,0,0,1,4,0,0,0,4,0,0,1,0,0,0,0,5,498,525.6,846,null
0.0,607,607,0.9679025187606807,0.971459618099413,10.0,0,0,0,2,0,0,3,0,0,0,0,5,0,0,0,2,0,0,3,0,0,0,2,3,498,525.6,847,null
0.0,610,610,0.9734657106768706,0.9764934244743295,13.0,0,0,0,5,0,0,0,0,0,0,0,5,0,0,0,4,0,1,0,0,0,0,1,4,498,525.6,848,null
0.0,611,611,0.9765212868712385,0.9787967159521509,14.0,0,0,0,3,0,1,1,0,0,0,1,4,0,0,0,1,0,4,0,0,0,0,4,1,498,525.6,849,null
-1.0,606,607,0.9737907719741437,0.9714689055650494,9.0,0,0,3,0,0,0,2,0,0,0,0,5,0,0,0,1,0,1,3,0,0,0,2,3,498,525.6,850,null
-1.0,609,610,0.9749517051786908,0.9766513113901478,12.0,0,0,0,3,0,2,0,0,0,0,3,2,0,0,0,1,0,4,0,0,0,0,4,1,498,525.6,851,null
1.0,606,605,0.9722954900066869,0.9723419273348688,9.0,0,0,0,2,0,2,1,0,0,0,2,3,0,0,0,3,0,0,2,0,0,0,0,5,498,525.6,852,null
-1.0,610,611,0.97251838918196,0.9738929340961439,13.0,0,0,0,1,0,1,3,0,0,0,1,4,0,0,0,2,0,3,0,0,0,0,3,2,498,525.6,853,null
2.0,613,611,0.9722026153503232,0.9762519503677837,16.0,0,0,1,0,0,4,0,0,1,0,3,1,0,0,1,0,0,4,0,0,0,0,4,1,498,525.6,854,null
2.0,610,608,0.9732149491046882,0.9719982911063229,13.0,0,0,0,4,0,1,0,0,0,0,3,2,0,0,0,3,0,1,1,0,0,0,3,2,498,525.6,855,null
-4.0,611,615,0.974858830522327,0.9754346533917825,14.0,0,0,2,2,0,1,0,0,0,1,2,2,0,0,1,0,0,4,0,0,0,0,4,1,498,525.6,857,null
-6.0,601,607,0.9689427149119548,0.9555780518612081,4.0,0,0,0,3,1,1,0,0,1,0,2,2,0,0,2,1,0,2,0,0,0,1,1,3,498,525.6,856,null
-7.0,610,617,0.9724348019912326,0.9773943086410579,13.0,0,0,0,3,0,1,1,0,0,0,2,3,0,0,0,0,0,5,0,0,0,0,5,0,498,525.6,858,null
2.0,609,607,0.9721840404190505,0.9734192733486886,12.0,0,0,0,3,0,0,2,0,0,0,3,2,0,0,0,2,0,1,2,0,0,0,3,2,498,525.6,859,null
0.0,598,598,0.9576398692324838,0.9534140723679322,1.0,1,0,2,2,0,0,0,0,0,0,2,3,1,0,2,1,0,1,0,0,0,0,2,3,498,525.6,860,null
2.0,605,603,0.976456274611784,0.9691006018277731,8.0,0,0,0,0,0,5,0,0,0,1,4,0,0,0,3,0,0,2,0,0,0,0,2,3,498,525.6,861,null
1.0,613,612,0.9750167174381456,0.9752953414072368,16.0,0,0,0,4,0,0,1,0,0,0,1,4,0,0,0,4,0,0,1,0,0,0,1,4,498,525.6,862,null
2.0,607,605,0.9800226614161527,0.9799576491566981,10.0,0,0,0,1,0,4,0,0,0,0,4,1,0,0,1,1,0,3,0,0,0,0,3,2,498,525.6,863,null
-1.0,616,617,0.9790567649899695,0.9813507690021547,19.0,0,0,0,3,0,2,0,0,0,0,2,3,0,0,0,2,0,3,0,0,0,0,3,2,498,525.6,864,null
0.0,601,601,0.9774778958317855,0.9688126903930454,4.0,0,0,0,3,0,2,0,0,0,0,4,1,0,0,2,1,0,1,1,0,0,0,1,4,498,525.6,865,null
-5.0,608,613,0.9714317557025038,0.9766884612526935,11.0,0,0,1,4,0,0,0,0,0,0,4,1,0,0,0,1,0,4,0,0,0,0,5,0,498,525.6,866,null
-4.0,593,597,0.960844044877034,0.9680232558139535,-4.0,1,0,1,1,1,1,0,0,0,0,1,4,1,0,0,3,0,1,0,0,0,0,1,4,498,525.6,867,null
0.0,600,600,0.972444089456869,0.9685247789583179,3.0,0,0,2,1,1,0,1,0,0,0,1,4,0,0,3,2,0,0,0,0,0,0,0,5,498,525.6,868,null
0.0,602,602,0.9732149491046884,0.9729920499294152,5.0,0,0,0,2,0,1,2,0,0,1,1,3,0,0,0,2,0,1,2,0,0,1,1,3,498,525.6,869,null
2.0,608,606,0.9753696411323278,0.9728898878074151,11.0,0,0,0,1,0,2,2,0,0,0,2,3,0,0,0,4,0,0,1,0,0,0,0,5,498,525.6,870,null
0.0,609,609,0.9708466453674122,0.9711995690615944,12.0,0,0,0,3,0,2,0,0,0,1,2,2,0,0,1,1,0,1,2,0,0,0,1,4,498,525.6,871,null
2.0,614,612,0.9755182405825098,0.9756018277732373,17.0,0,0,0,1,0,4,0,0,0,0,5,0,0,0,0,2,0,3,0,0,0,0,5,0,498,525.6,872,null
-5.0,610,615,0.9738557842335983,0.9766141615276024,13.0,0,0,0,4,0,1,0,0,0,0,1,4,0,0,0,1,0,4,0,0,0,0,4,1,498,525.6,873,null
0.0,620,620,0.9772364217252396,0.977812244594695,23.0,0,0,0,5,0,0,0,0,0,0,0,5,0,0,0,4,0,1,0,0,0,0,1,4,498,525.6,874,null
-1.0,611,612,0.9699271862694108,0.9732892488297793,14.0,0,0,0,2,0,1,2,0,0,0,1,4,0,0,0,3,0,2,0,0,0,0,2,3,498,525.6,875,null
3.0,613,610,0.9742458577903261,0.9731499368452337,16.0,0,0,0,1,0,0,4,0,0,0,0,5,0,0,0,1,0,1,3,0,0,0,1,4,498,525.6,876,null
0.0,605,605,0.969342075934319,0.969342075934319,8.0,0,0,0,5,0,0,0,0,0,0,1,4,0,0,0,5,0,0,0,0,0,0,1,4,498,525.6,877,null
0.0,613,613,0.9723790771974145,0.9722304777472324,16.0,0,0,0,3,0,0,2,0,0,0,0,5,0,0,0,4,0,0,1,0,0,0,0,5,498,525.6,878,null
-1.0,617,618,0.9725741139757783,0.9722862025410505,20.0,0,0,0,4,0,0,1,0,0,0,0,5,0,0,0,5,0,0,0,0,0,0,0,5,498,525.6,879,null
-6.0,605,611,0.9693699383312282,0.972369789731778,8.0,0,0,0,1,0,2,2,0,0,0,2,3,0,0,0,2,0,3,0,0,0,0,3,2,498,525.6,880,null
0.0,605,605,0.9727134259603238,0.9747659558659633,8.0,0,0,0,5,0,0,0,0,0,0,2,3,0,0,0,3,0,2,0,0,0,0,2,3,498,525.6,881,null
-3.0,607,610,0.9645218812690393,0.9709766698863215,10.0,0,0,2,3,0,0,0,0,0,0,0,5,0,0,0,4,0,0,1,0,0,0,0,5,498,525.6,882,null
3.0,605,602,0.9713481685117765,0.9726205513039602,8.0,0,0,1,1,0,0,3,0,0,0,0,5,0,0,1,0,0,1,3,0,0,0,1,4,498,525.6,883,null
1.0,605,604,0.9759361765361468,0.9753139163385095,8.0,0,0,1,0,1,3,0,0,0,0,4,1,0,0,0,1,0,4,0,0,0,0,5,0,498,525.6,884,null
-2.0,612,614,0.9812950442083365,0.9820751913217921,15.0,0,0,0,2,0,3,0,0,0,0,4,1,0,0,0,1,0,4,0,0,0,0,5,0,498,525.6,885,null
-4.0,602,606,0.9708652202986848,0.9746730812095995,5.0,0,0,1,3,0,1,0,0,0,0,4,1,0,0,0,4,0,1,0,0,0,0,4,1,498,525.6,886,null
1.0,605,604,0.9681439928672264,0.9707630581766848,8.0,0,0,0,1,0,1,3,0,0,0,1,4,0,0,0,1,0,0,4,0,0,0,1,4,498,525.6,887,null
-1.0,613,614,0.9710509696114124,0.9709859573519577,16.0,0,0,0,3,0,2,0,0,0,0,5,0,0,0,0,3,0,2,0,0,0,0,5,0,498,525.6,888,null
-2.0,608,610,0.9694628129875918,0.9745244817594174,11.0,0,0,0,2,0,2,1,0,0,0,2,3,0,0,0,0,0,4,1,0,0,0,4,1,498,525.6,889,null
3.0,613,610,0.9757597146890556,0.9738093469054164,16.0,0,0,1,0,0,4,0,0,0,0,4,1,0,0,1,0,0,3,1,0,0,0,3,2,498,525.6,890,null
0.0,608,608,0.9745244817594174,0.9748216806597815,11.0,0,0,0,4,0,1,0,0,0,0,1,4,0,0,0,4,0,1,0,0,0,0,1,4,498,525.6,891,null
2.0,610,608,0.9754346533917825,0.9742087079277806,13.0,0,0,0,2,0,3,0,0,0,1,4,0,0,0,0,0,0,3,2,0,0,0,5,0,498,525.6,892,null
1.0,605,604,0.9694999628501375,0.9703079723605023,8.0,0,0,2,1,0,1,1,0,0,0,1,4,0,0,0,0,0,1,4,0,0,0,2,3,498,525.6,893,null
-3.0,600,603,0.9688126903930455,0.9706144587265028,3.0,0,0,3,0,0,2,0,0,1,1,1,2,0,0,0,0,0,1,4,0,0,2,2,1,498,525.6,894,null
-1.0,603,604,0.9687291032023181,0.9696671372315921,6.0,0,0,0,3,0,1,1,0,0,0,2,3,0,0,0,3,0,1,1,0,0,0,2,3,498,525.6,895,null
-1.0,612,613,0.9738650716992346,0.9766513113901479,15.0,0,0,0,4,0,0,1,0,0,0,0,5,0,0,0,4,0,1,0,0,0,0,1,4,498,525.6,896,null
-2.0,599,601,0.9711345568021398,0.9677446318448621,2.0,0,0,1,2,0,1,1,0,0,0,1,4,0,0,2,1,0,1,1,0,0,0,1,4,498,525.6,897,null
1.0,615,614,0.9761497882457836,0.9796140129281522,18.0,0,0,0,4,0,0,1,0,0,0,0,5,0,0,0,3,0,1,1,0,0,0,1,4,498,525.6,898,null
2.0,613,611,0.976186938108329,0.9733542610892338,16.0,0,0,0,0,0,4,1,0,0,0,5,0,0,0,0,2,0,2,1,0,0,0,3,2,498,525.6,899,null
-1.0,609,610,0.9692027639497733,0.9695835500408647,12.0,0,0,1,4,0,0,0,0,0,0,0,5,0,0,0,3,0,1,1,0,0,0,1,4,498,525.6,900,null
-3.0,615,618,0.980719221338881,0.9811278698268817,18.0,0,0,0,4,0,1,0,0,0,1,3,1,0,0,0,1,0,4,0,0,0,0,4,1,498,525.6,901,null
-3.0,595,598,0.9606582955643064,0.9618099413032172,-2.0,0,0,0,4,1,0,0,0,0,0,1,4,0,0,1,4,0,0,0,0,0,0,1,4,498,525.6,902,null
-3.0,610,613,0.970893082695594,0.9747473809346905,13.0,0,0,0,4,0,1,0,0,0,0,2,3,0,0,0,2,0,3,0,0,0,0,3,2,498,525.6,903,null
0.0,613,613,0.9717196671372315,0.9717196671372315,16.0,0,0,0,5,0,0,0,0,0,0,0,5,0,0,0,5,0,0,0,0,0,0,0,5,498,525.6,904,null
-1.0,606,607,0.9738372093023256,0.973772197042871,9.0,0,0,0,3,0,0,2,0,0,0,0,5,0,0,0,3,0,0,2,0,0,0,0,5,498,525.6,905,null
1.0,608,607,0.9764655620774203,0.9763633999554201,11.0,0,0,0,1,0,3,1,0,0,0,3,2,0,0,0,1,0,3,1,0,0,0,3,2,498,525.6,906,null
1.0,604,603,0.96439185675013,0.9695742625752285,7.0,0,0,3,1,0,1,0,0,0,0,1,4,0,0,2,3,0,0,0,0,0,0,0,5,498,525.6,907,null
0.0,609,609,0.9723233524035961,0.9727412883572331,12.0,0,0,0,4,0,1,0,0,0,0,1,4,0,0,0,3,0,2,0,0,0,0,2,3,498,525.6,908,null
2.0,611,609,0.9791496396463333,0.9752674790103276,14.0,0,0,1,0,0,2,2,0,0,1,1,3,0,0,0,1,0,2,2,0,0,0,2,3,498,525.6,909,null
0.0,608,608,0.9763726874210565,0.9763726874210565,11.0,0,0,0,5,0,0,0,0,0,0,0,5,0,0,0,5,0,0,0,0,0,0,0,5,498,525.6,910,null
0.0,611,611,0.9749052678505089,0.9768649230997846,14.0,0,0,1,1,0,0,3,0,0,0,0,5,0,0,0,1,0,0,4,0,0,0,0,5,498,525.6,911,null
-3.0,614,617,0.9733728360205067,0.9722676276097778,17.0,0,0,0,3,0,2,0,0,0,0,5,0,0,0,0,1,0,4,0,0,0,0,5,0,498,525.6,912,null
-6.0,598,604,0.9618006538375807,0.9664072367932237,1.0,0,0,1,0,2,1,1,0,0,0,3,2,0,0,3,0,0,2,0,0,0,2,0,3,498,525.6,913,null
1.0,608,607,0.9782859053421502,0.9776357827476038,11.0,0,0,0,2,0,0,3,0,0,0,3,2,0,0,0,1,0,1,3,0,0,0,3,2,498,525.6,914,null
-1.0,605,606,0.9745709190875994,0.9727691507541422,8.0,0,0,0,2,0,2,1,0,0,0,2,3,0,0,0,3,0,1,1,0,0,0,1,4,498,525.6,915,null
-9.0,600,609,0.9705865963295935,0.9765584367337841,3.0,0,0,1,2,0,1,1,0,0,0,2,3,0,0,0,0,0,4,1,0,0,0,4,1,498,525.6,916,null
0.0,617,617,0.9731220744483244,0.9756389776357827,20.0,0,0,0,4,0,1,0,0,0,0,1,4,0,0,0,3,0,2,0,0,0,0,2,3,498,525.6,917,null
-1.0,606,607,0.9755832528419645,0.9708002080392303,9.0,0,0,0,2,0,2,1,0,0,1,4,0,0,0,0,2,0,2,1,0,0,1,3,1,498,525.6,918,null
0.0,599,599,0.9717939668623226,0.9717939668623226,2.0,0,0,0,5,0,0,0,0,0,0,0,5,0,0,0,5,0,0,0,0,0,0,0,5,498,525.6,919,null
-4.0,604,608,0.9745523441563266,0.9748959803848726,7.0,0,0,0,2,0,3,0,0,0,0,4,1,0,0,0,1,0,4,0,0,0,0,5,0,498,525.6,920,null
-3.0,605,608,0.9733914109517795,0.9740879708745078,8.0,0,0,0,4,0,1,0,0,0,0,1,4,0,0,0,4,0,1,0,0,0,0,1,4,498,525.6,921,null
4.0,616,612,0.9777565198008767,0.9761033509176016,19.0,0,0,0,0,0,5,0,0,0,0,5,0,0,0,0,1,0,2,2,0,0,0,4,1,498,525.6,922,null
0.0,611,611,0.97690207296233,0.975741139757783,14.0,0,0,0,4,0,0,1,0,0,1,0,4,0,0,0,3,0,0,2,0,0,0,1,4,498,525.6,923,null
0.0,607,607,0.9689705773088639,0.9690355895683186,10.0,0,0,0,4,0,0,1,0,0,0,0,5,0,0,0,4,0,0,1,0,0,0,0,5,498,525.6,924,null
-1.0,598,599,0.9682182925923173,0.9694163756594101,1.0,0,0,0,3,0,1,1,0,0,0,3,2,0,0,0,2,0,2,1,0,0,0,3,2,498,525.6,925,null
0.0,612,612,0.9706144587265028,0.9740601084775986,15.0,0,0,0,4,0,1,0,0,0,0,1,4,0,0,0,2,0,3,0,0,0,0,3,2,498,525.6,926,null
1.0,609,608,0.9729641875325061,0.9751095920945092,12.0,0,0,0,2,0,0,3,0,0,0,2,3,0,0,0,1,0,4,0,0,0,0,4,1,498,525.6,927,null
-2.0,597,599,0.9714503306337766,0.9677724942417714,0.0,0,0,2,0,0,2,1,0,0,0,2,3,0,0,1,1,0,2,1,0,0,0,4,1,498,525.6,928,null
0.0,602,602,0.977468608366149,0.9679582435544989,5.0,0,0,2,2,0,0,1,0,0,0,1,4,0,0,0,4,0,1,0,0,0,0,2,3,498,525.6,931,null
-2.0,602,604,0.977097109740694,0.9794189761497882,5.0,0,0,1,1,0,3,0,0,0,0,3,2,0,0,0,1,0,4,0,0,0,0,4,1,498,525.6,929,null
-2.0,615,617,0.971311018649231,0.9734006984174158,18.0,0,0,0,4,0,1,0,0,0,0,1,4,0,0,0,3,0,2,0,0,0,0,2,3,498,525.6,930,null
2.0,605,603,0.9680046808826808,0.9668623226094065,8.0,0,0,0,0,0,3,2,0,0,1,3,1,0,0,2,2,0,0,1,0,0,0,1,4,498,525.6,932,null
0.0,608,608,0.9717289546028679,0.9714874804963222,11.0,0,0,0,3,0,0,2,0,0,0,0,5,0,0,0,3,0,0,2,0,0,0,0,5,498,525.6,933,null
-1.0,607,608,0.9674845828070436,0.9692863511405008,10.0,0,0,2,2,0,0,1,0,0,0,1,4,0,0,0,4,0,0,1,0,0,0,1,4,498,525.6,934,null
-3.0,598,601,0.9676238947915893,0.9736421725239617,1.0,2,0,0,1,0,2,0,0,0,0,2,3,0,0,0,3,0,1,1,0,0,0,1,4,498,525.6,935,null
0.0,610,610,0.9771435470688757,0.97936325135597,13.0,0,0,0,3,0,1,1,0,0,0,3,2,0,0,0,3,0,2,0,0,0,0,2,3,498,525.6,936,null
-1.0,610,611,0.9711159818708671,0.974933130247418,13.0,0,0,0,3,0,1,1,0,0,1,1,3,0,0,0,3,0,2,0,0,0,0,2,3,498,525.6,937,null
0.0,604,604,0.9788338658146964,0.974710231072145,7.0,0,0,0,1,0,2,2,0,0,0,2,3,0,0,3,0,0,1,1,0,0,0,1,4,498,525.6,939,null
0.0,612,612,0.9779236941823316,0.9803384352477896,15.0,0,0,0,5,0,0,0,0,0,0,0,5,0,0,0,2,0,3,0,0,0,0,3,2,498,525.6,938,null
-1.0,607,608,0.9669366223344973,0.969908611338138,10.0,0,0,1,2,0,0,2,0,0,0,1,4,0,0,0,3,0,0,2,0,0,0,1,4,498,525.6,940,null
1.0,614,613,0.9764005498179656,0.9760754885206924,17.0,0,0,0,2,0,0,3,0,0,0,0,5,0,0,0,2,0,0,3,0,0,0,0,5,498,525.6,941,null
-2.0,608,610,0.9696021249721376,0.9727320008915967,11.0,0,0,0,5,0,0,0,0,0,0,1,4,0,0,0,3,0,1,1,0,0,0,1,4,498,525.6,942,null
0.0,608,608,0.9662864997399508,0.9690355895683187,11.0,0,0,0,1,0,2,2,0,0,0,2,3,0,0,0,2,0,1,2,0,0,0,1,4,498,525.6,943,null
1.0,609,608,0.9585407533992124,0.9682090051266811,12.0,0,0,3,0,0,2,0,0,0,0,2,3,0,0,1,1,0,0,3,0,0,0,0,5,498,525.6,944,null
0.0,620,620,0.9745059068281448,0.9744223196374173,23.0,0,0,0,4,0,0,1,0,0,0,0,5,0,0,0,4,0,0,1,0,0,0,0,5,498,525.6,945,null
-2.0,610,612,0.9756204027045099,0.9724533769225054,13.0,0,0,0,4,0,1,0,0,0,1,0,4,0,0,0,5,0,0,0,0,0,0,0,5,498,525.6,946,null
-7.0,613,620,0.981406493795973,0.9801991232632439,16.0,0,0,0,1,0,4,0,0,0,0,4,1,0,0,0,0,0,5,0,0,0,0,5,0,498,525.6,947,null
0.0,612,612,0.970177947841593,0.970177947841593,15.0,0,0,0,5,0,0,0,0,0,0,0,5,0,0,0,5,0,0,0,0,0,0,0,5,498,525.6,948,null
0.0,612,612,0.9717753919310499,0.9717846793966862,15.0,0,0,0,3,0,0,2,0,0,0,2,3,0,0,0,3,0,0,2,0,0,0,2,3,498,525.6,949,null
0.0,606,606,0.9696021249721376,0.9701129355821384,9.0,0,0,0,4,0,0,1,0,0,1,3,1,0,0,0,5,0,0,0,0,0,1,3,1,498,525.6,950,null
-2.0,614,616,0.9742179953934169,0.9729084627386878,17.0,0,0,0,4,0,1,0,0,0,0,1,4,0,0,0,5,0,0,0,0,0,0,0,5,498,525.6,951,null
-3.0,612,615,0.9756575525670554,0.9769206478936028,15.0,0,0,0,2,0,3,0,0,0,0,4,1,0,0,0,1,0,4,0,0,0,0,4,1,498,525.6,952,null
-5.0,605,610,0.9758247269485102,0.9796604502563341,8.0,0,0,0,3,0,1,1,0,0,2,2,1,0,0,0,0,0,4,1,0,0,0,4,1,498,525.6,953,null
-3.0,607,610,0.974143695668326,0.9720633033657775,10.0,0,0,0,2,0,3,0,0,0,0,3,2,0,0,0,1,0,4,0,0,0,0,4,1,498,525.6,954,null
0.0,613,613,0.9756111152388736,0.9766791737870569,16.0,0,0,0,2,0,2,1,0,0,0,2,3,0,0,0,2,0,3,0,0,0,0,3,2,498,525.6,955,null
1.0,608,607,0.9724998142506873,0.9744501820343264,11.0,0,0,2,3,0,0,0,0,0,0,0,5,0,0,1,3,0,1,0,0,0,0,1,4,498,525.6,956,null
1.0,605,604,0.9681068430046809,0.9678932312950442,8.0,0,0,0,2,0,0,3,0,0,0,2,3,0,0,0,2,0,0,3,0,0,0,2,3,498,525.6,957,null
-3.0,609,612,0.9763633999554202,0.9772271342596032,12.0,0,0,0,3,0,1,1,0,0,0,3,2,0,0,0,0,0,1,4,0,0,0,1,4,498,525.6,958,null
0.0,621,621,0.9756854149639647,0.9745523441563266,24.0,0,0,0,0,0,5,0,0,0,0,5,0,0,0,0,1,0,4,0,0,0,0,5,0,498,525.6,959,null
-2.0,598,600,0.9643547068875845,0.9590608514748495,1.0,0,0,0,0,3,0,2,0,0,0,0,5,0,0,3,0,0,0,2,0,0,0,1,4,498,525.6,960,null
0.0,606,606,0.9687105282710454,0.9717661044654133,9.0,0,0,0,3,0,0,2,0,0,0,1,4,0,0,0,1,0,1,3,0,0,0,1,4,498,525.6,961,null
-1.0,607,608,0.9580763801173935,0.9639553458652202,10.0,0,0,2,2,1,0,0,0,1,0,1,3,0,0,1,3,0,1,0,0,0,0,2,3,498,525.6,962,null
-1.0,610,611,0.9687198157366818,0.9692306263466824,13.0,0,0,0,4,0,1,0,0,0,0,3,2,0,0,0,4,0,1,0,0,0,0,4,1,498,525.6,963,null
0.0,611,611,0.9756111152388736,0.9756111152388736,14.0,0,0,0,5,0,0,0,0,0,0,2,3,0,0,0,5,0,0,0,0,0,0,2,3,498,525.6,964,null
1.0,608,607,0.9761962255739653,0.976066201055056,11.0,0,0,0,4,0,0,1,0,0,0,0,5,0,0,0,4,0,0,1,0,0,0,0,5,498,525.6,965,null
1.0,602,601,0.9698714614755926,0.9712274314585035,5.0,0,0,0,1,0,0,4,0,0,0,0,5,0,0,2,1,0,0,2,0,0,0,0,5,498,525.6,966,null
2.0,607,605,0.9714967679619585,0.9722954900066869,10.0,0,0,0,1,0,0,4,0,0,0,0,5,0,0,0,3,0,0,2,0,0,0,0,5,498,525.6,967,null
-4.0,613,617,0.9796418753250613,0.9802362731257894,16.0,0,0,0,1,0,4,0,0,0,0,4,1,0,0,0,0,0,5,0,0,0,0,5,0,498,525.6,968,null
0.0,615,615,0.9758804517423286,0.9745151942937812,18.0,0,0,0,1,0,3,1,0,0,0,5,0,0,0,0,2,0,3,0,0,0,0,5,0,498,525.6,969,null
0.0,604,604,0.9735585853332341,0.9750910171632364,7.0,0,0,0,4,0,1,0,0,0,1,3,1,0,0,0,3,0,2,0,0,0,1,4,0,498,525.6,970,null
1.0,611,610,0.9704844342075936,0.9733914109517795,14.0,0,0,0,3,0,1,1,0,0,0,2,3,0,0,0,3,0,2,0,0,0,1,3,1,498,525.6,971,null
0.0,610,610,0.9689334274463184,0.9691470391559551,13.0,0,0,0,3,0,0,2,0,0,0,0,5,0,0,0,4,0,0,1,0,0,0,0,5,498,525.6,972,null
0.0,613,613,0.9744316071030537,0.9744594694999629,16.0,0,0,0,4,0,0,1,0,0,0,1,4,0,0,0,4,0,0,1,0,0,0,1,4,498,525.6,973,null
-5.0,609,614,0.9753603536666915,0.9790567649899696,12.0,0,0,0,1,0,3,1,0,1,0,2,2,0,0,0,1,0,4,0,0,0,0,4,1,498,525.6,974,null
-2.0,605,607,0.9673638457537707,0.9667508730217699,8.0,0,0,1,0,0,2,2,0,0,0,2,3,0,0,1,0,0,3,1,0,0,0,3,2,498,525.6,975,null
0.0,611,611,0.974217995393417,0.974217995393417,14.0,0,0,0,5,0,0,0,0,0,0,0,5,0,0,0,5,0,0,0,0,0,0,0,5,498,525.6,976,null
1.0,610,609,0.9757132773608738,0.9778215320603313,13.0,0,0,0,2,0,2,1,0,0,0,2,3,0,0,1,1,0,2,1,0,0,0,2,3,498,525.6,977,null
4.0,610,606,0.9739672338212348,0.9702336726354112,13.0,0,0,0,4,0,1,0,0,0,0,2,3,0,0,1,4,0,0,0,0,0,0,1,4,498,525.6,978,null
0.0,611,611,0.973995096218144,0.973995096218144,14.0,0,0,0,5,0,0,0,0,0,0,1,4,0,0,0,5,0,0,0,0,0,0,1,4,498,525.6,979,null
0.0,603,603,0.9581599673081209,0.9676796195854076,6.0,0,0,2,1,0,1,1,0,0,0,2,3,0,0,1,2,0,1,1,0,0,1,2,2,498,525.6,980,null
-1.0,609,610,0.9774221710379671,0.9756204027045101,12.0,0,0,0,4,0,1,0,0,0,1,3,1,0,0,0,3,0,2,0,0,0,1,4,0,498,525.6,981,null
-3.0,607,610,0.9709116576268668,0.9704844342075934,10.0,0,0,0,1,0,0,4,0,0,0,0,5,0,0,0,0,0,0,5,0,0,0,0,5,498,525.6,982,null
-2.0,607,609,0.9766698863214206,0.9761312133145106,10.0,0,0,0,2,0,2,1,0,0,0,3,2,0,0,0,2,0,3,0,0,0,0,4,1,498,525.6,983,null
0.0,611,611,0.9683483171112267,0.9680604056764989,14.0,0,0,0,3,0,2,0,0,0,0,4,1,0,0,0,3,0,2,0,0,0,0,4,1,498,525.6,984,null
-4.0,597,601,0.9675124452039527,0.9701779478415931,0.0,1,0,0,2,0,2,0,0,0,0,3,2,0,0,0,0,0,3,2,0,0,0,4,1,498,525.6,985,null
-3.0,604,607,0.9694070881937736,0.9731870867077791,7.0,0,0,1,2,0,1,1,0,0,2,2,1,0,0,0,2,0,2,1,0,0,2,2,1,498,525.6,986,null
-2.0,606,608,0.9731406493795972,0.9712460063897762,9.0,0,0,0,5,0,0,0,0,0,0,2,3,0,0,0,3,0,2,0,0,0,0,3,2,498,525.6,987,null
2.0,605,603,0.969880748941229,0.9681439928672263,8.0,0,0,0,2,0,1,2,0,0,0,1,4,0,0,1,2,0,2,0,0,0,0,2,3,498,525.6,988,null
3.0,612,609,0.9701407979790476,0.9711252693365034,15.0,0,0,0,1,0,2,2,0,0,0,2,3,0,0,0,2,0,1,2,0,0,0,1,4,498,525.6,989,null
0.0,611,611,0.9727505758228695,0.9727505758228695,14.0,0,0,0,5,0,0,0,0,0,0,3,2,0,0,0,5,0,0,0,0,0,0,3,2,498,525.6,990,null
-4.0,607,611,0.9716360799465041,0.9718496916561409,10.0,0,0,1,1,0,3,0,0,0,0,4,1,0,0,0,2,0,3,0,0,0,0,4,1,498,525.6,991,null
1.0,613,612,0.9694256631250464,0.9723790771974143,16.0,0,0,0,3,0,0,2,0,0,0,1,4,0,0,0,1,0,1,3,0,0,0,1,4,498,525.6,992,null
-2.0,605,607,0.9752581915446912,0.9743944572405082,8.0,0,0,0,2,0,3,0,0,0,0,4,1,0,0,0,1,0,4,0,0,0,0,5,0,498,525.6,993,null
-1.0,612,613,0.9681718552641354,0.9756761274983281,15.0,0,0,2,2,0,0,1,0,0,0,0,5,0,0,0,3,0,0,2,0,0,0,1,4,498,525.6,994,null
5.0,612,607,0.9703358347574115,0.9726855635634147,15.0,0,0,4,0,0,0,1,0,0,0,0,5,0,0,1,1,0,1,2,0,0,0,2,3,498,525.6,995,null
-3.0,608,611,0.9771063972063304,0.9766977487183297,11.0,0,0,1,3,0,0,1,0,0,0,0,5,0,0,0,4,0,1,0,0,0,0,1,4,498,525.6,996,null
-3.0,610,613,0.9675310201352255,0.973772197042871,13.0,0,0,1,3,0,0,1,0,0,0,0,5,0,0,0,3,0,2,0,0,0,0,2,3,498,525.6,997,null
3.0,610,607,0.9718589791217771,0.9701872353072293,13.0,0,0,0,4,0,0,1,0,0,0,3,2,0,0,0,3,0,1,1,0,0,0,3,2,498,525.6,998,null
3.0,612,609,0.9707909205735938,0.9754625157886916,15.0,0,0,0,0,0,5,0,0,0,0,5,0,0,0,0,3,0,2,0,0,0,0,2,3,498,525.6,999,null
0.0,615,615,0.973846496767962,0.9739115090274165,18.0,0,0,0,1,0,0,4,0,0,0,1,4,0,0,0,1,0,0,4,0,0,0,1,4,498,525.6,1000,null
-6.0,603,609,0.9696392748346832,0.9669923471283156,6.0,0,0,0,2,0,1,2,0,0,0,2,3,0,0,0,3,0,0,2,0,0,0,0,5,498,525.6,1001,null
4.0,604,600,0.9716732298090497,0.9622278772568541,7.0,0,0,0,2,1,0,2,0,0,0,3,2,0,0,2,2,0,0,1,0,0,0,2,3,498,525.6,1002,null
0.0,614,614,0.9721283156252322,0.978527379448696,17.0,0,0,0,0,0,3,2,0,0,0,3,2,0,0,0,1,0,4,0,0,0,0,4,1,498,525.6,1003,null
1.0,609,608,0.9774221710379671,0.9759733263986923,12.0,0,0,0,1,0,3,1,0,0,0,3,2,0,0,0,1,0,2,2,0,0,0,2,3,498,525.6,1004,null
5.0,611,606,0.9789360279366968,0.9758525893454195,14.0,0,0,0,0,0,4,1,0,0,0,4,1,0,0,0,1,0,3,1,0,0,0,3,2,498,525.6,1005,null
1.0,613,612,0.966286499739951,0.9711066944052308,16.0,0,0,0,2,0,0,3,0,0,0,1,4,0,0,0,2,0,0,3,0,0,0,0,5,498,525.6,1006,null
3.0,603,600,0.9635838472397653,0.9680696931421353,6.0,0,0,3,0,0,0,2,0,0,1,0,4,0,0,1,0,0,0,4,0,0,0,0,5,498,525.6,1007,null
0.0,614,614,0.9756018277732372,0.9756018277732372,17.0,0,0,0,5,0,0,0,0,0,0,0,5,0,0,0,5,0,0,0,0,0,0,0,5,498,525.6,1008,null
-4.0,606,610,0.9661007504272233,0.9718032543279589,9.0,0,0,0,4,0,1,0,0,0,0,2,3,0,0,0,1,0,4,0,0,0,0,4,1,498,525.6,1009,null
2.0,603,601,0.9674567204101344,0.9603610966639423,6.0,0,0,0,3,1,1,0,0,0,1,4,0,0,0,2,3,0,0,0,0,0,1,3,1,498,525.6,1010,null
-1.0,605,606,0.9744037447061447,0.9731406493795973,8.0,0,0,0,3,0,0,2,0,0,0,2,3,0,0,0,2,0,2,1,0,0,0,4,1,498,525.6,1011,null
-2.0,609,611,0.9714689055650495,0.9719332788468682,12.0,0,0,0,2,0,3,0,0,0,0,3,2,0,0,0,1,0,4,0,0,0,0,4,1,498,525.6,1012,null
-2.0,612,614,0.9699271862694108,0.9709859573519577,15.0,0,0,1,1,0,3,0,0,0,0,3,2,0,0,0,1,0,3,1,0,0,0,3,2,498,525.6,1013,null
2.0,608,606,0.9684133293706813,0.9709488074894123,11.0,0,0,0,0,0,4,1,0,0,0,4,1,0,0,0,1,0,3,1,0,0,0,3,2,498,525.6,1014,null
0.0,606,606,0.9750167174381454,0.9755089531168735,9.0,0,0,4,1,0,0,0,0,0,0,0,5,0,0,4,1,0,0,0,0,0,0,0,5,498,525.6,1015,null
0.0,610,610,0.9691284642246824,0.9710509696114124,13.0,0,0,0,5,0,0,0,0,0,0,2,3,0,0,0,3,0,2,0,0,0,0,3,2,498,525.6,1016,null
0.0,616,616,0.9727134259603238,0.9727134259603238,19.0,0,0,0,5,0,0,0,0,0,0,3,2,0,0,0,5,0,0,0,0,0,0,3,2,498,525.6,1017,null
1.0,615,614,0.9780165688386953,0.9772457091908759,18.0,0,0,0,2,0,3,0,0,0,0,3,2,0,0,0,3,0,2,0,0,0,0,2,3,498,525.6,1018,null
0.0,606,606,0.9706608960546846,0.9675031577383164,9.0,0,0,0,3,0,0,2,0,0,0,0,5,0,0,0,4,0,1,0,0,0,0,1,4,498,525.6,1020,null
-2.0,607,609,0.9705030091388661,0.9772735715877852,10.0,0,0,0,3,0,2,0,0,0,0,4,1,0,0,0,2,0,3,0,0,0,0,4,1,498,525.6,1019,null
-1.0,610,611,0.9717475295341408,0.9718868415186863,13.0,0,0,0,4,0,0,1,0,0,0,0,5,0,0,0,5,0,0,0,0,0,0,0,5,498,525.6,1021,null
0.0,601,601,0.9657199643361318,0.9613177056244893,4.0,0,0,3,2,0,0,0,0,0,0,1,4,0,0,3,1,0,1,0,0,0,0,2,3,498,525.6,1022,null
-1.0,607,608,0.9746730812095995,0.9728248755479605,10.0,0,0,0,3,0,1,1,0,0,0,1,4,0,0,0,3,0,1,1,0,0,0,1,4,498,525.6,1024,null
4.0,614,610,0.9738650716992349,0.973846496767962,17.0,0,0,0,1,0,0,4,0,0,0,1,4,0,0,0,3,0,1,1,0,0,0,1,4,498,525.6,1023,null
-4.0,605,609,0.9734749981425068,0.9772921465190578,8.0,0,0,0,4,0,1,0,0,0,2,1,2,0,0,0,1,0,4,0,0,0,0,4,1,498,525.6,1025,null
-7.0,608,615,0.9673081209599524,0.9724348019912326,11.0,0,0,2,1,0,0,2,0,0,0,2,3,0,0,1,0,0,4,0,0,0,0,4,1,498,525.6,1026,null
0.0,611,611,0.9740972583401442,0.9755182405825098,14.0,0,0,0,2,0,0,3,0,0,0,0,5,0,0,0,0,0,1,4,0,0,0,1,4,498,525.6,1028,null
2.0,606,604,0.9763819748866929,0.9725834014414146,9.0,0,0,0,2,0,1,2,0,0,0,1,4,0,0,1,2,0,1,1,0,0,0,1,4,498,525.6,1027,null
-1.0,607,608,0.9668716100750427,0.9710045322832305,10.0,0,0,0,1,0,0,4,0,0,0,1,4,0,0,0,1,0,1,3,0,0,0,1,4,498,525.6,1029,null
1.0,615,614,0.9692306263466823,0.9736793223865071,18.0,0,0,0,5,0,0,0,0,0,0,3,2,0,0,0,4,0,0,1,0,0,0,2,3,498,525.6,1030,null
0.0,607,607,0.9769856601530574,0.9735957351957798,10.0,0,0,0,1,0,2,2,0,0,0,5,0,0,0,0,1,0,3,1,0,0,0,5,0,498,525.6,1031,null
2.0,607,605,0.9667230106248607,0.9713295935805037,10.0,0,0,3,1,0,1,0,0,0,0,1,4,0,0,1,3,0,1,0,0,0,0,1,4,498,525.6,1032,null
0.0,612,612,0.9700200609257745,0.9700200609257745,15.0,0,0,0,5,0,0,0,0,0,0,0,5,0,0,0,5,0,0,0,0,0,0,0,5,498,525.6,1033,null
1.0,611,610,0.980031948881789,0.9802084107288803,14.0,0,0,0,4,0,1,0,0,1,1,3,0,0,0,0,3,0,2,0,0,1,1,3,0,498,525.6,1034,null
-1.0,612,613,0.9740879708745078,0.9734471357455976,15.0,0,0,0,5,0,0,0,0,0,0,2,3,0,0,0,5,0,0,0,0,0,0,1,4,498,525.6,1035,null
3.0,614,611,0.9770599598781485,0.9729641875325062,17.0,0,0,1,2,0,0,2,0,0,0,0,5,0,0,0,2,0,0,3,0,0,0,0,5,498,525.6,1037,null
1.0,605,604,0.9764562746117839,0.9717568169997771,8.0,0,0,0,1,0,3,1,0,0,0,3,2,0,0,1,1,0,1,2,0,0,0,2,3,498,525.6,1036,null
-1.0,606,607,0.9733356861579612,0.9720447284345047,9.0,0,0,0,3,0,0,2,0,0,0,0,5,0,0,0,4,0,0,1,0,0,0,0,5,498,525.6,1038,null
-2.0,604,606,0.973651459989598,0.9760197637268742,7.0,0,0,3,0,0,1,1,0,0,0,1,4,0,0,0,0,0,4,1,0,0,0,5,0,498,525.6,1039,null
3.0,607,604,0.9754810907199644,0.9733263986923248,10.0,0,0,0,4,0,0,1,0,0,0,0,5,0,0,1,2,0,2,0,0,0,0,2,3,498,525.6,1041,null
3.0,608,605,0.9632216360799465,0.9652741659855859,11.0,0,0,4,1,0,0,0,0,0,0,0,5,0,0,1,1,0,0,3,0,0,0,0,5,498,525.6,1040,null
0.0,610,610,0.9752953414072368,0.9762519503677837,13.0,0,0,0,4,0,1,0,0,0,0,3,2,0,0,0,3,0,2,0,0,0,0,2,3,498,525.6,1042,null
-1.0,611,612,0.9671873839066796,0.9727041384946875,14.0,0,0,0,4,0,0,1,0,0,0,1,4,0,0,0,5,0,0,0,0,0,0,0,5,498,525.6,1043,null
0.0,607,607,0.9732335240359611,0.9764655620774203,10.0,0,0,0,4,0,0,1,0,0,2,1,2,0,0,0,1,0,1,3,0,0,0,4,1,498,525.6,1045,null
0.0,614,614,0.9694070881937736,0.9694070881937736,17.0,0,0,0,5,0,0,0,0,0,0,0,5,0,0,0,5,0,0,0,0,0,0,0,5,498,525.6,1044,null
-2.0,608,610,0.9659985883052233,0.9722397652128687,11.0,0,0,1,0,0,4,0,0,0,0,4,1,0,0,0,0,0,3,2,0,0,0,5,0,498,525.6,1046,null
-1.0,608,609,0.9714131807712312,0.9741901329965078,11.0,0,0,0,1,0,1,3,0,0,0,2,3,0,0,0,1,0,2,2,0,0,0,3,2,498,525.6,1047,null
-3.0,607,610,0.9702429601010476,0.9690634519652278,10.0,0,0,2,3,0,0,0,0,0,0,0,5,0,0,0,5,0,0,0,0,0,0,0,5,498,525.6,1048,null
2.0,611,609,0.972444089456869,0.9694535255219555,14.0,0,0,1,0,0,4,0,0,0,0,4,1,0,0,0,0,0,2,3,0,0,0,3,2,498,525.6,1049,null
0.0,614,614,0.9725834014414146,0.9727598632885058,17.0,0,0,0,4,0,0,1,0,0,0,0,5,0,0,0,5,0,0,0,0,0,0,0,5,498,525.6,1050,null
-1.0,612,613,0.9773943086410579,0.9777472323352403,15.0,0,0,0,3,0,1,1,0,0,0,1,4,0,0,0,5,0,0,0,0,0,0,1,4,498,525.6,1051,null
0.0,608,608,0.9745802065532357,0.9745802065532357,11.0,0,0,0,5,0,0,0,0,0,0,0,5,0,0,0,5,0,0,0,0,0,0,0,5,498,525.6,1052,null
-1.0,611,612,0.9699643361319562,0.9720540159001412,14.0,0,0,0,2,0,0,3,0,0,0,0,5,0,0,0,2,0,1,2,0,0,0,1,4,498,525.6,1053,null
-4.0,606,610,0.964540456200312,0.9739300839586893,9.0,0,0,2,1,0,1,1,0,0,1,2,2,0,0,0,2,0,2,1,0,0,0,3,2,498,525.6,1054,null
3.0,599,596,0.9644847314064938,0.9637417341555836,2.0,0,0,0,5,0,0,0,0,1,0,1,3,0,0,3,1,0,1,0,0,1,0,1,3,498,525.6,1055,null
0.0,615,615,0.9652184411917676,0.9643825692844935,18.0,0,0,0,1,0,0,4,0,0,0,2,3,0,0,0,0,0,1,4,0,0,0,3,2,498,525.6,1056,null
0.0,611,611,0.9727877256854149,0.9767163236496025,14.0,0,0,0,1,0,0,4,0,0,0,1,4,0,0,0,0,0,2,3,0,0,0,3,2,498,525.6,1057,null
-1.0,610,611,0.9756111152388737,0.9764934244743294,13.0,0,0,0,0,0,5,0,0,0,0,5,0,0,0,0,0,0,5,0,0,0,0,5,0,498,525.6,1059,null
-5.0,609,614,0.9694349505906829,0.9731313619139609,12.0,0,0,0,4,0,1,0,0,0,1,1,3,0,0,0,2,0,3,0,0,0,0,3,2,498,525.6,1058,null
-1.0,614,615,0.9743015825841443,0.9759268890705105,17.0,0,0,0,1,0,4,0,0,0,0,4,1,0,0,0,1,0,4,0,0,0,0,4,1,498,525.6,1060,null
-1.0,616,617,0.9749145553161453,0.9755925403076009,19.0,0,0,0,4,0,0,1,0,0,0,2,3,0,0,0,2,0,2,1,0,0,0,2,3,498,525.6,1061,null
-2.0,600,602,0.972639126235233,0.9693142135374099,3.0,0,0,1,3,1,0,0,0,0,0,0,5,0,0,0,4,0,0,1,0,0,0,1,4,498,525.6,1063,null
-7.0,608,615,0.9731777992421429,0.9805799093543355,11.0,0,0,0,2,0,2,1,0,0,0,2,3,0,0,0,0,0,5,0,0,0,0,5,0,498,525.6,1062,null
2.0,602,600,0.971756816999777,0.9705680213983209,5.0,0,0,0,5,0,0,0,0,0,0,1,4,0,0,0,4,0,1,0,0,0,0,1,4,498,525.6,1064,null
-1.0,601,602,0.9648376551006761,0.9708652202986849,4.0,0,0,1,1,0,3,0,0,0,1,2,2,0,0,2,0,0,2,1,0,0,0,2,3,498,525.6,1065,null
2.0,611,609,0.9635559848428561,0.9696671372315923,14.0,0,0,0,5,0,0,0,0,0,0,1,4,0,0,0,4,0,0,1,0,0,0,0,5,498,525.6,1067,null
2.0,615,613,0.9764376996805112,0.9766141615276024,18.0,0,0,0,2,0,3,0,0,0,0,3,2,0,0,0,2,0,3,0,0,0,0,3,2,498,525.6,1068,null
2.0,608,606,0.9710974069395943,0.9733078237610521,11.0,0,0,0,5,0,0,0,0,0,0,1,4,0,0,0,4,0,1,0,0,0,0,1,4,498,525.6,1066,null
2.0,609,607,0.9764748495430566,0.973456423211234,12.0,0,0,0,0,0,5,0,0,0,0,5,0,0,0,0,2,0,3,0,0,0,0,4,1,498,525.6,1069,null
1.0,599,598,0.967345270822498,0.9663329370681328,2.0,0,0,1,3,0,1,0,0,0,0,1,4,0,0,1,3,0,1,0,0,0,0,1,4,498,525.6,1071,null
-1.0,612,613,0.9703915595512297,0.9680418307452263,15.0,0,0,0,1,0,0,4,0,0,0,1,4,0,0,0,1,0,0,4,0,0,0,0,5,498,525.6,1070,null
0.0,615,615,0.9697321494910469,0.9740508210119623,18.0,0,0,0,4,0,1,0,0,0,0,1,4,0,0,0,2,0,3,0,0,0,0,3,2,498,525.6,1072,null
4.0,610,606,0.9752303291477822,0.9755646779106917,13.0,0,0,0,0,0,4,1,0,0,0,4,1,0,0,0,1,0,3,1,0,0,0,3,2,498,525.6,1073,null
2.0,607,605,0.9766513113901478,0.970475146741957,10.0,0,0,0,2,0,2,1,0,0,0,2,3,0,0,3,0,0,2,0,0,0,0,2,3,498,525.6,1074,null
-6.0,605,611,0.9613734304183075,0.9695278252470466,8.0,0,0,1,1,0,1,2,0,0,0,1,4,0,0,0,3,0,1,1,0,0,0,4,1,498,525.6,1075,null
-1.0,610,611,0.9740229586150532,0.9712831562523219,13.0,0,0,0,2,0,0,3,0,0,0,1,4,0,0,0,2,0,1,2,0,0,0,3,2,498,525.6,1076,null
6.0,614,608,0.9731220744483247,0.9768649230997846,17.0,0,0,0,1,0,4,0,0,0,1,4,0,0,0,0,1,0,2,2,0,0,1,2,2,498,525.6,1077,null
0.0,609,609,0.9733728360205067,0.9724719518537781,12.0,0,0,0,4,0,0,1,0,0,0,0,5,0,0,0,3,0,1,1,0,0,0,1,4,498,525.6,1079,null
-1.0,612,613,0.9804034475072442,0.9785552418456052,15.0,0,0,0,3,0,2,0,0,0,2,2,1,0,0,0,2,0,1,2,0,0,0,2,3,498,525.6,1078,null
-1.0,606,607,0.9500241474106544,0.9752396166134185,9.0,0,0,3,2,0,0,0,0,1,0,2,2,0,0,4,1,0,0,0,0,0,0,0,5,498,525.6,1080,null
0.0,608,608,0.9683668920424995,0.970967382420685,11.0,0,0,0,3,0,1,1,0,0,0,4,1,0,0,1,0,0,3,1,0,0,0,3,2,498,525.6,1081,null
3.0,605,602,0.9719611412437774,0.9714038933055947,8.0,0,0,0,3,0,1,1,0,0,0,1,4,0,0,0,4,0,1,0,0,0,0,1,4,498,525.6,1083,null
-3.0,609,612,0.9766234489932388,0.9790196151274241,12.0,0,0,0,3,0,1,1,0,0,0,1,4,0,0,0,1,0,4,0,0,0,0,4,1,498,525.6,1082,null
-1.0,602,603,0.9709488074894123,0.9719518537781411,5.0,0,0,1,2,0,1,1,0,0,1,1,3,0,0,0,1,1,3,0,0,0,1,3,1,498,525.6,1084,null
1.0,611,610,0.9760569135894196,0.9755368155137825,14.0,0,0,0,1,0,3,1,0,0,0,4,1,0,0,0,1,0,3,1,0,0,0,5,0,498,525.6,1085,null
-2.0,604,606,0.9775336206256037,0.9798369121034252,7.0,0,0,2,2,0,1,0,0,1,1,1,2,0,0,0,2,0,1,2,0,2,0,1,2,498,525.6,1086,null
-3.0,603,606,0.9675867449290438,0.9721376030908685,6.0,0,0,4,0,0,1,0,0,0,1,1,3,0,0,1,1,0,2,1,0,0,0,2,3,498,525.6,1087,null
1.0,605,604,0.9648283676350397,0.9695835500408648,8.0,0,0,0,2,0,1,2,0,0,0,3,2,0,0,0,1,0,2,2,0,0,1,3,1,498,525.6,1088,null
0.0,605,605,0.9770320974812393,0.979632587859425,8.0,0,0,0,3,0,0,2,0,0,2,2,1,0,0,0,1,0,4,0,0,0,0,4,1,498,525.6,1089,null
0.0,612,612,0.9647726428412216,0.9657385392674047,15.0,0,0,0,3,0,2,0,0,0,0,4,1,0,0,0,2,0,3,0,0,0,0,5,0,498,525.6,1090,null
1.0,621,620,0.968431904301954,0.9769020729623301,24.0,0,0,0,2,0,0,3,0,0,1,2,2,0,0,0,3,0,1,1,0,0,0,1,4,498,525.6,1091,null
0.0,607,607,0.971951853778141,0.9659893008395869,10.0,0,0,0,2,0,3,0,0,0,1,3,1,0,0,0,4,0,1,0,0,0,1,1,3,498,525.6,1092,null
-1.0,609,610,0.9715710676870495,0.9702893974292295,12.0,0,0,0,4,0,0,1,0,0,0,1,4,0,0,0,4,0,0,1,0,0,0,0,5,498,525.6,1093,null
1.0,608,607,0.9753975035292369,0.9709580949550487,11.0,0,0,1,2,0,1,1,0,0,0,1,4,0,0,2,3,0,0,0,0,0,0,0,5,498,525.6,1094,null
-3.0,604,607,0.9719797161750502,0.9711995690615945,7.0,0,0,0,2,0,2,1,0,0,0,2,3,0,0,0,1,0,2,2,0,0,0,3,2,498,525.6,1095,null
0.0,609,609,0.9740508210119623,0.9787781410208782,12.0,0,0,2,1,0,1,1,0,0,0,1,4,0,0,0,1,0,1,3,0,0,0,1,4,498,525.6,1096,null
1.0,605,604,0.9782766178765139,0.97808158109815,8.0,0,0,0,1,0,3,1,0,0,0,3,2,0,0,0,1,0,3,1,0,0,0,3,2,498,525.6,1097,null
-1.0,614,615,0.9722583401441415,0.9747380934690542,17.0,0,0,0,3,0,2,0,0,0,0,3,2,0,0,0,1,0,4,0,0,0,0,5,0,498,525.6,1098,null
-1.0,613,614,0.970818782970503,0.9732149491046882,16.0,0,0,0,4,0,1,0,0,0,0,1,4,0,0,0,4,0,0,1,0,0,0,0,5,498,525.6,1099,null
-2.0,610,612,0.972639126235233,0.972936325135597,13.0,0,0,0,4,0,0,1,0,0,0,0,5,0,0,0,5,0,0,0,0,0,0,0,5,498,525.6,1100,null
0.0,609,609,0.9677632067761349,0.970252247566684,12.0,0,0,2,0,0,1,2,0,0,0,1,4,0,0,0,2,0,0,3,0,0,0,1,4,498,525.6,1101,null
-3.0,607,610,0.9712274314585035,0.9747473809346905,10.0,0,0,0,2,0,1,2,0,1,0,1,3,0,0,0,1,0,0,4,0,0,0,0,5,498,525.6,1102,null
3.0,620,617,0.9792053644401516,0.9780444312356044,23.0,0,0,0,5,0,0,0,0,0,1,4,0,0,0,0,4,0,1,0,0,0,1,4,0,498,525.6,1103,null
-5.0,608,613,0.9713017311835945,0.9742830076528717,11.0,0,0,1,0,0,2,2,0,0,0,2,3,0,0,0,0,0,5,0,0,0,0,5,0,498,525.6,1104,null
0.0,604,604,0.9696949996285014,0.9721840404190504,7.0,0,0,0,2,0,3,0,0,0,0,4,1,0,0,0,3,0,2,0,0,0,0,3,2,498,525.6,1105,null
-1.0,612,613,0.9751003046288729,0.9743108700497808,15.0,0,0,1,4,0,0,0,0,1,0,0,4,0,0,0,2,0,3,0,0,0,0,3,2,498,525.6,1106,null
0.0,613,613,0.9760104762612378,0.975694702429601,16.0,0,0,0,1,0,0,4,0,0,0,0,5,0,0,0,1,0,0,4,0,0,0,0,5,498,525.6,1107,null
0.0,605,605,0.9691006018277732,0.9694999628501374,8.0,0,0,0,4,0,0,1,0,0,0,1,4,0,0,0,4,0,1,0,0,0,0,2,3,498,525.6,1108,null
-3.0,615,618,0.9765027119399657,0.9776450702132402,18.0,0,0,0,0,0,5,0,0,0,0,5,0,0,0,0,0,0,5,0,0,0,0,5,0,498,525.6,1109,null
-1.0,597,598,0.9577977561483023,0.9604446838546697,0.0,2,0,0,0,0,3,0,0,0,0,3,2,1,0,1,0,0,3,0,0,0,0,3,2,498,525.6,1110,null
2.0,609,607,0.9766048740619659,0.9730570621888698,12.0,0,0,0,4,0,0,1,0,1,0,0,4,0,0,1,4,0,0,0,0,1,0,0,4,498,525.6,1111,null
2.0,613,611,0.9714224682368675,0.9697878742848652,16.0,0,0,4,1,0,0,0,0,0,0,1,4,0,0,0,3,0,1,1,0,0,0,2,3,498,525.6,1112,null
1.0,600,599,0.9602682220075786,0.9624043391039452,3.0,0,0,2,2,0,0,1,0,0,1,0,4,0,0,1,3,0,0,1,0,0,1,0,4,498,525.6,1113,null
-2.0,611,613,0.9742644327215989,0.9788152908834238,14.0,0,0,0,4,0,1,0,0,0,0,2,3,0,0,0,2,0,3,0,0,0,0,3,2,498,525.6,1114,null
1.0,615,614,0.9767348985808753,0.9762333754365109,18.0,0,0,0,5,0,0,0,0,0,0,0,5,0,0,0,4,0,1,0,0,0,0,1,4,498,525.6,1115,null
-1.0,606,607,0.9710138197488669,0.972249052678505,9.0,0,0,1,4,0,0,0,0,0,0,0,5,0,0,0,4,0,1,0,0,0,0,1,4,498,525.6,1116,null
-1.0,598,599,0.9561445872650272,0.9706887584515937,1.0,0,0,2,0,1,2,0,0,0,1,1,3,0,0,4,0,0,1,0,0,0,0,1,4,498,525.6,1117,null
0.0,608,608,0.9688405527899547,0.9724719518537782,11.0,0,0,0,4,0,0,1,0,0,1,0,4,0,0,0,3,0,0,2,0,0,0,2,3,498,525.6,1118,null
2.0,604,602,0.971487480496322,0.9711159818708671,7.0,0,0,0,4,0,0,1,0,0,0,0,5,0,0,0,1,0,2,2,0,0,0,2,3,498,525.6,1119,null
3.0,610,607,0.9750631547663273,0.9727041384946876,13.0,0,0,0,4,0,1,0,0,2,2,1,0,0,0,0,3,0,2,0,0,2,1,2,0,498,525.6,1120,null
0.0,606,606,0.967540307600862,0.9717846793966862,9.0,0,0,1,3,0,1,0,0,0,0,1,4,0,0,0,3,0,2,0,0,0,0,2,3,498,525.6,1121,null
-4.0,616,620,0.9783880674641503,0.9792703766996061,19.0,0,0,0,2,0,3,0,0,0,0,5,0,0,0,0,0,0,5,0,0,0,0,5,0,498,525.6,1122,null
0.0,610,610,0.9721097406939595,0.9719239913812319,13.0,0,0,0,3,0,1,1,0,0,0,1,4,0,0,0,3,0,1,1,0,0,0,1,4,498,525.6,1123,null
0.0,605,605,0.9732706738985065,0.9689427149119548,8.0,0,0,0,4,0,0,1,0,0,0,1,4,0,0,1,2,0,1,1,0,0,0,1,4,498,525.6,1124,null
-3.0,607,610,0.9731777992421429,0.9731685117765064,10.0,0,0,0,3,0,2,0,0,0,0,5,0,0,0,0,2,0,3,0,0,0,0,5,0,498,525.6,1125,null
-1.0,607,608,0.9746823686752359,0.9713667434430492,10.0,0,0,0,4,0,1,0,0,0,0,1,4,0,0,0,4,0,1,0,0,0,0,1,4,498,525.6,1126,null
-3.0,612,615,0.9723605022661417,0.9726019763726874,15.0,0,0,0,2,0,3,0,0,0,0,3,2,0,0,0,2,0,3,0,0,0,0,3,2,498,525.6,1127,null
-1.0,612,613,0.9797997622408797,0.9772549966565125,15.0,0,0,2,3,0,0,0,0,0,0,0,5,0,0,1,4,0,0,0,0,0,0,0,5,498,525.6,1128,null
0.0,608,608,0.9711995690615944,0.9719797161750502,11.0,0,0,0,3,0,2,0,0,0,0,2,3,0,0,0,3,0,2,0,0,0,0,3,2,498,525.6,1129,null
2.0,609,607,0.9779051192510587,0.9755646779106917,12.0,0,0,0,1,0,4,0,0,0,0,4,1,0,0,0,1,0,3,1,0,0,0,3,2,498,525.6,1130,null
-1.0,612,613,0.9749331302474181,0.9740508210119623,15.0,0,0,0,2,0,2,1,0,0,1,1,3,0,0,0,3,0,0,2,0,0,0,1,4,498,525.6,1131,null
0.0,605,605,0.9590237016123041,0.9740879708745078,8.0,0,0,1,0,0,1,3,0,0,1,1,3,0,0,0,1,0,0,4,0,0,0,1,4,498,525.6,1132,null
-1.0,610,611,0.9793818262872428,0.9796140129281522,13.0,0,0,1,4,0,0,0,0,0,0,2,3,0,0,0,1,0,3,1,0,0,0,4,1,498,525.6,1133,null
-1.0,603,604,0.951287242737202,0.9513708299279292,6.0,0,0,4,0,0,1,0,0,0,0,1,4,0,0,4,0,0,1,0,0,0,0,1,4,498,525.6,1134,null
1.0,612,611,0.9714689055650495,0.9715710676870496,15.0,0,0,0,4,0,0,1,0,0,0,4,1,0,0,0,3,0,1,1,0,0,0,4,1,498,525.6,1135,null
-6.0,606,612,0.9699086113381381,0.9695185377814102,9.0,0,0,2,2,0,1,0,0,0,0,3,2,0,0,0,4,0,1,0,0,0,0,5,0,498,525.6,1136,null
-3.0,609,612,0.9722119028159596,0.9743480199123263,12.0,0,0,0,4,0,1,0,0,0,0,4,1,0,0,0,1,0,4,0,0,0,0,5,0,498,525.6,1137,null
1.0,613,612,0.9773571587785125,0.9799576491566981,16.0,0,0,0,4,0,1,0,0,0,0,1,4,0,0,0,2,0,2,1,0,0,0,2,3,498,525.6,1138,null
-4.0,608,612,0.9755553904450555,0.9777658072665131,11.0,0,0,0,3,0,0,2,0,0,1,1,3,0,0,0,1,0,2,2,0,0,0,2,3,498,525.6,1139,null
-2.0,612,614,0.9697414369566831,0.9744966193625083,15.0,0,0,1,4,0,0,0,0,0,0,1,4,0,0,0,4,0,1,0,0,0,0,2,3,498,525.6,1140,null
2.0,615,613,0.9812486068801545,0.9790196151274241,18.0,0,0,0,0,0,5,0,0,0,0,5,0,0,0,0,2,0,3,0,0,0,0,4,1,498,525.6,1141,null
2.0,601,599,0.9747009436065086,0.9747102310721452,4.0,0,0,0,4,0,0,1,0,0,0,0,5,0,0,0,4,0,0,1,0,0,0,1,4,498,525.6,1142,null
-7.0,605,612,0.9625529385541275,0.9723233524035961,8.0,0,0,1,0,1,1,2,0,0,1,0,4,0,0,0,0,0,0,5,0,0,0,0,5,498,525.6,1143,null
-4.0,609,613,0.9753882160636005,0.9731034995170519,12.0,0,0,0,0,0,1,4,0,0,0,1,4,0,0,0,0,0,2,3,0,0,0,4,1,498,525.6,1144,null
1.0,614,613,0.9749795675756,0.974143695668326,17.0,0,0,0,4,0,0,1,0,0,0,1,4,0,0,0,3,0,1,1,0,0,0,1,4,498,525.6,1145,null
-1.0,606,607,0.972936325135597,0.975425365926146,9.0,0,0,0,4,0,0,1,0,0,1,2,2,0,0,3,1,0,0,1,0,0,0,0,5,498,525.6,1146,null
-1.0,612,613,0.9747659558659634,0.9739579463555984,15.0,0,0,0,4,0,1,0,0,0,0,1,4,0,0,0,3,0,2,0,0,0,0,2,3,498,525.6,1147,null
1.0,600,599,0.971190281595958,0.9709023701612304,3.0,0,0,0,2,0,1,2,0,0,0,2,3,0,0,0,2,0,1,2,0,0,0,2,3,498,525.6,1148,null
-2.0,612,614,0.9742458577903262,0.9742365703246898,15.0,0,0,0,2,0,3,0,0,0,0,3,2,0,0,0,2,0,3,0,0,0,0,3,2,498,525.6,1149,null
0.0,609,609,0.9713667434430492,0.9713667434430492,12.0,0,0,0,5,0,0,0,0,0,0,1,4,0,0,0,5,0,0,0,0,0,0,1,4,498,525.6,1150,null
-7.0,602,609,0.969462812987592,0.9682182925923174,5.0,0,0,1,2,0,2,0,0,2,0,3,0,0,0,0,1,0,4,0,0,0,0,5,0,498,525.6,1151,null
-2.0,608,610,0.9669273348688611,0.9714038933055947,11.0,0,0,1,3,0,0,1,0,0,0,1,4,0,0,0,2,0,0,3,0,0,0,2,3,498,525.6,1152,null
1.0,609,608,0.9669830596626793,0.9715989300839586,12.0,0,0,1,3,0,0,1,0,0,1,3,1,0,0,0,2,0,2,1,0,0,0,5,0,498,525.6,1153,null
-1.0,609,610,0.9663236496024964,0.9703265472917751,12.0,0,0,0,2,0,0,3,0,0,0,3,2,0,0,0,1,0,0,4,0,0,0,4,1,498,525.6,1154,null
0.0,611,611,0.975425365926146,0.9774128835723308,14.0,0,0,0,1,0,1,3,0,0,0,1,4,0,0,0,2,0,2,1,0,0,0,2,3,498,525.6,1155,null
1.0,607,606,0.9738279218366892,0.9724069395943236,10.0,0,0,0,2,0,0,3,0,0,0,0,5,0,0,0,3,0,1,1,0,0,0,1,4,498,525.6,1156,null
2.0,606,604,0.9721933278846867,0.9678375065012259,9.0,0,0,3,0,0,0,2,0,0,0,0,5,0,0,0,2,0,1,2,0,0,0,1,4,498,525.6,1157,null
1.0,617,616,0.9708745077643213,0.9691284642246825,20.0,0,0,0,5,0,0,0,0,0,0,0,5,0,0,0,4,0,1,0,0,0,0,1,4,498,525.6,1158,null
0.0,612,612,0.972174752953414,0.9721190281595957,15.0,0,0,0,4,0,0,1,0,0,0,0,5,0,0,0,4,0,0,1,0,0,0,0,5,498,525.6,1159,null
0.0,612,612,0.9735400104019615,0.9735400104019615,15.0,0,0,0,5,0,0,0,0,0,0,0,5,0,0,0,5,0,0,0,0,0,0,0,5,498,525.6,1160,null
3.0,613,610,0.9702801099635932,0.9686269410803179,16.0,0,0,0,5,0,0,0,0,0,0,2,3,0,0,0,4,0,0,1,0,0,0,1,4,498,525.6,1161,null
-3.0,606,609,0.9651255665354038,0.9714224682368675,9.0,0,0,2,1,0,0,2,0,0,1,0,4,0,0,0,0,0,0,5,0,0,0,0,5,498,525.6,1163,null
0.0,613,613,0.9734099858830522,0.9769949476186938,16.0,0,0,0,5,0,0,0,0,0,0,0,5,0,0,0,3,0,2,0,0,0,0,2,3,498,525.6,1162,null
-1.0,607,608,0.9670109220595884,0.9697135745597741,10.0,0,0,0,2,0,0,3,0,0,0,2,3,0,0,0,3,0,0,2,0,0,0,3,2,498,525.6,1164,null
-3.0,608,611,0.9740508210119623,0.9767348985808753,11.0,0,0,0,2,0,3,0,0,0,1,4,0,0,0,1,0,0,4,0,0,0,0,4,1,498,525.6,1165,null
2.0,607,605,0.9735957351957798,0.974366594843599,10.0,0,0,0,0,0,5,0,0,0,0,5,0,0,0,0,2,0,3,0,0,0,0,4,1,498,525.6,1166,null
-2.0,614,616,0.97315922431087,0.9718032543279589,17.0,0,0,0,0,0,1,4,0,0,2,3,0,0,0,0,0,0,1,4,0,0,0,5,0,498,525.6,1167,null
-1.0,610,611,0.9809606954454269,0.9781558808232409,13.0,0,0,0,1,0,4,0,0,0,0,4,1,0,0,0,2,0,3,0,0,0,0,3,2,498,525.6,1168,null
2.0,613,611,0.9769856601530574,0.9744780444312356,16.0,0,0,0,2,0,2,1,0,0,1,1,3,0,0,0,3,0,0,2,0,0,0,0,5,498,525.6,1169,null
1.0,611,610,0.9774964707630581,0.976948510290512,14.0,0,0,0,1,0,3,1,0,0,0,4,1,0,0,0,1,0,3,1,0,0,0,4,1,498,525.6,1170,null
-4.0,607,611,0.9731499368452337,0.9730013373950517,10.0,0,0,1,3,0,0,1,0,0,1,0,4,0,0,0,5,0,0,0,0,0,0,0,5,498,525.6,1171,null
0.0,617,617,0.974635931347054,0.974635931347054,20.0,0,0,0,5,0,0,0,0,0,0,1,4,0,0,0,5,0,0,0,0,0,0,1,4,498,525.6,1172,null
1.0,603,602,0.9716175050152315,0.9750910171632365,6.0,0,0,0,3,0,0,2,0,0,0,0,5,0,0,1,3,0,0,1,0,0,0,0,5,498,525.6,1173,null
-3.0,601,604,0.9698528865443198,0.9749702801099637,4.0,0,0,1,1,0,0,3,0,0,0,0,5,0,0,0,1,0,2,2,0,0,0,2,3,498,525.6,1174,null
-7.0,614,621,0.9732985362954157,0.9766234489932387,17.0,0,0,0,4,0,1,0,0,0,1,1,3,0,0,0,0,0,5,0,0,0,0,5,0,498,525.6,1175,null
0.0,606,606,0.9726762760977784,0.972174752953414,9.0,0,0,0,1,0,0,4,0,0,0,0,5,0,0,0,1,0,0,4,0,0,0,0,5,498,525.6,1176,null
-2.0,603,605,0.9750724422319638,0.9739300839586893,6.0,0,0,3,2,0,0,0,0,0,0,0,5,0,0,0,4,0,0,1,0,0,0,0,5,498,525.6,1177,null
0.0,617,617,0.9774593209005126,0.9774593209005126,20.0,0,0,0,5,0,0,0,0,0,0,0,5,0,0,0,5,0,0,0,0,0,0,0,5,498,525.6,1178,null
2.0,610,608,0.9680511182108625,0.9679303811575897,13.0,0,0,0,2,0,0,3,0,0,0,0,5,0,0,0,2,0,0,3,0,0,0,0,5,498,525.6,1179,null
3.0,614,611,0.9754810907199643,0.978378779998514,17.0,0,0,0,5,0,0,0,0,0,1,4,0,0,0,0,1,0,3,1,0,0,0,4,1,498,525.6,1180,null
1.0,603,602,0.9726762760977784,0.9741251207370533,6.0,0,0,3,0,0,1,1,0,0,0,1,4,0,0,3,1,0,1,0,0,0,0,1,4,498,525.6,1181,null
-4.0,604,608,0.9669087599375883,0.9745151942937811,7.0,0,0,2,1,0,1,1,0,0,0,2,3,0,0,0,2,0,1,2,0,0,0,2,3,498,525.6,1182,null
0.0,606,606,0.9702708224979567,0.9751467419570548,9.0,0,0,2,1,1,0,1,0,0,0,1,4,0,0,3,1,0,1,0,0,0,0,1,4,498,525.6,1183,null
0.0,612,612,0.9672895460286797,0.9651534289323129,15.0,0,0,0,0,0,0,5,0,0,0,2,3,0,0,0,0,0,0,5,0,0,0,1,4,498,525.6,1184,null
-1.0,601,602,0.9555501894642991,0.9596273868786686,4.0,0,0,2,1,2,0,0,0,0,0,1,4,0,0,3,2,0,0,0,0,0,0,1,4,498,525.6,1186,null
-1.0,606,607,0.96813470540159,0.9685340664239542,9.0,0,0,0,2,0,3,0,0,0,1,4,0,0,0,0,2,0,3,0,0,0,1,3,1,498,525.6,1185,null
-3.0,609,612,0.976038338658147,0.9784530797236051,12.0,0,0,0,2,0,2,1,0,0,0,3,2,0,0,0,1,0,3,1,0,0,0,4,1,498,525.6,1187,null
1.0,612,611,0.973920796493053,0.9752860539416004,15.0,0,0,0,4,0,0,1,0,0,0,0,5,0,0,0,4,0,0,1,0,0,0,1,4,498,525.6,1188,null
1.0,610,609,0.9684969165614088,0.9661657626866782,13.0,0,0,0,3,0,1,1,0,0,0,3,2,0,0,0,4,0,0,1,0,0,0,2,3,498,525.6,1189,null
0.0,612,612,0.9754160784605097,0.9754160784605097,15.0,0,0,0,5,0,0,0,0,0,0,2,3,0,0,0,5,0,0,0,0,0,0,2,3,498,525.6,1190,null
-6.0,611,617,0.9708280704361394,0.9802455605914259,14.0,0,0,0,0,0,5,0,1,0,0,4,0,0,0,0,0,0,5,0,0,0,0,5,0,498,525.6,1191,null
-3.0,604,607,0.9705680213983208,0.9705122966045026,7.0,0,0,0,2,1,2,0,0,0,0,2,3,0,0,0,2,0,1,2,0,0,0,1,4,498,525.6,1192,null
0.0,611,611,0.9711345568021399,0.9737350471803253,14.0,0,0,0,5,0,0,0,0,0,0,0,5,0,0,0,4,0,1,0,0,0,0,1,4,498,525.6,1193,null
0.0,615,615,0.9696764246972286,0.9619956906159447,18.0,0,0,0,0,0,0,5,0,0,0,0,5,0,0,0,0,0,0,5,0,0,0,1,4,498,525.6,1194,null
0.0,608,608,0.9733914109517795,0.9733914109517795,11.0,0,0,0,5,0,0,0,0,0,0,0,5,0,0,0,5,0,0,0,0,0,0,0,5,498,525.6,1195,null
2.0,607,605,0.9590608514748495,0.9731685117765064,10.0,0,0,3,1,0,0,1,0,0,0,2,3,0,0,0,1,1,1,2,0,0,0,3,2,498,525.6,1196,null
1.0,610,609,0.9721004532283231,0.9725555390445055,13.0,0,0,0,4,0,0,1,0,0,0,0,5,0,0,0,3,0,1,1,0,0,0,1,4,498,525.6,1197,null
1.0,614,613,0.9718218292592317,0.9754346533917824,17.0,0,0,0,1,0,3,1,0,0,0,4,1,0,0,0,2,0,3,0,0,0,0,4,1,498,525.6,1198,null
-1.0,613,614,0.974292295118508,0.9764469871461475,16.0,0,0,0,4,0,1,0,0,0,0,2,3,0,0,0,3,0,2,0,0,0,0,3,2,498,525.6,1199,null
5.0,623,618,0.9777750947321496,0.9752396166134185,26.0,0,0,0,0,0,4,1,0,0,0,5,0,0,0,0,2,0,2,1,0,0,0,3,2,498,525.6,1200,null
2.0,612,610,0.9716825172746861,0.9717661044654134,15.0,0,0,0,3,0,1,1,0,0,0,4,1,0,0,0,4,0,0,1,0,0,0,4,1,498,525.6,1201,null
-1.0,609,610,0.9659614384426777,0.9728155880823242,12.0,0,0,0,3,0,1,1,0,0,0,2,3,0,0,0,3,0,2,0,0,0,0,2,3,498,525.6,1202,null
-1.0,603,604,0.9719518537781409,0.9704472843450479,6.0,0,0,0,1,0,2,2,0,0,1,3,1,0,0,0,1,0,2,2,0,0,0,4,1,498,525.6,1203,null
-1.0,605,606,0.9684876290957724,0.9715617802214132,8.0,0,0,0,2,0,1,2,0,0,0,1,4,0,0,0,2,0,2,1,0,0,0,2,3,498,525.6,1204,null
2.0,609,607,0.9708837952299576,0.9704751467419571,12.0,0,0,0,4,0,0,1,0,0,0,0,5,0,0,0,3,0,0,2,0,0,0,0,5,498,525.6,1205,null
0.0,611,611,0.9724348019912327,0.97315922431087,14.0,0,0,0,4,0,1,0,0,0,0,1,4,0,0,0,4,0,1,0,0,0,0,1,4,498,525.6,1206,null
-1.0,606,607,0.972369789731778,0.9702708224979567,9.0,0,0,0,4,0,1,0,0,0,0,1,4,0,0,0,5,0,0,0,0,0,0,1,4,498,525.6,1208,null
-3.0,605,608,0.9738743591648711,0.9697507244223196,8.0,0,0,1,1,0,0,3,0,0,0,0,5,0,0,0,2,0,0,3,0,0,0,1,4,498,525.6,1207,null
0.0,602,602,0.9751931792852366,0.9730756371201427,5.0,0,0,0,1,0,4,0,0,0,0,5,0,0,0,0,2,0,3,0,0,0,1,4,0,498,525.6,1209,null
-2.0,607,609,0.9774778958317853,0.9720447284345048,10.0,0,0,2,3,0,0,0,0,1,0,1,3,0,0,0,2,0,2,1,0,1,0,2,2,498,525.6,1210,null
0.0,607,607,0.9680975555390445,0.9691749015528642,10.0,0,0,0,1,0,2,2,0,0,0,2,3,0,0,0,1,0,2,2,0,0,0,2,3,498,525.6,1211,null
-1.0,607,608,0.9698528865443197,0.9743573073779627,10.0,0,0,1,1,0,1,2,0,0,1,0,4,0,0,0,1,0,3,1,0,0,0,4,1,498,525.6,1212,null
1.0,607,606,0.966462961587042,0.9714038933055948,10.0,0,0,4,1,0,0,0,0,0,0,1,4,0,0,2,3,0,0,0,0,0,0,0,5,498,525.6,1213,null
-3.0,605,608,0.9723140649379597,0.9738279218366892,8.0,0,0,0,2,0,1,2,0,0,1,1,3,0,0,0,2,0,0,3,0,0,0,3,2,498,525.6,1214,null
3.0,598,595,0.9688591277212274,0.9654134779701316,1.0,1,0,0,1,0,3,0,0,0,0,4,1,1,0,0,1,0,1,2,0,0,0,1,4,498,525.6,1215,null
0.0,616,616,0.980152685935062,0.981508655917973,19.0,0,0,0,2,0,2,1,0,0,1,3,1,0,0,0,1,0,4,0,0,0,0,4,1,498,525.6,1217,null
4.0,617,613,0.9777472323352404,0.9751746043539639,20.0,0,0,0,0,0,5,0,0,0,0,5,0,0,0,0,1,0,3,1,0,0,0,4,1,498,525.6,1216,null
-1.0,610,611,0.972072590831414,0.9719518537781411,13.0,0,0,0,1,0,0,4,0,0,0,0,5,0,0,0,1,0,0,4,0,0,0,0,5,498,525.6,1218,null
0.0,614,614,0.97315922431087,0.97315922431087,17.0,0,0,0,5,0,0,0,0,0,0,0,5,0,0,0,5,0,0,0,0,0,0,0,5,498,525.6,1219,null
0.0,608,608,0.9775521955568764,0.9775336206256037,11.0,0,0,0,2,0,3,0,0,0,0,3,2,0,0,0,2,0,3,0,0,0,0,3,2,498,525.6,1220,null
6.0,614,608,0.972936325135597,0.9774500334348764,17.0,0,0,0,5,0,0,0,0,0,0,5,0,0,0,1,4,0,0,0,0,0,0,4,1,498,525.6,1222,null
-1.0,609,610,0.9699829110632291,0.9739672338212348,12.0,0,0,0,2,0,1,2,0,0,0,2,3,0,0,0,2,0,1,2,0,0,0,1,4,498,525.6,1221,null
-7.0,597,604,0.9586893528493945,0.96621220001486,0.0,0,0,0,3,0,2,0,1,0,1,1,2,0,0,2,3,0,0,0,0,0,0,0,5,498,525.6,1223,null
0.0,614,614,0.9705773088639572,0.9705773088639572,17.0,0,0,0,5,0,0,0,0,0,0,0,5,0,0,0,5,0,0,0,0,0,0,0,5,498,525.6,1224,null
-2.0,601,603,0.9696206999034103,0.9763726874210565,4.0,0,0,2,1,0,0,2,0,0,0,2,3,0,0,0,2,0,0,3,0,0,0,3,2,498,525.6,1225,null
-2.0,608,610,0.9737536221115982,0.9743758823092354,11.0,0,0,0,1,0,0,4,0,0,0,0,5,0,0,0,0,0,3,2,0,0,0,3,2,498,525.6,1226,null
2.0,610,608,0.9713481685117765,0.9701779478415931,13.0,0,0,4,1,0,0,0,0,0,0,0,5,0,0,0,1,0,2,2,0,0,0,3,2,498,525.6,1227,null
2.0,618,616,0.9761126383832379,0.978601679173787,21.0,0,0,0,4,0,1,0,0,0,3,2,0,0,0,0,1,0,3,1,0,0,1,3,1,498,525.6,1228,null
-1.0,610,611,0.9780072813730589,0.9773200089159669,13.0,0,0,0,1,0,4,0,0,0,0,4,1,0,0,0,1,0,4,0,0,0,0,4,1,498,525.6,1229,null
-3.0,618,621,0.9736328850583252,0.9783602050672411,21.0,0,0,0,3,0,2,0,0,0,0,2,3,0,0,0,0,0,5,0,0,0,0,5,0,498,525.6,1230,null
2.0,608,606,0.9614477301433985,0.9681068430046809,11.0,0,0,2,0,0,1,2,0,0,0,1,4,0,0,1,1,0,1,2,0,0,0,1,4,498,525.6,1231,null
0.0,608,608,0.9711809941303217,0.9711809941303217,11.0,0,0,0,5,0,0,0,0,0,0,0,5,0,0,0,5,0,0,0,0,0,0,0,5,498,525.6,1232,null
-2.0,611,613,0.9689334274463184,0.9712924437179582,14.0,0,0,0,2,0,1,2,0,1,0,2,2,0,0,0,0,0,4,1,0,0,0,4,1,498,525.6,1233,null
2.0,605,603,0.9716175050152314,0.9707630581766847,8.0,0,0,4,0,0,1,0,0,0,0,1,4,0,0,3,1,0,0,1,0,0,0,0,5,498,525.6,1234,null
-3.0,609,612,0.9770785348094212,0.9776729326101494,12.0,0,0,0,1,0,3,1,0,0,0,3,2,0,0,0,0,0,4,1,0,0,0,4,1,498,525.6,1235,null
-9.0,596,605,0.9640017831934021,0.9713203061148673,-1.0,0,0,1,2,1,1,0,0,0,0,3,2,0,0,5,0,0,0,0,0,0,0,0,5,498,525.6,1236,null
-1.0,607,608,0.9721004532283231,0.9783416301359684,10.0,0,0,0,0,0,2,3,0,0,0,2,3,0,0,0,0,0,4,1,0,0,0,4,1,498,525.6,1237,null
-4.0,605,609,0.9741715580652351,0.9782487554796048,8.0,0,0,0,3,0,1,1,0,0,0,3,2,0,0,0,1,0,4,0,0,0,0,4,1,498,525.6,1238,null
1.0,605,604,0.9677910691730439,0.9679210936919533,8.0,0,0,1,3,0,0,1,0,0,0,0,5,0,0,1,3,0,0,1,0,0,0,0,5,498,525.6,1239,null
-10.0,610,620,0.9735307229363251,0.9786574039676053,13.0,0,0,0,2,0,2,1,0,0,0,3,2,0,0,0,0,0,5,0,0,0,0,5,0,498,525.6,1240,null
5.0,605,600,0.9706980459172301,0.96685303514377,8.0,0,0,4,0,0,0,1,0,0,0,0,5,0,0,3,0,0,1,1,0,0,0,1,4,498,525.6,1241,null
1.0,610,609,0.9731127869826881,0.9730756371201426,13.0,0,0,0,4,0,0,1,0,0,0,0,5,0,0,0,4,0,0,1,0,0,0,0,5,498,525.6,1242,null
-4.0,608,612,0.9749795675756001,0.9747566684003269,11.0,0,0,0,2,0,2,1,0,0,0,4,1,0,0,0,1,0,4,0,0,0,0,5,0,498,525.6,1243,null
0.0,605,605,0.970670183520321,0.970326547291775,8.0,0,0,0,1,0,0,4,0,0,1,1,3,0,0,0,1,0,0,4,0,0,1,1,3,498,525.6,1244,null
-6.0,605,611,0.9716453674121406,0.9725183891819601,8.0,0,0,0,2,0,3,0,0,0,1,4,0,0,0,0,1,0,4,0,0,0,0,5,0,498,525.6,1245,null
0.0,599,599,0.9662307749461326,0.9713574559774129,2.0,0,0,0,1,2,1,1,0,0,0,2,3,0,0,1,2,0,2,0,0,0,0,2,3,498,525.6,1246,null
-1.0,605,606,0.971998291106323,0.9666672858310424,8.0,0,0,0,3,0,1,1,0,0,0,1,4,0,0,1,2,0,2,0,0,0,0,2,3,498,525.6,1247,null
-2.0,609,611,0.9674102830819526,0.9679768184857717,12.0,0,0,0,3,0,1,1,0,0,1,0,4,0,0,0,3,0,0,2,0,0,0,0,5,498,525.6,1248,null
-1.0,606,607,0.9762798127646928,0.9756111152388737,9.0,0,0,0,4,0,0,1,0,0,0,2,3,0,0,0,5,0,0,0,0,0,0,1,4,498,525.6,1249,null
-4.0,605,609,0.9727041384946875,0.9776172078163311,8.0,0,0,2,0,0,2,1,0,0,0,3,2,0,0,0,1,0,4,0,0,0,0,4,1,498,525.6,1250,null
1.0,606,605,0.9769856601530574,0.977022810015603,9.0,0,0,0,3,0,2,0,0,0,1,3,1,0,0,0,3,0,2,0,0,0,0,3,2,498,525.6,1251,null
0.0,613,613,0.9731406493795973,0.9732520989672337,16.0,0,0,0,3,0,2,0,0,0,0,2,3,0,0,0,3,0,2,0,0,0,0,2,3,498,525.6,1252,null
-2.0,604,606,0.96557136488595,0.9698064492161379,7.0,0,0,2,0,0,2,1,0,0,1,2,2,0,0,3,1,0,1,0,0,0,0,1,4,498,525.6,1253,null
3.0,612,609,0.9707259083141392,0.9716360799465042,15.0,0,0,0,0,0,0,5,0,0,0,1,4,0,0,0,1,0,1,3,0,0,0,2,3,498,525.6,1254,null
0.0,601,601,0.9649026673601308,0.9714038933055948,4.0,0,0,3,0,0,0,2,0,0,0,0,5,0,0,0,0,0,0,5,0,0,1,0,4,498,525.6,1255,null
1.0,613,612,0.975499665651237,0.9741901329965078,16.0,0,0,0,2,0,0,3,0,0,0,0,5,0,0,0,2,0,2,1,0,0,0,2,3,498,525.6,1256,null
0.0,613,613,0.9705030091388661,0.9705030091388661,16.0,0,0,0,5,0,0,0,0,0,0,0,5,0,0,0,5,0,0,0,0,0,0,0,5,498,525.6,1257,null
0.0,605,605,0.9661750501523144,0.9704937216732298,8.0,0,0,1,2,0,0,2,0,0,0,2,3,0,0,0,4,0,0,1,0,0,0,2,3,498,525.6,1258,null
-1.0,610,611,0.9729549000668697,0.977589345419422,13.0,0,0,0,5,0,0,0,0,0,0,3,2,0,0,0,3,0,2,0,0,0,0,5,0,498,525.6,1259,null
0.0,610,610,0.9735121480050524,0.9714131807712312,13.0,0,0,0,2,0,0,3,0,0,0,1,4,0,0,0,3,0,0,2,0,0,0,0,5,498,525.6,1260,null
3.0,614,611,0.9744316071030538,0.9734749981425068,17.0,0,0,0,5,0,0,0,0,0,0,0,5,0,0,1,4,0,0,0,0,0,0,0,5,498,525.6,1261,null
-3.0,617,620,0.9703172598261387,0.974292295118508,20.0,0,0,0,3,0,1,1,0,0,0,2,3,0,0,0,1,0,4,0,0,0,0,4,1,498,525.6,1262,null
-2.0,612,614,0.9646519057879486,0.9702150977041384,15.0,0,0,2,1,0,0,2,0,0,0,0,5,0,0,0,2,0,0,3,0,0,0,0,5,498,525.6,1264,null
-1.0,603,604,0.9768370607028753,0.9752860539416004,6.0,0,0,1,1,0,3,0,0,0,0,3,2,0,0,1,1,0,0,3,0,0,0,1,4,498,525.6,1263,null
0.0,605,605,0.9694256631250464,0.9702429601010475,8.0,0,0,0,4,0,0,1,0,1,0,2,2,0,0,0,3,0,1,1,0,1,0,3,1,498,525.6,1265,null
-1.0,607,608,0.9707816331079575,0.9745430566906903,10.0,0,0,0,4,0,0,1,0,0,0,2,3,0,0,0,3,0,2,0,0,0,0,4,1,498,525.6,1266,null
-1.0,610,611,0.9685990786834089,0.9735121480050524,13.0,0,0,0,2,0,1,2,0,0,0,1,4,0,0,0,2,0,3,0,0,0,0,3,2,498,525.6,1267,null
1.0,618,617,0.9747473809346905,0.974561631621963,21.0,0,0,0,3,0,0,2,0,0,0,0,5,0,0,0,3,0,0,2,0,0,0,0,5,498,525.6,1268,null
5.0,614,609,0.9753975035292368,0.9741344082026896,17.0,0,0,0,1,0,4,0,0,0,0,4,1,0,0,0,4,0,0,1,0,0,0,2,3,498,525.6,1269,null
-1.0,614,615,0.9748402555910542,0.9744594694999629,17.0,0,0,0,3,0,0,2,0,0,0,0,5,0,0,0,2,0,0,3,0,0,0,0,5,498,525.6,1270,null
0.0,605,605,0.9649398172226762,0.9659150011144958,8.0,0,0,0,1,0,0,4,0,0,0,2,3,0,0,0,2,0,1,2,0,0,0,2,3,498,525.6,1271,null
0.0,601,601,0.9708652202986848,0.9604075339921243,4.0,0,0,0,5,0,0,0,0,0,1,1,3,0,0,3,1,0,1,0,0,0,0,1,4,498,525.6,1272,null
0.0,607,607,0.9699643361319563,0.9679489560888623,10.0,0,0,4,0,0,1,0,0,0,0,1,4,0,0,3,0,0,1,1,0,0,1,1,3,498,525.6,1273,null
0.0,606,606,0.9695278252470466,0.9720447284345048,9.0,0,0,0,2,0,1,2,0,0,0,3,2,0,0,0,1,0,1,3,0,0,0,1,4,498,525.6,1274,null
-6.0,598,604,0.9612805557619437,0.964586893528494,1.0,0,0,1,2,1,0,1,0,0,1,1,3,0,0,4,1,0,0,0,0,0,1,0,4,498,525.6,1276,null
-3.0,601,604,0.9752210416821459,0.9764005498179658,4.0,0,0,0,5,0,0,0,0,0,0,1,4,0,0,0,5,0,0,0,0,0,0,0,5,498,525.6,1275,null
-1.0,608,609,0.9706237461921391,0.9684040419050449,11.0,0,0,0,2,0,0,3,0,0,0,0,5,0,0,0,2,0,1,2,0,0,0,1,4,498,525.6,1277,null
0.0,612,612,0.9655899398172226,0.971431755702504,15.0,0,0,0,0,0,0,5,0,0,0,1,4,0,0,0,1,0,0,4,0,0,0,0,5,498,525.6,1278,null
0.0,614,614,0.9733914109517795,0.9733914109517795,17.0,0,0,0,5,0,0,0,0,0,0,0,5,0,0,0,5,0,0,0,0,0,0,0,5,498,525.6,1279,null
0.0,601,601,0.9666765732966788,0.9674195705475891,4.0,0,0,1,3,0,1,0,0,0,0,2,3,0,0,1,3,0,1,0,0,0,0,2,3,498,525.6,1280,null
-1.0,613,614,0.9702429601010476,0.974143695668326,16.0,0,0,0,3,0,0,2,0,0,0,1,4,0,0,0,4,0,0,1,0,0,0,0,5,498,525.6,1281,null
0.0,613,613,0.9716546548777769,0.9715803551526859,16.0,0,0,0,4,0,0,1,0,0,0,0,5,0,0,0,4,0,0,1,0,0,0,0,5,498,525.6,1282,null
0.0,614,614,0.9796140129281521,0.9789360279366967,17.0,0,0,0,2,0,3,0,0,0,0,4,1,0,0,0,2,0,3,0,0,0,0,4,1,498,525.6,1283,null
1.0,608,607,0.975425365926146,0.9713388810461401,11.0,0,0,0,2,0,3,0,0,0,0,5,0,0,0,0,4,0,1,0,0,0,1,3,1,498,525.6,1284,null
-6.0,606,612,0.9755368155137826,0.9796418753250613,9.0,0,0,0,2,0,2,1,0,0,0,2,3,0,0,0,1,0,4,0,0,0,0,4,1,498,525.6,1285,null
2.0,620,618,0.9777286574039676,0.9769206478936027,23.0,0,0,0,2,0,3,0,0,0,0,5,0,0,0,0,2,0,3,0,0,0,0,5,0,498,525.6,1286,null
1.0,605,604,0.9745523441563266,0.9702986848948658,8.0,0,0,0,4,0,1,0,0,0,0,3,2,0,0,0,4,0,1,0,0,0,0,2,3,498,525.6,1287,null
-3.0,601,604,0.9677539193104986,0.9708373579017757,4.0,0,0,0,3,1,0,1,0,0,0,0,5,0,0,0,5,0,0,0,0,0,0,0,5,498,525.6,1288,null
-3.0,601,604,0.9741529831339625,0.9650419793446765,4.0,0,0,1,3,0,0,1,0,0,0,0,5,0,0,0,4,0,0,1,0,0,0,1,4,498,525.6,1289,null
-2.0,610,612,0.9796790251876067,0.9805148970948808,13.0,0,0,0,1,0,2,2,0,0,2,1,2,0,0,0,0,0,1,4,0,0,0,4,1,498,525.6,1292,null
-3.0,610,613,0.9758061520172375,0.9749145553161453,13.0,0,0,0,1,0,4,0,0,0,2,3,0,0,0,0,0,0,5,0,0,0,0,5,0,498,525.6,1290,null
3.0,614,611,0.9728063006166877,0.9717939668623226,17.0,0,0,0,2,0,0,3,0,0,0,1,4,0,0,0,2,0,0,3,0,0,0,1,4,498,525.6,1291,null
-1.0,604,605,0.9705773088639572,0.9574076825915745,7.0,0,0,0,1,1,3,0,0,0,2,3,0,0,0,2,0,0,2,1,0,0,0,3,2,498,525.6,1293,null
-3.0,609,612,0.9722397652128687,0.9808306709265175,12.0,0,0,2,1,0,1,1,0,0,0,1,4,0,0,0,1,0,4,0,0,0,0,4,1,498,525.6,1294,null
2.0,606,604,0.975694702429601,0.9720261535032321,9.0,0,0,0,2,0,2,1,0,0,0,2,3,0,0,0,2,0,2,1,0,0,0,2,3,498,525.6,1296,null
0.0,612,612,0.9698528865443198,0.9711531317334126,15.0,0,0,0,5,0,0,0,0,0,0,1,4,0,0,0,4,0,1,0,0,0,0,1,4,498,525.6,1295,null
2.0,614,612,0.9800690987443347,0.9783230552046956,17.0,0,0,0,2,0,3,0,0,0,0,3,2,0,0,0,3,0,2,0,0,0,0,2,3,498,525.6,1297,null
0.0,614,614,0.9709116576268667,0.9708930826955939,17.0,0,0,0,4,0,0,1,0,0,0,0,5,0,0,0,4,0,0,1,0,0,0,0,5,498,525.6,1298,null
0.0,606,606,0.9735957351957798,0.9728806003417787,9.0,0,0,0,2,0,1,2,0,0,2,1,2,0,0,0,3,0,0,2,0,0,2,1,2,498,525.6,1299,null
0.0,607,607,0.9731777992421428,0.9730756371201427,10.0,0,0,0,4,0,0,1,0,0,0,0,5,0,0,0,4,0,0,1,0,0,0,0,5,498,525.6,1300,null
0.0,608,608,0.9760290511925106,0.9756575525670554,11.0,0,0,0,5,0,0,0,0,0,1,3,1,0,0,0,4,0,0,1,0,0,1,3,1,498,525.6,1301,null
-2.0,614,616,0.9749888550412363,0.9754067909948734,17.0,0,0,0,2,0,3,0,0,0,0,3,2,0,0,0,2,0,3,0,0,0,0,3,2,498,525.6,1302,null
-2.0,610,612,0.980422022438517,0.980347722713426,13.0,0,0,0,3,0,2,0,0,0,0,4,1,0,0,0,3,0,2,0,0,0,0,4,1,498,525.6,1304,null
-2.0,605,607,0.9800226614161528,0.9799947990192436,8.0,0,0,0,1,0,3,1,0,0,0,3,2,0,0,0,1,0,3,1,0,0,0,3,2,498,525.6,1303,null
5.0,616,611,0.9766977487183297,0.97626123783342,19.0,0,0,0,0,0,5,0,0,0,0,5,0,0,0,0,1,0,4,0,0,0,0,4,1,498,525.6,1305,null
-4.0,601,605,0.9694256631250464,0.9690170146370458,4.0,1,0,0,4,0,0,0,0,0,0,4,1,0,0,1,2,0,2,0,0,0,0,3,2,498,525.6,1306,null
3.0,613,610,0.9712552938554128,0.9686362285459543,16.0,0,0,0,4,0,0,1,0,0,0,0,5,0,0,0,3,0,1,1,0,0,0,1,4,498,525.6,1307,null
-1.0,610,611,0.9770135225499665,0.9782394680139683,13.0,0,0,0,3,0,1,1,0,0,0,3,2,0,0,0,4,0,0,1,0,0,0,1,4,498,525.6,1308,null
1.0,611,610,0.9740322460806895,0.9788803031428783,14.0,0,0,0,3,0,1,1,0,0,0,3,2,0,0,0,1,0,3,1,0,0,0,3,2,498,525.6,1309,null
0.0,611,611,0.9721283156252322,0.9721283156252322,14.0,0,0,0,5,0,0,0,0,0,0,0,5,0,0,0,5,0,0,0,0,0,0,0,5,498,525.6,1310,null
5.0,607,602,0.9769670852217848,0.9769577977561483,10.0,0,0,0,5,0,0,0,0,0,1,3,1,0,0,0,2,0,2,1,0,0,0,3,2,498,525.6,1311,null
0.0,610,610,0.9624693513634,0.9626736756074001,13.0,0,0,0,4,0,1,0,1,0,0,1,3,0,0,0,4,0,1,0,1,0,0,1,3,498,525.6,1312,null
-4.0,615,619,0.9805148970948807,0.9823816776877925,18.0,0,0,0,2,0,2,1,0,0,0,2,3,0,0,0,2,0,3,0,0,0,0,3,2,498,525.6,1313,null
-2.0,608,610,0.9714874804963223,0.9747566684003269,11.0,0,0,0,2,0,2,1,0,0,0,2,3,0,0,0,0,0,4,1,0,0,0,4,1,498,525.6,1314,null
-2.0,606,608,0.9677817817074077,0.969537112712683,9.0,0,0,1,3,0,1,0,0,0,0,1,4,0,0,0,3,0,1,1,0,0,0,2,3,498,525.6,1315,null
0.0,614,614,0.9730199123263242,0.9700664982539564,17.0,0,0,1,1,0,0,3,0,0,0,0,5,0,0,0,1,0,0,4,0,0,0,0,5,498,525.6,1317,null
-2.0,613,615,0.9786945538301508,0.9826510141912476,16.0,0,0,1,1,0,3,0,0,0,0,3,2,0,0,0,2,0,3,0,0,0,0,3,2,498,525.6,1316,null
3.0,599,596,0.9711252693365034,0.9671595215097705,2.0,0,0,2,1,1,0,1,0,0,0,1,4,0,0,1,2,0,1,1,0,0,1,2,2,498,525.6,1318,null
1.0,606,605,0.9614477301433983,0.9622371647224905,9.0,0,0,0,2,0,0,3,0,0,0,1,4,0,0,0,4,0,0,1,0,0,0,1,4,498,525.6,1319,null
4.0,607,603,0.9705308715357753,0.9707166208485029,10.0,0,0,0,2,0,2,1,0,0,2,2,1,0,0,0,2,1,1,1,0,0,2,2,1,498,525.6,1320,null
-2.0,608,610,0.9583735790177578,0.9718961289843228,11.0,0,0,0,2,0,1,2,0,0,1,0,4,0,0,0,3,0,0,2,0,0,0,0,5,498,525.6,1321,null
0.0,618,618,0.973233524035961,0.9728248755479604,21.0,0,0,0,0,0,0,5,0,0,0,0,5,0,0,0,1,0,0,4,0,0,0,0,5,498,525.6,1322,null
1.0,607,606,0.9703451222230478,0.9695742625752285,10.0,0,0,1,3,0,0,1,0,0,0,0,5,0,0,1,2,0,0,2,0,0,0,0,5,498,525.6,1323,null
2.0,609,607,0.9797440374470614,0.9768834980310572,12.0,0,0,1,2,0,1,1,0,0,0,1,4,0,0,1,2,0,2,0,0,0,0,2,3,498,525.6,1324,null
0.0,611,611,0.9724533769225053,0.9724533769225053,14.0,0,0,0,5,0,0,0,0,0,0,0,5,0,0,0,5,0,0,0,0,0,0,0,5,498,525.6,1325,null
-7.0,601,608,0.9752024667508731,0.9813507690021547,4.0,0,0,0,3,0,1,1,0,0,1,1,3,0,0,0,2,0,3,0,0,0,0,3,2,498,525.6,1326,null
1.0,609,608,0.9782394680139683,0.9777936696634223,12.0,0,0,0,2,0,0,3,0,0,0,0,5,0,0,0,2,0,0,3,0,0,0,0,5,498,525.6,1327,null
-3.0,617,620,0.9789917527305149,0.9801433984694257,20.0,0,0,0,3,0,2,0,0,0,0,2,3,0,0,0,0,0,5,0,0,0,0,5,0,498,525.6,1328,null
0.0,614,614,0.9703451222230478,0.9687383906679545,17.0,0,0,0,5,0,0,0,0,0,0,3,2,0,0,0,4,0,1,0,0,0,0,3,2,498,525.6,1329,null
1.0,609,608,0.9745987814845085,0.9759547514674196,12.0,0,0,0,3,0,0,2,0,0,0,1,4,0,0,0,5,0,0,0,0,0,0,0,5,498,525.6,1330,null
-1.0,615,616,0.9709580949550488,0.9733635485548704,18.0,0,0,1,0,0,0,4,0,0,0,1,4,0,0,0,0,0,1,4,0,0,0,1,4,498,525.6,1331,null
-3.0,603,606,0.9652184411917676,0.9744594694999629,6.0,0,0,3,1,0,0,1,0,0,0,1,4,0,0,0,3,0,0,2,0,0,0,3,2,498,525.6,1332,null
0.0,597,597,0.9580763801173935,0.9627758377294005,0.0,0,0,1,1,1,2,0,0,0,0,2,3,1,0,0,3,0,0,1,0,0,1,1,3,498,525.6,1334,null
0.0,611,611,0.9760569135894197,0.9778493944572404,14.0,0,0,0,5,0,0,0,0,0,2,1,2,0,0,0,2,0,3,0,0,0,1,3,1,498,525.6,1335,null
11.0,607,596,0.9794654134779701,0.9762519503677837,10.0,0,0,0,1,0,3,1,0,0,0,3,2,0,0,1,1,0,1,2,0,0,0,3,2,498,525.6,1333,null
-4.0,612,616,0.9804405973697897,0.9780630061668771,15.0,0,0,0,1,0,4,0,0,0,0,4,1,0,0,0,1,0,4,0,0,0,0,5,0,498,525.6,1336,null
-2.0,603,605,0.970744483245412,0.9696485623003195,6.0,0,0,1,1,0,2,1,0,0,0,2,3,0,0,2,0,0,1,2,0,0,1,1,3,498,525.6,1338,null
-5.0,606,611,0.9645590311315848,0.9737164722490528,9.0,0,0,1,2,0,2,0,0,0,0,4,1,0,0,0,0,0,5,0,0,0,0,5,0,498,525.6,1337,null
3.0,609,606,0.9741994204621442,0.9772364217252396,12.0,0,0,0,3,0,2,0,0,0,0,2,3,0,0,1,2,0,2,0,0,0,0,2,3,498,525.6,1339,null
1.0,610,609,0.9697507244223197,0.9660636005646779,13.0,0,0,0,0,0,0,5,0,0,0,0,5,0,0,0,2,0,1,2,0,0,0,1,4,498,525.6,1340,null
1.0,605,604,0.9693235010030462,0.9688405527899547,8.0,0,0,0,4,0,0,1,0,0,0,0,5,0,0,0,3,0,1,1,0,0,0,1,4,498,525.6,1341,null
-1.0,609,610,0.9770320974812393,0.9760011887956015,12.0,0,0,0,3,0,1,1,0,0,0,3,2,0,0,0,2,0,3,0,0,0,0,4,1,498,525.6,1342,null
1.0,614,613,0.9743758823092354,0.9738650716992348,17.0,0,0,0,0,0,0,5,0,0,0,0,5,0,0,0,0,0,1,4,0,0,0,1,4,498,525.6,1343,null
-1.0,607,608,0.9750817296976002,0.9752581915446913,10.0,0,0,0,4,0,0,1,0,0,0,3,2,0,0,0,1,0,4,0,0,0,0,4,1,498,525.6,1344,null
0.0,608,608,0.9754810907199644,0.976186938108329,11.0,0,0,0,4,0,1,0,0,0,0,1,4,0,0,0,3,0,0,2,0,0,0,1,4,498,525.6,1346,null
1.0,617,616,0.9750817296976001,0.9753417787354188,20.0,0,0,0,2,0,0,3,0,0,0,0,5,0,0,0,3,0,0,2,0,0,0,0,5,498,525.6,1345,null
1.0,608,607,0.9740415335463259,0.9738557842335983,11.0,0,0,0,3,0,0,2,0,0,0,0,5,0,0,0,3,0,0,2,0,0,0,0,5,498,525.6,1347,null
0.0,608,608,0.975351066201055,0.9729920499294153,11.0,0,0,0,1,0,3,1,0,0,0,3,2,0,0,3,1,0,1,0,0,0,0,1,4,498,525.6,1348,null
1.0,596,595,0.9652184411917676,0.9652741659855858,-1.0,1,0,0,4,0,0,0,0,0,2,0,3,1,0,0,3,0,1,0,0,0,1,1,3,498,525.6,1349,null
1.0,611,610,0.9676053198603164,0.9684226168363178,14.0,0,0,0,5,0,0,0,0,0,0,2,3,0,0,0,3,0,2,0,0,0,0,2,3,498,525.6,1350,null
-1.0,609,610,0.9742179953934171,0.9760197637268743,12.0,0,0,0,3,0,0,2,0,0,0,0,5,0,0,0,3,0,1,1,0,0,0,1,4,498,525.6,1351,null
0.0,615,615,0.9744316071030538,0.9746266438814176,18.0,0,0,0,4,0,0,1,0,0,0,0,5,0,0,0,5,0,0,0,0,0,0,0,5,498,525.6,1352,null
-1.0,609,610,0.976112638383238,0.9791032023181514,12.0,0,0,0,2,0,0,3,0,0,0,2,3,0,0,0,1,0,3,1,0,0,0,3,2,498,525.6,1353,null
-1.0,607,608,0.976558436733784,0.9765398618025113,10.0,0,0,0,1,0,0,4,0,0,0,0,5,0,0,0,1,0,0,4,0,0,0,1,4,498,525.6,1354,null
-1.0,603,604,0.9719982911063229,0.9720354409688684,6.0,0,0,1,2,0,1,1,0,0,0,1,4,0,0,0,3,0,0,2,0,0,0,0,5,498,525.6,1355,null
0.0,609,609,0.9705401590014117,0.973651459989598,12.0,0,0,0,1,0,3,1,0,0,0,3,2,0,0,0,1,0,4,0,0,0,0,4,1,498,525.6,1356,null
2.0,612,610,0.9802641355226985,0.9760847759863288,15.0,0,0,0,2,0,3,0,0,0,0,3,2,0,0,0,3,0,1,1,0,1,0,1,3,498,525.6,1357,null
0.0,606,606,0.9732520989672339,0.9709488074894123,9.0,0,0,0,5,0,0,0,0,0,0,1,4,0,0,0,3,0,2,0,0,0,0,3,2,498,525.6,1358,null
-1.0,608,609,0.9699457612006835,0.9729177502043242,11.0,0,0,0,3,0,2,0,0,0,0,2,3,0,0,0,1,0,4,0,0,0,0,4,1,498,525.6,1359,null
1.0,612,611,0.9743015825841443,0.9745987814845085,15.0,0,0,0,4,0,0,1,0,0,0,0,5,0,0,0,1,0,2,2,0,0,0,2,3,498,525.6,1360,null
-2.0,604,606,0.9697971617505015,0.9699550486663199,7.0,0,0,1,2,0,1,1,0,0,0,2,3,0,0,0,3,0,1,1,0,0,0,2,3,498,525.6,1361,null
-4.0,610,614,0.9704194219481388,0.9723976521286871,13.0,0,0,0,3,0,2,0,0,0,0,4,1,0,0,0,4,0,1,0,0,0,0,3,2,498,525.6,1362,null
-2.0,608,610,0.9789546028679694,0.9712924437179583,11.0,0,0,0,2,0,3,0,0,0,1,2,2,0,0,1,2,0,2,0,0,0,0,2,3,498,525.6,1363,null
-1.0,606,607,0.9709116576268668,0.97059588379523,9.0,0,0,3,1,0,1,0,0,0,0,2,3,0,0,0,1,0,1,3,0,0,0,2,3,498,525.6,1364,null
-1.0,609,610,0.9702058102385022,0.9726484137008693,12.0,0,0,0,4,0,1,0,0,0,0,1,4,0,0,0,3,0,2,0,0,0,0,2,3,498,525.6,1365,null
-4.0,609,613,0.9699643361319563,0.9741622705995988,12.0,0,0,0,3,0,1,1,0,0,0,3,2,0,0,0,1,0,4,0,0,0,0,4,1,498,525.6,1366,null
0.0,609,609,0.9702243851697748,0.9687848279961364,12.0,0,0,0,3,0,0,2,0,0,0,1,4,0,0,0,3,0,1,1,0,0,0,1,4,498,525.6,1368,null
-1.0,613,614,0.9718868415186863,0.9726577011665056,16.0,0,0,1,1,0,1,2,0,0,0,1,4,0,0,0,2,0,1,2,0,0,0,1,4,498,525.6,1367,null
3.0,610,607,0.9746823686752359,0.977515045694331,13.0,0,0,1,0,0,0,4,0,1,2,0,2,0,0,0,1,0,2,2,0,0,2,1,2,498,525.6,1369,null
-5.0,612,617,0.9751467419570548,0.9745802065532359,15.0,0,0,1,0,0,3,1,0,0,0,3,2,0,0,0,1,0,3,1,0,0,0,4,1,498,525.6,1370,null
-2.0,605,607,0.9719425663125048,0.9732242365703246,8.0,0,0,1,2,0,2,0,0,0,1,3,1,0,0,0,1,0,3,1,0,0,0,5,0,498,525.6,1371,null
2.0,607,605,0.9771528345345122,0.962543651088491,10.0,0,0,1,1,0,1,2,0,0,1,1,3,0,0,2,1,0,1,1,0,0,0,1,4,498,525.6,1373,null
-4.0,607,611,0.9672523961661342,0.9728713128761421,10.0,0,0,0,3,0,1,1,0,0,0,1,4,0,0,0,1,0,3,1,0,0,0,3,2,498,525.6,1374,null
0.0,609,609,0.9705587339326845,0.9705587339326845,12.0,0,0,0,5,0,0,0,0,0,0,0,5,0,0,0,5,0,0,0,0,0,0,0,5,498,525.6,1372,null
1.0,609,608,0.9721190281595957,0.9750260049037819,12.0,0,0,0,5,0,0,0,0,0,0,2,3,0,0,0,4,0,1,0,0,0,0,3,2,498,525.6,1375,null
-2.0,602,604,0.9653206033137678,0.9773478713128761,5.0,0,0,0,1,4,0,0,0,0,0,1,4,0,0,3,0,0,2,0,0,0,0,3,2,498,525.6,1377,null
0.0,614,614,0.980765658667063,0.9814157812616093,17.0,0,0,0,1,0,0,4,0,0,0,4,1,0,0,0,1,0,3,1,0,0,0,4,1,498,525.6,1376,null
-1.0,610,611,0.9741251207370533,0.9720075785719594,13.0,0,0,0,4,0,0,1,0,0,0,3,2,0,0,0,4,0,0,1,0,0,0,2,3,498,525.6,1378,null
-1.0,621,622,0.9761497882457836,0.9732242365703246,24.0,0,0,0,3,0,1,1,0,0,1,0,4,0,0,0,4,0,0,1,0,0,0,0,5,498,525.6,1380,null
0.0,610,610,0.9744594694999628,0.9740043836837804,13.0,0,0,0,3,0,0,2,0,0,0,0,5,0,0,0,4,0,0,1,0,0,0,0,5,498,525.6,1379,null
-4.0,614,618,0.9786945538301508,0.9789081655397873,17.0,0,0,0,1,0,2,2,0,0,0,4,1,0,0,0,1,0,4,0,0,0,0,5,0,498,525.6,1381,null
-2.0,609,611,0.9721097406939594,0.975053867300691,12.0,0,0,0,3,0,2,0,0,0,0,2,3,0,0,0,1,0,4,0,0,0,0,4,1,498,525.6,1382,null
-1.0,608,609,0.9733635485548704,0.9765955865963295,11.0,0,0,0,3,0,0,2,0,0,0,0,5,0,0,0,1,0,1,3,0,0,0,2,3,498,525.6,1384,null
4.0,611,607,0.9685340664239542,0.9708559328330485,14.0,0,0,0,4,0,1,0,0,0,0,1,4,0,0,0,4,0,1,0,0,0,0,2,3,498,525.6,1383,null
0.0,611,611,0.9676146073259528,0.9674660078757709,14.0,0,0,0,2,0,1,2,0,0,0,1,4,0,0,0,3,0,0,2,0,0,0,0,5,498,525.6,1385,null
5.0,614,609,0.9728620254105059,0.9705122966045026,17.0,0,0,0,2,0,2,1,0,1,2,2,0,0,0,0,3,0,2,0,0,0,0,3,2,498,525.6,1386,null
2.0,602,600,0.9706794709859574,0.9655063526264952,5.0,0,0,0,1,1,0,3,0,0,0,1,4,0,0,3,1,0,0,1,0,0,0,0,5,498,525.6,1388,null
1.0,614,613,0.9721747529534142,0.9711438442677762,17.0,0,0,0,3,0,0,2,0,0,0,0,5,0,0,0,4,0,1,0,0,0,0,1,4,498,525.6,1389,null
1.0,611,610,0.9677539193104985,0.9690170146370457,14.0,0,0,0,5,0,0,0,0,0,0,2,3,0,0,0,4,0,0,1,0,0,0,1,4,498,525.6,1387,null
0.0,610,610,0.9772642841221487,0.9776822200757858,13.0,0,0,0,3,0,1,1,0,0,2,3,0,0,0,0,1,0,4,0,0,0,0,5,0,498,525.6,1390,null
0.0,611,611,0.9707630581766847,0.9707630581766847,14.0,0,0,0,5,0,0,0,0,0,0,0,5,0,0,0,5,0,0,0,0,0,0,0,5,498,525.6,1391,null
0.0,606,606,0.9650419793446764,0.9728806003417787,9.0,0,0,1,2,0,0,2,0,0,1,1,3,0,0,0,2,0,2,1,0,0,1,3,1,498,525.6,1392,null
-3.0,600,603,0.9706887584515937,0.9665744111746787,3.0,0,0,1,1,0,2,1,0,0,1,2,2,0,0,1,3,0,1,0,0,0,0,1,4,498,525.6,1393,null
-7.0,606,613,0.9747380934690542,0.9775986328850583,9.0,0,0,0,1,0,2,2,0,1,0,2,2,0,0,0,2,0,3,0,0,0,0,3,2,498,525.6,1394,null
-3.0,609,612,0.9790567649899695,0.978601679173787,12.0,0,0,0,1,0,4,0,0,0,0,4,1,0,0,0,1,0,4,0,0,0,0,4,1,498,525.6,1395,null
-1.0,600,601,0.9606397206330336,0.9710695445426852,3.0,0,0,0,1,2,1,1,0,0,1,0,4,0,0,1,1,0,1,2,0,0,0,1,4,498,525.6,1396,null
0.0,614,614,0.9762333754365109,0.9760847759863289,17.0,0,0,0,4,0,1,0,0,0,0,3,2,0,0,0,4,0,1,0,0,0,0,3,2,498,525.6,1397,null
2.0,598,596,0.9632494984768556,0.9652927409168587,1.0,2,0,0,3,0,0,0,0,0,1,2,2,1,0,0,2,1,0,1,0,0,1,1,3,498,525.6,1398,null
1.0,605,604,0.9708837952299577,0.9731685117765064,8.0,0,0,3,0,0,2,0,0,0,1,1,3,0,0,0,2,0,2,1,0,0,0,2,3,498,525.6,1399,null
1.0,609,608,0.967791069173044,0.9731406493795973,12.0,0,0,0,3,0,2,0,0,0,0,2,3,0,0,0,3,0,2,0,0,0,0,2,3,498,525.6,1400,null
2.0,615,613,0.975769002154692,0.9755089531168735,18.0,0,0,0,3,0,2,0,0,0,0,3,2,0,0,0,4,0,1,0,0,0,0,2,3,498,525.6,1401,null
0.0,609,609,0.9703636971543205,0.9703636971543205,12.0,0,0,0,5,0,0,0,0,0,0,0,5,0,0,0,5,0,0,0,0,0,0,0,5,498,525.6,1402,null
0.0,612,612,0.978155880823241,0.9775986328850584,15.0,0,0,0,4,0,1,0,0,0,0,4,1,0,0,0,4,0,1,0,0,0,0,4,1,498,525.6,1403,null
1.0,598,597,0.968060405676499,0.966388661861951,1.0,1,0,0,4,0,0,0,0,0,1,2,2,1,0,0,2,0,2,0,0,0,0,3,2,498,525.6,1404,null
2.0,608,606,0.9714224682368675,0.9727412883572332,11.0,0,0,1,3,0,1,0,0,0,0,1,4,0,0,0,3,0,1,1,0,0,0,1,4,498,525.6,1405,null
-3.0,604,607,0.9695649751095922,0.9721468905565049,7.0,0,0,0,4,1,0,0,0,0,0,0,5,0,0,0,3,0,2,0,0,0,0,2,3,498,525.6,1406,null
0.0,611,611,0.9694535255219555,0.9680418307452263,14.0,0,0,0,2,0,0,3,0,0,0,2,3,0,0,0,3,0,0,2,0,0,0,1,4,498,525.6,1407,null
-2.0,610,612,0.9746452188126904,0.9749702801099636,13.0,0,0,0,4,0,0,1,0,0,0,4,1,0,0,0,4,0,1,0,0,0,0,5,0,498,525.6,1408,null
1.0,615,614,0.9749517051786908,0.9702801099635932,18.0,0,0,0,2,0,0,3,0,0,0,4,1,0,0,0,5,0,0,0,0,0,0,0,5,498,525.6,1409,null
1.0,600,599,0.9725741139757782,0.9751188795601456,3.0,0,0,2,2,0,1,0,0,0,1,1,3,0,0,3,1,0,1,0,0,0,0,1,4,498,525.6,1410,null
0.0,617,617,0.9731127869826881,0.973010624860688,20.0,0,0,0,4,0,0,1,0,0,0,0,5,0,0,0,4,0,0,1,0,0,0,0,5,498,525.6,1411,null
0.0,607,607,0.9691470391559551,0.9691470391559551,10.0,0,0,0,5,0,0,0,0,0,0,0,5,0,0,0,5,0,0,0,0,0,0,0,5,498,525.6,1412,null
-1.0,606,607,0.9718125417935954,0.9734935730737796,9.0,0,0,0,3,0,2,0,0,0,0,2,3,0,0,0,4,0,0,1,0,0,0,0,5,498,525.6,1413,null
0.0,617,617,0.9783137677390593,0.9783509176016049,20.0,0,0,0,4,0,1,0,0,0,1,4,0,0,0,0,4,0,1,0,0,0,1,4,0,498,525.6,1415,null
-2.0,610,612,0.9694535255219555,0.9753139163385095,13.0,0,0,0,1,0,1,3,0,0,0,2,3,0,0,0,0,0,2,3,0,0,0,2,3,498,525.6,1414,null
-3.0,603,606,0.9691098892934096,0.96749387027268,6.0,0,0,1,4,0,0,0,0,0,0,1,4,0,0,0,4,0,1,0,0,0,0,2,3,498,525.6,1416,null
-4.0,608,612,0.9772085593283305,0.9801991232632439,11.0,0,0,0,4,0,0,1,0,1,0,0,4,0,0,0,2,0,2,1,0,0,0,3,2,498,525.6,1417,null
-2.0,604,606,0.9713760309086856,0.9713017311835945,7.0,0,0,0,2,1,0,2,0,0,0,1,4,0,0,0,2,0,0,3,0,0,0,0,5,498,525.6,1418,null
-7.0,609,616,0.9716825172746861,0.9760476261237833,12.0,0,0,0,2,0,3,0,0,0,0,4,1,0,0,0,2,0,3,0,0,0,1,4,0,498,525.6,1420,null
-3.0,612,615,0.9743758823092354,0.9757690021546921,15.0,0,0,1,4,0,0,0,0,0,0,4,1,0,0,0,4,0,1,0,0,0,0,5,0,498,525.6,1419,null
-3.0,600,603,0.9634909725834014,0.9776822200757858,3.0,0,0,0,0,3,1,1,0,0,0,1,4,0,0,0,1,0,3,1,0,0,0,4,1,498,525.6,1421,null
1.0,611,610,0.9768091983059664,0.9772178467939668,14.0,0,0,0,4,0,0,1,0,0,0,2,3,0,0,0,2,0,3,0,0,0,0,4,1,498,525.6,1422,null
0.0,618,618,0.9792239393714244,0.9798740619659707,21.0,0,0,0,1,0,4,0,0,0,0,4,1,0,0,0,2,0,3,0,0,0,0,3,2,498,525.6,1423,null
-1.0,604,605,0.9629894494390372,0.9680789806077718,7.0,0,0,3,0,0,0,2,0,0,0,1,4,0,0,0,0,0,0,5,0,0,0,0,5,498,525.6,1425,null
0.0,606,606,0.9783230552046958,0.9794932758748793,9.0,0,0,0,0,0,4,1,0,0,0,4,1,0,0,0,2,0,2,1,0,0,0,2,3,498,525.6,1424,null
0.0,611,611,0.9729734749981425,0.9729734749981425,14.0,0,0,0,5,0,0,0,0,0,0,0,5,0,0,0,5,0,0,0,0,0,0,0,5,498,525.6,1426,null
1.0,610,609,0.968209005126681,0.9671130841815887,13.0,0,0,0,2,0,0,3,0,0,0,0,5,0,0,0,2,0,0,3,0,0,0,0,5,498,525.6,1427,null
-1.0,607,608,0.9733635485548704,0.9646890556504941,10.0,0,0,2,1,1,0,1,0,0,0,3,2,0,0,0,2,0,2,1,0,0,0,4,1,498,525.6,1428,null
2.0,610,608,0.9743108700497807,0.9718404041905044,13.0,0,0,0,2,0,3,0,0,0,0,4,1,0,0,0,3,0,2,0,0,0,0,3,2,498,525.6,1429,null
-4.0,603,607,0.9661843376179509,0.9710509696114125,6.0,0,0,0,2,0,1,2,0,1,0,2,2,0,0,1,1,0,3,0,0,0,0,4,1,498,525.6,1430,null
1.0,609,608,0.9714503306337766,0.9725369641132328,12.0,0,0,0,4,0,0,1,0,0,0,2,3,0,0,0,4,0,0,1,0,0,0,2,3,498,525.6,1431,null
0.0,609,609,0.9718868415186864,0.9738929340961437,12.0,0,0,0,3,0,0,2,0,0,0,0,5,0,0,0,3,0,1,1,0,0,0,1,4,498,525.6,1432,null
0.0,604,604,0.9708837952299577,0.9705773088639572,7.0,0,0,0,3,0,0,2,0,0,0,0,5,0,0,0,2,0,0,3,0,0,0,0,5,498,525.6,1433,null
1.0,609,608,0.9714410431681403,0.970177947841593,12.0,0,0,0,1,0,3,1,0,0,0,3,2,0,0,0,4,0,1,0,0,0,0,1,4,498,525.6,1434,null
1.0,603,602,0.9721283156252322,0.9697971617505016,6.0,0,0,0,3,0,2,0,0,0,0,2,3,0,0,0,3,0,1,1,0,0,0,1,4,498,525.6,1435,null
-1.0,614,615,0.9797440374470614,0.9808213834608812,17.0,0,0,0,1,0,3,1,0,0,0,4,1,0,0,0,1,0,4,0,0,0,0,4,1,498,525.6,1436,null
-1.0,616,617,0.9761962255739653,0.9775521955568764,19.0,0,0,0,3,0,0,2,0,0,0,0,5,0,0,0,2,0,2,1,0,0,0,2,3,498,525.6,1437,null
2.0,613,611,0.972862025410506,0.9749145553161453,16.0,0,0,0,0,0,5,0,0,0,0,5,0,0,0,0,1,0,3,1,0,0,0,3,2,498,525.6,1438,null
-5.0,598,603,0.9618192287688535,0.963973920796493,1.0,0,0,1,1,1,2,0,0,0,0,4,1,0,0,1,3,0,1,0,0,0,0,4,1,498,525.6,1439,null
-4.0,605,609,0.9621164276692177,0.9709209450925032,8.0,0,0,2,1,0,0,2,0,0,0,1,4,0,0,0,1,0,3,1,0,0,0,4,1,498,525.6,1440,null
-3.0,613,616,0.9763076751616019,0.9763633999554202,16.0,0,0,0,1,0,2,2,0,0,0,2,3,0,0,0,0,0,3,2,0,0,0,3,2,498,525.6,1441,null
-1.0,613,614,0.9729084627386879,0.9770135225499665,16.0,0,0,0,1,0,0,4,0,0,0,1,4,0,0,0,1,0,4,0,0,0,0,4,1,498,525.6,1442,null
1.0,608,607,0.9759268890705104,0.9709395200237758,11.0,0,0,0,3,0,2,0,0,0,0,4,1,0,0,3,0,0,2,0,0,0,0,2,3,498,525.6,1443,null
-2.0,612,614,0.9768463481685117,0.9767348985808753,15.0,0,0,0,4,0,0,1,0,0,0,0,5,0,0,0,4,0,1,0,0,0,0,1,4,498,525.6,1444,null
5.0,614,609,0.9741901329965079,0.968431904301954,17.0,0,0,4,0,0,0,1,0,0,0,0,5,0,0,1,1,0,0,3,0,0,0,0,5,498,525.6,1445,null
1.0,613,612,0.9710509696114124,0.969537112712683,16.0,0,0,0,4,0,0,1,0,0,0,0,5,0,0,0,4,0,1,0,0,0,0,1,4,498,525.6,1446,null
3.0,617,614,0.9765955865963296,0.9732149491046883,20.0,0,0,0,2,0,3,0,0,0,0,3,2,0,0,0,4,0,1,0,0,0,0,2,3,498,525.6,1447,null
2.0,613,611,0.9776543576788765,0.9777100824726949,16.0,0,0,0,3,0,2,0,0,0,0,2,3,0,0,0,2,0,3,0,0,0,0,3,2,498,525.6,1448,null
4.0,605,601,0.9816944052307006,0.9794004012185155,8.0,0,0,0,1,0,4,0,0,0,0,4,1,0,0,0,1,0,3,1,0,0,0,3,2,498,525.6,1450,null
2.0,611,609,0.9710138197488669,0.9739115090274165,14.0,0,0,0,0,0,2,3,0,0,0,5,0,0,0,0,2,0,2,1,0,0,0,3,2,498,525.6,1449,null
-2.0,607,609,0.9719890036406865,0.9743573073779627,10.0,0,0,1,3,0,1,0,0,0,0,3,2,0,0,0,2,0,2,1,0,0,0,3,2,498,525.6,1451,null
5.0,610,605,0.9753975035292369,0.9713946058399584,13.0,0,0,0,3,0,2,0,0,0,0,4,1,0,0,1,2,0,2,0,0,0,0,3,2,498,525.6,1452,null
-2.0,602,604,0.969713574559774,0.9729084627386878,5.0,0,0,2,0,0,1,2,0,0,0,1,4,0,0,0,1,0,2,2,0,0,0,2,3,498,525.6,1453,null
-3.0,604,607,0.970103648116502,0.971533917824504,7.0,0,0,1,2,0,1,1,0,0,0,1,4,0,0,0,2,0,0,3,0,0,0,0,5,498,525.6,1455,null
-4.0,609,613,0.9823166654283378,0.9813043316739727,12.0,0,0,0,1,0,4,0,0,0,0,4,1,0,0,0,0,0,4,1,0,0,0,5,0,498,525.6,1454,null
-3.0,607,610,0.9628408499888551,0.9708373579017758,10.0,0,0,0,4,0,0,1,0,0,0,1,4,0,0,0,2,0,3,0,0,0,0,3,2,498,525.6,1456,null
-2.0,614,616,0.9750817296976001,0.9771249721376031,17.0,0,0,0,2,0,2,1,0,0,0,3,2,0,0,0,3,0,2,0,0,0,0,2,3,498,525.6,1457,null
-2.0,610,612,0.9813136191396092,0.9820751913217921,13.0,0,0,0,0,0,5,0,0,0,0,5,0,0,0,0,0,0,5,0,0,0,0,5,0,498,525.6,1458,null
4.0,616,612,0.9736793223865071,0.9709488074894123,19.0,0,0,0,0,0,0,5,0,0,0,0,5,0,0,1,1,0,2,1,0,0,0,2,3,498,525.6,1459,null
4.0,605,601,0.972174752953414,0.9640110706590386,8.0,0,0,3,1,0,0,1,0,0,1,0,4,0,0,1,0,0,1,3,0,0,0,2,3,498,525.6,1460,null
0.0,612,612,0.9723512148005051,0.9726948510290512,15.0,0,0,0,2,0,0,3,0,0,0,1,4,0,0,0,2,0,1,2,0,0,0,2,3,498,525.6,1461,null
-3.0,616,619,0.965747826733041,0.9806263466825172,19.0,0,0,2,2,0,0,1,0,2,1,2,0,0,0,0,1,0,4,0,0,0,0,5,0,498,525.6,1462,null
-4.0,611,615,0.9748123931941453,0.9755832528419645,14.0,0,0,0,0,0,3,2,0,0,0,3,2,0,0,0,0,0,4,1,0,0,0,4,1,498,525.6,1463,null
3.0,612,609,0.9763169626272383,0.9711717066646853,15.0,0,0,0,2,0,2,1,0,0,3,0,2,0,0,1,3,0,1,0,0,0,1,1,3,498,525.6,1464,null
-3.0,609,612,0.9641689575748569,0.9707630581766846,12.0,0,0,1,2,0,0,2,0,0,1,0,4,0,0,0,0,0,0,5,0,0,0,0,5,498,525.6,1465,null
2.0,613,611,0.9723790771974143,0.9732520989672339,16.0,0,0,0,5,0,0,0,0,0,0,0,5,0,0,0,4,0,0,1,0,0,0,0,5,498,525.6,1466,null
-2.0,607,609,0.9682368675235902,0.9724348019912326,10.0,0,0,3,0,0,2,0,0,0,0,2,3,0,0,1,0,0,4,0,0,0,0,4,1,498,525.6,1468,null
-2.0,612,614,0.9740879708745077,0.9735492978675979,15.0,0,0,0,2,0,2,1,0,0,1,2,2,0,0,0,3,0,2,0,0,0,1,2,2,498,525.6,1467,null
2.0,614,612,0.971533917824504,0.9741715580652351,17.0,0,0,0,1,0,3,1,0,0,0,4,1,0,0,0,2,0,3,0,0,0,0,3,2,498,525.6,1469,null
-2.0,610,612,0.9745709190875993,0.978601679173787,13.0,0,0,0,3,0,1,1,0,0,0,1,4,0,0,0,2,0,3,0,0,0,0,3,2,498,525.6,1470,null
-1.0,604,605,0.9692492012779552,0.9683854669737721,7.0,0,0,0,2,0,1,2,0,0,0,3,2,0,0,0,1,0,2,2,0,0,0,3,2,498,525.6,1471,null
-1.0,610,611,0.9777007950070584,0.9776915075414221,13.0,0,0,0,1,0,4,0,0,0,0,5,0,0,0,0,1,0,4,0,0,0,0,5,0,498,525.6,1472,null
0.0,605,605,0.9702893974292295,0.9693142135374099,8.0,0,0,1,3,0,1,0,0,0,0,1,4,0,0,0,3,0,1,1,0,0,0,1,4,498,525.6,1473,null
-2.0,609,611,0.975917601604874,0.9793539638903336,12.0,0,0,0,4,0,1,0,0,0,0,1,4,0,0,0,3,0,2,0,0,0,0,2,3,498,525.6,1474,null
-3.0,608,611,0.9724998142506872,0.9727877256854149,11.0,0,0,0,2,0,3,0,0,1,0,3,1,0,0,0,3,0,2,0,0,0,0,2,3,498,525.6,1475,null
2.0,609,607,0.9680882680734082,0.9662400624117691,12.0,0,0,4,0,0,1,0,0,0,0,1,4,0,0,1,1,0,1,2,0,0,0,2,3,498,525.6,1476,null
1.0,607,606,0.9683483171112266,0.9752210416821457,10.0,0,0,2,1,0,1,1,0,0,0,1,4,0,0,3,1,0,0,1,0,0,0,0,5,498,525.6,1477,null
-10.0,616,626,0.9825860019317928,0.9827996136414295,19.0,0,0,0,1,0,3,1,0,0,0,3,2,0,0,0,0,0,5,0,0,0,0,5,0,498,525.6,1478,null
2.0,610,608,0.9722119028159596,0.9725555390445055,13.0,0,0,0,1,0,0,4,0,0,0,0,5,0,0,0,1,0,1,3,0,0,0,1,4,498,525.6,1479,null
0.0,610,610,0.9746637937439632,0.9733914109517796,13.0,0,0,0,1,0,4,0,0,0,1,4,0,0,0,0,1,0,3,1,0,0,1,4,0,498,525.6,1481,null
-4.0,611,615,0.9799576491566981,0.9797718998439706,14.0,0,0,0,3,0,2,0,0,0,1,2,2,0,0,0,2,0,3,0,0,0,0,3,2,498,525.6,1480,null
0.0,606,606,0.9712924437179582,0.969760011887956,9.0,0,0,0,2,0,3,0,0,0,0,4,1,0,0,0,4,0,1,0,0,0,0,4,1,498,525.6,1482,null
0.0,608,608,0.9708002080392303,0.9701593729103203,11.0,0,0,0,3,0,1,1,0,0,0,2,3,0,0,0,4,0,0,1,0,0,0,1,4,498,525.6,1483,null
-1.0,606,607,0.9691098892934096,0.9695464001783192,9.0,0,0,0,3,0,1,1,0,0,0,1,4,0,0,0,3,0,1,1,0,0,0,1,4,498,525.6,1484,null
1.0,610,609,0.9699550486663199,0.9736050226614161,13.0,0,0,0,5,0,0,0,0,0,0,1,4,0,0,0,5,0,0,0,0,0,0,0,5,498,525.6,1485,null
-2.0,604,606,0.9686919533397726,0.9698714614755926,7.0,0,0,0,4,0,1,0,0,0,0,2,3,0,0,0,3,0,2,0,0,0,0,3,2,498,525.6,1486,null
3.0,615,612,0.9778679693885133,0.9782766178765139,18.0,0,0,0,1,0,3,1,0,0,0,4,1,0,0,0,1,0,3,1,0,0,0,3,2,498,525.6,1487,null
-2.0,603,605,0.9562188869901181,0.971162419199049,6.0,0,0,1,1,0,2,1,0,1,0,3,1,0,0,0,1,0,1,3,0,0,0,4,1,498,525.6,1488,null
2.0,600,598,0.9742272828590534,0.9718589791217772,3.0,0,0,1,2,1,1,0,0,0,0,3,2,0,0,0,1,1,3,0,0,0,0,3,2,498,525.6,1490,null
1.0,605,604,0.9672338212348615,0.9696114124377739,8.0,0,0,0,1,0,1,3,0,0,0,3,2,0,0,1,1,0,2,1,0,0,0,3,2,498,525.6,1489,null
1.0,611,610,0.9703079723605023,0.9701500854446838,14.0,0,0,0,4,0,0,1,0,0,0,0,5,0,0,0,4,0,0,1,0,0,0,0,5,498,525.6,1491,null
1.0,609,608,0.9740043836837804,0.972072590831414,12.0,0,0,4,0,0,0,1,0,0,0,0,5,0,0,0,3,0,0,2,0,0,0,0,5,498,525.6,1492,null
-1.0,613,614,0.9758618768110559,0.9784809421205142,16.0,0,0,0,4,0,1,0,0,0,0,1,4,0,0,0,2,0,3,0,0,0,0,3,2,498,525.6,1493,null
2.0,606,604,0.9741065458057806,0.9736793223865071,9.0,0,0,1,0,0,3,1,0,0,0,3,2,0,0,1,0,0,4,0,0,0,0,4,1,498,525.6,1494,null
-4.0,604,608,0.9637881714837655,0.9730849245857791,7.0,0,0,2,0,0,0,3,0,0,0,1,4,0,0,0,0,0,2,3,0,0,0,3,2,498,525.6,1495,null
0.0,597,597,0.9705773088639572,0.9703451222230478,0.0,0,0,0,1,3,1,0,0,0,0,1,4,0,0,3,1,0,1,0,0,0,0,1,4,498,525.6,1496,null
2.0,613,611,0.9770228100156029,0.9770785348094212,16.0,0,0,0,0,0,3,2,0,0,0,3,2,0,0,0,0,0,3,2,0,0,0,3,2,498,525.6,1497,null
-3.0,605,608,0.9726484137008694,0.9728434504792333,8.0,0,0,0,4,1,0,0,0,0,0,0,5,0,0,0,4,0,1,0,0,0,0,1,4,498,525.6,1498,null
3.0,603,600,0.9697785868192288,0.9698435990786834,6.0,0,0,0,1,0,1,3,0,0,0,2,3,0,0,2,1,0,1,1,0,0,0,1,4,498,525.6,1499,null
-4.0,606,610,0.9646333308566758,0.9688777026525001,9.0,0,0,0,2,0,1,2,0,0,0,2,3,0,0,0,2,0,3,0,0,0,0,4,1,498,525.6,1500,null
-1.0,606,607,0.9720633033657775,0.9696392748346832,9.0,0,0,0,4,0,1,0,0,0,0,2,3,0,0,0,5,0,0,0,0,0,0,1,4,498,525.6,1501,null
-1.0,604,605,0.9713574559774129,0.9706051712608663,7.0,0,0,1,1,0,0,3,0,0,0,0,5,0,0,1,1,0,0,3,0,0,0,0,5,498,525.6,1502,null
-1.0,601,602,0.9742551452559626,0.9744780444312355,4.0,0,0,1,2,0,2,0,0,0,0,2,3,0,0,0,3,0,2,0,0,0,0,2,3,498,525.6,1503,null
0.0,613,613,0.9782116056170592,0.9788152908834237,16.0,0,0,0,0,0,2,3,0,0,0,3,2,0,0,0,3,0,2,0,0,0,0,2,3,498,525.6,1505,null
-5.0,602,607,0.9748123931941453,0.9688869901181365,5.0,0,0,1,1,0,3,0,0,0,1,4,0,0,0,3,1,0,1,0,0,0,0,1,4,498,525.6,1504,null
2.0,608,606,0.9711717066646853,0.970623746192139,11.0,0,0,0,3,0,0,2,0,0,0,1,4,0,0,0,4,0,1,0,0,0,0,1,4,498,525.6,1506,null
4.0,609,605,0.9723140649379597,0.9694906753845012,12.0,0,0,0,2,0,1,2,0,0,1,3,1,0,0,1,2,0,1,1,0,0,0,3,2,498,525.6,1507,null
-4.0,607,611,0.971951853778141,0.9733821234861432,10.0,0,0,0,3,0,1,1,0,0,0,2,3,0,0,0,2,0,2,1,0,0,0,3,2,498,525.6,1508,null
-1.0,612,613,0.968729103202318,0.9705865963295935,15.0,0,0,1,1,0,1,2,0,0,1,0,4,0,0,0,1,0,0,4,0,0,0,0,5,498,525.6,1509,null
0.0,606,606,0.9676331822572257,0.9702429601010475,9.0,0,0,2,0,0,0,3,0,0,0,0,5,0,0,0,0,0,0,5,0,0,0,1,4,498,525.6,1510,null
-1.0,608,609,0.9719704287094137,0.973651459989598,11.0,0,0,0,0,0,1,4,0,0,0,1,4,0,0,0,0,0,1,4,0,0,0,1,4,498,525.6,1511,null
-1.0,612,613,0.9766884612526933,0.9793725388216064,15.0,0,0,0,2,0,2,1,0,0,0,2,3,0,0,0,0,0,4,1,0,0,0,4,1,498,525.6,1512,null
-2.0,605,607,0.9669273348688611,0.9701129355821382,8.0,0,0,1,2,0,0,2,0,0,0,0,5,0,0,0,3,0,0,2,0,0,0,0,5,498,525.6,1513,null
-2.0,610,612,0.9717475295341407,0.9769299353592391,13.0,0,0,0,2,0,1,2,0,0,0,2,3,0,0,0,1,0,2,2,0,0,0,2,3,498,525.6,1515,null
-2.0,611,613,0.9757504272234193,0.9753789285979642,14.0,0,0,1,2,0,1,1,0,0,0,1,4,0,0,0,2,0,3,0,0,0,0,3,2,498,525.6,1514,null
0.0,615,615,0.9749609926443272,0.9749609926443272,18.0,0,0,0,5,0,0,0,0,0,0,0,5,0,0,0,5,0,0,0,0,0,0,0,5,498,525.6,1516,null
3.0,617,614,0.9789546028679693,0.9791589271119696,20.0,0,0,0,2,0,3,0,0,0,0,3,2,0,0,0,2,0,3,0,0,0,0,3,2,498,525.6,1517,null
-2.0,610,612,0.9739672338212348,0.9723605022661416,13.0,0,0,0,5,0,0,0,0,0,1,0,4,0,0,0,4,0,1,0,0,0,0,1,4,498,525.6,1518,null
0.0,605,605,0.9708002080392303,0.9715710676870496,8.0,0,0,0,4,0,0,1,0,0,0,0,5,0,0,0,3,0,0,2,0,0,0,0,5,498,525.6,1519,null
-1.0,610,611,0.9740043836837803,0.9779329816479678,13.0,0,0,1,1,0,3,0,0,0,0,4,1,0,0,0,1,0,3,1,0,0,0,4,1,498,525.6,1520,null
2.0,603,601,0.9619492532877629,0.9605839958392153,6.0,0,0,4,0,0,0,1,0,0,0,0,5,0,0,4,0,0,0,1,0,0,0,0,5,498,525.6,1521,null
-1.0,608,609,0.9561260123337544,0.9689520023775912,11.0,0,0,1,2,0,1,1,0,0,1,1,3,0,0,0,5,0,0,0,0,0,0,0,5,498,525.6,1522,null
-1.0,608,609,0.9719239913812319,0.9688034029274092,11.0,0,0,0,1,0,3,1,0,0,0,4,1,0,0,1,0,0,3,1,0,0,0,3,2,498,525.6,1523,null
-1.0,610,611,0.9706980459172301,0.9701407979790475,13.0,0,0,0,3,0,2,0,0,0,0,5,0,0,0,0,3,0,2,0,0,0,0,5,0,498,525.6,1524,null
0.0,619,619,0.9780258563043317,0.9762426629021472,22.0,0,0,0,2,0,3,0,0,0,0,3,2,0,0,0,2,0,3,0,0,0,0,3,2,498,525.6,1525,null
0.0,610,610,0.9705680213983209,0.9725926889070511,13.0,0,0,0,3,0,1,1,0,0,0,1,4,0,0,0,4,0,0,1,0,0,0,0,5,498,525.6,1526,null
0.0,610,610,0.967122371647225,0.967122371647225,13.0,0,0,0,5,0,0,0,0,0,0,2,3,0,0,0,5,0,0,0,0,0,0,2,3,498,525.6,1528,null
-5.0,609,614,0.9749517051786909,0.9744037447061445,12.0,0,0,0,3,0,2,0,0,0,0,3,2,0,0,0,2,0,3,0,0,0,0,4,1,498,525.6,1527,null
-3.0,608,611,0.9696299873690466,0.9707909205735938,11.0,0,0,0,4,0,0,1,0,0,0,1,4,0,0,0,3,0,1,1,0,0,0,2,3,498,525.6,1529,null
1.0,620,619,0.9793446764246972,0.9785366669143324,23.0,0,0,0,5,0,0,0,0,0,0,0,5,0,0,0,4,0,1,0,0,0,0,1,4,498,525.6,1530,null
-6.0,597,603,0.9709302325581396,0.9747566684003269,0.0,0,0,1,1,0,2,1,0,0,0,4,1,0,0,0,0,0,2,3,0,0,0,2,3,498,525.6,1531,null
1.0,616,615,0.9770135225499665,0.9735028605394159,19.0,0,0,0,1,0,3,1,0,0,0,3,2,0,0,0,4,0,1,0,0,0,0,1,4,498,525.6,1532,null
-1.0,607,608,0.9710138197488669,0.973920796493053,10.0,0,0,2,3,0,0,0,0,0,0,0,5,0,0,1,2,0,2,0,0,0,0,2,3,498,525.6,1533,null
0.0,611,611,0.9717196671372316,0.975694702429601,14.0,0,0,0,3,0,0,2,0,0,0,1,4,0,0,0,2,0,1,2,0,0,0,1,4,498,525.6,1534,null
0.0,612,612,0.9687755405304999,0.9697971617505015,15.0,0,0,0,3,0,0,2,0,0,1,0,4,0,0,0,4,0,0,1,0,0,0,0,5,498,525.6,1535,null
0.0,611,611,0.972564826510142,0.9724998142506872,14.0,0,0,0,4,0,0,1,0,0,0,0,5,0,0,0,4,0,0,1,0,0,0,0,5,498,525.6,1536,null
-4.0,609,613,0.9716732298090497,0.9729549000668698,12.0,0,0,0,2,0,3,0,0,0,0,5,0,0,0,0,1,0,4,0,0,0,0,5,0,498,525.6,1537,null
1.0,612,611,0.9752767664759641,0.9734842856081433,15.0,0,0,0,5,0,0,0,0,0,0,2,3,0,0,0,4,0,1,0,0,0,0,2,3,498,525.6,1538,null
-1.0,605,606,0.9702243851697749,0.972936325135597,8.0,0,0,0,3,0,1,1,1,0,1,2,1,0,0,0,2,0,1,2,0,0,1,2,2,498,525.6,1539,null
2.0,615,613,0.9755646779106917,0.9732428115015975,18.0,0,0,0,4,0,1,0,0,0,0,1,4,0,0,0,4,0,1,0,0,0,0,2,3,498,525.6,1540,null
3.0,613,610,0.9751653168883275,0.9772178467939668,16.0,0,0,0,5,0,0,0,0,0,0,5,0,0,0,1,4,0,0,0,0,0,0,4,1,498,525.6,1541,null
0.0,616,616,0.9789546028679694,0.9794561260123338,19.0,0,0,0,1,0,4,0,0,0,0,4,1,0,0,0,1,0,4,0,0,0,0,4,1,498,525.6,1542,null
0.0,606,606,0.9664072367932239,0.9668344602124972,9.0,0,0,0,3,0,1,1,0,0,0,2,3,0,0,1,2,0,1,1,0,0,0,1,4,498,525.6,1543,null
-8.0,609,617,0.9784530797236051,0.982762463778884,12.0,0,0,0,2,0,3,0,0,0,0,4,1,0,0,0,0,0,5,0,0,0,0,5,0,498,525.6,1545,null
-4.0,613,617,0.9773478713128761,0.9782116056170592,16.0,0,0,1,1,0,1,2,0,0,0,2,3,0,0,0,1,0,3,1,0,0,0,4,1,498,525.6,1544,null
1.0,605,604,0.9682182925923174,0.973456423211234,8.0,0,0,0,2,0,3,0,0,1,0,2,2,0,0,0,3,0,1,1,1,0,0,1,3,498,525.6,1546,null
-2.0,611,613,0.9715524927557769,0.9734935730737797,14.0,0,0,0,1,0,3,1,0,0,0,4,1,0,0,0,1,0,4,0,0,0,1,4,0,498,525.6,1547,null
-3.0,610,613,0.9762891002303292,0.978601679173787,13.0,0,0,0,2,0,3,0,0,0,0,3,2,0,0,0,1,0,4,0,0,0,0,4,1,498,525.6,1548,null
-1.0,617,618,0.9821680659781559,0.9827253139163385,20.0,0,0,0,0,0,5,0,0,0,0,5,0,0,0,0,0,0,5,0,0,0,0,5,0,498,525.6,1549,null
1.0,605,604,0.9770320974812393,0.9670666468534066,8.0,0,0,0,1,0,3,1,0,0,2,2,1,0,0,2,1,0,1,1,0,0,1,1,3,498,525.6,1550,null
2.0,613,611,0.9727598632885059,0.9728527379448696,16.0,0,0,0,2,0,0,3,0,0,0,0,5,0,0,0,3,0,0,2,0,0,0,0,5,498,525.6,1551,null
0.0,607,607,0.9724812393194145,0.9688591277212274,10.0,0,0,1,2,0,1,1,0,0,1,1,3,0,0,2,1,0,0,2,0,0,0,0,5,498,525.6,1552,null
0.0,609,609,0.9733542610892338,0.970475146741957,12.0,0,0,0,3,0,1,1,0,1,1,2,1,0,0,0,4,0,0,1,0,0,1,1,3,498,525.6,1553,null
0.0,604,604,0.9749052678505089,0.9745430566906902,7.0,0,0,0,1,0,1,3,0,0,0,1,4,0,0,0,1,0,1,3,0,0,0,1,4,498,525.6,1554,null
0.0,610,610,0.9707073333828664,0.9725834014414146,13.0,0,0,0,2,0,1,2,0,0,0,1,4,0,0,0,2,0,0,3,0,0,0,0,5,498,525.6,1555,null
0.0,597,597,0.9710509696114124,0.9680418307452262,0.0,0,0,0,2,1,0,2,0,0,0,1,4,0,0,0,1,2,0,2,0,0,0,1,4,498,525.6,1556,null
-2.0,612,614,0.9690820268965004,0.9696578497659558,15.0,0,0,0,3,0,0,2,0,0,0,3,2,0,0,0,4,0,1,0,0,0,0,4,1,498,525.6,1557,null
-1.0,609,610,0.9777193699383312,0.9772178467939668,12.0,0,0,0,2,0,3,0,0,0,1,4,0,0,0,0,0,0,5,0,0,0,0,5,0,498,525.6,1558,null
3.0,608,605,0.9693235010030463,0.961215543502489,11.0,0,0,0,5,0,0,0,0,0,0,0,5,0,0,2,3,0,0,0,0,0,0,0,5,498,525.6,1559,null
-7.0,596,603,0.9724255145255962,0.9709023701612304,-1.0,0,0,1,2,1,0,1,0,0,0,1,4,0,0,0,2,0,1,2,0,0,0,2,3,498,525.6,1560,null
-3.0,608,611,0.9734749981425068,0.9706237461921391,11.0,0,0,1,1,0,0,3,0,0,0,0,5,0,0,0,1,0,0,4,0,0,0,0,5,498,525.6,1561,null
-3.0,608,611,0.9713481685117765,0.9730756371201427,11.0,0,0,0,1,0,3,1,0,0,1,4,0,0,0,0,0,0,5,0,0,0,0,5,0,498,525.6,1562,null
0.0,616,616,0.9757225648265102,0.9757225648265102,19.0,0,0,0,5,0,0,0,0,0,0,0,5,0,0,0,5,0,0,0,0,0,0,0,5,498,525.6,1563,null
1.0,607,606,0.9744223196374173,0.9745430566906902,10.0,0,0,0,2,0,0,3,0,0,0,0,5,0,0,0,2,0,0,3,0,0,0,1,4,498,525.6,1564,null
-1.0,607,608,0.9702150977041386,0.9685340664239542,10.0,0,0,0,2,0,1,2,0,0,1,0,4,0,0,0,4,0,1,0,0,0,0,1,4,498,525.6,1566,null
-1.0,609,610,0.9688126903930456,0.971654654877777,12.0,0,0,0,4,0,1,0,0,0,0,1,4,0,0,0,5,0,0,0,0,0,0,0,5,498,525.6,1565,null
-2.0,609,611,0.9736607474552343,0.9767906233746935,12.0,0,0,0,1,0,2,2,0,0,0,3,2,0,0,0,1,0,3,1,0,0,0,5,0,498,525.6,1567,null
-2.0,604,606,0.9711438442677761,0.968209005126681,7.0,0,0,0,4,1,0,0,0,0,0,0,5,0,0,1,2,1,1,0,0,0,0,2,3,498,525.6,1568,null
2.0,609,607,0.969165614087228,0.968626941080318,12.0,0,0,1,3,0,0,1,0,0,0,1,4,0,0,1,4,0,0,0,0,0,0,1,4,498,525.6,1569,null
0.0,603,603,0.9671966713723159,0.9687941154617727,6.0,0,0,3,2,0,0,0,0,0,0,0,5,0,0,2,2,0,1,0,0,0,0,1,4,498,525.6,1570,null
-1.0,607,608,0.9729084627386878,0.9742644327215989,10.0,0,0,0,0,0,3,2,0,0,0,3,2,0,0,0,1,0,2,2,0,0,0,2,3,498,525.6,1571,null
0.0,616,616,0.9762333754365108,0.9782487554796048,19.0,0,0,0,5,0,0,0,0,0,0,3,2,0,0,0,4,0,1,0,0,0,0,3,2,498,525.6,1572,null
-2.0,601,603,0.9658964261832231,0.9622928895163088,4.0,0,0,0,4,0,1,0,0,0,1,2,2,0,0,2,1,0,2,0,0,0,0,4,1,498,525.6,1573,null
-2.0,602,604,0.968552641355227,0.9771621220001486,5.0,0,0,1,1,0,2,1,0,1,1,3,0,0,0,0,1,0,3,1,0,0,1,4,0,498,525.6,1575,null
-1.0,606,607,0.9727412883572331,0.9751560294226911,9.0,0,0,0,2,0,2,1,0,0,0,3,2,0,0,0,1,0,4,0,0,0,0,4,1,498,525.6,1574,null
-3.0,608,611,0.9698435990786834,0.974143695668326,11.0,0,0,0,3,0,0,2,0,0,1,1,3,0,0,0,2,0,3,0,0,0,0,3,2,498,525.6,1576,null
-2.0,614,616,0.977273571587785,0.9777007950070585,17.0,0,0,0,3,0,0,2,1,0,0,0,4,0,0,0,3,0,2,0,1,0,0,2,2,498,525.6,1577,null
0.0,608,608,0.9733078237610521,0.9736793223865071,11.0,0,0,0,1,0,1,3,0,0,2,0,3,0,0,0,2,0,1,2,0,0,0,1,4,498,525.6,1578,null
0.0,608,608,0.9763912623523292,0.9766791737870569,11.0,0,0,0,5,0,0,0,0,0,0,3,2,0,0,0,3,0,2,0,0,0,0,3,2,498,525.6,1579,null
0.0,610,610,0.9701593729103203,0.969806449216138,13.0,0,0,0,1,0,0,4,0,0,0,0,5,0,0,0,1,0,0,4,0,0,0,0,5,498,525.6,1580,null
1.0,615,614,0.977394308641058,0.97872241622706,18.0,0,0,0,3,0,2,0,0,0,0,2,3,0,0,0,4,0,1,0,0,1,0,1,3,498,525.6,1581,null
1.0,606,605,0.9720818782970503,0.9642061074374024,9.0,0,0,1,1,0,3,0,0,0,0,3,2,0,0,3,1,0,1,0,0,0,0,1,4,498,525.6,1582,null
0.0,620,620,0.9739486588899621,0.973920796493053,23.0,0,0,0,4,0,0,1,0,0,0,0,5,0,0,0,4,0,0,1,0,0,0,0,5,498,525.6,1584,null
1.0,610,609,0.9688591277212275,0.9720540159001412,13.0,0,0,1,1,0,2,1,0,0,0,3,2,0,0,1,1,0,2,1,0,0,0,4,1,498,525.6,1583,null
-2.0,610,612,0.9757411397577829,0.9760104762612378,13.0,0,0,0,2,0,3,0,0,0,0,3,2,0,0,0,2,0,3,0,0,0,0,3,2,498,525.6,1586,null
0.0,613,613,0.9715710676870496,0.9715710676870496,16.0,0,0,0,5,0,0,0,0,0,0,0,5,0,0,0,5,0,0,0,0,0,0,0,5,498,525.6,1585,null
-1.0,601,602,0.9677446318448621,0.961113381380489,4.0,0,0,1,3,0,1,0,0,0,0,1,4,0,0,3,1,0,1,0,0,0,0,1,4,498,525.6,1587,null
0.0,611,611,0.9699086113381382,0.9699086113381382,14.0,0,0,0,5,0,0,0,0,0,0,1,4,0,0,0,5,0,0,0,0,0,0,1,4,498,525.6,1588,null
-2.0,610,612,0.9736328850583252,0.9762891002303292,13.0,0,0,0,2,0,1,2,0,0,0,1,4,0,0,0,2,0,0,3,0,0,0,0,5,498,525.6,1589,null
2.0,609,607,0.9727877256854149,0.9716639423434134,12.0,0,0,0,1,0,0,4,0,0,0,0,5,0,0,0,1,0,1,3,0,0,0,1,4,498,525.6,1590,null
2.0,609,607,0.9751653168883274,0.9777936696634223,12.0,0,0,0,0,0,4,1,0,0,0,4,1,0,0,0,3,0,1,1,0,0,0,3,2,498,525.6,1591,null
-2.0,607,609,0.9723512148005052,0.9764284122148749,10.0,0,0,0,5,0,0,0,0,0,0,1,4,0,0,0,3,0,2,0,0,0,0,2,3,498,525.6,1592,null
3.0,607,604,0.9717196671372315,0.9726205513039602,10.0,0,0,0,2,0,1,2,0,0,0,3,2,0,0,0,3,1,1,0,0,0,0,1,4,498,525.6,1593,null
-2.0,607,609,0.963258785942492,0.9697228620254105,10.0,0,0,0,4,0,0,1,0,0,0,1,4,0,0,0,4,0,0,1,0,0,0,0,5,498,525.6,1594,null
-4.0,600,604,0.9680696931421354,0.9661286128241326,3.0,0,0,3,1,0,1,0,0,0,0,1,4,0,0,4,1,0,0,0,0,0,0,0,5,498,525.6,1595,null
0.0,608,608,0.9731777992421429,0.968998439705773,11.0,0,0,0,2,0,3,0,0,0,0,3,2,0,0,0,3,0,2,0,0,0,0,2,3,498,525.6,1596,null
-4.0,609,613,0.9703172598261386,0.973920796493053,12.0,0,0,0,1,0,1,3,0,0,0,1,4,0,0,0,0,0,0,5,0,0,0,0,5,498,525.6,1597,null
-4.0,609,613,0.9745244817594175,0.9760290511925106,12.0,0,0,1,1,0,1,2,0,0,0,1,4,0,0,0,1,0,0,4,0,0,0,0,5,498,525.6,1598,null
-3.0,608,611,0.9744408945686901,0.9749981425068727,11.0,0,0,0,2,0,0,3,0,0,0,0,5,0,0,0,4,0,0,1,0,0,0,0,5,498,525.6,1599,null
1.0,605,604,0.9713574559774129,0.9700664982539564,8.0,0,0,0,2,0,0,3,0,0,0,0,5,0,0,4,0,0,1,0,0,0,0,1,4,498,525.6,1600,null
0.0,612,612,0.9787595660896056,0.9738836466305074,15.0,0,0,0,3,0,2,0,0,0,0,3,2,0,0,0,5,0,0,0,0,0,0,2,3,498,525.6,1601,null
-2.0,609,611,0.9679582435544989,0.9733635485548703,12.0,0,0,1,3,0,0,1,0,0,0,1,4,0,0,0,0,0,4,1,0,0,0,4,1,498,525.6,1602,null
0.0,610,610,0.9731034995170518,0.9730384872575972,13.0,0,0,0,2,0,0,3,0,0,0,0,5,0,0,0,3,0,0,2,0,0,0,1,4,498,525.6,1603,null
-3.0,612,615,0.9671409465784977,0.9690820268965006,15.0,0,0,0,4,0,1,0,0,0,0,1,4,0,0,0,4,0,1,0,0,0,0,1,4,498,525.6,1605,null
0.0,613,613,0.9718775540530501,0.9718775540530501,16.0,0,0,0,5,0,0,0,0,0,0,2,3,0,0,0,5,0,0,0,0,0,0,2,3,498,525.6,1604,null
0.0,609,609,0.9764748495430566,0.9763262500928745,12.0,0,0,0,4,0,0,1,0,0,3,0,2,0,0,0,4,0,0,1,0,0,3,0,2,498,525.6,1606,null
0.0,606,606,0.9762148005052381,0.9767813359090571,9.0,0,0,0,5,0,0,0,0,0,0,2,3,0,0,0,3,0,1,1,0,0,0,3,2,498,525.6,1607,null
-1.0,611,612,0.9702801099635932,0.9696857121628649,14.0,0,0,0,3,0,0,2,0,0,0,3,2,0,0,0,3,0,2,0,0,0,0,3,2,498,525.6,1608,null
2.0,607,605,0.9713017311835946,0.9720911657626866,10.0,0,0,0,4,0,0,1,0,0,0,0,5,0,0,1,4,0,0,0,0,0,0,0,5,498,525.6,1609,null
2.0,604,602,0.9700107734601382,0.9706794709859573,7.0,0,0,0,0,1,3,1,0,0,3,0,2,0,0,0,3,0,0,2,0,0,0,0,5,498,525.6,1610,null
1.0,607,606,0.9741901329965079,0.9725091017163237,10.0,0,0,3,0,0,2,0,0,0,1,1,3,0,0,0,3,0,1,1,0,0,0,1,4,498,525.6,1611,null
-1.0,613,614,0.9755739653763282,0.9720168660375957,16.0,0,0,0,4,0,0,1,0,0,0,0,5,0,0,0,2,0,2,1,0,0,0,2,3,498,525.6,1612,null
-4.0,613,617,0.9746545062783267,0.9788338658146966,16.0,0,0,0,2,0,3,0,0,0,0,4,1,0,0,0,1,0,4,0,0,0,0,5,0,498,525.6,1615,null
-3.0,603,606,0.9613548554870347,0.9771342596032395,6.0,0,0,1,1,0,0,3,0,0,1,0,4,0,0,0,1,0,1,3,0,0,0,1,4,498,525.6,1614,null
1.0,605,604,0.9563767739059366,0.9715617802214132,8.0,0,0,0,3,0,2,0,0,1,0,1,3,0,0,0,3,0,2,0,0,0,0,2,3,498,525.6,1613,null
0.0,613,613,0.9771156846719667,0.9766234489932387,16.0,0,0,0,4,0,0,1,0,0,0,5,0,0,0,0,2,0,3,0,0,0,0,5,0,498,525.6,1616,null
-2.0,612,614,0.969462812987592,0.9700757857195929,15.0,0,0,0,1,0,1,3,0,1,0,0,4,0,0,0,1,0,1,3,0,0,0,1,4,498,525.6,1617,null
-1.0,604,605,0.9711624191990489,0.9744037447061445,7.0,0,0,2,3,0,0,0,0,1,0,1,3,0,0,0,3,0,2,0,0,0,0,4,1,498,525.6,1618,null
6.0,605,599,0.9715432052901404,0.9692492012779552,8.0,0,0,0,0,0,2,3,0,0,0,2,3,1,0,0,1,0,3,0,0,0,0,3,2,498,525.6,1619,null
1.0,609,608,0.9738836466305075,0.9735121480050524,12.0,0,0,0,5,0,0,0,0,0,0,3,2,0,0,0,4,0,0,1,0,0,0,3,2,498,525.6,1620,null
-2.0,608,610,0.9704101344825025,0.9739672338212347,11.0,0,0,1,3,0,1,0,0,0,0,2,3,0,0,0,4,0,0,1,0,0,0,1,4,498,525.6,1621,null
-3.0,608,611,0.9748031057285088,0.9773571587785125,11.0,0,0,1,0,0,1,3,0,0,0,1,4,0,0,0,0,0,2,3,0,0,0,2,3,498,525.6,1622,null
-1.0,605,606,0.9754718032543279,0.9799576491566981,8.0,0,0,0,3,0,0,2,0,0,0,1,4,0,0,0,2,0,3,0,0,0,0,3,2,498,525.6,1623,null
2.0,614,612,0.9741251207370532,0.975471803254328,17.0,0,0,0,2,0,2,1,0,0,0,4,1,0,0,0,2,0,2,1,0,0,0,3,2,498,525.6,1624,null
-1.0,612,613,0.9725369641132328,0.9741158332714168,15.0,0,0,0,1,0,2,2,0,0,1,2,2,0,0,0,0,0,0,5,0,0,0,3,2,498,525.6,1625,null
1.0,604,603,0.9606025707704882,0.9664722490526785,7.0,0,0,1,3,0,1,0,0,1,0,0,4,0,0,1,3,0,0,1,0,0,0,0,5,498,525.6,1626,null
-7.0,607,614,0.9638903336057657,0.9703079723605023,10.0,0,0,2,3,0,0,0,0,0,1,2,2,0,0,0,2,0,2,1,0,0,0,5,0,498,525.6,1627,null
0.0,613,613,0.9742551452559626,0.973456423211234,16.0,0,0,0,4,0,1,0,0,0,0,4,1,0,0,0,4,0,1,0,0,0,0,4,1,498,525.6,1628,null
1.0,610,609,0.9659893008395869,0.9675960323946802,13.0,0,0,0,4,0,0,1,0,0,0,2,3,0,0,0,4,0,1,0,0,0,0,2,3,498,525.6,1629,null
1.0,612,611,0.9713760309086857,0.9728991752730515,15.0,0,0,0,2,0,3,0,0,0,0,3,2,0,0,0,3,0,2,0,0,0,0,2,3,498,525.6,1630,null
1.0,613,612,0.9679303811575897,0.9692120514154099,16.0,0,0,0,1,0,0,4,0,0,0,1,4,0,0,0,1,0,1,3,0,0,0,1,4,498,525.6,1631,null
1.0,605,604,0.9627758377294002,0.9702615350323205,8.0,0,0,0,4,0,1,0,0,0,0,1,4,0,0,0,3,0,0,2,0,0,0,0,5,498,525.6,1632,null
1.0,601,600,0.9746452188126905,0.9768556356341481,4.0,0,0,0,4,0,1,0,0,0,1,3,1,0,0,1,3,0,1,0,0,0,0,3,2,498,525.6,1633,null
-1.0,607,608,0.976456274611784,0.9774964707630581,10.0,0,0,0,5,0,0,0,0,0,0,3,2,0,0,0,4,0,1,0,0,0,0,4,1,498,525.6,1634,null
-3.0,609,612,0.967865368898135,0.9713574559774129,12.0,0,0,0,2,0,1,2,0,0,0,2,3,0,0,0,1,0,0,4,0,0,0,1,4,498,525.6,1635,null
4.0,599,595,0.9740415335463258,0.9718868415186863,2.0,0,0,1,2,0,0,2,0,0,0,1,4,0,0,1,1,1,0,2,0,0,0,0,5,498,525.6,1636,null
2.0,609,607,0.9694906753845012,0.9679768184857717,12.0,0,0,0,5,0,0,0,0,0,0,1,4,0,0,0,2,0,2,1,0,0,0,2,3,498,525.6,1637,null
-2.0,609,611,0.9705680213983209,0.9717568169997771,12.0,0,0,0,0,0,0,5,0,0,0,1,4,0,0,0,0,0,0,5,0,0,0,0,5,498,525.6,1638,null
-2.0,611,613,0.9714967679619585,0.9689055650494093,14.0,0,0,0,5,0,0,0,0,0,1,0,4,0,0,0,3,0,1,1,0,0,0,2,3,498,525.6,1639,null
1.0,606,605,0.973605022661416,0.9715153428932313,9.0,0,0,2,1,0,0,2,0,0,0,0,5,0,0,4,0,0,0,1,0,0,0,0,5,498,525.6,1640,null
-1.0,614,615,0.9758711642766922,0.9751838918196002,17.0,0,0,0,2,0,3,0,0,0,0,3,2,0,0,0,2,0,3,0,0,0,0,3,2,498,525.6,1641,null
2.0,608,606,0.9740043836837804,0.9737350471803254,11.0,0,0,1,4,0,0,0,0,0,1,2,2,0,0,2,3,0,0,0,0,0,0,1,4,498,525.6,1642,null
1.0,616,615,0.9827531763132477,0.9788152908834237,19.0,0,0,0,1,0,3,1,0,0,0,3,2,0,0,0,2,0,2,1,0,0,1,2,2,498,525.6,1643,null
0.0,610,610,0.9726112638383237,0.9750352923694182,13.0,0,0,0,4,0,0,1,0,0,0,2,3,0,0,0,4,0,1,0,0,0,0,2,3,498,525.6,1644,null
2.0,610,608,0.9713295935805037,0.9675124452039527,13.0,0,0,4,0,0,0,1,0,0,0,0,5,0,0,1,0,0,0,4,0,0,0,1,4,498,525.6,1645,null
7.0,603,596,0.9587450776432127,0.9577606062857567,6.0,0,0,4,0,0,1,0,0,0,1,0,4,0,0,2,1,0,1,1,0,0,0,2,3,498,525.6,1646,null
0.0,607,607,0.9732799613641429,0.9757968645516012,10.0,0,0,0,5,0,0,0,0,0,1,0,4,0,0,0,4,0,1,0,0,0,0,1,4,498,525.6,1649,null
-5.0,615,620,0.9761683631770562,0.9808120959952449,18.0,0,0,0,2,0,2,1,0,0,0,3,2,0,0,0,1,0,4,0,0,0,0,4,1,498,525.6,1648,null
-3.0,609,612,0.9693513633999553,0.9736700349208708,12.0,0,0,1,3,0,0,1,0,0,0,0,5,0,0,0,3,0,0,2,0,0,0,1,4,498,525.6,1647,null
-1.0,611,612,0.974217995393417,0.9747752433315996,14.0,0,0,0,2,0,1,2,0,0,1,0,4,0,0,0,2,0,0,3,0,0,0,0,5,498,525.6,1650,null
-1.0,608,609,0.9696578497659559,0.9760847759863287,11.0,0,0,0,3,0,1,1,0,0,0,2,3,0,0,0,4,0,1,0,0,0,0,1,4,498,525.6,1651,null
-1.0,609,610,0.967791069173044,0.9651998662604948,12.0,0,0,2,1,0,0,2,0,0,0,1,4,0,0,0,1,0,1,3,0,0,0,2,3,498,525.6,1653,null
0.0,603,603,0.974561631621963,0.972174752953414,6.0,0,0,1,2,0,0,2,0,0,1,2,2,0,0,2,2,0,0,1,0,0,0,1,4,498,525.6,1652,null
0.0,611,611,0.9764748495430566,0.9747473809346906,14.0,0,0,0,5,0,0,0,0,0,0,2,3,0,0,0,5,0,0,0,0,0,0,1,4,498,525.6,1654,null
-1.0,609,610,0.9697414369566832,0.971682517274686,12.0,0,0,2,3,0,0,0,0,0,0,0,5,0,0,0,4,0,0,1,0,0,0,0,5,498,525.6,1655,null
-10.0,603,613,0.9698250241474108,0.978871015677242,6.0,0,0,2,0,1,1,1,0,0,0,2,3,0,0,0,0,0,5,0,0,0,0,5,0,498,525.6,1656,null
0.0,614,614,0.9750445798350547,0.978202318151423,17.0,0,0,0,3,0,1,1,0,0,0,1,4,0,0,0,2,0,3,0,0,0,0,3,2,498,525.6,1657,null
-1.0,611,612,0.9725091017163237,0.9784345047923323,14.0,0,0,0,2,0,2,1,0,0,0,2,3,0,0,0,1,0,4,0,0,0,0,4,1,498,525.6,1658,null
-2.0,612,614,0.9739858087525076,0.9734471357455977,15.0,0,0,0,1,0,0,4,0,0,0,0,5,0,0,0,0,0,0,5,0,0,0,0,5,498,525.6,1659,null
-5.0,607,612,0.9733356861579613,0.9756204027045099,10.0,0,0,2,0,0,1,2,0,0,0,1,4,0,0,0,0,0,0,5,0,0,0,0,5,498,525.6,1660,null
-1.0,608,609,0.9745987814845085,0.9723047774723234,11.0,0,0,0,1,0,4,0,0,0,0,4,1,0,0,0,2,0,3,0,0,0,0,3,2,498,525.6,1661,null
0.0,606,606,0.9696764246972287,0.9718032543279589,9.0,0,0,0,3,0,1,1,0,0,0,2,3,0,0,0,2,0,2,1,0,0,0,3,2,498,525.6,1662,null
0.0,614,614,0.9787874284865146,0.9754160784605097,17.0,0,0,0,1,0,4,0,0,0,0,5,0,0,0,1,0,0,4,0,0,0,0,4,1,498,525.6,1663,null
0.0,614,614,0.9658778512519504,0.978796715952151,17.0,0,0,0,1,1,2,1,0,1,0,2,2,0,0,0,1,0,3,1,0,0,0,3,2,498,525.6,1664,null
-2.0,607,609,0.9763262500928745,0.9790753399212423,10.0,0,0,0,4,0,0,1,0,0,0,1,4,0,0,0,4,0,1,0,0,0,0,1,4,498,525.6,1665,null
-1.0,608,609,0.9713017311835945,0.9746637937439632,11.0,0,0,0,2,0,1,2,0,0,0,1,4,0,0,0,2,0,1,2,0,0,0,1,4,498,525.6,1666,null
-1.0,610,611,0.9705122966045026,0.9740229586150532,13.0,0,0,2,2,0,0,1,0,0,0,0,5,0,0,0,2,0,1,2,0,0,0,1,4,498,525.6,1667,null
0.0,613,613,0.972936325135597,0.9726948510290513,16.0,0,0,0,4,0,1,0,0,0,0,1,4,0,0,0,1,0,1,3,0,0,0,1,4,498,525.6,1668,null
0.0,609,609,0.9761497882457835,0.9769206478936028,12.0,0,0,0,2,0,3,0,0,0,0,3,2,0,0,0,0,0,4,1,0,0,0,4,1,498,525.6,1669,null
0.0,611,611,0.9775986328850583,0.976530574336875,14.0,0,0,0,3,0,2,0,0,0,0,2,3,0,0,0,4,0,1,0,0,0,0,1,4,498,525.6,1670,null
0.0,611,611,0.9747288060034177,0.9749424177130543,14.0,0,0,0,3,0,0,2,0,0,0,0,5,0,0,0,4,0,0,1,0,0,0,0,5,498,525.6,1671,null
-1.0,610,611,0.9735864477301435,0.9738093469054164,13.0,0,0,0,5,0,0,0,0,0,0,0,5,0,0,0,4,0,1,0,0,0,0,1,4,498,525.6,1672,null
-1.0,610,611,0.9754996656512371,0.9758525893454194,13.0,0,0,0,2,0,1,2,0,0,0,1,4,0,0,0,2,0,1,2,0,0,0,1,4,498,525.6,1674,null
-1.0,612,613,0.9731034995170518,0.9765770116650568,15.0,0,0,0,1,0,3,1,0,0,0,3,2,0,0,0,0,0,4,1,0,0,0,4,1,498,525.6,1673,null
0.0,613,613,0.9756575525670556,0.9755646779106917,16.0,0,0,0,3,0,2,0,0,0,0,3,2,0,0,0,4,0,1,0,0,0,0,3,2,498,525.6,1675,null
-2.0,610,612,0.9691841890185007,0.9718682665874137,13.0,0,0,1,3,0,0,1,0,0,0,1,4,0,0,0,4,0,0,1,0,0,0,0,5,498,525.6,1676,null
-1.0,615,616,0.9754439408574188,0.975053867300691,18.0,0,0,0,2,0,0,3,0,0,0,0,5,0,0,0,1,0,0,4,0,0,0,0,5,498,525.6,1677,null
-2.0,605,607,0.975202466750873,0.976753473512148,8.0,0,0,0,2,0,2,1,0,0,0,2,3,0,0,0,1,0,4,0,0,0,0,4,1,498,525.6,1678,null
-1.0,617,618,0.9772642841221487,0.9769856601530574,20.0,0,0,0,0,0,3,2,0,0,0,3,2,0,0,0,0,0,4,1,0,0,0,4,1,498,525.6,1679,null
-3.0,602,605,0.9698900364068653,0.9752860539416004,5.0,0,0,0,2,0,1,2,0,0,0,1,4,0,0,0,1,0,3,1,0,0,0,3,2,498,525.6,1680,null
-5.0,596,601,0.9694163756594101,0.9708837952299576,-1.0,1,0,1,2,0,1,0,0,0,0,1,4,0,0,0,5,0,0,0,0,0,0,0,5,498,525.6,1681,null
1.0,602,601,0.9689705773088639,0.966927334868861,5.0,0,0,0,3,0,0,2,0,0,0,2,3,0,0,0,1,0,1,3,0,0,0,2,3,498,525.6,1682,null
0.0,614,614,0.9562838992495728,0.9717568169997771,17.0,0,0,0,2,0,1,2,0,1,0,1,3,0,0,0,3,0,2,0,0,0,0,2,3,498,525.6,1683,null
-3.0,606,609,0.9777007950070585,0.9774593209005127,9.0,0,0,0,2,0,2,1,0,0,0,3,2,0,0,0,0,0,3,2,0,0,0,3,2,498,525.6,1684,null
-1.0,609,610,0.9695928375065012,0.9759640389330559,12.0,0,0,0,5,0,0,0,0,0,0,1,4,0,0,1,3,0,0,1,0,0,0,0,5,498,525.6,1685,null
0.0,612,612,0.9735214354706888,0.9739579463555985,15.0,0,0,0,2,0,3,0,0,0,0,4,1,0,0,0,2,0,2,1,0,0,0,4,1,498,525.6,1686,null
3.0,605,602,0.9697321494910468,0.9646704807192213,8.0,0,0,0,5,0,0,0,0,1,0,3,1,0,0,1,4,0,0,0,0,1,0,2,2,498,525.6,1687,null
1.0,606,605,0.9740136711494167,0.9746266438814176,9.0,0,0,0,2,0,3,0,0,0,0,4,1,0,0,0,3,0,2,0,0,0,0,3,2,498,525.6,1688,null
-6.0,609,615,0.9704658592763208,0.976335537558511,12.0,0,0,0,1,0,3,1,0,0,1,3,1,0,0,0,0,0,4,1,0,0,0,5,0,498,525.6,1689,null
1.0,604,603,0.9681347054015899,0.9746080689501448,7.0,0,0,4,0,0,1,0,0,0,0,1,4,0,0,2,1,0,0,2,0,0,0,0,5,498,525.6,1691,null
3.0,611,608,0.9725555390445055,0.9734657106768706,14.0,0,0,0,3,0,1,1,2,0,1,1,1,0,0,0,4,0,0,1,2,1,0,1,1,498,525.6,1690,null
0.0,610,610,0.9774593209005127,0.9794747009436064,13.0,0,0,0,1,0,1,3,0,0,0,2,3,0,0,0,1,0,2,2,0,0,0,3,2,498,525.6,1692,null
-1.0,600,601,0.9620699903410357,0.9707723456423212,3.0,0,0,2,3,0,0,0,0,0,1,2,2,0,0,0,5,0,0,0,0,0,2,2,1,498,525.6,1693,null
7.0,618,611,0.9777565198008766,0.9731034995170519,21.0,0,0,0,1,0,4,0,0,0,3,2,0,0,0,0,0,0,3,2,0,0,0,4,1,498,525.6,1694,null
1.0,605,604,0.9690541644995914,0.9613548554870347,8.0,0,0,0,1,0,1,3,0,0,1,1,3,0,0,1,2,0,0,2,0,0,2,0,3,498,525.6,1695,null
-3.0,607,610,0.9680046808826808,0.9719704287094137,10.0,0,0,0,3,0,2,0,0,0,0,3,2,0,0,0,1,0,4,0,0,0,0,5,0,498,525.6,1696,null
-4.0,614,618,0.9770042350843301,0.9802548480570622,17.0,0,0,1,0,0,1,3,0,0,0,3,2,0,0,0,0,0,4,1,0,0,0,4,1,498,525.6,1697,null
0.0,614,614,0.9766605988557842,0.9766605988557842,17.0,0,0,0,5,0,0,0,0,0,0,1,4,0,0,0,5,0,0,0,0,0,0,1,4,498,525.6,1698,null
-2.0,610,612,0.9720168660375956,0.97187755405305,13.0,0,0,0,4,0,0,1,0,0,0,1,4,0,0,0,3,0,0,2,0,0,0,2,3,498,525.6,1699,null
-3.0,607,610,0.969462812987592,0.9664536741214057,10.0,0,0,0,4,0,1,0,0,0,2,2,1,0,0,0,0,0,2,3,0,0,0,3,2,498,525.6,1700,null
-3.0,609,612,0.9790846273868787,0.980914258117245,12.0,0,0,0,5,0,0,0,0,0,0,4,1,0,0,0,1,0,3,1,0,0,0,4,1,498,525.6,1701,null
-1.0,619,620,0.9699271862694108,0.9783230552046956,22.0,0,0,0,1,0,0,4,0,0,0,2,3,0,0,0,0,0,2,3,0,0,0,4,1,498,525.6,1702,null
-2.0,615,617,0.9796047254625158,0.9820008915967011,18.0,0,0,0,3,0,0,2,0,0,0,3,2,0,0,0,1,0,3,1,0,0,0,4,1,498,525.6,1703,null
1.0,610,609,0.9750817296976,0.9759176016048741,13.0,0,0,0,4,0,1,0,0,0,0,1,4,0,0,0,3,0,2,0,0,0,0,3,2,498,525.6,1704,null
0.0,607,607,0.9698993238725017,0.9698993238725017,10.0,0,0,0,5,0,0,0,0,0,0,0,5,0,0,0,5,0,0,0,0,0,0,0,5,498,525.6,1705,null
6.0,602,596,0.9689891522401368,0.9670016345939519,5.0,0,0,0,2,0,0,3,0,0,0,2,3,1,0,0,1,0,0,3,0,0,0,1,4,498,525.6,1706,null
4.0,617,613,0.9772549966565124,0.9773943086410581,20.0,0,0,0,1,0,4,0,0,0,0,4,1,0,0,0,3,0,1,1,0,0,0,1,4,498,525.6,1707,null
3.0,606,603,0.9677724942417713,0.9586429155212126,9.0,0,0,3,1,0,0,1,0,0,0,0,5,0,0,1,1,0,0,3,0,0,0,1,4,498,525.6,1708,null
5.0,607,602,0.9713203061148673,0.9688869901181366,10.0,0,0,3,0,0,0,2,0,0,0,0,5,0,0,0,1,0,0,4,0,0,0,0,5,498,525.6,1709,null
1.0,607,606,0.9702522475666839,0.965404190504495,10.0,0,0,0,4,0,1,0,0,0,0,2,3,0,0,0,4,0,1,0,0,0,0,1,4,498,525.6,1710,null
0.0,608,608,0.9670480719221338,0.969639274834683,11.0,0,0,0,2,0,2,1,0,0,0,2,3,0,0,0,2,0,2,1,0,0,0,2,3,498,525.6,1711,null
0.0,609,609,0.9718496916561409,0.9717103796715951,12.0,0,0,0,3,0,0,2,0,0,0,2,3,0,0,0,3,0,0,2,0,0,0,2,3,498,525.6,1712,null
5.0,606,601,0.9684411917675905,0.968821977858682,9.0,0,0,2,1,0,2,0,0,0,0,2,3,0,0,1,0,1,1,2,0,0,0,2,3,498,525.6,1713,null
-2.0,610,612,0.9743944572405083,0.9775707704881491,13.0,0,0,0,2,0,2,1,0,0,0,4,1,0,0,0,1,0,4,0,0,0,0,5,0,498,525.6,1714,null
-3.0,602,605,0.9737536221115981,0.9794004012185155,5.0,0,0,0,3,0,0,2,0,0,1,0,4,0,0,0,3,0,2,0,0,0,0,2,3,498,525.6,1715,null
1.0,610,609,0.9689705773088639,0.9674752953414073,13.0,0,0,1,0,0,0,4,0,0,0,0,5,0,0,0,0,0,2,3,0,0,0,3,2,498,525.6,1716,null
-1.0,608,609,0.9748031057285087,0.9749981425068727,11.0,0,0,0,3,0,2,0,0,0,0,2,3,0,0,0,3,0,2,0,0,0,0,2,3,498,525.6,1717,null
1.0,609,608,0.9769763726874211,0.975546102979419,12.0,0,0,1,2,0,1,1,0,0,1,1,3,0,0,1,2,0,1,1,0,0,0,2,3,498,525.6,1718,null
-2.0,597,599,0.9658035515268593,0.9686826658741363,0.0,0,0,3,1,1,0,0,0,0,0,0,5,0,0,2,1,0,0,2,0,0,0,0,5,498,525.6,1719,null
-3.0,604,607,0.9680418307452262,0.9716546548777769,7.0,0,0,1,4,0,0,0,0,0,0,1,4,0,0,0,5,0,0,0,0,0,0,3,2,498,525.6,1720,null
1.0,615,614,0.9748402555910544,0.9750631547663274,18.0,0,0,0,4,0,0,1,0,0,0,0,5,0,0,0,5,0,0,0,0,0,0,0,5,498,525.6,1722,null
0.0,610,610,0.9625250761572184,0.9705680213983208,13.0,0,0,0,1,0,0,4,0,0,0,2,3,0,0,0,4,0,1,0,0,0,0,2,3,498,525.6,1721,null
0.0,605,605,0.9684504792332267,0.966927334868861,8.0,0,0,1,2,0,2,0,0,0,0,4,1,0,0,0,5,0,0,0,0,0,1,2,2,498,525.6,1723,null
0.0,610,610,0.9717661044654134,0.9668344602124971,13.0,0,0,0,4,0,0,1,0,0,0,0,5,0,0,1,1,0,0,3,0,0,0,0,5,498,525.6,1724,null
-9.0,609,618,0.9696949996285014,0.9789638903336058,12.0,0,0,0,2,0,1,2,0,0,1,1,3,0,0,0,0,0,4,1,0,0,0,4,1,498,525.6,1725,null
0.0,610,610,0.9746823686752358,0.9759268890705104,13.0,0,0,0,4,0,1,0,0,0,0,1,4,0,0,0,4,0,1,0,0,0,0,1,4,498,525.6,1726,null
-1.0,609,610,0.9692213388810462,0.9712460063897763,12.0,0,0,0,5,0,0,0,0,0,0,1,4,0,0,0,2,0,2,1,0,0,0,3,2,498,525.6,1728,null
-2.0,606,608,0.9700107734601382,0.9706794709859573,9.0,0,0,0,3,0,2,0,0,0,0,5,0,0,0,0,2,0,3,0,0,0,0,5,0,498,525.6,1727,null
5.0,608,603,0.9713853183743218,0.972889887807415,11.0,0,0,4,0,0,0,1,0,0,0,0,5,0,0,2,1,0,1,1,0,0,0,1,4,498,525.6,1729,null
-1.0,607,608,0.9751931792852366,0.9734192733486886,10.0,0,0,1,4,0,0,0,0,0,0,0,5,0,0,0,4,0,1,0,0,0,0,1,4,498,525.6,1730,null
-1.0,611,612,0.9742922951185081,0.9827160264507022,14.0,0,0,0,0,0,5,0,0,0,1,4,0,0,0,0,0,0,4,1,0,0,0,4,1,498,525.6,1731,null
0.0,612,612,0.9753232038041458,0.9753232038041458,15.0,0,0,0,5,0,0,0,0,0,2,2,1,0,0,0,5,0,0,0,0,0,2,2,1,498,525.6,1732,null
-2.0,611,613,0.9728713128761423,0.9745059068281446,14.0,0,0,0,1,0,1,3,0,0,0,1,4,0,0,0,1,0,0,4,0,0,0,2,3,498,525.6,1733,null
0.0,613,613,0.9696949996285014,0.9694349505906827,16.0,0,0,0,3,0,0,2,0,0,0,0,5,0,0,0,3,0,0,2,0,0,0,0,5,498,525.6,1734,null
0.0,607,607,0.9706516085890481,0.9746545062783268,10.0,0,0,1,0,0,2,2,0,0,0,2,3,0,0,1,0,0,1,3,0,0,0,1,4,498,525.6,1735,null
1.0,615,614,0.9741344082026897,0.9739486588899622,18.0,0,0,0,3,0,0,2,0,0,0,1,4,0,0,0,3,0,0,2,0,0,0,1,4,498,525.6,1736,null
-5.0,610,615,0.9706144587265028,0.9764191247492385,13.0,0,0,0,3,0,1,1,0,0,0,3,2,0,0,0,2,0,1,2,0,0,0,5,0,498,525.6,1737,null
4.0,605,601,0.9693420759343191,0.9614570176090348,8.0,0,0,0,5,0,0,0,0,0,0,0,5,0,0,3,2,0,0,0,0,0,0,0,5,498,525.6,1738,null
-4.0,602,606,0.9693049260717735,0.9706423211234119,5.0,0,0,2,0,0,0,3,0,0,0,0,5,0,0,0,0,0,0,5,0,0,0,0,5,498,525.6,1739,null
-1.0,613,614,0.975007429972509,0.9760197637268742,16.0,0,0,0,4,0,1,0,0,0,0,4,1,0,0,0,4,0,1,0,0,0,0,4,1,498,525.6,1740,null
-3.0,610,613,0.9755461029794189,0.9721654654877777,13.0,0,0,1,0,0,4,0,0,0,0,4,1,0,0,0,0,0,5,0,0,0,0,5,0,498,525.6,1741,null
-1.0,608,609,0.9738836466305074,0.9761219258488744,11.0,0,0,0,0,0,2,3,0,1,0,2,2,0,0,0,1,0,3,1,0,0,0,3,2,498,525.6,1742,null
1.0,609,608,0.970893082695594,0.9705030091388661,12.0,0,0,0,1,0,4,0,0,0,0,4,1,0,0,0,4,0,1,0,0,0,0,3,2,498,525.6,1743,null
3.0,604,601,0.9729734749981425,0.9682368675235902,7.0,0,0,0,3,0,1,1,0,0,1,0,4,0,0,1,4,0,0,0,1,0,0,0,4,498,525.6,1745,null
1.0,610,609,0.9723233524035961,0.974905267850509,13.0,0,0,0,1,0,2,2,0,0,0,2,3,0,0,0,3,0,0,2,0,0,0,0,5,498,525.6,1744,null
-3.0,605,608,0.9701500854446838,0.9749702801099637,8.0,0,0,0,2,0,2,1,0,0,1,1,3,0,0,0,1,0,3,1,0,0,0,3,2,498,525.6,1746,null
-2.0,605,607,0.9758061520172376,0.9782487554796048,8.0,0,0,0,3,0,2,0,0,0,1,2,2,0,0,0,2,0,2,1,0,0,0,2,3,498,525.6,1747,null
-1.0,605,606,0.9700293483914109,0.9741994204621444,8.0,0,0,0,3,0,2,0,0,0,0,3,2,0,0,0,1,0,4,0,0,0,0,4,1,498,525.6,1748,null
-5.0,608,613,0.9736607474552343,0.9757968645516012,11.0,0,0,0,2,0,3,0,0,0,0,4,1,0,0,0,1,0,4,0,0,0,0,5,0,498,525.6,1749,null
-2.0,604,606,0.9597574113975779,0.9637603090868564,7.0,0,0,2,1,0,2,0,0,0,0,3,2,0,0,2,0,0,2,1,0,0,0,3,2,498,525.6,1750,null
-13.0,599,612,0.9706516085890483,0.98064492161379,2.0,0,0,0,2,1,1,1,0,0,0,2,3,0,0,0,1,0,4,0,0,0,0,4,1,498,525.6,1751,null
0.0,609,609,0.9686362285459544,0.9704101344825025,12.0,0,0,0,2,0,1,2,0,0,0,1,4,0,0,0,1,0,1,3,0,0,0,1,4,498,525.6,1752,null
-4.0,614,618,0.97005721078832,0.9740879708745078,17.0,0,0,0,2,0,2,1,0,0,0,2,3,0,0,0,3,0,0,2,0,0,0,1,4,498,525.6,1753,null
1.0,608,607,0.9715153428932314,0.9712274314585035,11.0,0,0,0,5,0,0,0,0,0,0,0,5,0,0,0,4,0,0,1,0,0,0,0,5,498,525.6,1754,null
0.0,614,614,0.9734749981425069,0.9742272828590534,17.0,0,0,0,3,0,0,2,0,0,0,2,3,0,0,0,3,0,2,0,0,0,0,2,3,498,525.6,1755,null
0.0,613,613,0.9737443346459618,0.9737071847834163,16.0,0,0,0,4,0,1,0,0,0,2,3,0,0,0,0,4,0,1,0,0,0,2,3,0,498,525.6,1756,null
0.0,608,608,0.9714967679619585,0.9756854149639647,11.0,0,0,0,4,0,1,0,0,0,0,2,3,0,0,0,3,0,2,0,0,0,0,3,2,498,525.6,1758,null
0.0,608,608,0.9739486588899621,0.9774035961066944,11.0,0,0,0,5,0,0,0,0,0,0,3,2,0,0,0,4,0,1,0,0,0,0,3,2,498,525.6,1757,null
-1.0,604,605,0.9664072367932238,0.9648655174975852,7.0,0,0,0,2,0,3,0,0,0,4,0,1,0,0,1,3,0,0,1,0,0,0,0,5,498,525.6,1759,null
-2.0,605,607,0.9712088565272308,0.9732520989672337,8.0,0,0,1,1,0,0,3,0,0,0,0,5,0,0,0,1,0,0,4,0,0,0,0,5,498,525.6,1760,null
1.0,610,609,0.9745151942937811,0.9704937216732298,13.0,0,0,0,0,0,4,1,0,0,0,5,0,0,0,0,0,0,3,2,0,0,0,4,1,498,525.6,1761,null
0.0,607,607,0.9708094955048666,0.9688405527899546,10.0,0,0,0,3,0,2,0,0,0,0,2,3,0,0,0,4,0,0,1,0,0,0,0,5,498,525.6,1762,null
1.0,602,601,0.9696764246972286,0.9647633553755851,5.0,0,0,1,2,0,0,2,0,0,0,2,3,0,0,2,2,0,0,1,0,0,0,1,4,498,525.6,1763,null
-1.0,612,613,0.9716175050152314,0.9714038933055948,15.0,0,0,0,4,0,1,0,0,0,0,1,4,0,0,0,4,0,1,0,0,0,0,1,4,498,525.6,1764,null
-1.0,611,612,0.9645683185972213,0.973205661639052,14.0,0,0,1,1,0,1,2,0,0,0,1,4,0,0,0,0,0,1,4,0,0,0,3,2,498,525.6,1765,null
-1.0,617,618,0.9793725388216064,0.9797904747752433,20.0,0,0,0,0,0,5,0,0,0,0,5,0,0,0,0,0,0,5,0,0,0,0,5,0,498,525.6,1766,null
-2.0,613,615,0.9751095920945092,0.9741065458057806,16.0,0,0,1,1,0,3,0,0,0,0,3,2,0,0,0,2,0,3,0,0,0,0,3,2,498,525.6,1767,null
1.0,612,611,0.9755832528419643,0.9762426629021472,15.0,0,0,0,3,0,2,0,0,0,0,2,3,0,0,0,3,0,2,0,0,0,0,2,3,498,525.6,1768,null
0.0,601,601,0.9707166208485029,0.9685247789583179,4.0,0,0,2,2,0,0,1,0,0,0,2,3,0,0,1,2,0,1,1,0,0,0,3,2,498,525.6,1769,null
-5.0,607,612,0.9665929861059513,0.9732892488297794,10.0,0,0,1,4,0,0,0,0,0,1,3,1,0,0,0,1,0,3,1,0,0,1,4,0,498,525.6,1770,null
-5.0,595,600,0.9698157366817742,0.971385318374322,-2.0,0,0,0,2,2,0,1,0,0,1,0,4,0,0,3,0,0,0,2,0,0,0,1,4,498,525.6,1771,null
-2.0,609,611,0.9770692473437849,0.9772271342596033,12.0,0,0,0,2,0,3,0,0,0,0,4,1,0,0,0,2,0,3,0,0,0,0,4,1,498,525.6,1772,null
0.0,611,611,0.9749145553161452,0.9726855635634147,14.0,0,0,0,5,0,0,0,0,0,0,4,1,0,0,0,4,0,1,0,0,0,0,4,1,498,525.6,1773,null
-3.0,612,615,0.9722026153503233,0.9765677241994204,15.0,0,0,0,2,0,3,0,0,0,0,3,2,0,0,0,1,0,4,0,0,0,0,4,1,498,525.6,1774,null
-3.0,605,608,0.9738464967679619,0.9747566684003269,8.0,0,0,1,3,0,1,0,0,0,0,1,4,0,0,1,1,0,2,1,0,0,0,2,3,498,525.6,1775,null
3.0,607,604,0.9760754885206924,0.9765677241994204,10.0,0,0,0,0,0,4,1,0,0,0,4,1,0,0,0,0,0,3,2,0,0,0,3,2,498,525.6,1776,null
-2.0,616,618,0.9719239913812319,0.977171409465785,19.0,0,0,1,4,0,0,0,0,0,0,2,3,0,0,0,4,0,1,0,0,0,0,3,2,498,525.6,1777,null
-2.0,607,609,0.9652834534512221,0.9694999628501375,10.0,0,0,0,4,0,0,1,0,0,0,3,2,0,0,0,1,0,1,3,0,0,0,5,0,498,525.6,1778,null
3.0,613,610,0.9814343561928822,0.9804313099041533,16.0,0,0,0,1,0,3,1,0,0,0,3,2,0,0,0,0,0,3,2,0,0,0,4,1,498,525.6,1779,null
3.0,606,603,0.9761405007801471,0.974561631621963,9.0,0,0,0,3,0,1,1,0,0,0,3,2,0,0,1,2,0,2,0,0,0,0,2,3,498,525.6,1780,null
-1.0,604,605,0.9690634519652277,0.9759083141392376,7.0,0,0,2,3,0,0,0,0,0,0,1,4,0,0,1,3,0,1,0,0,0,0,1,4,498,525.6,1781,null
-1.0,607,608,0.9754346533917824,0.9756575525670554,10.0,0,0,0,4,0,0,1,0,0,0,0,5,0,0,0,5,0,0,0,0,0,0,0,5,498,525.6,1782,null
4.0,609,605,0.9776264952819674,0.968924139980682,12.0,0,0,0,2,0,3,0,0,0,2,1,2,0,0,3,1,0,1,0,0,0,0,1,4,498,525.6,1783,null
3.0,609,606,0.9686826658741362,0.9690820268965005,12.0,0,0,2,1,0,2,0,0,0,0,3,2,0,0,1,3,0,1,0,0,0,0,3,2,498,525.6,1784,null
0.0,610,610,0.9713667434430493,0.9713667434430493,13.0,0,0,0,5,0,0,0,0,0,0,0,5,0,0,0,5,0,0,0,0,0,0,0,5,498,525.6,1785,null
-1.0,609,610,0.9744223196374172,0.9728434504792333,12.0,0,0,0,3,0,0,2,0,0,0,0,5,0,0,0,3,0,1,1,0,0,0,1,4,498,525.6,1786,null
0.0,607,607,0.973995096218144,0.9738836466305075,10.0,0,0,0,3,0,0,2,0,0,0,0,5,0,0,0,3,0,0,2,0,0,0,0,5,498,525.6,1787,null
0.0,611,611,0.9703265472917749,0.9714596180994131,14.0,0,0,0,3,0,0,2,0,0,0,0,5,0,0,0,3,0,0,2,0,0,0,0,5,498,525.6,1788,null
-1.0,611,612,0.9734192733486887,0.9703172598261386,14.0,0,0,0,3,0,0,2,0,0,0,2,3,0,0,0,3,0,0,2,0,0,0,0,5,498,525.6,1789,null
3.0,612,609,0.9646797681848576,0.9744966193625084,15.0,0,0,2,0,0,1,2,0,0,1,1,3,0,0,0,1,0,0,4,0,0,0,3,2,498,525.6,1791,null
0.0,614,614,0.9750910171632365,0.9744501820343264,17.0,0,0,0,2,0,0,3,0,0,0,1,4,0,0,0,2,0,2,1,0,0,0,2,3,498,525.6,1790,null
-2.0,613,615,0.975991901329965,0.975573965376328,16.0,0,0,0,3,0,0,2,0,0,0,0,5,0,0,0,1,0,0,4,0,0,0,0,5,498,525.6,1792,null
-4.0,600,604,0.9637974589494018,0.970326547291775,3.0,0,0,1,1,0,3,0,0,0,0,4,1,0,0,0,1,0,4,0,0,0,0,5,0,498,525.6,1793,null
-1.0,610,611,0.9756111152388736,0.9748495430566907,13.0,0,0,0,2,0,0,3,0,0,0,0,5,0,0,0,2,0,0,3,0,0,0,0,5,498,525.6,1794,null
0.0,609,609,0.9656456646110408,0.9647540679099488,12.0,0,0,0,0,0,2,3,0,0,0,2,3,0,0,0,0,0,0,5,0,0,0,2,3,498,525.6,1796,null
-2.0,602,604,0.9718404041905044,0.9725741139757783,5.0,0,0,0,3,0,1,1,0,0,0,3,2,0,0,0,4,0,0,1,0,0,0,0,5,498,525.6,1795,null
0.0,607,607,0.9781837432201501,0.9751931792852366,10.0,0,0,0,2,0,3,0,0,0,0,3,2,0,0,0,4,0,1,0,0,0,0,1,4,498,525.6,1797,null
4.0,613,609,0.9715617802214132,0.9726205513039602,16.0,0,0,1,4,0,0,0,0,0,0,0,5,0,0,1,3,0,0,1,0,0,1,0,4,498,525.6,1798,null
3.0,611,608,0.9775336206256037,0.9766327364588752,14.0,0,0,0,2,0,3,0,0,0,1,3,1,0,0,0,3,0,2,0,0,0,2,2,1,498,525.6,1799,null
1.0,616,615,0.9729084627386879,0.9735121480050525,19.0,0,0,0,0,0,5,0,0,0,0,5,0,0,0,0,0,0,5,0,0,0,0,5,0,498,525.6,1800,null
0.0,611,611,0.9716175050152314,0.9779794189761498,14.0,0,0,0,5,0,0,0,0,0,0,2,3,0,0,0,3,0,2,0,0,0,0,2,3,498,525.6,1801,null
1.0,601,600,0.9690263021026821,0.9697414369566832,4.0,0,0,1,3,0,1,0,0,0,0,1,4,0,0,0,2,0,2,1,0,0,0,2,3,498,525.6,1802,null
1.0,609,608,0.9787224162270599,0.9804591723010625,12.0,0,0,0,3,0,1,1,0,0,1,3,1,0,0,0,2,0,3,0,0,0,0,4,1,498,525.6,1803,null
2.0,607,605,0.9779979939074225,0.9771992718626941,10.0,0,0,0,0,0,4,1,0,0,0,4,1,0,0,0,1,0,3,1,0,0,0,3,2,498,525.6,1804,null
-1.0,610,611,0.9733821234861431,0.9732613864328702,13.0,0,0,1,2,0,2,0,0,0,1,1,3,0,0,0,4,0,1,0,0,0,0,1,4,498,525.6,1805,null
0.0,614,614,0.9803384352477895,0.9809421205141541,17.0,0,0,0,1,0,4,0,0,0,0,4,1,0,0,0,2,0,3,0,0,0,0,3,2,498,525.6,1806,null
-2.0,607,609,0.9724626643881417,0.973772197042871,10.0,0,0,0,2,0,2,1,0,0,0,2,3,0,0,0,4,0,0,1,0,0,0,0,5,498,525.6,1807,null
-6.0,615,621,0.975248904079055,0.9803105728508805,18.0,0,0,0,2,0,2,1,0,0,1,3,1,0,0,0,0,0,5,0,0,0,0,5,0,498,525.6,1808,null
0.0,604,604,0.9761869381083289,0.9758804517423286,7.0,0,0,0,2,0,0,3,0,0,1,0,4,0,0,0,3,0,0,2,0,0,1,0,4,498,525.6,1809,null
-2.0,610,612,0.9737071847834162,0.9716732298090497,13.0,0,0,0,1,0,3,1,0,0,0,3,2,0,0,0,0,0,2,3,0,0,0,2,3,498,525.6,1810,null
0.0,612,612,0.969342075934319,0.969760011887956,15.0,0,0,0,2,0,1,2,0,0,0,2,3,0,0,0,2,0,0,3,0,0,0,2,3,498,525.6,1811,null
0.0,613,613,0.9760104762612378,0.9744408945686901,16.0,0,0,0,0,0,0,5,0,0,0,0,5,0,0,0,1,0,0,4,0,0,0,0,5,498,525.6,1812,null
6.0,598,592,0.9648748049632216,0.9627015380043094,1.0,0,0,0,0,2,2,1,0,0,1,2,2,2,0,1,0,0,0,2,0,0,1,1,3,498,525.6,1813,null
1.0,607,606,0.9730384872575971,0.9678096441043168,10.0,0,0,2,2,0,0,1,1,0,0,1,3,0,0,0,3,0,0,2,1,0,0,1,3,498,525.6,1814,null
0.0,604,604,0.9721097406939594,0.9722119028159596,7.0,0,0,0,1,0,0,4,0,0,0,0,5,0,0,0,3,0,0,2,0,0,0,0,5,498,525.6,1815,null
0.0,618,618,0.9810257077048815,0.9808213834608812,21.0,0,0,0,2,0,3,0,0,0,0,3,2,0,0,0,2,0,3,0,0,0,0,3,2,498,525.6,1816,null
-1.0,608,609,0.9727412883572332,0.9744316071030537,11.0,0,0,0,4,0,1,0,0,0,0,2,3,0,0,0,2,0,3,0,0,0,0,4,1,498,525.6,1817,null
0.0,613,613,0.9766977487183296,0.9766977487183296,16.0,0,0,0,5,0,0,0,0,0,2,3,0,0,0,0,5,0,0,0,0,0,2,3,0,498,525.6,1818,null
-6.0,607,613,0.9767256111152388,0.9763262500928747,10.0,0,0,1,1,0,1,2,0,0,1,0,4,0,0,0,2,0,0,3,0,0,0,0,5,498,525.6,1819,null
-2.0,605,607,0.9687476781335909,0.9679118062263169,8.0,0,0,0,4,0,0,1,0,0,0,2,3,0,0,0,4,0,1,0,0,0,0,2,3,498,525.6,1820,null
1.0,600,599,0.9558288134333902,0.9630265993015825,3.0,0,0,4,1,0,0,0,0,0,0,2,3,0,0,3,0,0,1,1,0,0,0,2,3,498,525.6,1821,null
2.0,612,610,0.9667694479530425,0.9721654654877777,15.0,0,0,0,3,0,0,2,0,0,1,1,3,0,0,0,2,0,0,3,0,0,0,0,5,498,525.6,1822,null
3.0,613,610,0.980719221338881,0.9786945538301508,16.0,0,0,0,1,0,4,0,0,0,0,4,1,0,0,0,2,0,3,0,0,0,0,4,1,498,525.6,1823,null
0.0,604,604,0.9710323946801396,0.971069544542685,7.0,0,0,0,4,0,0,1,0,0,0,0,5,0,0,0,4,0,0,1,0,0,0,0,5,498,525.6,1824,null
3.0,609,606,0.9667694479530425,0.9702336726354113,12.0,0,0,4,1,0,0,0,0,0,0,0,5,0,0,1,3,0,0,1,0,0,0,0,5,498,525.6,1825,null
0.0,598,598,0.9747473809346906,0.9669459098001337,1.0,0,0,0,2,0,2,1,0,1,1,1,2,1,0,1,0,0,3,0,0,0,0,3,2,498,525.6,1826,null
0.0,611,611,0.9745894940188722,0.9759361765361467,14.0,0,0,0,2,0,2,1,0,0,0,4,1,0,0,0,2,0,3,0,0,0,0,4,1,498,525.6,1827,null
-5.0,601,606,0.9677446318448621,0.9778586819228768,4.0,0,0,0,1,1,1,2,0,0,0,2,3,0,0,0,1,0,3,1,0,0,0,3,2,498,525.6,1828,null
0.0,606,606,0.9703079723605023,0.9711438442677762,9.0,0,0,3,0,0,2,0,0,0,0,2,3,0,0,3,0,0,2,0,0,0,0,2,3,498,525.6,1829,null
-1.0,599,600,0.9656921019392228,0.9678467939668622,2.0,0,0,2,0,0,0,3,0,0,0,1,4,0,0,0,1,0,2,2,0,0,0,2,3,498,525.6,1830,null
0.0,605,605,0.9761033509176016,0.9689798647745003,8.0,0,0,2,2,0,0,1,0,0,0,2,3,0,0,0,4,0,0,1,0,0,0,3,2,498,525.6,1831,null
0.0,611,611,0.9711159818708671,0.9713946058399584,14.0,0,0,0,4,0,0,1,0,0,0,5,0,0,0,0,3,0,1,1,0,0,0,5,0,498,525.6,1832,null
1.0,612,611,0.9727784382197786,0.9759083141392376,15.0,0,0,0,2,0,1,2,0,0,0,1,4,0,0,0,2,0,1,2,0,0,0,2,3,498,525.6,1833,null
-3.0,608,611,0.9757132773608738,0.9793075265621517,11.0,0,0,0,0,0,4,1,0,0,0,4,1,0,0,0,2,0,3,0,0,0,0,4,1,498,525.6,1835,null
0.0,614,614,0.9745059068281448,0.9745059068281448,17.0,0,0,0,5,0,0,0,0,0,0,2,3,0,0,0,5,0,0,0,0,0,0,2,3,498,525.6,1834,null
1.0,609,608,0.9707166208485029,0.9734378482799613,12.0,0,0,1,0,0,3,1,0,0,0,3,2,0,0,0,3,0,0,2,0,0,1,2,2,498,525.6,1836,null
-3.0,615,618,0.9728806003417787,0.9749517051786909,18.0,0,0,0,3,0,1,1,0,0,1,3,1,0,0,0,2,0,2,1,0,0,0,5,0,498,525.6,1837,null
0.0,613,613,0.9704844342075936,0.973456423211234,16.0,0,0,0,3,0,0,2,0,0,2,1,2,0,0,0,4,0,0,1,0,0,2,2,1,498,525.6,1838,null
-3.0,620,623,0.9799855115536072,0.980078386209971,23.0,0,0,0,1,0,4,0,0,0,0,5,0,0,0,0,1,0,4,0,0,0,0,5,0,498,525.6,1839,null
-4.0,603,607,0.9724812393194145,0.9736607474552345,6.0,0,0,0,1,0,2,2,0,0,0,3,2,0,0,0,5,0,0,0,0,0,0,0,5,498,525.6,1840,null
3.0,609,606,0.9738557842335983,0.9709859573519578,12.0,0,0,0,5,0,0,0,0,0,0,0,5,0,0,0,3,0,2,0,0,0,0,2,3,498,525.6,1841,null
1.0,610,609,0.9756018277732372,0.9775614830225129,13.0,0,0,0,2,0,0,3,0,0,1,0,4,0,0,0,2,0,0,3,0,0,0,0,5,498,525.6,1842,null
3.0,611,608,0.9661379002897688,0.9630265993015825,14.0,0,0,2,0,0,3,0,0,0,1,2,2,0,0,2,0,0,2,1,0,0,0,2,3,498,525.6,1843,null
0.0,615,615,0.9689705773088639,0.9688034029274092,18.0,0,0,0,4,0,0,1,0,0,0,0,5,0,0,0,4,0,0,1,0,0,0,0,5,498,525.6,1844,null
1.0,610,609,0.9691284642246824,0.9737907719741438,13.0,0,0,0,5,0,0,0,0,0,0,1,4,0,0,1,2,0,2,0,0,0,0,2,3,498,525.6,1845,null
0.0,610,610,0.9732056616390519,0.9735678727988706,13.0,0,0,0,3,0,0,2,0,0,0,1,4,0,0,0,4,0,0,1,0,0,0,1,4,498,525.6,1846,null
-1.0,607,608,0.9745709190875994,0.9759733263986923,10.0,0,0,0,4,0,0,1,0,0,0,1,4,0,0,0,1,0,2,2,0,0,0,2,3,498,525.6,1847,null
-1.0,608,609,0.9683483171112267,0.9783694925328776,11.0,0,0,0,1,0,2,2,0,0,1,3,1,0,0,0,1,0,3,1,0,0,0,4,1,498,525.6,1848,null
-1.0,614,615,0.9789638903336058,0.9781930306857866,17.0,0,0,0,0,0,5,0,0,0,1,4,0,0,0,0,0,0,5,0,0,0,0,5,0,498,525.6,1849,null
-6.0,613,619,0.9710509696114125,0.9738743591648712,16.0,0,0,0,1,0,3,1,0,0,0,3,2,0,0,0,0,0,5,0,0,0,0,5,0,498,525.6,1850,null
2.0,609,607,0.9757504272234193,0.9662864997399511,12.0,0,0,1,3,0,1,0,0,0,0,1,4,0,0,0,4,0,0,1,0,0,0,1,4,498,525.6,1851,null
-3.0,610,613,0.9704194219481388,0.9703822720855932,13.0,0,0,0,2,0,2,1,0,0,1,4,0,0,0,0,2,0,3,0,0,0,1,4,0,498,525.6,1852,null
-1.0,608,609,0.9765770116650568,0.9766048740619659,11.0,0,0,0,1,0,2,2,0,0,0,2,3,0,0,0,3,0,0,2,0,0,0,0,5,498,525.6,1853,null
1.0,607,606,0.9690541644995914,0.9692956386061371,10.0,0,0,1,4,0,0,0,0,0,0,1,4,0,0,1,3,0,1,0,0,0,0,2,3,498,525.6,1854,null
-2.0,608,610,0.9705773088639571,0.9726577011665056,11.0,0,0,0,1,1,3,0,0,0,0,3,2,0,0,0,2,0,3,0,0,0,0,3,2,498,525.6,1855,null
-2.0,610,612,0.9774500334348762,0.977468608366149,13.0,0,0,0,3,0,1,1,0,0,0,3,2,0,0,0,5,0,0,0,0,0,0,2,3,498,525.6,1856,null
1.0,610,609,0.9700943606508655,0.9739022215617802,13.0,0,0,0,5,0,0,0,0,0,0,2,3,0,0,0,5,0,0,0,0,0,0,1,4,498,525.6,1857,null
3.0,611,608,0.9692956386061371,0.9651905787948584,14.0,0,0,0,5,0,0,0,0,0,0,4,1,0,0,1,2,0,2,0,0,0,0,3,2,498,525.6,1858,null
3.0,607,604,0.97936325135597,0.9695278252470466,10.0,0,0,0,1,0,4,0,0,0,0,4,1,0,0,2,0,0,3,0,0,0,0,3,2,498,525.6,1859,null
0.0,604,604,0.9691470391559551,0.9735214354706887,7.0,0,0,0,2,0,2,1,0,0,0,3,2,0,0,1,0,0,3,1,0,0,0,3,2,498,525.6,1860,null
1.0,608,607,0.9764748495430566,0.9763819748866929,11.0,0,0,0,4,0,0,1,0,0,0,3,2,0,0,0,3,0,2,0,0,0,0,4,1,498,525.6,1861,null
0.0,610,610,0.9733356861579612,0.9730013373950517,13.0,0,0,0,2,0,0,3,0,1,0,1,3,0,0,1,1,0,0,3,0,1,0,0,4,498,525.6,1862,null
0.0,607,607,0.9686269410803179,0.968431904301954,10.0,0,0,0,4,0,1,0,0,0,0,1,4,0,0,0,4,0,1,0,0,0,0,1,4,498,525.6,1863,null
-1.0,606,607,0.9689148525150458,0.9742551452559626,9.0,0,0,0,3,0,0,2,0,0,1,1,3,0,0,0,2,0,1,2,0,0,0,1,4,498,525.6,1864,null
5.0,614,609,0.9729734749981425,0.9772085593283305,17.0,0,0,1,0,0,4,0,0,0,0,4,1,0,0,0,0,0,3,2,0,0,0,3,2,498,525.6,1865,null
-2.0,606,608,0.9686548034772272,0.9727598632885057,9.0,0,0,1,2,0,0,2,0,0,0,1,4,0,0,0,4,0,0,1,0,0,0,0,5,498,525.6,1866,null
-4.0,608,612,0.9671873839066796,0.976456274611784,11.0,0,0,1,3,0,1,0,0,0,0,1,4,0,0,0,2,0,3,0,0,0,0,3,2,498,525.6,1867,null
0.0,613,613,0.9756575525670554,0.9744223196374174,16.0,0,0,0,4,0,1,0,0,0,0,1,4,0,0,0,5,0,0,0,0,0,0,0,5,498,525.6,1868,null
-1.0,612,613,0.9745802065532357,0.9735678727988706,15.0,0,0,2,0,0,2,1,0,0,0,2,3,0,0,1,0,0,2,2,0,0,0,2,3,498,525.6,1869,null
2.0,610,608,0.9786945538301508,0.976707036183966,13.0,0,0,0,1,0,3,1,0,0,0,3,2,0,0,0,2,0,2,1,0,0,0,2,3,498,525.6,1870,null
-1.0,606,607,0.9658128389924957,0.9656735270079501,9.0,0,0,0,4,0,1,0,0,0,0,2,3,0,0,0,4,0,1,0,0,0,0,2,3,498,525.6,1871,null
3.0,607,604,0.965868563786314,0.9648005052381307,10.0,0,0,0,1,1,3,0,0,0,0,5,0,0,0,4,0,0,1,0,0,0,0,1,4,498,525.6,1872,null
-3.0,599,602,0.9676796195854074,0.9699457612006835,2.0,0,0,0,1,1,1,2,0,0,0,1,4,0,0,3,1,0,1,0,0,0,0,1,4,498,525.6,1873,null
-2.0,599,601,0.9573055204695743,0.9613084181588527,2.0,0,0,1,2,0,2,0,0,0,0,2,3,0,0,0,4,0,1,0,0,0,1,1,3,498,525.6,1874,null
-3.0,606,609,0.9720911657626866,0.9707909205735938,9.0,0,0,1,0,0,1,3,0,0,1,0,4,0,0,1,0,0,0,4,0,0,0,0,5,498,525.6,1875,null
0.0,608,608,0.9692213388810461,0.9686640909428635,11.0,0,0,0,5,0,0,0,0,0,1,1,3,0,0,0,4,0,0,1,0,0,1,1,3,498,525.6,1876,null
-2.0,604,606,0.973920796493053,0.9675774574634074,7.0,0,0,0,2,0,3,0,0,0,0,4,1,0,0,0,1,0,1,3,0,0,0,2,3,498,525.6,1877,null
-5.0,603,608,0.9607047328924884,0.9667973103499516,6.0,0,0,3,1,0,1,0,0,0,0,2,3,0,0,1,0,0,0,4,0,0,0,3,2,498,525.6,1878,null
0.0,613,613,0.9675867449290438,0.9709859573519578,16.0,0,0,0,3,0,0,2,0,0,0,1,4,0,0,0,3,0,0,2,0,0,0,0,5,498,525.6,1879,null
0.0,611,611,0.9734564232112342,0.9734564232112342,14.0,0,0,0,5,0,0,0,0,0,0,0,5,0,0,0,5,0,0,0,0,0,0,0,5,498,525.6,1880,null
-1.0,608,609,0.9716732298090497,0.9732613864328702,11.0,0,0,1,1,0,3,0,0,0,0,4,1,0,0,0,1,0,4,0,0,0,0,5,0,498,525.6,1882,null
0.0,608,608,0.972221190281596,0.9718311167248682,11.0,0,0,0,2,0,0,3,0,0,0,0,5,0,0,0,2,0,0,3,0,0,0,0,5,498,525.6,1881,null
-3.0,610,613,0.9718218292592318,0.97433873244669,13.0,0,0,0,4,0,1,0,0,0,0,2,3,0,0,0,3,0,2,0,0,0,0,4,1,498,525.6,1883,null
1.0,614,613,0.9749702801099636,0.9785088045174232,17.0,0,0,0,4,0,0,1,0,0,0,1,4,0,0,0,2,0,2,1,0,0,0,3,2,498,525.6,1884,null
3.0,611,608,0.9699271862694109,0.9751003046288729,14.0,0,0,0,4,0,1,0,0,0,0,1,4,0,0,1,3,0,1,0,0,0,0,1,4,498,525.6,1885,null
2.0,612,610,0.9740786834088714,0.9686362285459544,15.0,0,0,0,1,0,4,0,0,0,0,5,0,0,0,0,0,0,4,1,0,0,1,4,0,498,525.6,1886,null
-1.0,606,607,0.9662772122743145,0.9656085147484954,9.0,0,0,0,2,0,1,2,0,0,0,1,4,0,0,0,2,0,1,2,0,1,0,1,3,498,525.6,1887,null
-1.0,608,609,0.9759083141392377,0.9731406493795973,11.0,0,0,0,0,0,1,4,0,0,0,1,4,0,0,0,0,0,0,5,0,0,0,0,5,498,525.6,1888,null
3.0,613,610,0.9766698863214206,0.9764841370086931,16.0,0,0,0,1,0,3,1,0,0,0,4,1,0,0,0,1,0,3,1,0,0,0,4,1,498,525.6,1889,null
1.0,609,608,0.9754718032543279,0.973846496767962,12.0,0,0,0,2,0,0,3,0,0,0,0,5,0,0,0,1,0,1,3,0,0,0,1,4,498,525.6,1890,null
-1.0,613,614,0.9781465933576046,0.9803012853852441,16.0,0,0,0,2,0,3,0,0,0,0,4,1,0,0,0,2,0,3,0,0,0,0,3,2,498,525.6,1892,null
4.0,604,600,0.9711902815959581,0.9667044356935879,7.0,0,0,1,1,0,1,2,0,0,0,2,3,0,0,1,0,0,2,2,0,0,1,2,2,498,525.6,1891,null
1.0,611,610,0.9718775540530501,0.9744501820343265,14.0,0,0,0,2,0,0,3,0,0,0,0,5,0,0,0,1,0,1,3,0,0,0,1,4,498,525.6,1893,null
4.0,610,606,0.973326398692325,0.9740879708745078,13.0,0,0,2,2,0,1,0,0,0,0,3,2,0,0,3,1,0,1,0,0,0,0,2,3,498,525.6,1894,null
1.0,608,607,0.9687105282710453,0.9729641875325062,11.0,0,0,0,2,0,0,3,0,0,1,0,4,0,0,0,3,0,1,1,0,0,0,1,4,498,525.6,1895,null
-1.0,609,610,0.9671223716472249,0.9766977487183297,12.0,0,0,1,2,0,2,0,0,0,0,3,2,0,0,0,1,0,4,0,0,0,0,4,1,498,525.6,1896,null
0.0,610,610,0.9708745077643214,0.9722397652128687,13.0,0,0,0,5,0,0,0,0,0,0,1,4,0,0,0,2,0,2,1,0,0,0,3,2,498,525.6,1897,null
-1.0,603,604,0.9717939668623226,0.9654041905044951,6.0,0,0,1,4,0,0,0,0,0,0,1,4,0,0,2,2,0,1,0,0,0,0,1,4,498,525.6,1898,null
2.0,609,607,0.9681532803328627,0.9718868415186864,12.0,0,0,0,2,0,1,2,0,0,0,2,3,0,0,0,2,0,3,0,0,0,0,4,1,498,525.6,1899,null
1.0,609,608,0.9577234564232112,0.9689891522401368,12.0,0,0,4,0,0,1,0,0,0,0,1,4,0,0,0,0,0,2,3,0,0,0,4,1,498,525.6,1900,null
-3.0,613,616,0.9755461029794189,0.9777750947321495,16.0,0,0,1,4,0,0,0,0,0,1,3,1,0,0,0,3,0,2,0,0,0,1,4,0,498,525.6,1901,null
0.0,608,608,0.968998439705773,0.9745616316219631,11.0,0,0,0,3,0,1,1,0,0,0,2,3,0,0,0,2,0,3,0,0,0,0,3,2,498,525.6,1902,null
-3.0,617,620,0.9756575525670556,0.9775521955568764,20.0,0,0,0,4,0,1,0,0,0,0,5,0,0,0,0,2,0,3,0,0,0,0,5,0,498,525.6,1903,null
2.0,610,608,0.9629337246452188,0.9647169180474032,13.0,0,0,2,1,0,0,2,0,0,0,1,4,0,0,1,1,0,0,3,0,0,0,1,4,498,525.6,1905,null
-4.0,618,622,0.9820659038561558,0.9821494910468832,21.0,0,0,0,0,0,5,0,0,0,0,5,0,0,0,0,0,0,5,0,0,0,0,5,0,498,525.6,1904,null
-2.0,612,614,0.9749331302474181,0.9730663496545062,15.0,0,0,0,3,0,1,1,0,0,1,2,2,0,0,0,5,0,0,0,0,0,0,1,4,498,525.6,1906,null
-3.0,617,620,0.9781837432201501,0.9800412363474255,20.0,0,0,0,2,0,3,0,0,0,0,3,2,0,0,0,0,0,5,0,0,0,0,5,0,498,525.6,1907,null
-1.0,605,606,0.9673917081506798,0.9714131807712312,8.0,0,0,1,3,0,0,1,0,0,0,1,4,0,0,0,3,0,1,1,0,0,0,1,4,498,525.6,1908,null
-2.0,609,611,0.9675867449290437,0.9745523441563266,12.0,0,0,1,4,0,0,0,0,0,0,3,2,0,0,0,1,0,0,4,0,0,0,2,3,498,525.6,1909,null
1.0,609,608,0.9727505758228694,0.9724905267850509,12.0,0,0,0,1,0,0,4,0,0,1,0,4,0,0,0,1,0,0,4,0,0,1,0,4,498,525.6,1910,null
0.0,610,610,0.9713853183743218,0.9707073333828664,13.0,0,0,0,5,0,0,0,0,0,0,0,5,0,0,0,4,0,0,1,0,0,0,1,4,498,525.6,1911,null
2.0,614,612,0.9801433984694258,0.9769392228248754,17.0,0,0,0,2,0,3,0,0,0,0,4,1,0,0,0,2,0,2,1,0,0,0,4,1,498,525.6,1912,null
4.0,604,600,0.9668623226094063,0.967716769447953,7.0,0,0,1,1,0,0,3,0,0,0,0,5,0,0,0,1,0,1,3,0,0,1,0,4,498,525.6,1913,null
-3.0,602,605,0.9748774054535998,0.9766234489932386,5.0,0,0,0,4,0,1,0,0,0,0,1,4,0,0,0,2,0,3,0,0,0,0,3,2,498,525.6,1914,null
-1.0,612,613,0.9735121480050523,0.9727877256854149,15.0,0,0,0,3,0,2,0,0,0,2,2,1,0,0,0,2,0,2,1,0,0,1,3,1,498,525.6,1915,null
-1.0,603,604,0.9619864031503084,0.9715710676870495,6.0,0,0,3,1,0,1,0,0,0,1,0,4,0,0,1,1,0,1,2,0,0,0,1,4,498,525.6,1916,null
-4.0,602,606,0.9710509696114125,0.9735028605394159,5.0,0,0,0,3,1,0,1,0,0,1,0,4,0,0,1,1,0,2,1,0,0,0,2,3,498,525.6,1917,null
-3.0,604,607,0.9719332788468682,0.9752396166134185,7.0,0,0,1,3,0,0,1,0,0,0,1,4,0,0,0,2,0,3,0,0,0,0,4,1,498,525.6,1918,null
0.0,604,604,0.9673174084255889,0.9684226168363176,7.0,0,0,0,3,0,1,1,0,0,0,1,4,0,0,0,2,0,1,2,0,0,0,1,4,498,525.6,1919,null
0.0,610,610,0.9737907719741438,0.9737907719741438,13.0,0,0,0,5,0,0,0,0,0,0,0,5,0,0,0,5,0,0,0,0,0,0,0,5,498,525.6,1920,null
5.0,607,602,0.9747938182628725,0.9702615350323204,10.0,0,0,0,1,0,1,3,0,0,0,1,4,0,0,1,1,0,0,3,0,0,0,0,5,498,525.6,1921,null
0.0,603,603,0.9668158852812245,0.9677724942417714,6.0,0,0,5,0,0,0,0,0,0,0,0,5,0,0,5,0,0,0,0,0,0,0,0,5,498,525.6,1923,null
-6.0,613,619,0.9777936696634222,0.9790753399212423,16.0,0,0,0,3,0,2,0,0,0,0,2,3,0,0,0,0,0,5,0,0,0,0,5,0,498,525.6,1922,null
-1.0,608,609,0.9666022735715877,0.970103648116502,11.0,0,0,0,0,0,0,5,0,0,0,1,4,0,0,0,0,0,1,4,0,0,2,1,2,498,525.6,1924,null
1.0,609,608,0.9716175050152315,0.9725369641132329,12.0,0,0,0,2,0,1,2,0,0,0,3,2,0,0,0,5,0,0,0,0,0,0,0,5,498,525.6,1926,null
-1.0,615,616,0.9764376996805111,0.9744594694999629,18.0,0,0,0,2,0,3,0,0,0,0,3,2,0,0,0,3,0,2,0,0,0,0,2,3,498,525.6,1925,null
-3.0,606,609,0.9739115090274165,0.9747473809346905,9.0,0,0,1,1,0,1,2,0,0,0,1,4,0,0,0,1,0,4,0,0,0,0,4,1,498,525.6,1927,null
0.0,607,607,0.9535626718181143,0.963602422171038,10.0,0,0,2,0,0,0,3,0,0,2,1,2,0,0,3,0,0,0,2,0,0,0,2,3,498,525.6,1928,null
-3.0,608,611,0.9725462515788692,0.9722583401441414,11.0,0,0,0,2,0,2,1,0,0,1,1,3,0,0,0,3,0,2,0,0,0,0,2,3,498,525.6,1929,null
-1.0,605,606,0.9704565718106843,0.97690207296233,8.0,0,0,2,1,0,2,0,0,0,0,2,3,0,0,0,2,0,3,0,0,0,0,4,1,498,525.6,1930,null
2.0,611,609,0.9723976521286872,0.9710974069395943,14.0,0,0,1,1,0,0,3,0,0,1,1,3,0,0,1,2,0,0,2,0,0,0,1,4,498,525.6,1932,null
-1.0,605,606,0.9673266958912252,0.9678375065012259,8.0,0,0,0,4,0,0,1,0,0,0,1,4,0,0,0,5,0,0,0,0,0,0,1,4,498,525.6,1931,null
0.0,607,607,0.972592688907051,0.9725183891819601,10.0,0,0,0,1,0,0,4,0,0,0,0,5,0,0,0,3,0,0,2,0,0,0,0,5,498,525.6,1933,null
-4.0,613,617,0.9779887064417861,0.9772828590534215,16.0,0,0,0,1,0,2,2,0,0,1,1,3,0,0,0,0,0,4,1,0,0,0,4,1,498,525.6,1935,null
1.0,611,610,0.9704844342075934,0.9735214354706888,14.0,0,0,0,3,0,2,0,0,0,1,1,3,0,0,0,3,0,1,1,0,0,0,2,3,498,525.6,1934,null
0.0,611,611,0.9719890036406865,0.9717010922059588,14.0,0,0,0,4,0,1,0,0,0,0,2,3,0,0,0,4,0,1,0,0,0,0,1,4,498,525.6,1936,null
-1.0,605,606,0.9676331822572256,0.9704658592763207,8.0,0,0,0,4,0,1,0,0,0,0,3,2,0,0,0,4,0,1,0,0,0,0,3,2,498,525.6,1937,null
-1.0,608,609,0.9632680734081284,0.9742458577903261,11.0,0,0,1,0,0,4,0,0,1,1,3,0,0,0,0,0,0,5,0,0,0,1,4,0,498,525.6,1938,null
-3.0,610,613,0.9737814845085073,0.9771621220001485,13.0,0,0,0,3,0,2,0,0,0,1,3,1,0,0,0,2,0,3,0,0,0,1,4,0,498,525.6,1939,null
-1.0,595,596,0.972072590831414,0.9717939668623226,-2.0,1,0,0,1,0,0,3,0,0,0,1,4,2,0,0,1,0,0,2,0,0,0,0,5,498,525.6,1940,null
0.0,606,606,0.9685990786834088,0.9725926889070511,9.0,0,0,2,1,0,0,2,0,0,0,0,5,0,0,0,2,0,0,3,0,0,0,0,5,498,525.6,1941,null
0.0,613,613,0.9727227134259602,0.9743387324466899,16.0,0,0,0,5,0,0,0,0,0,0,2,3,0,0,0,4,0,1,0,0,0,0,3,2,498,525.6,1942,null
-2.0,623,625,0.9783323426703321,0.9799204992941525,26.0,0,0,0,1,0,4,0,0,0,0,4,1,0,0,0,0,0,5,0,0,0,0,5,0,498,525.6,1943,null
0.0,608,608,0.9744223196374174,0.9733821234861431,11.0,0,0,0,4,0,0,1,1,0,0,1,3,0,0,0,4,0,0,1,1,0,0,1,3,498,525.6,1944,null
-1.0,604,605,0.9679953934170443,0.9682740173861357,7.0,0,0,0,2,1,2,0,0,0,0,3,2,0,0,0,2,1,2,0,0,0,0,3,2,498,525.6,1945,null
0.0,618,618,0.9732149491046883,0.9752024667508731,21.0,0,0,0,5,0,0,0,0,0,0,0,5,0,0,0,2,0,3,0,0,0,0,3,2,498,525.6,1946,null
-2.0,609,611,0.9696206999034104,0.9733635485548704,12.0,0,0,0,3,0,2,0,0,0,0,4,1,0,0,0,1,0,3,1,0,0,0,3,2,498,525.6,1947,null
1.0,612,611,0.9588379522995764,0.9651905787948585,15.0,0,0,3,0,0,1,1,0,0,0,2,3,0,0,0,0,0,2,3,0,0,0,4,1,498,525.6,1948,null
1.0,612,611,0.9765212868712385,0.9765305743368748,15.0,0,0,0,1,0,4,0,0,0,0,5,0,0,0,0,0,0,4,1,0,0,0,4,1,498,525.6,1949,null
-9.0,606,615,0.971041682145776,0.9777379448696041,9.0,0,0,1,3,0,1,0,0,0,0,4,1,0,0,0,1,0,4,0,0,0,0,5,0,498,525.6,1950,null
-3.0,606,609,0.9696021249721376,0.9747288060034177,9.0,0,0,1,3,0,0,1,0,0,0,0,5,0,0,0,2,0,2,1,0,0,0,2,3,498,525.6,1951,null
-1.0,603,604,0.9748031057285088,0.9708373579017758,6.0,0,0,0,4,0,1,0,0,0,0,2,3,0,0,0,2,0,0,3,0,0,0,0,5,498,525.6,1952,null
0.0,607,607,0.9753975035292369,0.9753324912697823,10.0,0,0,0,4,0,0,1,0,0,0,0,5,0,0,0,4,0,0,1,0,0,0,0,5,498,525.6,1953,null
-5.0,609,614,0.9740322460806895,0.9746823686752359,12.0,0,0,1,3,0,1,0,0,0,1,0,4,0,0,0,5,0,0,0,0,0,0,0,5,498,525.6,1954,null
0.0,608,608,0.973502860539416,0.973502860539416,11.0,0,0,0,5,0,0,0,1,0,0,0,4,0,0,0,5,0,0,0,1,0,0,0,4,498,525.6,1955,null
3.0,608,605,0.9547143175570251,0.9658221264581321,11.0,0,0,4,0,0,0,1,1,0,0,0,4,0,0,1,1,0,2,1,0,0,0,2,3,498,525.6,1957,null
0.0,608,608,0.9707537707110483,0.9707537707110483,11.0,0,0,0,5,0,0,0,0,0,0,1,4,0,0,0,5,0,0,0,0,0,0,1,4,498,525.6,1956,null
-4.0,606,610,0.9675495950664983,0.9726855635634148,9.0,0,0,1,3,0,0,1,0,0,1,0,4,0,0,0,3,0,1,1,0,0,0,1,4,498,525.6,1958,null
1.0,608,607,0.9701593729103202,0.9707166208485029,11.0,0,0,0,1,0,4,0,0,0,0,4,1,0,0,0,1,0,4,0,0,0,0,4,1,498,525.6,1960,null
-1.0,612,613,0.9733171112266884,0.9719147039155954,15.0,0,0,0,2,0,1,2,0,0,0,1,4,0,0,0,1,0,1,3,0,0,0,3,2,498,525.6,1962,null
-1.0,608,609,0.9718218292592318,0.971385318374322,11.0,0,0,2,0,0,2,1,0,0,0,2,3,0,0,2,0,0,3,0,0,0,0,3,2,498,525.6,1959,null
0.0,613,613,0.975174604353964,0.975174604353964,16.0,0,0,0,5,0,0,0,0,0,0,0,5,0,0,0,5,0,0,0,0,0,0,0,5,498,525.6,1961,null
4.0,605,601,0.9730291997919608,0.9755275280481462,8.0,0,0,2,0,0,2,1,0,0,0,2,3,0,0,1,1,0,2,1,0,0,0,3,2,498,525.6,1963,null
-4.0,603,607,0.9756761274983281,0.9768091983059662,6.0,0,0,0,4,0,1,0,0,0,1,3,1,0,0,0,3,0,2,0,0,0,0,4,1,498,525.6,1964,null
-5.0,604,609,0.9709580949550486,0.9730013373950516,7.0,0,0,0,4,1,0,0,0,0,0,0,5,0,0,0,5,0,0,0,0,0,0,0,5,498,525.6,1965,null
2.0,605,603,0.974487331896872,0.9705215840701389,8.0,0,0,0,4,0,1,0,0,0,1,1,3,0,0,1,3,0,0,1,0,0,0,1,4,498,525.6,1966,null
0.0,609,609,0.9738557842335983,0.9735400104019615,12.0,0,0,0,4,0,0,1,0,0,0,0,5,0,0,0,5,0,0,0,0,0,0,0,5,498,525.6,1967,null
0.0,604,604,0.970252247566684,0.9700757857195929,7.0,0,0,0,2,0,0,3,0,0,0,0,5,0,0,0,2,0,0,3,0,0,0,0,5,498,525.6,1968,null
-2.0,608,610,0.977394308641058,0.9778493944572405,11.0,0,0,0,1,0,4,0,0,0,0,5,0,0,0,0,0,0,4,1,0,0,0,4,1,498,525.6,1969,null
1.0,615,614,0.9605932833048518,0.9700200609257745,18.0,0,0,2,0,0,0,3,0,0,1,2,2,0,0,0,0,0,0,5,0,0,0,0,5,498,525.6,1970,null
-1.0,612,613,0.9727505758228695,0.9732335240359611,15.0,0,0,0,3,0,0,2,0,0,0,0,5,0,0,0,5,0,0,0,0,0,0,0,5,498,525.6,1971,null
2.0,619,617,0.9740508210119623,0.9740879708745078,22.0,0,0,0,5,0,0,0,0,0,2,0,3,0,0,0,4,0,1,0,0,0,0,1,4,498,525.6,1972,null
9.0,603,594,0.9758711642766922,0.9658964261832231,6.0,0,0,0,1,0,3,1,0,0,0,3,2,0,0,0,0,2,2,1,0,0,0,2,3,498,525.6,1973,null
-5.0,613,618,0.9717010922059588,0.9793168140277881,16.0,0,0,0,2,0,1,2,0,0,0,3,2,0,0,0,2,0,2,1,0,0,0,3,2,498,525.6,1974,null
-1.0,610,611,0.9713388810461401,0.9728527379448696,13.0,0,0,0,0,0,2,3,0,0,1,3,1,0,0,0,4,0,0,1,0,0,0,0,5,498,525.6,1975,null
-4.0,607,611,0.9769113604279664,0.9778679693885133,10.0,0,0,0,3,0,0,2,0,0,0,3,2,0,0,0,3,0,2,0,0,0,0,5,0,498,525.6,1976,null
3.0,611,608,0.9736143101270525,0.9751467419570548,14.0,0,0,2,0,0,3,0,0,0,0,3,2,0,0,2,0,0,3,0,0,0,0,3,2,498,525.6,1977,null
-3.0,596,599,0.9640853703841296,0.9674752953414073,-1.0,1,0,1,3,0,0,0,0,0,0,2,3,1,0,0,4,0,0,0,0,0,0,2,3,498,525.6,1978,null
1.0,611,610,0.9724905267850509,0.969834311613047,14.0,0,0,0,4,0,1,0,0,0,0,1,4,0,0,0,4,0,0,1,0,0,0,1,4,498,525.6,1979,null
6.0,611,605,0.9758711642766923,0.9676238947915893,14.0,0,0,0,2,0,3,0,0,0,0,5,0,0,0,1,1,0,3,0,0,0,0,4,1,498,525.6,1980,null
6.0,607,601,0.962079277806672,0.9631287614235828,10.0,0,0,4,0,0,1,0,0,0,0,1,4,0,0,3,2,0,0,0,0,0,0,0,5,498,525.6,1981,null
-1.0,604,605,0.969908611338138,0.9725926889070511,7.0,0,0,0,5,0,0,0,0,0,1,0,4,0,0,0,4,0,1,0,0,0,0,1,4,498,525.6,1982,null
-3.0,607,610,0.9736328850583253,0.9701965227728657,10.0,0,0,2,2,0,0,1,0,0,0,1,4,0,0,0,4,0,1,0,0,0,0,1,4,498,525.6,1983,null
1.0,620,619,0.9771063972063303,0.9775614830225128,23.0,0,0,0,4,0,0,1,0,0,0,0,5,0,0,0,3,0,1,1,0,0,0,1,4,498,525.6,1984,null
1.0,600,599,0.9685897912177724,0.9763726874210564,3.0,0,0,1,2,0,1,1,0,0,0,1,4,0,0,0,2,0,1,2,0,0,0,1,4,498,525.6,1986,null
-3.0,605,608,0.9551879783044803,0.9615777546623079,8.0,0,0,2,1,0,0,2,0,0,0,2,3,0,0,1,0,0,3,1,0,0,0,3,2,498,525.6,1987,null
4.0,603,599,0.9667137231592243,0.9649026673601308,6.0,0,0,1,1,0,0,3,0,0,0,0,5,0,0,2,2,0,0,1,0,0,0,0,5,498,525.6,1985,null
3.0,602,599,0.9681254179359536,0.9665465487777696,5.0,0,0,2,1,2,0,0,0,0,0,2,3,0,0,3,1,0,0,1,0,0,0,0,5,498,525.6,1988,null
-1.0,611,612,0.97562040270451,0.9774871832974218,14.0,0,0,0,3,0,1,1,0,0,0,4,1,0,0,0,3,0,1,1,0,0,0,4,1,498,525.6,1990,null
-1.0,606,607,0.9668158852812245,0.9753046288728732,9.0,0,0,3,2,0,0,0,0,0,0,0,5,0,0,0,2,0,0,3,0,0,0,3,2,498,525.6,1992,null
0.0,611,611,0.9730570621888699,0.9730570621888699,14.0,0,0,0,5,0,0,0,0,0,0,0,5,0,0,0,5,0,0,0,0,0,0,0,5,498,525.6,1989,null
0.0,613,613,0.9829389256259753,0.9813972063303366,16.0,0,0,0,1,0,3,1,0,0,0,5,0,0,0,0,1,0,4,0,0,0,0,4,1,498,525.6,1991,null
1.0,606,605,0.9767813359090571,0.9618749535626718,9.0,0,0,0,0,0,3,2,0,1,3,1,0,0,0,2,0,0,3,0,0,0,0,4,1,498,525.6,1993,null
-3.0,592,595,0.9586893528493944,0.9613734304183075,-5.0,2,0,0,2,1,0,0,0,0,1,0,4,0,0,0,2,2,0,1,0,0,1,0,4,498,525.6,1994,null
-3.0,611,614,0.9703451222230477,0.9772549966565124,14.0,0,0,0,1,0,2,2,0,0,0,3,2,0,0,0,1,0,3,1,0,0,0,3,2,498,525.6,1995,null
-1.0,608,609,0.9752396166134185,0.9767256111152388,11.0,0,0,0,4,0,1,0,0,0,1,3,1,0,0,0,2,0,3,0,0,0,1,4,0,498,525.6,1996,null
1.0,610,609,0.9761683631770561,0.9741715580652351,13.0,0,0,0,1,0,1,3,0,0,0,1,4,0,0,0,2,0,0,3,0,0,0,0,5,498,525.6,1998,null
0.0,611,611,0.9767348985808753,0.9764191247492384,14.0,0,0,0,1,0,3,1,0,1,0,3,1,0,0,0,2,0,3,0,0,0,0,3,2,498,525.6,1997,null
-1.0,612,613,0.9718496916561409,0.9725926889070511,15.0,0,0,0,4,0,1,0,0,0,0,5,0,0,0,0,5,0,0,0,0,0,1,4,0,498,525.6,1999,null
