a,b,fold,target,P_score,covered,n_records,single_a,single_b,z,sd,p,reported_epsilon,epsilon,raw_mask,centered_mask,centered_retain,mask_layout_agreement,retain_layout_agreement,score_inconsistency,single_fitness_missing,pair
APQ12,CPR6,0,1,2.0853515382388066,True,1.0,0.5948,1.0272,0.6029,0.034,0.438,-0.0081,-0.008078559999999957,-0.4161999999999999,-0.016157119999999914,-0.08746155367733482,1.0,1.0,False,False,APQ12|CPR6
APQ12,GPH1,0,1,4.814681115215506,True,1.0,0.5948,1.014,0.5852,0.0223,0.2908,-0.018,-0.01792719999999992,-0.4192,-0.016654399999999958,-0.1366730500546219,1.0,1.0,False,False,APQ12|GPH1
APQ12,HAP4,0,1,3.2637649046773665,True,1.0,0.5948,0.8635,0.5005,0.0315,0.3714,-0.0131,-0.01310980000000006,-0.26870000000000005,0.0,0.052811764869293974,0.0,1.0,False,False,APQ12|HAP4
APQ12,RPN4,0,1,1.5089725191074768,True,1.0,0.5948,0.7663,0.4412,0.0329,0.3743,-0.0146,-0.01459524000000001,-0.17149999999999999,0.0,0.024239664365816958,0.0,1.0,False,False,APQ12|RPN4
ARG80,GPH1,0,1,5.093439051559881,True,1.0,1.0417,1.014,1.0663,0.0749,0.4515,0.01,0.01001619999999992,-0.027700000000000058,0.0,-0.04652126956763801,0.0,1.0,False,False,ARG80|GPH1
ARG80,RTF1,0,-1,-1.2536909352979224,True,1.0,1.0417,0.5465,0.5264,0.0719,0.2177,-0.0429,-0.042889050000000095,0.4952000000000001,0.04557810000000018,0.5153578311509368,1.0,1.0,False,False,ARG80|RTF1
ARG80,YVH1,0,-1,1.278749814806028,True,1.0,1.0417,1.013,1.1081,0.069,0.3026,0.0528,0.05285790000000001,-0.02870000000000017,0.0,-0.262531601358,0.0,1.0,False,False,ARG80|YVH1
ARX1,GPH1,0,1,3.52259967869856,True,2.0,0.7837,1.014,0.7920499999999999,0.0302,0.2309,-0.0026,-0.002621799999999952,-0.20720000000000005,0.0011564000000000574,-0.025120976357933873,0.0,0.0,False,False,ARX1|GPH1
ARX1,INO4,0,-1,-1.8169605571948628,True,2.0,0.7837,0.6017,0.4749,0.1084,0.27775,0.0033500000000000005,0.0033477100000000037,0.18199999999999994,0.0,0.00641748796216772,0.0,0.0,False,False,ARX1|INO4
ARX1,RPN13,0,-1,-2.620696444795085,True,1.0,0.7837,1.0317,0.7973,0.0254,0.3577,-0.0113,-0.011243290000000017,-0.2208,-0.022486580000000034,-0.15103341049889352,1.0,1.0,False,False,ARX1|RPN13
ARX1,SWI3,0,-1,-4.046201464728286,True,1.0,0.7837,0.2695,0.212,0.0083,0.4771,0.0008,0.0007928499999999838,0.5142,0.0,0.002399287612702203,0.0,1.0,False,False,ARX1|SWI3
ASH1,GPH1,0,1,4.008255256859499,True,2.0,1.0505,1.014,1.02495,0.1588,0.34204999999999997,-0.04025,-0.04025700000000004,0.0,0.03649999999999998,0.1935003685145299,0.5,1.0,False,False,ASH1|GPH1
ASH1,SNF5,0,-1,-2.0291564479579804,True,2.0,1.0505,0.2545,0.232,0.0247,0.22275,-0.03535,-0.03535225,0.7855999999999999,0.015304499999999999,0.40071350204147743,1.0,1.0,False,False,ASH1|SNF5
ASH1,SWI3,0,-1,-3.849244135859704,True,1.0,1.0505,0.2695,0.2852,0.0134,0.452,0.0021,0.0020902500000000157,0.7496,-0.004180500000000031,-0.023749518755403317,1.0,1.0,False,False,ASH1|SWI3
ASH1,SWI6,0,-1,-2.852872392215801,True,1.0,1.0505,0.403,0.557,0.1013,0.1595,0.1337,0.1336485,0.3394999999999999,-0.2672969999999999,-1.5587263183129214,1.0,1.0,False,False,ASH1|SWI6
ASK10,CPR6,0,1,0.7887532777622743,True,1.0,0.6595,1.0272,0.6289,0.279,0.4321,-0.0485,-0.04853839999999987,-0.3676999999999999,-0.03587679999999982,-0.5470444460476886,1.0,1.0,False,False,ASK10|CPR6
ASK10,DCC1,0,-1,-3.438061526857888,True,1.0,0.6595,0.916,0.5715,0.0732,0.3843,-0.0326,-0.03260200000000002,-0.25650000000000006,0.0,0.19285457299401187,0.0,1.0,False,False,ASK10|DCC1
ASK10,MRE11,0,-1,-4.40326585023592,True,1.0,0.6595,0.674,0.4553,0.1888,0.4779,0.0108,0.010796999999999946,-0.014500000000000068,0.0,-0.0013185009584051372,0.0,1.0,False,False,ASK10|MRE11
ASK10,NAM7,0,-1,-3.918351022480565,True,1.0,0.6595,0.9925,0.6108,0.2384,0.4324,-0.0438,-0.043753750000000036,-0.3330000000000001,0.0,0.002586636146977019,0.0,1.0,False,False,ASK10|NAM7
ASK10,NBP2,0,-1,-3.344708655099221,True,1.0,0.6595,0.7477,0.6057,0.3273,0.3431,0.1126,0.11259185,-0.08820000000000006,0.0,-0.10571098897353907,0.0,1.0,False,False,ASK10|NBP2
ASK10,OPI3,0,-1,2.129351145866918,True,1.0,0.6595,0.412,0.2559,0.1144,0.4464,-0.0158,-0.01581399999999994,0.2475,0.0,-0.01876166608579572,0.0,1.0,False,False,ASK10|OPI3
ASK10,SWI3,0,-1,-4.127483372224551,True,1.0,0.6595,0.2695,0.1797,0.1131,0.4918,0.0019,0.0019647499999999873,0.39,5.551115123125783e-17,0.0029713410425465936,1.0,1.0,False,False,ASK10|SWI3
AZF1,GPH1,0,1,5.442501732413606,True,2.0,0.948,1.014,0.88895,0.0422,0.10591,-0.0723,-0.072322,-0.06600000000000006,-0.026544000000000123,-1.0982234517159821,1.0,1.0,False,False,AZF1|GPH1
AZF1,YOR338W,0,1,3.2926807201937347,True,1.0,0.948,0.9912,0.9285,0.0556,0.4202,-0.0111,-0.011157599999999879,-0.043200000000000016,0.0,-0.07339550862401602,0.0,1.0,False,False,AZF1|YOR338W
BRR1,NAM7,0,-1,-0.5878557322284332,True,2.0,0.799,0.9925,0.97055,0.0259,1.357e-07,0.17754999999999999,0.17754249999999994,0.14959999999999996,0.34309999999999996,0.3109160022372575,1.0,1.0,False,False,BRR1|NAM7
BUD13,OPI3,0,1,5.593888165272491,True,1.0,0.8553,0.412,0.4348,0.0166,0.0001555,0.0824,0.08241640000000006,0.3976999999999999,-0.04560000000000003,0.36965732998367234,1.0,1.0,False,False,BUD13|OPI3
CHL1,GPH1,0,1,7.942710929243812,True,1.0,0.9465,1.014,0.8251,0.0374,0.003257,-0.1346,-0.13465100000000008,-0.0675,-0.026502000000000026,-2.042660174130535,1.0,1.0,False,False,CHL1|GPH1
CPR6,DOA4,0,-1,-2.364174366087608,True,1.0,1.0272,0.3655,0.3583,0.0142,0.2025,-0.0172,-0.017141599999999924,0.6616999999999998,0.01988319999999988,0.1707610871568274,1.0,1.0,False,False,CPR6|DOA4
CPR6,EST3,0,-1,-1.2725400460610907,True,2.0,1.0272,0.9925,1.00905,0.0373,0.278,-0.01045,-0.010445999999999955,0.0008999999999999009,0.020191999999999877,0.11834755639476688,0.0,0.0,False,False,CPR6|EST3
CPR6,INO4,0,-1,-2.5078387479676447,True,2.0,1.0272,0.6017,0.60635,0.0887,0.4215,-0.01175,-0.011716239999999989,0.41389999999999993,0.02113248000000001,0.12732267264341607,1.0,1.0,False,False,CPR6|INO4
CPR6,IRE1,0,-1,-4.437486927774116,True,2.0,1.0272,0.9783,0.95945,0.0465,0.19595,-0.045450000000000004,-0.04545975999999985,0.048899999999999944,0.053219519999999854,0.7137039041289506,1.0,1.0,False,False,CPR6|IRE1
CPR6,NUP133,0,-1,-3.797771746315479,True,2.0,1.0272,0.8825,0.91515,0.0615,0.39915,0.008650000000000001,0.008646000000000154,0.0793999999999998,-0.017292000000000307,-0.13488885974447784,0.0,0.0,False,False,CPR6|NUP133
CPR6,OPI3,0,-1,1.5805039624059969,True,1.0,1.0272,0.412,0.3982,0.0147,0.1015,-0.025,-0.02500639999999993,0.6152,0.02241280000000001,0.25216322780350753,1.0,1.0,False,False,CPR6|OPI3
CPR6,RPN4,0,-1,-0.5646594096261814,True,2.0,1.0272,0.7663,0.80375,0.0335,0.36035,0.01665,0.016606640000000172,0.18599999999999983,-0.033213280000000345,-0.20736996361280766,0.0,0.0,False,False,CPR6|RPN4
CTF8,GPH1,0,1,5.9369873247898,True,2.0,0.8718,1.014,0.85695,0.108,0.36160000000000003,-0.027049999999999998,-0.027055200000000057,-0.1422,-0.024410400000000054,-0.3236701041789817,1.0,1.0,False,False,CTF8|GPH1
CTF8,RTF1,0,-1,-0.159629645973275,True,2.0,0.8718,0.5465,0.5126,0.053,0.19062,0.0361,0.03616130000000001,0.32530000000000003,0.0,0.16604747842455403,0.0,1.0,False,False,CTF8|RTF1
CUP9,OPI3,0,-1,2.032011011268745,True,1.0,0.9433,0.412,0.3994,0.0313,0.3701,0.0108,0.010760400000000003,0.5313000000000001,0.0,0.08859015266394744,0.0,1.0,False,False,CUP9|OPI3
DAL81,GPH1,0,1,6.941463958329154,True,2.0,0.6402,1.014,0.6329,0.0934,0.31835,-0.01625,-0.01626280000000002,-0.3649,-0.009025600000000078,-0.1287939597781005,1.0,1.0,False,False,DAL81|GPH1
DCC1,GPH1,0,1,7.062885774843929,True,2.0,0.916,1.014,0.9289,0.0407,0.37324999999999997,4.99999999999997e-05,7.599999999985396e-05,-0.06900000000000006,0.0033519999999997996,0.0010627207043141101,0.0,0.0,False,False,DCC1|GPH1
DCC1,NAM7,0,-1,-0.5468310669631568,True,2.0,0.916,0.9925,0.9234,0.0459,0.209025,0.014249999999999999,0.014269999999999894,-0.03970000000000007,0.036799999999999944,0.0835694508551313,0.5,0.0,False,False,DCC1|NAM7
DEG1,GPH1,0,1,5.493078654777628,True,1.0,0.796,1.014,0.8028,0.006,0.3301,-0.0044,-0.0043440000000001255,-0.20440000000000014,-0.008688000000000251,-0.04264526943130631,1.0,1.0,False,False,DEG1|GPH1
DLS1,NAM7,0,-1,-1.841072221351208,True,2.0,0.97,0.9925,0.91605,0.1901,0.3096,-0.0467,-0.04667500000000002,-0.018000000000000016,0.0045000000000000595,-0.2748944700129452,0.5,0.0,False,False,DLS1|NAM7
DOA4,HAP4,0,1,3.802764614479519,True,1.0,0.3655,0.8635,0.271,0.0429,0.1565,-0.0446,-0.04460924999999999,-0.49800000000000005,5.551115123125783e-17,0.218273239744426,1.0,1.0,False,False,DOA4|HAP4
DOA4,PHO23,0,-1,-2.473962234684104,True,1.0,0.3655,0.8772,0.3284,0.03,0.4103,0.0078,0.007783400000000051,-0.5117,0.0,-0.04217790533680907,0.0,1.0,False,False,DOA4|PHO23
EST3,GPH1,0,1,4.31142313763865,True,2.0,0.9925,1.014,1.0154,0.0375,0.3937,0.009000000000000001,0.009004999999999819,0.011299999999999977,0.005009999999999737,0.07318240733351068,0.0,0.0,False,False,EST3|GPH1
EST3,HAP4,0,1,2.740309584315235,True,2.0,0.9925,0.8635,0.85095,0.0321,0.0494089,-0.006100000000000001,-0.0060737500000001,0.09140000000000004,-0.03759999999999997,0.02141201149091368,0.5,0.0,False,False,EST3|HAP4
EST3,NAM7,0,-1,-3.366609230234034,True,2.0,0.9925,0.9925,0.99805,0.0257,0.14159,0.01305,0.012993749999999915,0.0,0.0,0.0,0.0,0.0,False,False,EST3|NAM7
EST3,PHO23,0,-1,-3.3736711189760142,True,2.0,0.9925,0.8772,0.80655,0.0378,0.053855,-0.06405,-0.06407099999999999,0.11530000000000007,0.0,0.2595701190089588,0.0,1.0,False,False,EST3|PHO23
EST3,PTP3,0,1,0.0759172386426712,True,2.0,0.9925,1.0545,1.0234,0.0427,0.31065,-0.0232,-0.023191250000000108,-0.000200000000000089,-0.046382500000000215,-0.29909678390413497,1.0,1.0,False,False,EST3|PTP3
EST3,RTF1,0,-1,-1.9435793197539084,True,2.0,0.9925,0.5465,0.475,0.0663,0.09870000000000001,-0.0674,-0.06740125000000005,0.44600000000000006,-2.7755575615628914e-17,-0.05091465302797977,0.5,1.0,False,False,EST3|RTF1
GIS4,STP3,0,1,3.372603860880341,True,2.0,0.8692,0.9872,0.8492,0.0402,0.0401162,-0.008899999999999998,-0.008874240000000033,-0.08250000000000002,0.035499999999999976,-0.016554322426493552,0.5,0.0,False,False,GIS4|STP3
GPH1,GTR1,0,-1,-4.9068853453304655,True,2.0,1.014,0.8087,0.7513000000000001,0.1229,0.213925,-0.06875,-0.0687218,0.17259999999999998,-0.010056399999999965,0.6931281317189417,0.0,0.0,False,False,GPH1|GTR1
GPH1,HOS4,0,-1,-6.625140016253357,True,2.0,1.014,0.96,0.9210499999999999,0.0933,0.2618,-0.05235,-0.05238999999999999,0.05400000000000005,0.026880000000000015,0.7831768473619455,1.0,1.0,False,False,GPH1|HOS4
GPH1,INO4,0,-1,-5.372247110997734,True,2.0,1.014,0.6017,0.51275,0.0793,0.10211999999999999,-0.0974,-0.09737379999999998,0.4123,0.01684759999999999,0.746331002785052,1.0,1.0,False,False,GPH1|INO4
GPH1,INP52,0,-1,-6.548176273167806,True,1.0,1.014,0.973,1.0143,0.0115,0.05288,0.0277,0.02767799999999998,-0.041000000000000036,-0.05475600000000003,-0.3751642252656516,1.0,1.0,False,False,GPH1|INP52
GPH1,IPK1,0,-1,-5.429732961728955,True,2.0,1.014,0.837,0.8344,0.0906,0.42455,-0.01435,-0.014317999999999942,0.16849999999999998,0.01493599999999995,0.1546376411981187,1.0,1.0,False,False,GPH1|IPK1
GPH1,IRS4,0,-1,-8.13931232946048,True,2.0,1.014,0.9555,0.9527,0.0519,0.38305,-0.016149999999999998,-0.016176999999999997,0.05730000000000002,0.025553999999999966,0.2446829452359076,1.0,1.0,False,False,GPH1|IRS4
GPH1,JNM1,0,-1,-7.059369307195704,True,2.0,1.014,0.9055,0.9117500000000001,0.0218,0.29675,-0.00645,-0.006427000000000016,0.08579999999999999,0.002654000000000045,0.08651008106060928,0.0,0.0,False,False,GPH1|JNM1
GPH1,LEU3,0,-1,-6.71328357621576,True,2.0,1.014,1.0152,1.02745,0.0408,0.46404999999999996,-0.00195,-0.0019627999999999313,0.0012000000000000899,0.0,-0.0007316670355076802,0.0,1.0,False,False,GPH1|LEU3
GPH1,MOT3,0,-1,-5.7515276217612215,True,2.0,1.014,0.9357,0.944,0.0487,0.19905,-0.004799999999999999,-0.004799799999999965,0.030000000000000027,-0.02210040000000002,0.07144337043713239,0.0,0.0,False,False,GPH1|MOT3
GPH1,MRE11,0,-1,-8.040924320856924,True,2.0,1.014,0.674,0.6708000000000001,0.036,0.0302305,-0.012650000000000002,-0.012636000000000036,0.27680000000000005,-0.04432799999999992,0.1034871084540602,0.0,0.0,False,False,GPH1|MRE11
GPH1,MSH1,0,-1,-5.013171668468045,True,1.0,1.014,1.0235,0.981,0.024,0.04243,-0.0569,-0.05682900000000013,-0.009500000000000064,-0.019000000000000128,-0.1424339283808982,1.0,1.0,False,False,GPH1|MSH1
GPH1,NCS6,0,-1,-6.416962498954877,True,2.0,1.014,0.8272,0.8523000000000001,0.1322,0.261215,0.0135,0.013519199999999898,0.13660000000000005,-0.027038399999999796,-0.14239544311457908,0.0,0.0,False,False,GPH1|NCS6
GPH1,NPR2,0,-1,-5.894575761086887,True,1.0,1.014,,0.9623,0.0157,0.01111,-0.0517,,0.0,0.0,0.0,0.0,0.0,False,True,GPH1|NPR2
GPH1,NUP133,0,-1,-6.512011553595582,True,2.0,1.014,0.8825,0.91065,0.0586,0.2609,0.0158,0.01579500000000006,0.05669999999999997,-0.05009000000000008,-0.195837534817279,0.0,0.0,False,False,GPH1|NUP133
GPH1,OPI3,0,-1,-1.384277241380358,True,1.0,1.014,0.412,0.4037,0.0274,0.3426,-0.0141,-0.01406799999999997,0.6020000000000001,0.01153599999999999,0.09680682673565913,1.0,1.0,False,False,GPH1|OPI3
GPH1,PIH1,0,-1,-7.01266346123585,True,2.0,1.014,0.9017,0.8843000000000001,0.1532,0.1032001179,-0.03005,-0.03002379999999988,0.046699999999999964,-0.04035240000000018,0.3985611148392155,0.0,0.0,False,False,GPH1|PIH1
GPH1,RAD27,0,-1,-5.278844125770361,True,2.0,1.014,0.8165,0.8108500000000001,0.0686,0.10604,-0.017050000000000003,-0.017080999999999957,0.12370000000000003,-0.05093800000000004,0.17535060646191414,0.0,0.0,False,False,GPH1|RAD27
GPH1,RCY1,0,-1,-8.070153932955282,True,1.0,1.014,0.2265,0.2545,0.0432,0.3387,0.0248,0.02482899999999999,0.7315,-0.04965799999999998,-0.1608999542513898,1.0,1.0,False,False,GPH1|RCY1
GPH1,RPA14,0,-1,-5.8448066838986446,True,2.0,1.014,0.8662,0.8682,0.0605,0.252785,-0.0101,-0.010126799999999991,0.12950000000000006,0.005953600000000003,0.11899919108354501,0.0,0.0,False,False,GPH1|RPA14
GPH1,RPN13,0,-1,-6.25776982108488,True,1.0,1.014,1.0317,1.0768,0.0107,0.0271,0.0307,0.03065619999999991,0.01770000000000005,0.0,0.11807627986826316,0.0,1.0,False,False,GPH1|RPN13
GPH1,RTG2,0,-1,-7.229338378423358,True,2.0,1.014,0.595,0.56925,0.1031,0.24845,-0.03405,-0.034080000000000055,0.38570000000000004,-0.016639999999999877,0.25985814589285217,0.0,0.0,False,False,GPH1|RTG2
GPH1,SAM4,0,-1,-4.092837595794778,True,2.0,1.014,1.004,1.0021,0.0757,0.32465,-0.01595,-0.01595600000000008,0.0,0.010000000000000009,0.05749031716303524,0.5,0.0,False,False,GPH1|SAM4
GPH1,SET2,0,-1,-5.48229060520559,True,2.0,1.014,0.91,0.8828,0.0433,0.2402533,-0.039900000000000005,-0.039939999999999976,0.09389999999999998,0.01537999999999995,0.5465167683780301,1.0,1.0,False,False,GPH1|SET2
GPH1,SGS1,0,-1,-5.745337570066023,True,2.0,1.014,0.8638,0.8058000000000001,0.0934,0.1097,-0.0701,-0.07009320000000002,0.1502,0.024186400000000052,0.8175006282696764,1.0,1.0,False,False,GPH1|SGS1
GPH1,SNF5,0,-1,-5.827629882123692,True,1.0,1.014,0.2545,0.2916,0.0658,0.3237,0.0335,0.03353700000000004,0.6852999999999999,-0.06707400000000019,-0.2189380240903665,1.0,1.0,False,False,GPH1|SNF5
GPH1,STP2,0,-1,-5.696910398362714,True,2.0,1.014,1.0357,1.06285,0.0134,0.12146,0.01265,0.012650199999999834,0.021700000000000053,0.0,0.05395756984772443,0.0,0.0,False,False,GPH1|STP2
GPH1,SWI3,0,-1,-7.672882874758781,True,1.0,1.014,0.2695,0.2705,0.0352,0.4649,-0.0028,-0.0027730000000000254,0.7425,0.005546000000000162,0.018178180685481965,1.0,1.0,False,False,GPH1|SWI3
GPH1,SWI6,0,-1,-6.738930124263278,True,1.0,1.014,0.403,0.122,0.0229,1.241e-23,-0.2866,-0.286642,0.611,0.01128399999999985,1.9652899634395653,1.0,1.0,False,False,GPH1|SWI6
GPH1,UBR2,0,-1,-5.710304195092227,True,2.0,1.014,0.91,0.94195,0.0271,0.25122,0.019200000000000002,0.01920999999999995,0.040100000000000136,-0.0384199999999999,-0.26285896646324325,0.0,0.0,False,False,GPH1|UBR2
GPH1,YDR306C,0,-1,-6.236964268269281,True,2.0,1.014,1.0095,1.03045,0.0292,0.43365,0.0068000000000000005,0.006816999999999962,-0.0044999999999999485,0.0,-0.01039782480066036,0.0,1.0,False,False,GPH1|YDR306C
GPH1,YKU80,0,-1,-7.853024044116124,True,1.0,1.014,1.0132,0.9505,0.1,0.2,-0.0769,-0.07688480000000009,0.0007999999999999119,0.0015999999999998238,0.01975143807018119,1.0,1.0,False,False,GPH1|YKU80
GTR1,OPI3,0,1,3.4315930532101366,True,1.0,0.8087,0.412,0.299,0.0331,0.1578,-0.0342,-0.034184400000000004,0.39670000000000005,5.551115123125783e-17,-0.10954907807932991,1.0,1.0,False,False,GTR1|OPI3
GTR1,PHO23,0,-1,-2.862326447652824,True,2.0,0.8087,0.8772,0.81105,0.0517,0.190950000000002,0.10165,0.10165836,0.0,0.0685,-0.21268469556662653,0.5,1.0,False,False,GTR1|PHO23
HAP4,INO4,0,-1,-3.921737586966751,True,2.0,0.8635,0.6017,0.5473,0.4041,0.3942,0.02775,0.027732050000000008,0.26180000000000003,0.0,0.11058438632913734,0.0,1.0,False,False,HAP4|INO4
HAP4,IPK1,0,-1,-3.897780686776659,True,2.0,0.8635,0.837,0.6812,0.0442,0.251315,-0.041600000000000005,-0.04154950000000002,0.02650000000000008,0.0,-0.0353990778799711,0.0,1.0,False,False,HAP4|IPK1
HAP4,IRE1,0,-1,-5.638884721025919,True,2.0,0.8635,0.9783,0.8626,0.0733,0.37515,0.0178,0.017837949999999936,-0.1139,0.0008999999999999009,-0.0150710493904522,0.5,1.0,False,False,HAP4|IRE1
HAP4,KSP1,0,-1,-4.145045043557246,True,2.0,0.8635,0.9807,0.73465,0.0964,0.13976000000000002,-0.11224999999999999,-0.11218444999999999,-0.11719999999999997,0.0,0.029121706195224237,0.0,1.0,False,False,HAP4|KSP1
HAP4,SGS1,0,-1,-4.2227795672426165,True,2.0,0.8635,0.8638,0.75815,0.0273,0.339,0.01225,0.012258699999999956,-0.00029999999999996696,0.0,-0.00013303009020349755,0.0,1.0,False,False,HAP4|SGS1
HAP4,SNF5,0,-1,-4.262985688681688,True,2.0,0.8635,0.2545,0.22225,0.0359,0.138975,0.002449999999999999,0.0024892499999999845,0.6090000000000001,0.0,0.012754784808155006,0.0,0.0,False,False,HAP4|SNF5
HAP4,SWI3,0,-1,-6.1847536724339385,True,1.0,0.8635,0.2695,0.2582,0.0124,0.05844,0.0255,0.025486749999999947,0.5940000000000001,1.1102230246251565e-16,0.1299003480155445,1.0,1.0,False,False,HAP4|SWI3
HAP4,SWI6,0,-1,-5.235077496011716,True,1.0,0.8635,0.403,0.329,0.0495,0.3958,-0.019,-0.01899050000000002,0.46049999999999996,-1.1102230246251565e-16,-0.09107743855696564,1.0,1.0,False,False,HAP4|SWI6
HAP5,NAM7,0,-1,-1.2621542634079712,True,2.0,0.8255,0.9925,0.7983,0.0222,0.240775,-0.021,-0.02100875000000002,-0.16700000000000004,0.0,-0.049620091239647904,0.0,1.0,False,False,HAP5|NAM7
HAP5,SWI6,0,-1,-0.3793135757125966,True,1.0,0.8255,0.403,0.3414,0.0777,0.4657,0.0087,0.00872349999999994,0.4225,0.0,0.031688012737111027,0.0,1.0,False,False,HAP5|SWI6
HOS4,PUS9,0,-1,1.7891713995636795,True,1.0,0.96,1.0005,0.9759,0.0518,0.411,0.0154,0.0154200000000001,-0.00869999999999993,0.0308400000000002,0.1535227160210815,1.0,1.0,False,False,HOS4|PUS9
INO4,NAM7,0,-1,-2.0563980660724903,True,2.0,0.6017,0.9925,0.6077,0.0435,0.353,0.010499999999999999,0.01051274999999996,-0.36760000000000004,0.0232,-0.004859686638170371,0.5,0.0,False,False,INO4|NAM7
INO4,OPI3,0,1,4.088291672102737,True,1.0,0.6017,0.412,0.1702,0.0885,0.1354,-0.0777,-0.0777004,0.1897,0.0,-0.060858686973787934,0.0,1.0,False,False,INO4|OPI3
INO4,RAS2,0,1,1.4588660020769753,True,2.0,0.6017,1.0085,0.6372,0.4693,0.38965000000000005,0.0304,0.030385549999999983,-0.3358,0.06077109999999997,0.1755136005205172,1.0,1.0,False,False,INO4|RAS2
INO4,RPN4,0,1,2.101284547489809,True,2.0,0.6017,0.7663,0.31955,0.1988,0.2136500000875,-0.14155,-0.14153271,-0.16459999999999997,0.0,0.22927958493213507,0.0,1.0,False,False,INO4|RPN4
INO4,SAM4,0,1,1.3150624332473244,True,1.0,0.6017,1.004,0.6075,0.1964,0.4927,0.0034,0.003393199999999985,-0.39069999999999994,0.00678639999999997,0.013781632707166556,1.0,1.0,False,False,INO4|SAM4
INO4,STP3,0,1,0.9043194902347343,True,2.0,0.6017,0.9872,0.6169,0.6444,0.3103,0.0229,0.022901759999999993,-0.3104,0.07509999999999994,-0.05343837236497749,0.5,0.0,False,False,INO4|STP3
INO4,YVH1,0,1,1.761467680619559,True,1.0,0.6017,1.013,0.6274,0.2235,0.4649,0.0179,0.017877900000000002,-0.3599,0.035755800000000004,0.13126772019426947,1.0,1.0,False,False,INO4|YVH1
IPK1,PHO23,0,-1,-2.3417757209096948,True,2.0,0.837,0.8772,0.6176999999999999,0.0631,0.0997425,-0.11649999999999999,-0.11651640000000002,-0.040200000000000014,0.0,0.16055097782372638,0.0,1.0,False,False,IPK1|PHO23
IPK1,SAM4,0,1,1.2147134426093669,True,2.0,0.837,1.004,0.80945,0.0292,0.140735,-0.0309,-0.03089799999999998,-0.16700000000000004,-0.006696000000000035,-0.2223782560883453,1.0,1.0,False,False,IPK1|SAM4
JHD2,YOR338W,0,1,1.7101646486222597,True,1.0,1.0122,0.9912,0.9851,0.0214,0.2799,-0.0182,-0.018192639999999982,0.02100000000000002,0.024185279999999976,0.14590552205138999,1.0,1.0,False,False,JHD2|YOR338W
KKQ8,NAM7,0,-1,-0.9488283990806964,True,2.0,1.0112,0.9925,0.9819,0.0368,0.2977,-0.02175,-0.021716000000000013,0.01870000000000005,0.02223200000000003,0.15635383063233424,1.0,1.0,False,False,KKQ8|NAM7
KSP1,OPI3,0,-1,4.238688372403296,True,1.0,0.9807,0.412,0.4092,0.0203,0.41,0.0052,0.005151600000000034,0.5687,0.0,0.0259148047951223,0.0,1.0,False,False,KSP1|OPI3
KSP1,YOR338W,0,1,3.46185585833446,True,2.0,0.9807,0.9912,1.02205,0.0812,0.19354,0.05005,0.049980159999999996,0.010499999999999954,0.020999999999999908,0.16516787994869686,1.0,1.0,False,False,KSP1|YOR338W
KTI12,RPN13,0,-1,-0.8035087503040386,True,1.0,0.838,1.0317,0.8755,0.0439,0.4162,0.0109,0.010935399999999929,-0.11870000000000014,0.021870799999999857,0.1605367591310095,1.0,1.0,False,False,KTI12|RPN13
MSH1,YOR338W,0,1,2.914060765295148,True,1.0,1.0235,0.9912,1.0077,0.0454,0.4465,-0.0068,-0.006793199999999944,-0.0007000000000000339,0.013586399999999887,0.07549608386852562,1.0,1.0,False,False,MSH1|YOR338W
NAM7,NPR2,0,1,1.641800549977432,True,1.0,0.9925,,0.9505,0.0178,0.04846,-0.042,,0.0,0.0,0.0,0.0,0.0,False,True,NAM7|NPR2
NAM7,OPI3,0,-1,6.090952042401231,True,1.0,0.9925,0.412,0.3604,0.0157,0.009544,-0.0485,-0.04851,0.5805000000000001,1.1102230246251565e-16,-0.06041988551488792,1.0,1.0,False,False,NAM7|OPI3
NAM7,REV3,0,1,1.3159178644994594,True,2.0,0.9925,0.9985,1.0044499999999998,0.0282,0.35455,0.01345,0.013438749999999833,0.006000000000000005,0.01200000000000001,0.031373095754163194,1.0,1.0,False,False,NAM7|REV3
NUP133,RPN4,0,1,3.151530401213136,True,2.0,0.8825,0.7663,0.84605,0.1,0.0076228065,0.16975,0.1697902500000001,-0.043300000000000116,-0.1595000000000001,0.5287490288517964,1.0,1.0,False,False,NUP133|RPN4
NUP133,UBP6,0,1,2.1369398924767484,True,2.0,0.8825,0.7638,0.7378,0.1262,0.10388,0.0638,0.06374650000000004,0.03859999999999997,-0.08009999999999995,0.20103756311467497,0.5,0.0,False,False,NUP133|UBP6
OPI3,PBA1,0,1,-5.067077646600483,True,1.0,0.412,1.012,0.4785,0.0846,0.1122,0.0616,0.061556,-0.4670000000000001,0.12311199999999989,0.3833122414160689,1.0,1.0,False,False,OPI3|PBA1
OPI3,PHO23,0,-1,-6.172196685516196,True,1.0,0.412,0.8772,0.3437,0.0567,0.3385,-0.0177,-0.017706399999999956,-0.4652,5.551115123125783e-17,0.09378730802568154,1.0,1.0,False,False,OPI3|PHO23
OPI3,PIH1,0,-1,-5.5425532933393455,True,1.0,0.412,0.9017,0.3646,0.0387,0.4225,-0.0069,-0.006900399999999973,-0.4896999999999999,5.551115123125783e-17,0.04411763482338902,1.0,1.0,False,False,OPI3|PIH1
OPI3,RCE1,0,1,-4.090263205089997,True,1.0,0.412,0.9887,0.4257,0.0248,0.2575,0.0183,0.018355600000000027,-0.5492999999999999,0.02740000000000009,-0.047942693599822894,1.0,1.0,False,False,OPI3|RCE1
OPI3,RIC1,0,-1,-4.922483786651565,True,1.0,0.412,0.743,0.2614,0.0564,0.1457,-0.0447,-0.04471599999999998,-0.331,0.0,0.09214499337210572,0.0,1.0,False,False,OPI3|RIC1
OPI3,RPN4,0,1,-2.0138741832748743,True,1.0,0.412,0.7663,0.0575,0.0461,1.354e-30,-0.2582,-0.2582156,-0.3543,0.0,0.6205499251588912,0.0,1.0,False,False,OPI3|RPN4
OPI3,RPS0B,0,-1,-4.337757012107056,True,1.0,0.412,0.5393,0.1552,0.049,0.03307,-0.067,-0.06699159999999998,-0.12730000000000002,0.0,0.030606382501603704,0.0,1.0,False,False,OPI3|RPS0B
OPI3,SAM4,0,1,-2.700495935351157,True,1.0,0.412,1.004,0.4366,0.0262,0.248,0.0229,0.022952000000000028,-0.5428,0.045904000000000056,0.0752434594540543,1.0,1.0,False,False,OPI3|SAM4
OPI3,SNF5,0,-1,-4.510781872531054,True,1.0,0.412,0.2545,0.1227,0.0284,0.2803,0.0179,0.017846,0.1575,2.7755575615628914e-17,0.006301360919178332,1.0,1.0,False,False,OPI3|SNF5
OPI3,STP2,0,1,-4.304420450140037,True,1.0,0.412,1.0357,0.4498,0.0211,0.1619,0.0231,0.02309159999999999,-0.5481,0.04618319999999998,0.257395201104579,1.0,1.0,False,False,OPI3|STP2
OPI3,SWI6,0,1,-5.334641880642367,True,1.0,0.412,0.403,0.1507,0.0612,0.4045,-0.0153,-0.015335999999999989,0.008999999999999952,0.0,-0.0003848879022144467,0.0,1.0,False,False,OPI3|SWI6
OPI3,UBP15,0,-1,-3.488741039085477,True,1.0,0.412,0.8862,0.3014,0.0645,0.04772,-0.0637,-0.06371439999999995,-0.4742,0.0,0.36170758729621466,0.0,1.0,False,False,OPI3|UBP15
OPI3,UBX3,0,1,-4.080002948090817,True,1.0,0.412,0.9727,0.4085,0.0073,0.2431,0.0078,0.007747599999999966,-0.5607,0.0,-0.05209269233289343,0.0,1.0,False,False,OPI3|UBX3
OPI3,UFD4,0,1,-4.145948043076279,True,1.0,0.412,1.0028,0.3965,0.0165,0.2116,-0.0167,-0.016653599999999935,-0.5907999999999999,-0.0023071999999999537,-0.04671284775803962,1.0,1.0,False,False,OPI3|UFD4
OPI3,VPS27,0,1,-4.769669490850514,True,1.0,0.412,0.757,0.2744,0.0359,0.1537,-0.0375,-0.03748400000000002,-0.34500000000000003,0.0,0.08469894350661142,0.0,1.0,False,False,OPI3|VPS27
OPI3,YAP1,0,1,-2.700010400164982,True,1.0,0.412,0.966,0.3659,0.0324,0.1704,-0.0321,-0.032091999999999954,-0.554,0.0,0.2442621566653746,0.0,1.0,False,False,OPI3|YAP1
PHO23,PUS9,0,1,2.7326113687129228,True,1.0,0.8772,1.0005,0.8099,0.0572,0.2053,-0.0678,-0.06773859999999998,-0.12329999999999997,-0.0008771999999999114,-0.4867190495289606,1.0,1.0,False,False,PHO23|PUS9
PPG1,YOR338W,0,1,4.849422931506152,True,2.0,0.936,0.9912,0.9444,0.0596,0.3919,0.0166,0.016636800000000007,-0.03839999999999999,0.016799999999999926,0.10462234228228612,1.0,1.0,False,False,PPG1|YOR338W
PTP3,RTF1,0,-1,-1.9631052509278104,True,2.0,1.0545,0.5465,0.6456999999999999,0.0253,0.18918047500000001,0.0694,0.06941575000000005,0.3096,-0.1388315000000001,-0.8428162321208497,1.0,1.0,False,False,PTP3|RTF1
PTP3,SNF5,0,-1,-1.9797878783478964,True,2.0,1.0545,0.2545,0.29545,0.0629,0.3349,0.0271,0.02707975000000004,0.7181,-0.05415950000000008,-0.3059566651037562,0.0,0.0,False,False,PTP3|SNF5
PTP3,SWI3,0,-1,-3.5723200335944787,True,1.0,1.0545,0.2695,0.283,0.0125,0.4718,-0.0012,-0.001187750000000043,0.7580000000000001,0.002375500000000197,0.01345189067220257,1.0,1.0,False,False,PTP3|SWI3
RAD27,YOR338W,0,1,3.196248982731659,True,1.0,0.8165,0.9912,0.8282,0.0316,0.3293,0.0189,0.018885200000000046,-0.15129999999999988,0.023400000000000087,0.031325052736671126,1.0,1.0,False,False,RAD27|YOR338W
RAS2,SAM4,0,-1,-0.2972651677870166,True,2.0,1.0085,1.004,1.0699,0.0209,0.024023,0.05739999999999999,0.05736599999999992,-0.0044999999999999485,0.0,-0.09836403642212116,0.0,1.0,False,False,RAS2|SAM4
RAS2,YVH1,0,-1,-0.0066500033060795,True,1.0,1.0085,1.013,1.1053,0.0586,0.1425,0.0837,0.0836895000000002,0.0044999999999999485,0.0,0.13107768788494248,0.0,1.0,False,False,RAS2|YVH1
RCY1,YOR338W,0,1,5.888119108379333,True,1.0,0.2265,0.9912,0.3525,0.0898,0.1058,0.128,0.12799319999999997,-0.5127,0.2519999999999999,-0.27221532871684867,1.0,1.0,False,False,RCY1|YOR338W
RPN13,YVH1,0,1,2.58240809688984,True,1.0,1.0317,1.013,1.1211,0.0934,0.2775,0.076,0.07598790000000011,-0.01870000000000016,0.0,-0.3171558871006335,0.0,1.0,False,False,RPN13|YVH1
RPN4,SWI6,0,-1,-3.3131168700247624,True,1.0,0.7663,0.403,0.4013,0.024,0.003982,0.0925,0.09248109999999998,0.36329999999999996,0.0,0.22457379841058328,0.0,1.0,False,False,RPN4|SWI6
RPN4,YAP1,0,1,-0.6100598627045272,True,2.0,0.7663,0.966,0.7435499999999999,0.0313,0.39375000000000004,0.00335,0.003304200000000035,-0.1997,0.0,-0.01720855738909438,0.0,0.0,False,False,RPN4|YAP1
RPS0B,RTF1,0,-1,-0.293916286569669,True,2.0,0.5393,0.5465,0.31965,0.0597,0.20548244999999998,0.024900000000000002,0.024922550000000016,-0.007199999999999984,0.0,-0.0008286448151735601,0.0,0.0,False,False,RPS0B|RTF1
SAM4,SWI3,0,-1,-3.5687696674856952,True,1.0,1.004,0.2695,0.2716,0.011,0.4748,0.001,0.0010219999999999674,0.7303,-0.0020440000000000458,-0.0030173192280842573,1.0,1.0,False,False,SAM4|SWI3
SET2,SWI6,0,-1,-1.269227096089861,True,1.0,0.91,0.403,0.3506,0.2128,0.4639,-0.0161,-0.016130000000000033,0.507,1.1102230246251565e-16,-0.1101226030280343,1.0,1.0,False,False,SET2|SWI6
UBR2,YAP1,0,1,1.60655923714367,True,1.0,0.91,0.966,1.027,0.0353,0.0005906,0.148,0.14793999999999996,0.05599999999999994,0.11199999999999988,-0.1197152883861114,1.0,1.0,False,False,UBR2|YAP1
YAP1,YVH1,0,-1,0.4958451467468664,True,1.0,0.966,1.013,0.9219,0.0949,0.3295,-0.0567,-0.056657999999999875,-0.04699999999999993,-0.025115999999999916,-0.8028732816936129,1.0,1.0,False,False,YAP1|YVH1
YDR306C,YOR338W,0,1,4.174660088810665,True,2.0,1.0095,0.9912,1.0219,0.0218,0.27005,0.0213,0.02128360000000007,-0.014000000000000123,-0.013467200000000235,-0.15072705278726686,1.0,1.0,False,False,YDR306C|YOR338W
AIM1,RPD3,1,-1,-1.0625242968848825,True,1.0,0.9525,,0.9412,0.0144,0.3073,-0.0113,,0.0,0.0,0.0,0.0,0.0,False,True,AIM1|RPD3
ASC1,CDC40,1,-1,-1.358661553450145,True,1.0,0.6085,0.4765,0.3078,0.0725,0.38,0.0179,0.017849749999999998,0.13200000000000006,0.0,0.011072790863678284,0.0,1.0,False,False,ASC1|CDC40
ASC1,CMK2,1,1,3.1547775715174704,True,2.0,0.6085,1.0165,0.6044499999999999,0.0629,0.14995,-0.0141,-0.014090250000000026,-0.3709,0.017019499999999965,-0.11927578091849303,0.0,0.0,False,False,ASC1|CMK2
ASC1,IES1,1,-1,-2.1646518524451945,True,2.0,0.6085,0.758,0.4599,0.0549,1.0,0.0446,-0.0013430000000000109,-0.14949999999999997,0.0,0.0019470418301108933,0.0,0.0,True,False,ASC1|IES1
ASC1,IES5,1,1,-0.235622406299071,True,2.0,0.6085,0.7452,0.4381,0.0907,0.26185,-0.015399999999999999,-0.01535420000000004,-0.13669999999999993,0.0,0.019435944506044384,0.0,0.0,False,False,ASC1|IES5
ASC1,SLX5,1,-1,-3.631354124347211,True,2.0,0.6085,0.5473,0.37570000000000003,0.0698,0.15366849999999999,0.04265,0.04266794999999998,0.06120000000000003,0.0,0.014120460126232432,0.0,0.0,False,False,ASC1|SLX5
ASC1,TEC1,1,1,1.5758117525253723,True,2.0,0.6085,1.0463,0.67325,0.054,0.24455,0.03655,0.03657644999999998,-0.3083,0.07315289999999997,0.45661322380404884,1.0,1.0,False,False,ASC1|TEC1
ASC1,YIL014C-A,1,1,2.1901966395966666,True,2.0,0.6085,0.9838,0.56385,0.051,0.28965,-0.0348,-0.03479230000000011,-0.37529999999999997,0.0,-0.029422550641949465,0.0,1.0,False,False,ASC1|YIL014C-A
ASE1,RAD6,1,-1,-2.180677780070744,True,1.0,0.928,0.3575,0.3456,0.0314,0.3506,0.0139,0.013840000000000019,0.5705,-1.1102230246251565e-16,0.10827126952634152,1.0,1.0,False,False,ASE1|RAD6
ASE1,SLX5,1,-1,-3.717839481888102,True,1.0,0.928,0.5473,0.5445,0.0368,0.2447,0.0366,0.036605599999999905,0.38070000000000004,0.0,0.2631127594521221,0.0,1.0,False,False,ASE1|SLX5
CDC40,CLB2,1,1,1.4677765994793217,True,1.0,0.4765,1.0333,0.4451,0.0481,0.1532,-0.0472,-0.047267450000000044,-0.5568000000000001,-0.03173490000000012,-0.5256218630126216,1.0,1.0,False,False,CDC40|CLB2
CDC40,CMK2,1,1,4.522111363696852,True,1.0,0.4765,1.0165,0.4864,0.0217,0.4723,0.002,0.0020377500000000603,-0.5202,0.00407550000000001,0.015985732402376173,1.0,1.0,False,False,CDC40|CMK2
CDC40,ISW2,1,1,-1.1616671375300454,True,1.0,0.4765,0.9755,0.4435,0.0699,0.3632,-0.0214,-0.021325749999999977,-0.49900000000000005,5.551115123125783e-17,0.12816001599999932,1.0,1.0,False,False,CDC40|ISW2
CDC40,TEC1,1,1,2.964634167381086,True,1.0,0.4765,1.0463,0.5081,0.0149,0.3251,0.0095,0.00953805000000002,-0.5065999999999999,0.01907610000000004,0.11315437620792623,1.0,1.0,False,False,CDC40|TEC1
CDC40,YIL014C-A,1,1,3.5427161141979924,True,1.0,0.4765,0.9726,0.4615,0.0189,0.4668,-0.002,-0.001943899999999943,-0.49610000000000004,-5.551115123125783e-17,0.01270503235338275,1.0,1.0,False,False,CDC40|YIL014C-A
CKB2,MUM2,1,1,2.772010579840431,True,2.0,0.8242,0.9477,0.81435,0.0401,0.261675,0.03325,0.03325566000000002,-0.09929999999999994,0.0242,-0.1572098505146641,0.5,0.0,False,False,CKB2|MUM2
CKB2,SAM3,1,1,5.663769869184213,True,2.0,0.8242,1.016,0.83935,0.0276,0.3812,0.00195,0.0019627999999999313,-0.16149999999999998,0.0039255999999998625,0.021724465976125172,0.0,0.0,False,False,CKB2|SAM3
CLB2,SPT21,1,-1,-1.7699519610057486,True,1.0,1.0333,0.6195,0.6547,0.042,0.3772,0.0146,0.014570649999999796,0.34340000000000026,-0.029141299999999593,-0.17208992443914978,1.0,1.0,False,False,CLB2|SPT21
CMK2,ELF1,1,-1,-5.992893482285936,True,2.0,1.0165,0.9507,0.99425,0.0165,0.07032,0.02785,0.027863450000000012,-0.021299999999999986,-0.055726900000000024,-0.4444457212924732,1.0,1.0,False,False,CMK2|ELF1
CMK2,HUR1,1,-1,-6.677994208652236,True,2.0,1.0165,0.6418,0.6375,0.0124,0.244315,-0.01485,-0.01488969999999995,0.3621,0.008579399999999904,0.12939483880524516,0.0,0.0,False,False,CMK2|HUR1
CMK2,IRC3,1,-1,-4.142547939556969,True,2.0,1.0165,0.9495,0.9823500000000001,0.0321,0.22670033905,0.01725,0.01718325000000004,0.0012999999999999678,-0.03436650000000008,-0.27409602019409185,0.0,0.0,False,False,CMK2|IRC3
CMK2,KIN3,1,-1,-3.5740552634254024,True,2.0,1.0165,0.9333,0.9583999999999999,0.0205,0.2617,0.0097,0.009700549999999974,0.03300000000000003,-0.01940109999999995,-0.15084839787336363,0.0,0.0,False,False,CMK2|KIN3
CMK2,MMS22,1,-1,-4.928657657171072,True,2.0,1.0165,0.607,0.63475,0.03,0.23632,0.01775,0.017734500000000097,0.35399999999999987,-0.035469000000000195,-0.14996013498444835,1.0,1.0,False,False,CMK2|MMS22
CMK2,PTC1,1,-1,-5.901428217510652,True,2.0,1.0165,0.607,0.6294,0.0498,0.39205,0.0124,0.012384500000000076,0.3646999999999999,-0.024769000000000152,-0.10472137876539524,1.0,1.0,False,False,CMK2|PTC1
CMK2,RAD6,1,-1,-5.210011647261731,True,1.0,1.0165,0.3575,0.3333,0.0113,0.02327,-0.0301,-0.030098750000000007,0.659,0.011797500000000127,0.2257073746644003,1.0,1.0,False,False,CMK2|RAD6
CMK2,RNY1,1,-1,-0.6860531116365991,True,1.0,1.0165,1.0328,1.0527,0.0057,0.3843,0.0028,0.00285880000000005,0.01629999999999998,0.0,0.009207696649008779,0.0,1.0,False,False,CMK2|RNY1
CMK2,SLX5,1,-1,-6.754972501349278,True,1.0,1.0165,0.5473,0.5923,0.0403,0.2678,0.036,0.03596955000000002,0.37919999999999987,-0.07193910000000003,-0.29258317041535803,1.0,1.0,False,False,CMK2|SLX5
CMK2,VPS36,1,-1,-3.4268337809367595,True,1.0,1.0165,0.404,0.3773,0.0182,0.07021,-0.0333,-0.03336600000000001,0.6125,0.013332000000000122,0.2541811993844802,1.0,1.0,False,False,CMK2|VPS36
CMK2,VPS4,1,-1,-5.0684903937506345,True,2.0,1.0165,0.6287,0.6216,0.0345,0.30655,-0.01745,-0.01747354999999995,0.3877999999999999,0.020747099999999907,0.15022212195001133,1.0,1.0,False,False,CMK2|VPS4
CMK2,YCK3,1,-1,-6.261804294536986,True,2.0,1.0165,0.9147,0.9317,0.0374,0.4162,0.0019000000000000002,0.0019074500000000882,0.06779999999999986,-0.0038149000000001765,-0.027996051699456417,0.0,0.0,False,False,CMK2|YCK3
CMK2,YPT6,1,-1,-5.929574291885318,True,2.0,1.0165,0.6627,0.6758500000000001,0.0352,0.41859999999999997,0.00225,0.002215450000000063,0.3274999999999999,-0.004430900000000126,-0.01961297621959132,0.0,0.0,False,False,CMK2|YPT6
CTI6,YIL014C-A,1,1,4.802500264301374,True,1.0,1.0357,0.9726,1.032,0.0595,0.3509,0.0248,0.024678179999999994,-0.05569999999999997,-0.04935635999999999,-0.4414193369218456,1.0,1.0,False,False,CTI6|YIL014C-A
DOA1,HUR1,1,-1,-2.6687358631837097,True,2.0,0.9183,0.6418,0.4998,0.1264,0.09232499999999999,-0.08960000000000001,-0.08956494000000004,0.27649999999999997,0.0,-0.5522895179898276,0.0,1.0,False,False,DOA1|HUR1
DOA1,RPD3,1,-1,-2.7540150609180305,True,1.0,0.9183,,0.8946,0.0879,0.3755,-0.0237,,0.0,0.0,0.0,0.0,0.0,False,True,DOA1|RPD3
DOA1,TEC1,1,1,2.4465934737724906,True,2.0,0.9183,1.0463,0.96565,0.0275,0.0510156,0.004750000000000001,0.004832709999999962,-0.033299999999999996,0.009665419999999925,0.09121864831616527,0.0,0.0,False,False,DOA1|TEC1
DOA1,YPT6,1,-1,-1.9345018902403424,True,2.0,0.9183,0.6627,0.66615,0.0563,0.14068999999999998,0.0576,0.057592590000000055,0.23629999999999995,-0.019300000000000095,0.3457723657248065,0.5,1.0,False,False,DOA1|YPT6
ELF1,YHR033W,1,1,5.078565459976528,True,2.0,0.9507,0.982,0.89405,0.0706,0.2626,-0.03955,-0.039537399999999945,-0.031299999999999994,0.0,-0.14332578358532927,0.0,1.0,False,False,ELF1|YHR033W
ELF1,YIL014C-A,1,1,4.981936648275274,True,2.0,0.9507,0.9838,0.96285,0.0473,0.2989,0.0276,0.02755133999999998,-0.00880000000000003,0.02429999999999999,0.13597124682618247,1.0,1.0,False,False,ELF1|YIL014C-A
HMO1,SLX5,1,-1,-3.209667373938832,True,1.0,0.497,0.5473,0.278,0.0475,0.4548,0.006,0.0059918999999999945,-0.05030000000000001,0.0,-0.001280629542000776,0.0,1.0,False,False,HMO1|SLX5
HMO1,TEC1,1,1,1.9576246540998845,True,1.0,0.497,1.0463,0.5744,0.0343,0.0695,0.0544,0.05438890000000007,-0.39449999999999996,0.10877780000000015,0.649356617318777,1.0,1.0,False,False,HMO1|TEC1
HMO1,YHR033W,1,1,2.606603996151128,True,1.0,0.497,0.982,0.4967,0.0183,0.3767,0.0087,0.008645999999999987,-0.485,0.0,-0.03808838095290255,0.0,1.0,False,False,HMO1|YHR033W
HOG1,SAP30,1,-1,-1.3691414357249667,True,2.0,0.9585,0.8898,0.8701,0.0418,0.23355,0.0172,0.017226699999999928,0.05840000000000001,-0.010299999999999976,0.03968406246062415,0.5,0.0,False,False,HOG1|SAP30
HOS3,SAP30,1,-1,-0.6788415412856318,True,2.0,1.01,0.8898,0.92795,0.0137,0.01787,0.02925,0.029252,0.04390000000000005,-0.058504,-0.33263618144047274,1.0,1.0,False,False,HOS3|SAP30
HUR1,RNY1,1,1,6.007951010626464,True,1.0,0.6418,1.0328,0.7256,0.0213,0.01299,0.0627,0.06274896000000008,-0.22339999999999993,0.12549792000000015,0.7474060285111114,1.0,1.0,False,False,HUR1|RNY1
IES5,PAT1,1,-1,-1.5422581017139405,True,2.0,0.7452,0.893,0.71775,0.0444,0.132295,0.052349999999999994,0.052286400000000066,-0.14780000000000004,0.0,-0.2034817906814772,0.0,1.0,False,False,IES5|PAT1
IES5,RAD6,1,-1,-1.894763144639308,True,1.0,0.7452,0.3575,0.1529,0.0432,4.772e-09,-0.1135,-0.11350899999999994,0.38769999999999993,-5.551115123125783e-17,-0.25336031214113836,1.0,1.0,False,False,IES5|RAD6
IES5,RXT2,1,-1,-3.3286619425112227,True,2.0,0.7452,0.8593,0.5654,0.0415,0.1263175,-0.0749,-0.07495035999999988,-0.11409999999999998,0.0,0.1897208507561994,0.0,1.0,False,False,IES5|RXT2
IES5,RXT3,1,-1,-3.366539834778703,True,2.0,0.7452,0.9455,0.65185,0.0897,0.22975,-0.052750000000000005,-0.05273659999999991,-0.20030000000000003,0.0,0.32611564615262684,0.0,1.0,False,False,IES5|RXT3
IRC3,YIL014C-A,1,1,3.220268747663311,True,2.0,0.9495,0.9838,0.94445,0.0286,0.35219999999999996,0.010350000000000002,0.010331900000000005,-0.0343,0.0,0.00799835947946709,0.0,0.0,False,False,IRC3|YIL014C-A
ISW2,ITC1,1,1,0.6983401545800371,True,2.0,0.9755,0.9947,1.001,0.0876,0.2595,0.03065,0.03067014999999995,0.019199999999999995,0.03839999999999999,0.1780753119916394,1.0,1.0,False,False,ISW2|ITC1
ISW2,YHR033W,1,1,4.785915943905602,True,2.0,0.9755,0.982,0.9701500000000001,0.0402,0.351,0.01225,0.01220899999999997,0.0,0.00649999999999995,0.018663297908671626,0.5,0.0,False,False,ISW2|YHR033W
ISW2,YIL014C-A,1,1,4.681697096935855,True,1.0,0.9755,0.9726,1.0202,0.0513,0.1248,0.0715,0.0714286999999999,-0.0029000000000000137,-0.005800000000000027,-0.03758647392723906,1.0,1.0,False,False,ISW2|YIL014C-A
ITC1,TEC1,1,1,3.344036858345606,True,2.0,0.9947,1.0463,1.018,0.0313,0.28875,-0.0228,-0.02275461000000001,-0.0050000000000000044,-0.04550922000000002,-0.2745790480044543,1.0,1.0,False,False,ITC1|TEC1
ITC1,YHR033W,1,1,4.008937778454671,True,2.0,0.9947,0.982,0.9941500000000001,0.1106,0.39225,0.01735,0.017354600000000053,-0.00880000000000003,-0.021500000000000075,-0.07423418567166337,1.0,1.0,False,False,ITC1|YHR033W
ITC1,YIL014C-A,1,1,3.939192734056499,True,2.0,0.9947,0.9838,0.9933,0.0278,0.2439,0.0147,0.014714139999999931,-0.011199999999999988,-0.02210000000000001,-0.10132133505735462,0.5,1.0,False,False,ITC1|YIL014C-A
KIN3,RAD6,1,-1,-1.638310749991485,True,1.0,0.9333,0.3575,0.3545,0.0146,0.1363,0.0208,0.020845249999999982,0.5758,-1.1102230246251565e-16,0.16783770251038072,1.0,1.0,False,False,KIN3|RAD6
LOC1,TEC1,1,1,0.9610949523186086,True,1.0,0.324,1.0463,0.3474,0.0143,0.333,0.0084,0.008398799999999984,-0.6755000000000001,0.016797599999999968,0.09609705630293286,1.0,1.0,False,False,LOC1|TEC1
LOC1,YPT6,1,-1,-3.425192062059629,True,1.0,0.324,0.6627,0.2012,0.0327,0.3248,-0.0136,-0.013514799999999993,-0.33869999999999995,0.0,0.019322554732201826,0.0,1.0,False,False,LOC1|YPT6
MED1,YHR033W,1,1,4.250542064448497,True,2.0,0.7053,0.982,0.63125,0.0577,0.177155,-0.06135,-0.06135460000000004,-0.27669999999999995,0.0,0.18870232560990552,0.0,1.0,False,False,MED1|YHR033W
MED1,YIL014C-A,1,1,4.165584078344437,True,2.0,0.7053,0.9838,0.70385,0.0092,0.22210000000000002,0.01,0.009975859999999948,-0.26970000000000005,0.008799999999999919,-0.01143643997049925,0.5,0.0,False,False,MED1|YIL014C-A
MMS22,RNY1,1,1,4.287590026064425,True,1.0,0.607,1.0328,0.6293,0.039,0.4767,0.0024,0.0023904000000000147,-0.3812,0.0047808000000000295,0.02791190726406152,1.0,1.0,False,False,MMS22|RNY1
MMS22,YHR033W,1,1,4.082850389294728,True,2.0,0.607,0.982,0.6106,0.1344,0.36460000000000004,0.0145,0.014525999999999983,-0.3661,0.008900000000000019,-0.05621474209238174,0.5,1.0,False,False,MMS22|YHR033W
MSG5,PTC1,1,-1,-0.8652400077369649,True,2.0,0.9742,0.607,0.30255,0.0926,0.09195,-0.2888,-0.2887894,0.36719999999999997,-2.7755575615628914e-17,-1.630508598737903,0.5,1.0,False,False,MSG5|PTC1
MSH2,TEC1,1,1,3.674490453325207,True,2.0,0.9423,1.0463,0.97705,0.0394,0.3511,-0.0089,-0.008878490000000072,-0.034500000000000086,-0.017756980000000144,-0.1764050187747532,0.0,0.0,False,False,MSH2|TEC1
MSH2,YIL014C-A,1,1,4.307281991351706,True,2.0,0.9423,0.9838,0.91065,0.0567,0.32235,-0.016399999999999998,-0.01638474000000001,-0.04149999999999998,0.0,-0.029199033753101532,0.0,1.0,False,False,MSH2|YIL014C-A
PAT1,RNY1,1,1,4.275355802181688,True,1.0,0.893,1.0328,0.9095,0.0194,0.3267,-0.0128,-0.01279039999999998,-0.1068,-0.02558079999999996,-0.21543472754364007,1.0,1.0,False,False,PAT1|RNY1
PAT1,SLX5,1,-1,-1.7694438425201902,True,2.0,0.893,0.5473,0.41775,0.075,0.082195,-0.07105,-0.07098890000000002,0.3457,0.0,-0.38961934661875053,0.0,1.0,False,False,PAT1|SLX5
PAT1,YHR033W,1,1,4.074234416196703,True,2.0,0.893,0.982,0.8957999999999999,0.0433,0.2821,0.01885,0.018874000000000002,-0.07189999999999996,0.017100000000000004,0.02447699409646263,0.5,1.0,False,False,PAT1|YHR033W
PTC1,RNY1,1,1,5.273231873980636,True,1.0,0.607,1.0328,0.6509,0.034,0.2667,0.024,0.02399040000000008,-0.33799999999999986,0.04798080000000016,0.2801279367585925,1.0,1.0,False,False,PTC1|RNY1
PTC1,TEC1,1,1,4.338918682453208,True,1.0,0.607,1.0463,0.64,0.0223,0.4332,0.0049,0.004895900000000064,-0.37329999999999997,0.009791800000000128,0.06107398899744405,1.0,1.0,False,False,PTC1|TEC1
RAD6,RNY1,1,1,4.540757972275116,True,1.0,0.3575,1.0328,0.3616,0.0331,0.4026,-0.0076,-0.007625999999999966,-0.6671,-0.015252000000000043,-0.08174859265126978,1.0,1.0,False,False,RAD6|RNY1
RAD6,RTS1,1,1,-0.3725286774524851,True,1.0,0.3575,0.7465,0.1489,0.0185,7.471e-08,-0.118,-0.11797375000000002,-0.389,5.551115123125783e-17,0.2654415095651581,1.0,1.0,False,False,RAD6|RTS1
RAD6,VID28,1,1,1.7408057970826507,True,1.0,0.3575,0.966,0.3729,0.0084,0.008092,0.0276,0.02755500000000005,-0.5776999999999999,0.03080000000000005,-0.21362647679520508,1.0,1.0,False,False,RAD6|VID28
RAD6,YHR033W,1,1,4.320902080514748,True,1.0,0.3575,0.982,0.3658,0.0051,0.02689,0.0147,0.014735000000000054,-0.6078999999999999,0.01660000000000017,-0.07112417338999968,1.0,1.0,False,False,RAD6|YHR033W
RNY1,RPD3,1,-1,-6.0969345127990815,True,1.0,1.0328,,1.0374,0.0434,0.4649,0.0046,,0.0,0.0,0.0,0.0,0.0,False,True,RNY1|RPD3
RNY1,RXT2,1,-1,-6.044255625034755,True,1.0,1.0328,0.8593,0.8684,0.0625,0.3759,-0.0191,-0.019085039999999998,0.1553,0.038170079999999995,0.29549520515771016,1.0,1.0,False,False,RNY1|RXT2
RNY1,RXT3,1,-1,-6.059253274074388,True,1.0,1.0328,0.9455,0.9682,0.0427,0.4388,-0.0083,-0.008312399999999998,0.04190000000000005,0.016624799999999995,0.1590631895311912,1.0,1.0,False,False,RNY1|RXT3
RNY1,SAM3,1,1,-0.5378298416000783,True,1.0,1.0328,1.016,1.0302,0.0195,0.2339,-0.0192,-0.019124799999999942,-0.011600000000000055,0.005199999999999871,0.06439615979804693,1.0,1.0,False,False,RNY1|SAM3
RNY1,SAP30,1,-1,-5.012118935966027,True,1.0,1.0328,0.8898,0.8854,0.0194,0.09612,-0.0335,-0.033585439999999966,0.1429999999999999,0.05837087999999979,0.5608068453176114,1.0,1.0,False,False,RNY1|SAP30
RNY1,SLX5,1,-1,-6.064033286903385,True,1.0,1.0328,0.5473,0.5754,0.0303,0.3847,0.0102,0.010148560000000084,0.4292999999999999,-0.02029712000000017,-0.11523706327734991,1.0,1.0,False,False,RNY1|SLX5
RNY1,SPT21,1,-1,-4.059723119623136,True,1.0,1.0328,0.6195,0.6437,0.055,0.4713,0.0039,0.003880400000000006,0.3648999999999999,-0.007760800000000012,-0.04561868058910577,1.0,1.0,False,False,RNY1|SPT21
RNY1,URM1,1,-1,-3.67427451302496,True,1.0,1.0328,0.8645,0.8805,0.0107,0.2207,-0.0124,-0.012355600000000022,0.1363000000000001,0.024711200000000044,0.19359097062808578,1.0,1.0,False,False,RNY1|URM1
RNY1,YPT6,1,-1,-5.256354437628943,True,1.0,1.0328,0.6627,0.6634,0.01,0.07295,-0.021,-0.02103655999999987,0.3686999999999999,0.04207311999999974,0.25398793664951447,1.0,1.0,False,False,RNY1|YPT6
RPD3,TEC1,1,1,5.167467821220916,True,1.0,,1.0463,0.8712,0.0293,1.104e-06,-0.1751,,0.0,0.0,0.0,0.0,0.0,False,True,RPD3|TEC1
RPD3,TRM10,1,1,2.8454593646150204,True,1.0,,0.941,1.0207,0.0103,2.234e-08,0.0797,,0.0,0.0,0.0,0.0,0.0,False,True,RPD3|TRM10
RPD3,YIL014C-A,1,1,5.787755855015544,True,1.0,,0.9726,1.0205,0.1003,0.3195,0.048,,0.0,0.0,0.0,0.0,0.0,False,True,RPD3|YIL014C-A
RRP6,YHR033W,1,1,2.5559848505330427,True,1.0,0.3925,0.982,0.3489,0.052,0.23,-0.0365,-0.03653500000000004,-0.5894999999999999,1.1102230246251565e-16,0.17313654414522595,1.0,1.0,False,False,RRP6|YHR033W
RTS1,SAM3,1,1,4.385105964570598,True,1.0,0.7465,1.016,0.7402,0.0092,0.1018,-0.0182,-0.01824400000000015,-0.26949999999999996,-0.02388800000000013,-0.17518930916398184,1.0,1.0,False,False,RTS1|SAM3
RXT2,YIL014C-A,1,1,5.77100751532037,True,2.0,0.8593,0.9838,0.8559,0.0403,0.3125,0.01055,0.01052066000000007,-0.09789999999999999,0.026600000000000068,0.07733274876349668,0.5,1.0,False,False,RXT2|YIL014C-A
SAM3,SPT21,1,-1,-3.595579256244036,True,1.0,1.016,0.6195,0.617,0.0278,0.3602,-0.0124,-0.01241200000000009,0.39649999999999996,0.019824000000000064,0.10412458138384888,1.0,1.0,False,False,SAM3|SPT21
SAM3,VPS36,1,-1,-2.2678885890715383,True,1.0,1.016,0.404,0.4352,0.0063,0.003167,0.0247,0.024735999999999925,0.5496000000000001,-0.04947199999999985,-0.18481852266356633,1.0,1.0,False,False,SAM3|VPS36
SAM3,VPS4,1,-1,-3.784309568100272,True,1.0,1.016,0.6287,0.5991,0.0327,0.204,-0.0396,-0.03965920000000012,0.3873,0.020118400000000092,0.3351514220214291,1.0,1.0,False,False,SAM3|VPS4
SAP30,TEC1,1,1,4.134237278075196,True,2.0,0.8898,1.0463,0.9321999999999999,0.0153,0.009704,0.0011999999999999997,0.001202259999999955,-0.06700000000000006,0.0071045199999999475,0.02103445830876982,0.0,0.0,False,False,SAP30|TEC1
SAP30,YIL014C-A,1,1,4.770084420075023,True,2.0,0.8898,0.9838,0.91075,0.0113,0.15035000071850002,0.0354,0.035364759999999995,-0.018900000000000028,0.07509999999999994,0.2245359328245381,0.5,1.0,False,False,SAP30|YIL014C-A
SGF29,YIL014C-A,1,1,2.330295204556755,True,1.0,0.737,0.995,0.7962,0.0121,0.0001749,0.0628,0.06288500000000008,-0.13959999999999995,0.11840000000000006,0.10624105980063188,1.0,1.0,False,False,SGF29|YIL014C-A
SLX5,VID28,1,1,3.2871147881459737,True,2.0,0.5473,0.966,0.54135,0.0692,0.42035,0.01265,0.012658199999999953,-0.41869999999999996,0.0,-0.09009391435968817,0.0,1.0,False,False,SLX5|VID28
SLX5,YBR285W,1,1,4.57974565801773,True,1.0,0.5473,0.9855,0.452,0.12,0.2396,-0.0873,-0.08736415000000003,-0.4382000000000001,-5.551115123125783e-17,0.27674461211122453,1.0,1.0,False,False,SLX5|YBR285W
SLX5,YHR033W,1,1,5.866121361936856,True,2.0,0.5473,0.982,0.53955,0.0377,0.1921,0.002100000000000001,0.0021013999999999755,-0.39869999999999994,0.03600000000000003,-0.008808210143177508,0.5,0.0,False,False,SLX5|YHR033W
SNT1,YIL014C-A,1,1,4.63645605442922,True,2.0,0.993,0.9838,0.8775999999999999,0.1346,0.12406,-0.0993,-0.0993134,0.009199999999999986,0.0,0.503308510614532,0.0,0.0,False,False,SNT1|YIL014C-A
SPT21,TRM1,1,1,0.3412516813047132,True,1.0,0.6195,0.993,0.6084,0.0261,0.419,-0.0068,-0.006763500000000033,-0.37349999999999994,0.0,0.001100184467762794,0.0,1.0,False,False,SPT21|TRM1
SPT3,TIP41,1,1,0.745209076836155,True,1.0,0.7258,1.0023,0.7594,0.0197,0.1132,0.032,0.03193066,-0.20930000000000004,0.06386132,0.14201695039086112,1.0,1.0,False,False,SPT3|TIP41
SWC5,YIL014C-A,1,1,5.549039285329736,True,1.0,0.807,0.995,0.9392,0.0558,0.02714,0.1362,0.136235,0.07640000000000002,0.26439999999999997,0.39171241421105535,1.0,1.0,False,False,SWC5|YIL014C-A
TEC1,VPS36,1,-1,-1.8441803982255256,True,1.0,1.0463,0.404,0.4015,0.0287,0.2246,-0.0212,-0.02120519999999998,0.6423000000000001,0.037410400000000066,0.24675739166284613,1.0,1.0,False,False,TEC1|VPS36
VID28,YPT6,1,-1,-2.4652113249437377,True,2.0,0.966,0.6627,0.6295,0.03,0.37465000000000004,-0.0107,-0.010668199999999961,0.3033,0.0,-0.0682637537873669,0.0,1.0,False,False,VID28|YPT6
VPS72,YIL014C-A,1,1,5.731720907367876,True,2.0,0.8625,0.9838,0.8407,0.0518,0.1796,-0.00785,-0.007827500000000043,-0.10740000000000005,0.013899999999999912,0.07442015099381757,0.5,1.0,False,False,VPS72|YIL014C-A
ARP6,SYC1,2,1,2.016819557939674,True,2.0,0.8553,0.9855,0.77385,0.041,0.132575,-0.06905,-0.06904814999999997,-0.1302000000000001,0.0,-0.056871598248188,0.0,1.0,False,False,ARP6|SYC1
ARP6,TSL1,2,1,7.283174096737191,True,2.0,0.8553,0.9922,0.84145,0.055,0.23525000000000001,-0.0072000000000000015,-0.007178659999999892,-0.11259999999999992,0.0243000000000001,-0.022453668894773855,0.5,0.0,False,False,ARP6|TSL1
BAS1,STM1,2,1,-0.9649710809850874,True,2.0,0.8698,0.8998,0.8152,0.0421,0.2572,0.0326,0.03255395999999999,-0.030000000000000027,0.0,-0.04222312944614724,0.0,1.0,False,False,BAS1|STM1
BRE5,EUG1,2,1,1.2289731680178313,True,1.0,0.8175,1.035,0.8686,0.0838,0.4126,0.0225,0.022487500000000105,-0.11529999999999985,0.04497500000000021,0.32590793513749206,1.0,1.0,False,False,BRE5|EUG1
BRE5,RNR4,2,1,3.640272893628453,True,1.0,0.8175,0.745,0.6296,0.0175,0.2182,0.0205,0.02056250000000004,0.07250000000000001,0.0,0.02715270777248775,0.0,1.0,False,False,BRE5|RNR4
BRE5,TSL1,2,1,5.57421026826581,True,2.0,0.8175,0.9922,0.7766,0.0387,0.2207,-0.0345,-0.03452350000000004,-0.17469999999999997,0.0,-0.07080769758141575,0.0,1.0,False,False,BRE5|TSL1
CAF130,TSL1,2,1,7.170671748055051,True,2.0,1.0257,0.9922,1.0215999999999998,0.0368,0.34704999999999997,0.0039000000000000007,0.0039004599999999945,-0.015800000000000036,0.001699079999999853,-0.04359749323357404,0.0,0.0,False,False,CAF130|TSL1
CDH1,TSL1,2,1,8.521565110323236,True,1.0,0.593,0.9922,0.5994,0.0291,0.3856,0.011,0.011025400000000074,-0.38639999999999985,0.012800000000000145,-0.006895321024356406,1.0,1.0,False,False,CDH1|TSL1
CGI121,HFM1,2,1,4.038236847969734,True,1.0,0.696,1.0345,0.7225,0.0194,0.4678,0.0025,0.0024880000000000457,-0.28549999999999986,0.0049760000000000915,0.031228858683354704,1.0,1.0,False,False,CGI121|HFM1
CHD1,TSL1,2,1,7.955439716659373,True,2.0,0.948,0.9922,0.93955,0.0747,0.2696,-0.0010499999999999989,-0.0010555999999999344,-0.028299999999999992,0.015900000000000025,-0.007332659987466891,0.5,0.0,False,False,CHD1|TSL1
CHK1,TSL1,2,1,7.169494375791224,True,2.0,0.9403,0.9922,0.96775,0.0635,0.3188,0.034749999999999996,0.03478433999999997,0.0030000000000000027,0.05489999999999995,0.23649751442568429,1.0,1.0,False,False,CHK1|TSL1
CKA2,TSL1,2,1,8.540386000519373,True,1.0,0.987,0.9922,0.9912,0.0219,0.3572,0.0119,0.011898599999999981,0.0031999999999999806,0.008399999999999963,0.021713309324218256,1.0,1.0,False,False,CKA2|TSL1
CST6,HHF1,2,1,2.482901064761905,True,2.0,0.906,0.9553,0.88725,0.0409,0.31015000000000004,0.02175,0.021748199999999884,-0.04190000000000005,0.007399999999999962,-0.03578415602654428,0.5,0.0,False,False,CST6|HHF1
CST6,LRP1,2,1,1.94720882024958,True,1.0,0.906,0.714,0.7056,0.0101,2.759e-05,0.0587,0.05871599999999999,0.19200000000000006,0.0,0.2876708362888874,0.0,1.0,False,False,CST6|LRP1
CST6,MRT4,2,1,2.13787278342612,True,1.0,0.906,0.7933,0.6648,0.0232,0.04904,-0.054,-0.05392980000000003,0.11270000000000002,0.0,-0.20070916164571223,0.0,1.0,False,False,CST6|MRT4
CST6,NRG1,2,1,3.91186264830449,True,2.0,0.906,0.957,0.8338000000000001,0.077,0.2901,-0.03325,-0.03324199999999994,-0.050999999999999934,0.0,0.053026437424351175,0.0,1.0,False,False,CST6|NRG1
CST6,PTK2,2,1,1.657660181954275,True,1.0,0.906,0.945,0.7935,0.0325,0.07565,-0.0627,-0.06267,-0.038999999999999924,0.0,0.10419417576487178,0.0,1.0,False,False,CST6|PTK2
CST6,RNR4,2,1,4.419225062219003,True,1.0,0.906,0.745,0.6638,0.019,0.3442,-0.0112,-0.011170000000000124,0.16100000000000003,0.0,-0.0504413455953615,0.0,1.0,False,False,CST6|RNR4
CST6,TMA23,2,1,1.9452171030207657,True,2.0,0.906,0.6645,0.61565,0.0173,0.291,0.01355,0.01361299999999993,0.24150000000000005,0.0,0.07318761142801683,0.0,1.0,False,False,CST6|TMA23
CST6,TSL1,2,1,6.296735842200213,True,2.0,0.906,0.9922,0.8992,0.0315,0.47855000000000003,0.00030000000000000003,0.00026680000000001147,-0.08619999999999994,0.0,0.0013997104326554854,0.0,0.0,False,False,CST6|TSL1
CST6,YPL199C,2,1,1.3264055563591923,True,1.0,0.906,1.0263,0.9474,0.0451,0.3598,0.0176,0.017572200000000038,-0.03749999999999998,0.035144400000000076,0.2905091488944967,1.0,1.0,False,False,CST6|YPL199C
DID4,PIN4,2,1,3.2911938419009177,True,1.0,0.643,0.917,0.6315,0.0173,0.03557,0.0418,0.041868999999999934,-0.274,0.0,-0.25510364949361314,0.0,1.0,False,False,DID4|PIN4
DID4,TSL1,2,1,7.234873898833493,True,1.0,0.643,0.9922,0.648,0.0159,0.3334,0.01,0.010015400000000008,-0.33919999999999995,0.010000000000000009,-0.002991038775397773,1.0,1.0,False,False,DID4|TSL1
EAF5,TSL1,2,1,7.383048103956256,True,1.0,,0.9922,1.012,0.0349,0.321,0.0198,,0.0,0.0,0.0,0.0,0.0,False,True,EAF5|TSL1
EAF7,TSL1,2,1,7.264578589854957,True,2.0,0.862,0.9922,0.8289,0.0414,0.2891,-0.0264,-0.026376399999999967,-0.13019999999999998,0.0,-0.08861468512469875,0.0,1.0,False,False,EAF7|TSL1
ELP4,HFM1,2,1,3.743182777366151,True,1.0,0.8362,1.0345,0.8613,0.0366,0.4662,-0.0038,-0.003748900000000055,-0.14810000000000012,-0.00749780000000011,-0.05598457999571167,1.0,1.0,False,False,ELP4|HFM1
ELP4,HSC82,2,1,2.1577433299665536,True,2.0,0.8362,1.0282,0.87585,0.029,0.3064,0.016050000000000002,0.01606915999999986,-0.11270000000000013,0.03213831999999972,0.22725713563931565,1.0,1.0,False,False,ELP4|HSC82
ELP4,TSL1,2,1,6.53105033493573,True,2.0,0.8362,0.9922,0.8075,0.0313,0.24051599999999998,-0.022199999999999998,-0.02217764,-0.15599999999999992,0.0,-0.05630384251214012,0.0,1.0,False,False,ELP4|TSL1
ELP6,HFM1,2,1,2.763374974758793,True,1.0,0.7418,1.0345,0.7866,0.015,0.1824,0.0192,0.019207899999999944,-0.20310000000000006,0.03841579999999989,0.25127661842315463,1.0,1.0,False,False,ELP6|HFM1
ELP6,HSC82,2,1,1.2465311770576546,True,2.0,0.7418,1.0282,0.77815,0.0237,0.187185,0.01545,0.015431239999999957,-0.2137,0.030862479999999914,0.18966197020257358,0.0,0.0,False,False,ELP6|HSC82
ELP6,SIS2,2,-1,-2.2608824535559147,True,2.0,0.7418,0.937,0.6527499999999999,0.0774,0.08260006005000001,-0.04235,-0.04231660000000009,-0.19520000000000004,0.0,0.2541438917381167,0.0,1.0,False,False,ELP6|SIS2
ELP6,TSL1,2,1,5.5944326524724834,True,2.0,0.7418,0.9922,0.70635,0.0611,0.20584999999999998,-0.0297,-0.02966395999999999,-0.25039999999999996,0.0,-0.02038227104223474,0.0,1.0,False,False,ELP6|TSL1
ELP6,YPL199C,2,1,0.5383600130240983,True,1.0,0.7418,1.0263,0.7917,0.0226,0.1608,0.0304,0.030390659999999903,-0.1847000000000001,0.060781319999999806,0.3638713150920891,1.0,1.0,False,False,ELP6|YPL199C
ESC2,TSL1,2,1,7.86806880152817,True,1.0,0.8985,0.9922,0.8659,0.0209,0.1799,-0.0256,-0.025591699999999884,-0.0937,0.0,-0.12494938396071398,0.0,1.0,False,False,ESC2|TSL1
EUG1,LRP1,2,-1,-0.097417267844176,True,1.0,1.035,0.714,0.7574,0.0528,0.3971,0.0184,0.018410000000000037,0.23419999999999996,-0.036820000000000075,-0.23544142978433966,1.0,1.0,False,False,EUG1|LRP1
EUG1,MGA2,2,-1,-1.1078409678451695,True,1.0,1.035,0.8632,0.916,0.0137,0.1454,0.0225,0.022588000000000164,0.06619999999999981,-0.04517600000000033,-0.3578949312456273,1.0,1.0,False,False,EUG1|MGA2
EUG1,SDS3,2,-1,-2.318859939859752,True,1.0,1.035,0.778,0.7336,0.1752,0.3027,-0.0717,-0.07162999999999997,0.2569999999999999,0.05445999999999995,0.9801141224725929,1.0,1.0,False,False,EUG1|SDS3
EUG1,STB5,2,-1,-1.9711262400798248,True,1.0,1.035,0.6828,0.7612,0.095,0.2904,0.0545,0.05450200000000005,0.1953999999999999,-0.1090040000000001,-0.6797557665120922,1.0,1.0,False,False,EUG1|STB5
EUG1,URN1,2,1,1.869189577758814,True,1.0,1.035,0.9922,1.0413,0.0917,0.4392,0.0143,0.01437299999999997,-0.04279999999999995,-0.016145999999999994,-0.17882669174512647,1.0,1.0,False,False,EUG1|URN1
HDA1,RNR4,2,1,5.635114865284553,True,1.0,0.688,0.745,0.43,0.0718,0.08267,-0.0825,-0.08255999999999991,-0.05700000000000005,0.0,0.05378819617618661,0.0,1.0,False,False,HDA1|RNR4
HFI1,HFM1,2,1,3.528181169788536,True,1.0,0.2955,1.0345,0.294,0.0138,0.2883,-0.0117,-0.011694749999999976,-0.7389999999999999,-0.02038949999999984,-0.1258506254158197,1.0,1.0,False,False,HFI1|HFM1
HFI1,MET13,2,1,2.845400660464711,True,1.0,0.2955,1.039,0.3121,0.0051,0.2734,0.005,0.0050755000000000106,-0.7102999999999999,0.010151000000000021,0.056395972769211364,1.0,1.0,False,False,HFI1|MET13
HFI1,RAD26,2,1,-0.3813044578330563,True,1.0,0.2955,1.014,0.2809,0.0194,0.2189,-0.0188,-0.018737000000000004,-0.7185000000000001,-0.008274000000000115,-0.12376183357116287,1.0,1.0,False,False,HFI1|RAD26
HFI1,STB5,2,1,0.0540495731258093,True,1.0,0.2955,0.6828,0.2072,0.0104,0.3603,0.0054,0.00543260000000001,-0.3873,0.0,-0.009038866502696799,0.0,1.0,False,False,HFI1|STB5
HFI1,STM1,2,1,0.1544213768959463,True,1.0,0.2955,0.8998,0.2243,0.0126,0.00741,-0.0416,-0.041590899999999986,-0.6043000000000001,0.0,0.2735879653548755,0.0,1.0,False,False,HFI1|STM1
HFI1,SWM1,2,1,2.134539761793805,True,1.0,0.2955,1.0205,0.2911,0.0135,0.3012,-0.0105,-0.010457749999999932,-0.725,-0.012115499999999946,-0.08818266906548829,1.0,1.0,False,False,HFI1|SWM1
HFI1,TIF2,2,1,-0.5516439571682455,True,1.0,0.2955,0.8587,0.2616,0.0108,0.3042,0.0079,0.007854150000000004,-0.5631999999999999,0.0,-0.03830672007575707,0.0,1.0,False,False,HFI1|TIF2
HFI1,TPK3,2,1,-0.4167474188149116,True,1.0,0.2955,1.0012,0.2832,0.0192,0.2827,-0.0127,-0.012654600000000016,-0.7057000000000001,-0.0007092000000000764,-0.02394321283775718,1.0,1.0,False,False,HFI1|TPK3
HFI1,TSL1,2,1,6.148276495745778,True,1.0,0.2955,0.9922,0.2792,0.0163,0.2638,-0.014,-0.013995099999999983,-0.6967,1.1102230246251565e-16,0.022861600071426506,1.0,1.0,False,False,HFI1|TSL1
HFI1,URA7,2,1,1.6865093390248962,True,1.0,0.2955,0.9788,0.2803,0.0723,0.4259,-0.009,-0.008935399999999982,-0.6833,0.0,0.0516061591601095,0.0,1.0,False,False,HFI1|URA7
HFI1,YJL206C,2,1,-0.2086558220876258,True,1.0,0.2955,0.9838,0.2902,0.0165,0.4906,-0.0005,-0.0005128999999999828,-0.6883,1.1102230246251565e-16,0.002283455607196912,1.0,1.0,False,False,HFI1|YJL206C
HFM1,LSM6,2,-1,-5.33202236772652,True,1.0,1.0345,0.7317,0.7099,0.1475,0.3444,-0.047,-0.04704364999999999,0.30279999999999996,0.0504872999999999,0.60926386112054,1.0,1.0,False,False,HFM1|LSM6
HFM1,SAS2,2,-1,-3.581912095403062,True,1.0,1.0345,1.0208,1.0503,0.0111,0.3809,-0.0058,-0.005717599999999878,-0.013700000000000045,0.0,0.012901047283401829,0.0,1.0,False,False,HFM1|SAS2
HFM1,TSL1,2,1,2.6780023595913027,True,1.0,1.0345,0.9922,1.0196,0.031,0.437,-0.0068,-0.006830899999999973,-0.012500000000000178,0.013661799999999946,0.08466788297569082,1.0,1.0,False,False,HFM1|TSL1
HHF1,HPC2,2,-1,-1.3074168125351082,True,1.0,0.9553,0.9842,0.7749,0.03,1.295e-05,-0.1653,-0.16530625999999993,-0.028899999999999926,0.0,-0.6928554829395882,0.0,1.0,False,False,HHF1|HPC2
HHF1,SLX8,2,-1,-1.99626849566084,True,1.0,0.9553,0.571,0.536,0.0083,0.2289,-0.0095,-0.009476299999999993,0.3843000000000001,0.0,-0.072377977560683,0.0,1.0,False,False,HHF1|SLX8
HHT1,HPC2,2,-1,-0.1430753529256897,True,1.0,0.994,0.9842,0.8267,0.049,0.004727,-0.1516,-0.15159479999999992,0.009800000000000031,0.0,0.5124322909653523,0.0,1.0,False,False,HHT1|HPC2
HHT1,RNR4,2,-1,3.049803484612856,True,1.0,0.994,0.745,0.7744,0.0526,0.2835,0.0339,0.033869999999999956,0.19020000000000004,-0.05879999999999996,-0.04777189135464478,1.0,1.0,False,False,HHT1|RNR4
HPC2,HSE1,2,-1,-2.254978126874489,True,2.0,0.9842,0.9945,0.9574,0.0708,0.34040000000000004,-0.0214,-0.021386900000000042,-0.010300000000000087,0.0,-0.0764048825732984,0.0,1.0,False,False,HPC2|HSE1
HPC2,RPB9,2,-1,-2.167420389543952,True,1.0,0.9842,0.218,0.2333,0.0111,0.1068,0.0188,0.018744400000000022,0.7355999999999999,-0.03060000000000007,0.08383697049939363,1.0,1.0,False,False,HPC2|RPB9
HPC2,TSL1,2,-1,5.133302382171797,True,2.0,0.9842,0.9922,0.97855,0.0307,0.45275,0.002,0.0020267600000001273,-0.008000000000000007,0.0,0.005472923271185327,0.0,0.0,False,False,HPC2|TSL1
HSC82,MGA2,2,-1,-1.0589884518238948,True,2.0,1.0282,0.8632,0.83905,0.0412,0.14945,-0.04845,-0.048492239999999964,0.16500000000000004,0.04868447999999992,0.7276889685217752,1.0,1.0,False,False,HSC82|MGA2
HSC82,OPI1,2,-1,-2.083744546014139,True,2.0,1.0282,0.8545,0.88285,0.0524,0.3371,0.00425,0.00425310000000001,0.11699999999999999,-0.00850620000000002,-0.06254079410408897,0.0,0.0,False,False,HSC82|OPI1
HSC82,RPB9,2,-1,-2.9262546651455863,True,1.0,1.0282,0.218,0.2409,0.0147,0.1745,0.0168,0.0167524,0.7644,-0.0335048,-0.16469894856592152,1.0,1.0,False,False,HSC82|RPB9
HSC82,TSL1,2,1,4.35250881539082,True,1.0,1.0282,0.9922,1.0146,0.0255,0.441,-0.0056,-0.005580040000000119,-0.008799999999999919,0.011160080000000239,0.06474896558915083,1.0,1.0,False,False,HSC82|TSL1
HSE1,PIN4,2,1,3.470743548431272,True,2.0,0.9945,0.917,0.8916999999999999,0.0682,0.3496,-0.02025,-0.020256500000000066,0.07630000000000003,-0.0011999999999999789,0.13503861664003047,0.5,0.0,False,False,HSE1|PIN4
HSE1,SWA2,2,-1,0.5059858673546016,True,1.0,0.9945,0.636,0.5434,0.0861,0.08336,-0.0891,-0.08910200000000001,0.35850000000000004,0.0,0.046571649610575215,0.0,1.0,False,False,HSE1|SWA2
HSE1,TSL1,2,1,7.38552524987372,True,2.0,0.9945,0.9922,1.0028000000000001,0.0237,0.26138,0.0161,0.016057100000000046,0.0,-0.0023000000000000798,-0.014004638459696241,0.5,0.0,False,False,HSE1|TSL1
IES3,NHP10,2,1,1.3515397737337178,True,1.0,0.768,0.718,0.9769,0.0296,8.223e-26,0.4255,0.42547599999999997,-0.050000000000000044,-0.10000000000000009,0.28975234551778534,1.0,1.0,False,False,IES3|NHP10
IES3,TSL1,2,1,8.784274443398477,True,1.0,0.768,0.9922,0.7078,0.0715,0.1978,-0.0542,-0.05420959999999997,-0.22419999999999995,0.0,-0.058175035780200536,0.0,1.0,False,False,IES3|TSL1
KAR3,TSL1,2,1,6.402027118217613,True,2.0,0.5782,0.9922,0.5964499999999999,0.0266,0.22487000000000001,0.02275,0.022759959999999968,-0.37750000000000006,0.036499999999999866,-0.016112586085926906,1.0,1.0,False,False,KAR3|TSL1
LRP1,RIM1,2,-1,-3.270940996165913,True,1.0,0.714,0.746,0.5247,0.043,0.4402,-0.0079,-0.007943999999999951,-0.03200000000000003,0.0,0.003156416263754658,0.0,1.0,False,False,LRP1|RIM1
LSM6,MGA2,2,1,2.632009661552988,True,2.0,0.7317,0.8632,0.59675,0.0305,0.09750500000000001,-0.034850000000000006,-0.03485344000000001,-0.13149999999999995,0.0,0.09920773412131272,0.0,0.0,False,False,LSM6|MGA2
MET13,NGG1,2,-1,-3.0780167218940844,True,1.0,1.039,0.345,0.3249,0.0125,0.02578,-0.0336,-0.033554999999999946,0.694,0.02690999999999999,0.3763848408623388,1.0,1.0,False,False,MET13|NGG1
MET13,OPI1,2,-1,-3.0577555233054383,True,1.0,1.039,0.8545,0.8426,0.0336,0.1494,-0.0453,-0.04522549999999992,0.1844999999999999,0.0666509999999998,0.7166449216346688,1.0,1.0,False,False,MET13|OPI1
MET13,SDS3,2,-1,-3.3694969101026016,True,1.0,1.039,0.778,0.8091,0.0131,0.4839,0.0008,0.0007580000000000364,0.19879999999999987,-0.0015160000000000728,-0.010601477670163556,1.0,1.0,False,False,MET13|SDS3
MET13,SNF6,2,-1,-3.3215910295418127,True,1.0,1.039,0.539,0.5219,0.0514,0.2873,-0.0381,-0.03812099999999996,0.4999999999999999,0.04204199999999991,0.4514691555300223,1.0,1.0,False,False,MET13|SNF6
MGA2,PTK2,2,1,0.8009663490944504,True,1.0,0.8632,0.945,0.8745,0.0487,0.1466,0.0588,0.05877600000000016,-0.05919999999999981,0.022600000000000176,-0.20608349029725465,1.0,1.0,False,False,MGA2|PTK2
MGA2,RNR4,2,1,3.537243243040387,True,1.0,0.8632,0.745,0.701,0.0335,0.08026,0.0579,0.05791599999999997,0.11819999999999997,0.0,0.15475848022436775,0.0,1.0,False,False,MGA2|RNR4
MGA2,SLX8,2,-1,-0.34013730587589,True,1.0,0.8632,0.571,0.5731,0.0191,0.0015,0.0802,0.08021280000000014,0.2879999999999998,-0.004200000000000204,0.33278174911232394,1.0,1.0,False,False,MGA2|SLX8
MGA2,SWA2,2,1,-1.4981771859184203,True,1.0,0.8632,0.636,0.5689,0.0369,0.3232,0.0199,0.019904799999999945,0.22719999999999996,0.0,0.07468524903904576,0.0,1.0,False,False,MGA2|SWA2
MGA2,TSL1,2,1,5.409084671101285,True,2.0,0.8632,0.9922,0.8966000000000001,0.0402,0.19632,0.0401,0.04013296000000005,-0.06219999999999992,0.06680000000000008,0.13655733966344258,1.0,1.0,False,False,MGA2|TSL1
MRN1,TSL1,2,1,6.03034875829998,True,2.0,0.9183,0.9922,0.9418500000000001,0.0375,0.27115,0.030649999999999997,0.03071274000000007,-0.026799999999999935,0.04710000000000003,0.17994174646687858,1.0,1.0,False,False,MRN1|TSL1
MRT4,OPI1,2,-1,-2.277679571145059,True,1.0,0.7933,0.8545,0.6058,0.0855,0.1826,-0.0721,-0.07207485000000002,-0.06120000000000003,0.0,0.11362344794243574,0.0,1.0,False,False,MRT4|OPI1
MRT4,RIM1,2,-1,-3.4891775171366173,True,2.0,0.7933,0.746,0.54315,0.0388,0.167006,-0.04865,-0.04865180000000002,0.04730000000000001,0.0,-0.03796554778900804,0.0,1.0,False,False,MRT4|RIM1
MRT4,RPB9,2,-1,-3.1635405491944915,True,1.0,0.7933,0.218,0.1697,0.0141,0.4246,-0.0033,-0.0032394000000000034,0.5753,0.0,-0.010680062704151326,0.0,1.0,False,False,MRT4|RPB9
MRT4,STB5,2,-1,-2.0106432533029386,True,1.0,0.7933,0.6828,0.4544,0.0141,4.538e-06,-0.0873,-0.08726523999999991,0.11050000000000004,0.0,-0.1304039405452113,0.0,1.0,False,False,MRT4|STB5
NGG1,TSL1,2,1,6.372027819060701,True,1.0,0.345,0.9922,0.3141,0.0082,0.007948,-0.0282,-0.028208999999999984,-0.6472,0.0,0.043103434121082806,0.0,1.0,False,False,NGG1|TSL1
NHP10,TSL1,2,1,7.416692874762626,True,1.0,0.718,0.9922,0.6666,0.0256,0.1122,-0.0458,-0.04579959999999994,-0.2742,0.0,-0.017959972801064237,0.0,1.0,False,False,NHP10|TSL1
NRG1,RPB9,2,-1,-4.9525004891044,True,1.0,0.957,0.218,0.1989,0.0069,0.1656,-0.0098,-0.009725999999999985,0.739,0.0,-0.08377747417555839,0.0,1.0,False,False,NRG1|RPB9
NRG1,SLX8,2,-1,-3.498436446721123,True,1.0,0.957,0.571,0.5167,0.0913,0.336,-0.0297,-0.029746999999999857,0.386,0.0,-0.22570738238349294,0.0,1.0,False,False,NRG1|SLX8
NRG1,SWA2,2,-1,-4.586318987531954,True,1.0,0.957,0.636,0.5839,0.0565,0.3551,-0.0247,-0.024751999999999996,0.32099999999999995,0.0,-0.17799049914705492,0.0,1.0,False,False,NRG1|SWA2
NRG1,TMA23,2,-1,-2.0261245883336008,True,2.0,0.957,0.6645,0.6894,0.0347,0.156445,0.05345,0.05347350000000006,0.22219999999999995,-0.07030000000000003,0.37278872861624346,0.5,1.0,False,False,NRG1|TMA23
OPI1,TSL1,2,1,6.394985430594462,True,2.0,0.8545,0.9922,0.8623,0.0785,0.32595,0.014450000000000001,0.014465099999999897,-0.09760000000000002,0.040099999999999913,0.04485744750629135,0.5,0.0,False,False,OPI1|TSL1
PIN4,SIS2,2,-1,-3.7868763653564654,True,2.0,0.917,0.937,0.8971,0.0581,0.217550030145,0.0378,0.03787099999999988,-0.013000000000000012,0.007000000000000006,-0.03403171332160656,0.5,1.0,False,False,PIN4|SIS2
PIN4,YPL199C,2,-1,-0.9903566255243385,True,1.0,0.917,1.0263,0.9326,0.018,0.3843,-0.0085,-0.008517100000000055,-0.07810000000000006,-0.01703420000000011,-0.14547445879623622,1.0,1.0,False,False,PIN4|YPL199C
POL32,RNR4,2,1,5.873000174987038,True,1.0,0.8447,0.745,0.1895,0.1086,5.818e-18,-0.4398,-0.43980149999999996,0.09970000000000001,0.0,-0.9051110164425127,0.0,1.0,False,False,POL32|RNR4
PPH3,RPB9,2,-1,-0.8652730188467255,True,1.0,0.9985,0.218,0.2276,0.0111,0.2686,0.0099,0.009926999999999991,0.7613000000000001,-0.019199999999999995,-0.0066918439935010525,1.0,1.0,False,False,PPH3|RPB9
PTK2,STB5,2,-1,-1.5550057101082424,True,2.0,0.945,0.6828,0.6051,0.0663,0.28125,-0.04015,-0.04014599999999996,0.2622,0.0,-0.2761482397283343,0.0,1.0,False,False,PTK2|STB5
RAD1,RNR4,2,1,4.545649220178191,True,1.0,0.86,0.745,0.5961,0.1395,0.3794,-0.0446,-0.04459999999999997,0.11499999999999999,0.0,-0.11410742795110237,0.0,1.0,False,False,RAD1|RNR4
RAD1,TSL1,2,1,6.463350574277516,True,2.0,0.86,0.9922,0.8307,0.1724,0.4033,-0.0226,-0.02259199999999989,-0.12669999999999992,0.00550000000000006,-0.07430432115706319,0.5,0.0,False,False,RAD1|TSL1
RAD26,TSL1,2,1,6.732154126023139,True,2.0,1.014,0.9922,0.9945999999999999,0.0331,0.36425,-0.0115,-0.011490799999999968,0.0040000000000000036,0.009981599999999924,0.09466987343312831,0.0,0.0,False,False,RAD26|TSL1
RAD57,TSL1,2,1,5.91944542226823,True,1.0,0.8755,0.9922,0.8674,0.0194,0.4808,-0.0013,-0.0012710999999999695,-0.11670000000000003,0.0,-0.00492004045404144,0.0,1.0,False,False,RAD57|TSL1
RCO1,TSL1,2,1,6.67848011954673,True,1.0,0.945,0.9922,0.9194,0.0137,0.1763,-0.0182,-0.01822899999999994,-0.04720000000000002,0.0,-0.12594189256763183,0.0,1.0,False,False,RCO1|TSL1
RIM1,RRP8,2,1,3.415021610090605,True,2.0,0.746,0.6915,0.4928,0.0297,0.168195,-0.023100000000000002,-0.02305899999999994,0.05449999999999999,0.0,-0.014564460103199495,0.0,1.0,False,False,RIM1|RRP8
RIM1,TMA23,2,1,3.2616863726631866,True,2.0,0.746,0.6645,0.49205,0.0137,0.01399,-0.0036500000000000005,-0.003666999999999976,0.08150000000000002,0.0,-0.0032059701755633163,0.0,0.0,False,False,RIM1|TMA23
RIM1,TSL1,2,1,7.510058303796706,True,2.0,0.746,0.9922,0.7330000000000001,0.0963,0.24565099999999998,-0.0072,-0.007181199999999943,-0.24619999999999997,0.0,-0.00534470932663342,0.0,0.0,False,False,RIM1|TSL1
RIM1,URA7,2,1,2.8884149964267163,True,2.0,0.746,0.9788,0.71925,0.0561,0.42400000000000004,-0.0109,-0.010934799999999967,-0.2328,0.0,0.03715279243091457,0.0,0.0,False,False,RIM1|URA7
RNR4,SGF73,2,-1,-6.611174475555916,True,1.0,0.745,0.7355,0.4267,0.1068,0.0822,-0.1213,-0.12124750000000001,0.009499999999999953,0.0,-0.015289539863907804,0.0,1.0,False,False,RNR4|SGF73
RNR4,SKN7,2,-1,-4.063630406642673,True,1.0,0.745,0.9382,0.6922,0.0917,0.4566,-0.0067,-0.0067589999999999595,-0.19320000000000004,0.0,0.04057615551887714,0.0,1.0,False,False,RNR4|SKN7
RNR4,TSL1,2,1,1.883238427948967,True,1.0,0.745,0.9922,0.7531,0.0187,0.307,0.0139,0.013911000000000007,-0.23099999999999998,0.016199999999999992,0.01016203483907504,1.0,1.0,False,False,RNR4|TSL1
RNR4,URA7,2,-1,-2.694755135952267,True,1.0,0.745,0.9788,0.7489,0.0325,0.325,0.0197,0.01969399999999999,-0.22599999999999998,0.007800000000000029,-0.06718462411323467,1.0,1.0,False,False,RNR4|URA7
RPB9,RRP8,2,1,3.099914560961756,True,1.0,0.218,0.6915,0.1568,0.0355,0.4243,0.0061,0.006053000000000003,-0.4734999999999999,1.1102230246251565e-16,-0.011409642624052679,1.0,1.0,False,False,RPB9|RRP8
RPB9,SIS2,2,1,-0.6056290384782851,True,1.0,0.218,0.937,0.1467,0.0415,0.01087,-0.0576,-0.057566000000000006,-0.719,0.0,0.48730702413481414,0.0,1.0,False,False,RPB9|SIS2
RPB9,STM1,2,1,1.1079082805161458,True,1.0,0.218,0.8998,0.206,0.0081,0.1859,0.0099,0.00984359999999998,-0.6818000000000001,0.0,-0.06611787913828593,0.0,1.0,False,False,RPB9|STM1
RRP8,SIS2,2,-1,-3.670505392875522,True,2.0,0.6915,0.937,0.67965,0.026,0.207665,0.0317,0.03171449999999998,-0.23310000000000008,0.012399999999999967,-0.2086887534969735,0.5,1.0,False,False,RRP8|SIS2
RRP8,STB5,2,-1,-1.9553952153629184,True,2.0,0.6915,0.6828,0.46615,0.0256,0.0902289,-0.006000000000000002,-0.006006199999999962,0.008700000000000041,0.0,-0.000494733594516355,0.0,0.0,False,False,RRP8|STB5
RRP8,TSL1,2,-1,4.156637957761481,True,1.0,0.6915,0.9922,0.651,0.0502,0.2052,-0.0352,-0.035106299999999924,-0.30069999999999997,0.0,-0.003954617115058392,0.0,1.0,False,False,RRP8|TSL1
SDS3,SWM1,2,1,2.4671557539022344,True,2.0,0.778,1.0205,0.6588,0.0453,0.17805035530000002,-0.13515,-0.13514900000000002,-0.24169999999999991,-0.03109799999999996,-1.5281277684505177,1.0,1.0,False,False,SDS3|SWM1
SGF73,TSL1,2,1,8.447803143599547,True,2.0,0.7355,0.9922,0.72985,0.0855,0.36505,4.99999999999997e-05,8.690000000000087e-05,-0.24359999999999993,0.0131,5.2522503287773595e-05,0.5,0.0,False,False,SGF73|TSL1
SIS2,TSL1,2,1,7.705187712835865,True,2.0,0.937,0.9922,0.93065,0.0846,0.39239999999999997,0.0009499999999999995,0.0009585999999999206,-0.05069999999999997,0.0044999999999999485,0.006415793316426256,0.5,0.0,False,False,SIS2|TSL1
SLX8,TSL1,2,1,5.826910683150103,True,1.0,0.571,0.9922,0.6008,0.0209,0.0917,0.0343,0.03425380000000011,-0.3615999999999999,0.0596000000000001,-0.025557207307946746,1.0,1.0,False,False,SLX8|TSL1
SLX8,URN1,2,1,3.5286398393727345,True,1.0,0.571,0.9922,0.5827,0.0248,0.3149,0.0162,0.016153800000000107,-0.39779999999999993,0.023400000000000087,-0.012052561041727094,1.0,1.0,False,False,SLX8|URN1
SNF6,SWM1,2,1,2.551190684737306,True,2.0,0.539,1.0205,0.50295,0.0347,0.20817985,-0.04715,-0.04709949999999999,-0.4606,-0.0011989999999999779,-0.43161621758200436,0.0,0.0,False,False,SNF6|SWM1
SNF6,TSL1,2,1,6.671486105300643,True,2.0,0.539,0.9922,0.55045,0.0226,0.217235,0.015649999999999997,0.01565419999999995,-0.41679999999999995,0.03639999999999999,-0.014118506343304863,0.5,0.0,False,False,SNF6|TSL1
STB5,TSL1,2,1,6.099574159250359,True,2.0,0.6828,0.9922,0.69035,0.0399,0.3115,0.0129,0.012875840000000083,-0.27649999999999997,0.03290000000000004,0.0003898347603985795,0.5,0.0,False,False,STB5|TSL1
STM1,TSL1,2,1,6.10557984744618,True,2.0,0.8998,0.9922,0.8604,0.1282,0.13995,-0.032350000000000004,-0.032381559999999976,-0.06619999999999993,0.0262,-0.1601115806900225,0.5,0.0,False,False,STM1|TSL1
SWA2,TSL1,2,1,6.861352324748086,True,1.0,0.636,0.9922,0.6095,0.0744,0.3771,-0.0216,-0.02153919999999998,-0.35619999999999996,0.0,0.0075279371136264565,0.0,1.0,False,False,SWA2|TSL1
SWD1,TSL1,2,1,6.555619609856573,True,2.0,0.8655,0.9922,0.8480000000000001,0.0207,0.33225,-0.010799999999999999,-0.010749100000000011,-0.12669999999999992,0.0,-0.037475042517807776,0.0,1.0,False,False,SWD1|TSL1
SWD3,TSL1,2,1,7.283006820183386,True,1.0,0.829,0.9922,0.7738,0.0977,0.2651,-0.0487,-0.04873379999999994,-0.1632,0.0,-0.11410913632249219,0.0,1.0,False,False,SWD3|TSL1
SWM1,TSL1,2,1,4.170443295075691,True,1.0,1.0205,0.9922,0.9975,0.0765,0.4066,-0.015,-0.015040099999999779,0.017699999999999827,0.030080199999999557,0.1513909768984812,1.0,1.0,False,False,SWM1|TSL1
TPK3,URN1,2,1,4.28511706987382,True,2.0,1.0012,0.9922,1.0644,0.1338,0.19272,0.07105,0.07100935999999991,-0.009000000000000119,-0.015618719999999975,-0.2503505464469433,1.0,1.0,False,False,TPK3|URN1
TSL1,UBA4,2,-1,-7.390913054550023,True,2.0,0.9922,0.8598,0.8507,0.0498,0.4384,-0.0024,-0.0023935600000000723,0.13239999999999996,0.0,0.007855592155464351,0.0,0.0,False,False,TSL1|UBA4
TSL1,URN1,2,-1,-2.4013908174876644,True,2.0,0.9922,0.9922,1.00435,0.0336,0.33105,0.0199,0.019889160000000072,0.0,0.0,0.0,0.0,0.0,False,False,TSL1|URN1
TSL1,VAM3,2,1,-6.941684712851286,True,2.0,0.9922,0.721,0.7072499999999999,0.0587,0.150875,-0.008050000000000002,-0.008126199999999917,0.238,-0.03320000000000001,0.003468441377568802,0.5,0.0,False,False,TSL1|VAM3
TSL1,VPS8,2,-1,-7.085511229624794,True,2.0,0.9922,0.764,0.80705,0.0471,0.154044,0.049,0.04900920000000003,0.1421,-0.08609999999999995,-0.04946919828909575,1.0,1.0,False,False,TSL1|VPS8
TSL1,YAF9,2,-1,-7.591318037422518,True,1.0,0.9922,0.9405,0.9035,0.0503,0.297,-0.0296,-0.02966409999999997,0.05169999999999997,0.0,0.2018556003579723,0.0,1.0,False,False,TSL1|YAF9
UBA4,YPL199C,2,1,2.413881409476081,True,1.0,0.8598,1.0263,0.8863,0.0217,0.4479,0.0039,0.003887259999999948,-0.11350000000000005,0.007774519999999896,0.0566295812338888,1.0,1.0,False,False,UBA4|YPL199C
ATG32,CTR9,3,-1,-2.5649295095637568,True,1.0,0.984,0.261,0.2659,0.0037,0.04913,0.0091,0.009076000000000028,0.7132,-0.009800000000000142,0.04046536002370958,1.0,1.0,False,False,ATG32|CTR9
ATG32,URE2,3,-1,-1.7506811909638502,True,1.0,0.984,,0.9604,0.0605,0.3789,-0.0236,,0.0,0.0,0.0,0.0,0.0,False,True,ATG32|URE2
BCY1,BMH1,3,1,0.4138274783314984,True,1.0,0.933,0.8867,0.6945,0.0945,0.08061,-0.1328,-0.13279110000000005,0.04630000000000001,0.0,-0.2920177456250228,0.0,1.0,False,False,BCY1|BMH1
BCY1,CHO2,3,-1,-0.5731552341901299,True,1.0,0.933,0.4962,0.3834,0.0676,0.1298,-0.0796,-0.07955459999999998,0.43680000000000013,5.551115123125783e-17,-0.6062807191040634,1.0,1.0,False,False,BCY1|CHO2
BCY1,CLN3,3,1,-0.4993995876946691,True,1.0,0.933,0.9575,0.8699,0.0323,0.2897,-0.0234,-0.023447500000000066,-0.024499999999999966,0.0,0.0066328955453738665,0.0,1.0,False,False,BCY1|CLN3
BCY1,DDR48,3,1,3.69775351502121,True,1.0,0.933,0.9983,0.9716,0.0337,0.1838,0.0401,0.0401861,0.011900000000000022,0.07719999999999994,0.35794877379371376,1.0,1.0,False,False,BCY1|DDR48
BCY1,DEP1,3,-1,-1.813474183821686,True,1.0,0.933,0.832,0.7507,0.0247,0.233,-0.0256,-0.025556000000000023,0.10100000000000009,0.0,-0.10525123712082847,0.0,1.0,False,False,BCY1|DEP1
BCY1,GSY1,3,1,3.6670845765298594,True,1.0,0.933,1.0217,0.9981,0.0253,0.1135,0.0449,0.04485389999999989,0.04149999999999987,0.08970779999999978,0.7576138388680196,1.0,1.0,False,False,BCY1|GSY1
BCY1,RME1,3,1,1.908599082992736,True,1.0,0.933,1.026,0.9546,0.0224,0.47,-0.0027,-0.002658000000000049,-0.049800000000000066,-0.005316000000000098,-0.04724034439870154,1.0,1.0,False,False,BCY1|RME1
BCY1,RPS21A,3,1,0.0168977773729188,True,1.0,0.933,0.8423,0.8452,0.0255,0.04969,0.0593,0.059334099999999834,0.0849000000000002,-0.005799999999999805,0.2269268621207658,1.0,1.0,False,False,BCY1|RPS21A
BCY1,TPS2,3,1,3.6047122367155424,True,1.0,0.933,0.663,0.6924,0.0616,0.1549,0.0738,0.07382099999999991,0.21120000000000005,-0.05879999999999996,0.4933492639758914,1.0,1.0,False,False,BCY1|TPS2
BCY1,YTA7,3,-1,-0.668897154350438,True,1.0,0.933,0.7672,0.6698,0.121,0.2952,-0.046,-0.04599760000000008,0.16580000000000006,0.0,-0.2520839450457335,0.0,1.0,False,False,BCY1|YTA7
BMH1,CTR9,3,-1,-4.026216282283624,True,1.0,0.8867,0.261,0.2085,0.0132,0.0923,-0.0229,-0.022928700000000024,0.6257,0.0,-0.1384985924144558,0.0,1.0,False,False,BMH1|CTR9
BMH1,DEF1,3,-1,-2.064260049933766,True,1.0,0.8867,0.85,0.793,0.1736,0.3888,0.0393,0.039305000000000034,0.036700000000000066,0.0,0.0545324202820782,0.0,1.0,False,False,BMH1|DEF1
BMH1,DIG1,3,-1,-0.7811605418258561,True,1.0,0.8867,0.8365,0.8307,0.0685,0.1426,0.089,0.08897544999999996,0.05020000000000002,0.0,0.15964679561630257,0.0,1.0,False,False,BMH1|DIG1
BMH1,HXK2,3,1,0.5808292805526769,True,2.0,0.8867,0.8722,0.7242,0.0884,0.2496,-0.0492,-0.04917973999999997,0.014500000000000068,0.0,-0.029576617422663296,0.0,1.0,False,False,BMH1|HXK2
BMH1,INO2,3,-1,-0.6725976084479548,True,2.0,0.8867,0.6755,0.54555,0.0426,0.074255,-0.05345,-0.05341585000000004,0.21120000000000005,0.0,-0.2338129148972553,0.0,1.0,False,False,BMH1|INO2
BMH1,RGP1,3,-1,-4.213738566112408,True,1.0,0.8867,0.703,0.7117,0.0298,0.01401,0.0883,0.08834989999999998,0.1663,-0.017400000000000082,0.3634017228090451,1.0,1.0,False,False,BMH1|RGP1
CAC2,DDR48,3,1,7.425839655163179,True,1.0,0.8965,0.9983,0.8945,0.0121,0.4896,-0.0005,-0.00047595000000000276,-0.1018,0.0,-0.0034051482972996244,0.0,1.0,False,False,CAC2|DDR48
CAC2,TPS2,3,1,7.281082043203943,True,2.0,0.8965,0.663,0.5845,0.115,0.28185,-0.009899999999999999,-0.009879500000000041,0.23349999999999993,0.0,-0.04870785035762855,0.0,0.0,False,False,CAC2|TPS2
CHO2,DDR48,3,1,4.266656713412209,True,2.0,0.4962,0.9983,0.51675,0.2152,0.2459,0.021400000000000002,0.021393540000000072,-0.4300999999999999,0.07200000000000006,0.02751935915393375,0.5,0.0,False,False,CHO2|DDR48
CHO2,GSY1,3,1,4.210088933150814,True,1.0,0.4962,1.0217,0.4563,0.058,0.2247,-0.0507,-0.05066754000000001,-0.5255000000000001,-0.02153508000000004,-0.4696760875647582,1.0,1.0,False,False,CHO2|GSY1
CHO2,INO2,3,-1,0.2537240623103386,True,2.0,0.4962,0.6755,0.0892,0.0749,1.01315e-09,-0.246,-0.24598309999999995,-0.1793,2.7755575615628914e-17,0.25696442621984994,0.5,1.0,False,False,CHO2|INO2
CHO2,IRA2,3,1,-0.2491847718163634,True,2.0,0.4962,0.8413,0.4515,0.0281,0.18732,0.03405,0.034046940000000026,-0.3451000000000001,0.0,-0.12824286141827002,0.0,1.0,False,False,CHO2|IRA2
CHO2,NCS2,3,1,-0.2441229659832286,True,1.0,0.4962,0.7795,0.3868,0.0241,0.4997,0.0,1.2100000000014877e-05,-0.2833,0.0,-2.8408436762826287e-05,0.0,1.0,False,False,CHO2|NCS2
CHO2,NRP1,3,1,1.1318147405412935,True,1.0,0.4962,0.9165,0.4444,0.0195,0.3385,-0.0104,-0.010367299999999968,-0.4203,0.0,0.07101257258913965,0.0,1.0,False,False,CHO2|NRP1
CHO2,RIM101,3,1,0.6440238890588267,True,1.0,0.4962,0.731,0.3796,0.0496,0.3839,0.0169,0.0168778,-0.2348,0.0,-0.02747320691652206,0.0,1.0,False,False,CHO2|RIM101
CHO2,RPL16A,3,1,0.1204033008381152,True,2.0,0.4962,0.925,0.4804,0.0671,0.2921,0.02145,0.021415000000000017,-0.41270000000000007,0.016100000000000003,-0.15558457353937866,0.5,0.0,False,False,CHO2|RPL16A
CHO2,SLT2,3,1,3.185782253997135,True,2.0,0.4962,0.8968,0.3325,0.0623,0.052235000000000004,-0.1125,-0.11249215999999998,-0.40060000000000007,-2.7755575615628914e-17,0.6617026231931322,0.5,1.0,False,False,CHO2|SLT2
CHO2,SRP40,3,1,0.9824764588338644,True,2.0,0.4962,0.9203,0.45394999999999996,0.0162,0.124872705,-0.0026999999999999993,-0.0027028600000000014,-0.42410000000000003,0.0,0.019022644797887497,0.0,0.0,False,False,CHO2|SRP40
CHO2,TPS2,3,1,4.157453299430087,True,2.0,0.4962,0.663,0.2615,0.1256,0.176800897,-0.06745000000000001,-0.0674806,-0.16680000000000006,0.0,0.06328943851586134,0.0,1.0,False,False,CHO2|TPS2
CIN8,DDR48,3,1,5.652659550581998,True,1.0,,0.9983,0.9865,0.0238,0.3572,-0.0118,,0.0,0.0,0.0,0.0,0.0,False,True,CIN8|DDR48
CIN8,GSY1,3,1,5.558614413231848,True,1.0,,1.0217,1.0078,0.0445,0.4112,-0.0139,,0.0,0.0,0.0,0.0,0.0,False,True,CIN8|GSY1
CIN8,IRA2,3,-1,1.1454907318514504,True,1.0,,0.8413,0.812,0.0531,0.3047,-0.0293,,0.0,0.0,0.0,0.0,0.0,False,True,CIN8|IRA2
CIN8,SLT2,3,1,4.568521262386844,True,1.0,,0.8968,0.9127,0.1008,0.4285,0.0159,,0.0,0.0,0.0,0.0,0.0,False,True,CIN8|SLT2
CLN3,DDR48,3,1,4.2683818449015,True,2.0,0.9575,0.9983,0.971,0.0353,0.3676,0.015099999999999999,0.015127749999999995,-0.013800000000000034,0.026999999999999913,0.13902645926968774,1.0,1.0,False,False,CLN3|DDR48
CLN3,GSY1,3,1,4.12253760011753,True,2.0,0.9575,1.0217,0.95895,0.0361,0.24805,-0.01935,-0.019327750000000088,-0.05690000000000006,-0.034255500000000105,-0.3319267460859373,1.0,1.0,False,False,CLN3|GSY1
CTF18,GSY1,3,1,6.440791343727522,True,2.0,0.745,1.0217,0.7403,0.0449,0.14629999999999999,-0.020900000000000002,-0.020866500000000066,-0.2349,0.009466999999999892,-0.23121308161489562,0.0,0.0,False,False,CTF18|GSY1
CTF18,SLT2,3,1,5.4010205827485125,True,2.0,0.745,0.8968,0.70975,0.0601,0.23324999999999999,0.04165,0.04163399999999995,-0.15180000000000005,0.0,-0.1695081012619304,0.0,1.0,False,False,CTF18|SLT2
CTF18,TPS2,3,1,6.364555522194354,True,2.0,0.745,0.663,0.48960000000000004,0.0936,0.31820000000000004,-0.00435,-0.0043350000000000055,0.08199999999999996,0.0,-0.003784167825538828,0.0,0.0,False,False,CTF18|TPS2
CTF4,GSY1,3,1,7.505068225863294,True,2.0,0.7492,1.0217,0.7501,0.0937,0.4243,-0.0154,-0.015357640000000061,-0.2682000000000001,-0.028215280000000176,-0.17106926430866856,1.0,1.0,False,False,CTF4|GSY1
CTF4,SLT2,3,1,6.502840847136378,True,2.0,0.7492,0.8968,0.6848,0.0643,0.4168,0.012899999999999998,0.012917439999999947,-0.14760000000000006,0.0,-0.05183692017435505,0.0,1.0,False,False,CTF4|SLT2
CTF4,TPS2,3,1,7.483784171944034,True,1.0,0.7492,0.663,0.5455,0.0769,0.2635,0.0488,0.0487804,0.08619999999999994,0.0,0.04543306424900662,0.0,1.0,False,False,CTF4|TPS2
CTR9,DDR48,3,1,7.283896407408864,True,1.0,0.261,0.9983,0.2692,0.015,0.3073,0.0086,0.008643699999999976,-0.7209,0.01640000000000008,0.005772253063889006,1.0,1.0,False,False,CTR9|DDR48
CTR9,ELP2,3,1,2.159705945717459,True,1.0,0.261,0.8077,0.2189,0.0074,0.22,0.0081,0.008090300000000022,-0.5467,0.0,-0.028509364253791383,0.0,1.0,False,False,CTR9|ELP2
CTR9,FZF1,3,1,2.9502073196863874,True,1.0,0.261,0.992,0.2575,0.008,0.4536,-0.0014,-0.0014120000000000243,-0.7309999999999999,1.1102230246251565e-16,0.002503632888247399,1.0,1.0,False,False,CTR9|FZF1
CTR9,LOS1,3,1,1.4422869068315265,True,1.0,0.261,0.961,0.275,0.0078,0.01375,0.0241,0.024179000000000006,-0.6719999999999999,0.028000000000000025,-0.2019446071157007,1.0,1.0,False,False,CTR9|LOS1
CTR9,LSM12,3,1,0.855879416305994,True,1.0,0.261,0.9968,0.2657,0.0053,0.2454,0.0055,0.005535199999999962,-0.7264000000000002,0.009399999999999853,0.0003998362076418622,1.0,1.0,False,False,CTR9|LSM12
CTR9,PPT1,3,1,4.357706500227132,True,1.0,0.261,1.0245,0.2772,0.0146,0.3009,0.0098,0.009805500000000023,-0.7311,0.019611000000000045,0.09069697432564931,1.0,1.0,False,False,CTR9|PPT1
CTR9,SNF11,3,1,3.232497147147808,True,1.0,0.261,1.0357,0.29,0.016,0.1261,0.0197,0.01968229999999993,-0.7167000000000001,0.03936459999999986,0.2126720763702837,1.0,1.0,False,False,CTR9|SNF11
DAT1,DEF1,3,-1,1.9220787426421675,True,1.0,1.0263,0.85,0.9413,0.0271,0.03799,0.0689,0.06894500000000003,-0.006300000000000083,-0.13789000000000007,-0.9817870477082676,1.0,1.0,False,False,DAT1|DEF1
DDR48,DEF1,3,-1,-5.358642717813943,True,1.0,0.9983,0.85,0.8399,0.0466,0.4451,-0.0087,-0.008654999999999968,0.1483,0.0,0.0460513956666091,0.0,1.0,False,False,DDR48|DEF1
DDR48,DIG1,3,-1,-4.127596644673614,True,1.0,0.9983,0.8365,0.8759,0.0594,0.289,0.0409,0.040822050000000054,0.08299999999999996,-0.07879999999999998,-0.20059640584602867,1.0,1.0,False,False,DDR48|DIG1
DDR48,GIS1,3,-1,-3.736671432548499,True,2.0,0.9983,0.9917,1.0076,0.0389,0.32825000000000004,0.01755,0.017585889999999993,-0.006599999999999939,-0.013199999999999878,-0.04487484111105977,1.0,1.0,False,False,DDR48|GIS1
DDR48,HAL9,3,-1,-7.28494519138308,True,2.0,0.9983,0.9882,0.9964500000000001,0.035,0.3489,0.00995,0.009929940000000081,0.0,-0.010099999999999998,-0.03765204108192755,0.5,0.0,False,False,DDR48|HAL9
DDR48,INO2,3,-1,-3.977498916086673,True,2.0,0.9983,0.6755,0.6608499999999999,0.021,0.18967969,-0.013449999999999998,-0.013501649999999976,0.3154,-0.007399999999999962,0.031472106806207656,0.5,0.0,False,False,DDR48|INO2
DDR48,LSM12,3,-1,-6.484717838811235,True,2.0,0.9983,0.9968,0.96295,0.0562,0.26335,-0.03215,-0.032155440000000035,0.0014999999999999458,0.0,0.01915061216475703,0.0,1.0,False,False,DDR48|LSM12
DDR48,MDS3,3,-1,-7.587500775230432,True,2.0,0.9983,0.9617,0.94705,0.0384,0.38255,-0.01305,-0.013015109999999941,0.036599999999999966,0.0,0.11681977177628206,0.0,1.0,False,False,DDR48|MDS3
DDR48,MSN2,3,-1,-7.006946987323524,True,1.0,0.9983,0.9945,0.9919,0.0019,0.3913,-0.0009,-0.000909350000000031,0.0037999999999999146,0.0,0.0013590085011613105,0.0,1.0,False,False,DDR48|MSN2
DDR48,RGP1,3,-1,-7.526928375669592,True,1.0,0.9983,0.703,0.6891,0.0165,0.2954,-0.0127,-0.012704899999999908,0.2953,0.0,0.03296911006089301,0.0,1.0,False,False,DDR48|RGP1
DDR48,RIM101,3,-1,-3.586449571124069,True,1.0,0.9983,0.731,0.7692,0.0509,0.2466,0.0395,0.03944270000000005,0.19089999999999996,-0.07640000000000002,-0.11494042449406638,1.0,1.0,False,False,DDR48|RIM101
DDR48,SCS2,3,-1,-7.34443125856764,True,2.0,0.9983,0.9587,0.9724,0.036,0.35145,0.015349999999999999,0.01532979000000012,0.012199999999999878,-0.02740000000000009,-0.14012676983757386,1.0,1.0,False,False,DDR48|SCS2
DDR48,SEM1,3,-1,-4.476008618548734,True,2.0,0.9983,0.9873,0.9648,0.0794,0.25739999999999996,-0.0208,-0.020821589999999945,0.01100000000000001,0.0,0.08522083068966943,0.0,1.0,False,False,DDR48|SEM1
DEF1,EBS1,3,1,-0.0833655570676037,True,1.0,0.85,1.021,0.8698,0.0499,0.4889,0.0019,0.0019500000000001183,-0.13139999999999985,0.0039000000000002366,0.025623835430127317,1.0,1.0,False,False,DEF1|EBS1
DEF1,GAL80,3,1,0.1140444693045746,True,1.0,0.85,0.9625,0.8101,0.1561,0.4747,-0.008,-0.008024999999999949,-0.11250000000000004,0.0,0.02888999999999979,0.0,1.0,False,False,DEF1|GAL80
DEF1,GSY1,3,1,5.30846864331272,True,1.0,0.85,1.0217,0.8993,0.2815,0.4391,0.0308,0.030854999999999966,-0.07310000000000005,0.06170999999999993,0.41050135336548965,1.0,1.0,False,False,DEF1|GSY1
DEF1,HOM2,3,1,1.5442869065986906,True,1.0,0.85,0.871,0.553,0.0619,0.004783,-0.1873,-0.1873499999999999,-0.02100000000000002,0.0,0.1385377932187454,0.0,1.0,False,False,DEF1|HOM2
DEF1,NRP1,3,1,2.139726770854396,True,1.0,0.85,0.9165,0.7938,0.0621,0.4266,0.0148,0.014774999999999983,-0.0665,0.0,-0.041594925967958975,0.0,1.0,False,False,DEF1|NRP1
DEF1,RIM11,3,1,-0.5787212322590863,True,1.0,0.85,0.9972,0.888,0.126,0.3597,0.0404,0.04038000000000008,-0.07119999999999993,0.07600000000000007,0.19719578410105906,1.0,1.0,False,False,DEF1|RIM11
DEF1,RME1,3,1,3.637005905120676,True,1.0,0.85,1.026,0.796,0.1501,0.2963,-0.0761,-0.07609999999999995,-0.17600000000000005,-0.04420000000000002,-1.0795848866498736,1.0,1.0,False,False,DEF1|RME1
DEF1,RTT107,3,1,0.7684111536819045,True,1.0,0.85,0.9473,0.8162,0.039,0.4224,0.011,0.010994999999999977,-0.09730000000000005,0.0,-0.04382811607851749,0.0,1.0,False,False,DEF1|RTT107
DEF1,SLT2,3,1,4.269141208895155,True,1.0,0.85,0.8968,0.5446,0.0846,0.006928,-0.2177,-0.2176800000000001,-0.046800000000000064,0.0,0.40222159753738407,0.0,1.0,False,False,DEF1|SLT2
DEF1,TPS2,3,1,5.251725091812907,True,1.0,0.85,0.663,0.6825,0.0262,0.0005917,0.119,0.11895,0.14800000000000002,-0.038999999999999924,0.368335173905177,1.0,1.0,False,False,DEF1|TPS2
DEF1,YTA7,3,1,0.9510599147836049,True,1.0,0.85,0.7672,0.7601,0.1099,0.1568,0.108,0.10798000000000008,0.08279999999999998,0.0,0.20450101487516548,0.0,1.0,False,False,DEF1|YTA7
DEP1,NPT1,3,1,0.9650508755267084,True,1.0,0.832,1.002,0.8425,0.0532,0.4405,0.0089,0.008836000000000066,-0.1489999999999999,0.017672000000000132,0.05537309189556612,1.0,1.0,False,False,DEP1|NPT1
DEP1,RME1,3,1,3.779307949200247,True,2.0,0.832,1.026,0.84905,0.0386,0.0498050010675,-0.0045499999999999985,-0.004581999999999975,-0.10540000000000005,0.04533600000000004,-0.06256462575552774,0.0,0.0,False,False,DEP1|RME1
DIG1,GSY1,3,1,4.029399733205089,True,1.0,0.8365,1.0217,0.9063,0.0472,0.2138,0.0516,0.05164794999999989,-0.045600000000000085,0.10329589999999977,0.6661214926632585,1.0,1.0,False,False,DIG1|GSY1
DIG1,RME1,3,1,2.289448650149752,True,1.0,0.8365,1.026,0.8465,0.06,0.4378,-0.0118,-0.01174900000000001,-0.16949999999999998,-0.02349800000000002,-0.16189576495030383,1.0,1.0,False,False,DIG1|RME1
DIG1,TPS2,3,1,3.9924377380180935,True,1.0,0.8365,0.663,0.5254,0.1994,0.4077,-0.0292,-0.029199500000000045,0.1735,0.0,-0.07853767182213846,0.0,1.0,False,False,DIG1|TPS2
DPB4,GSY1,3,1,4.307777790498268,True,2.0,1.0168,1.0217,1.0548,0.0523,0.39954999999999996,0.016,0.015935440000000023,0.0049000000000001265,0.0,0.020172807806516573,0.0,1.0,False,False,DPB4|GSY1
EDE1,SLT2,3,1,5.195509800777225,True,2.0,0.982,0.8968,0.4726,0.1224,9.38e-13,-0.4081,-0.4080576,0.08519999999999994,0.0,0.6014066508007498,0.0,1.0,False,False,EDE1|SLT2
EDE1,TPS2,3,1,6.180116109715674,True,2.0,0.982,0.663,0.67015,0.0601,0.3659,0.0191,0.01908399999999999,0.29779999999999995,-0.021199999999999997,0.06623087529477499,0.5,1.0,False,False,EDE1|TPS2
ELP2,SEM1,3,1,0.7104126237533025,True,2.0,0.8077,0.9873,0.7638499999999999,0.0389,0.28390000000000004,-0.033549999999999996,-0.033592209999999956,-0.17959999999999998,0.0,-0.00331845603084586,0.0,1.0,False,False,ELP2|SEM1
ERG2,IRA2,3,-1,-0.4005584990774586,True,1.0,0.759,0.8413,0.5998,0.1145,0.3364,-0.0388,-0.03874670000000002,-0.08230000000000004,0.0,0.06796396715710643,0.0,1.0,False,False,ERG2|IRA2
ERG2,SET4,3,1,0.0821898208632491,True,1.0,0.759,0.98,0.7239,0.0716,0.3989,-0.0199,-0.01992000000000005,-0.22099999999999997,0.0,0.05813466268301963,0.0,1.0,False,False,ERG2|SET4
ERG2,SLT2,3,1,3.0254933914594555,True,1.0,0.759,0.8968,0.7006,0.0457,0.3673,0.0199,0.01992879999999997,-0.13780000000000003,0.0,-0.07711689407910645,0.0,1.0,False,False,ERG2|SLT2
ERG2,TPS2,3,1,4.002741184196329,True,1.0,0.759,0.663,0.5115,0.0454,0.4353,0.0083,0.00828299999999993,0.09599999999999997,0.0,0.008901736774763564,0.0,1.0,False,False,ERG2|TPS2
FZF1,GSY1,3,1,4.258749435138835,True,2.0,0.992,1.0217,0.9511000000000001,0.1139,0.19124999999999998,-0.06245,-0.06242639999999994,-0.027900000000000036,-0.04125279999999987,-0.6507536008290199,1.0,1.0,False,False,FZF1|GSY1
GAL80,IRA2,3,-1,0.7315506394703446,True,2.0,0.9625,0.8413,0.7471,0.2041,0.22335,-0.0626,-0.06265125000000005,0.12119999999999997,0.0,-0.2423223061039836,0.0,1.0,False,False,GAL80|IRA2
GIS1,GSY1,3,1,3.65795184926732,True,2.0,0.9917,1.0217,1.00925,0.0435,0.4697,-0.00395,-0.0039698900000000314,0.005099999999999882,-0.007939780000000063,-0.041823489707049515,1.0,1.0,False,False,GIS1|GSY1
GIS1,YTA7,3,-1,-0.6396752663121544,True,2.0,0.9917,0.7672,0.77225,0.0434,0.36775,0.011449999999999998,0.011417759999999944,0.21440000000000003,-0.010099999999999998,-0.009992297256855078,1.0,1.0,False,False,GIS1|YTA7
GSY1,HXK2,3,-1,-2.64396659716943,True,2.0,1.0217,0.8722,0.8781,0.1034,0.39635,-0.013049999999999999,-0.013026740000000037,0.13770000000000004,0.026053480000000073,0.18354972326344554,1.0,1.0,False,False,GSY1|HXK2
GSY1,INO2,3,-1,-3.9038594242153297,True,2.0,1.0217,0.6755,0.70485,0.0578,0.21803,0.014649999999999998,0.014691649999999945,0.27660000000000007,-0.04028329999999991,-0.15153563708953635,0.0,0.0,False,False,GSY1|INO2
GSY1,IRA2,3,-1,-4.426022139544625,True,2.0,1.0217,0.8413,0.88565,0.0281,0.027764999999999998,0.0261,0.02609378999999995,0.07230000000000003,-0.07158757999999998,-0.3401693885707049,0.0,0.0,False,False,GSY1|IRA2
GSY1,MDS3,3,-1,-7.519489228709833,True,1.0,1.0217,0.9617,0.9437,0.111,0.3375,-0.0389,-0.038868890000000045,0.06000000000000005,0.04173778000000006,0.6591824454269268,1.0,1.0,False,False,GSY1|MDS3
GSY1,MSN2,3,-1,-6.929136934911069,True,2.0,1.0217,0.9945,1.0293,0.0551,0.3879,0.0132,0.013219349999999852,-0.023799999999999932,-0.007838699999999754,-0.12529176665294023,1.0,1.0,False,False,GSY1|MSN2
GSY1,NUP120,3,-1,-7.425694620106537,True,1.0,1.0217,0.918,0.9424,0.0384,0.4671,0.0045,0.004479399999999911,0.05490000000000006,-0.008958799999999822,-0.07253967711986158,1.0,1.0,False,False,GSY1|NUP120
GSY1,RAD18,3,-1,-5.158683537167249,True,1.0,1.0217,,1.0435,0.0386,0.3442,0.0218,,0.0,0.0,0.0,0.0,0.0,False,True,GSY1|RAD18
GSY1,RAD50,3,-1,-5.013233066400368,True,1.0,1.0217,,1.0342,0.034,0.4022,0.0125,,0.0,0.0,0.0,0.0,0.0,False,True,GSY1|RAD50
GSY1,RGP1,3,-1,-7.393088460825868,True,1.0,1.0217,0.703,0.724,0.0121,0.3853,0.0057,0.005744899999999942,0.27670000000000006,-0.011489799999999883,-0.06077193651587243,1.0,1.0,False,False,GSY1|RGP1
GSY1,RIM11,3,-1,-5.862030025697191,True,2.0,1.0217,0.9972,1.0363,0.0111,0.048485,0.017499999999999998,0.017460760000000075,-0.024500000000000077,-0.0057215200000002575,-0.14703194681001497,1.0,1.0,False,False,GSY1|RIM11
GSY1,ROX1,3,-1,-2.838262684046281,True,2.0,1.0217,1.0002,1.04595,0.0877,0.36185,0.024050000000000002,0.024045659999999858,-0.021500000000000075,0.0,-0.17371089221442637,0.0,1.0,False,False,GSY1|ROX1
GSY1,RPS21A,3,-1,-3.5958878982091984,True,1.0,1.0217,0.8423,0.8902,0.0642,0.3433,0.0297,0.029622089999999934,0.08360000000000012,-0.05924417999999987,-0.38704640306801563,1.0,1.0,False,False,GSY1|RPS21A
GSY1,RTT107,3,-1,-4.553379260317249,True,2.0,1.0217,0.9473,0.9891000000000001,0.0336,0.3036,0.0212,0.021243589999999923,-0.009199999999999986,-0.04248717999999985,-0.3673100537122902,0.0,0.0,False,False,GSY1|RTT107
GSY1,SBP1,3,-1,-6.273828710707676,True,2.0,1.0217,0.9147,0.9234,0.0705,0.24404499999999998,-0.01115,-0.011148990000000025,0.08960000000000001,0.02229798000000005,0.17871360769531647,1.0,1.0,False,False,GSY1|SBP1
GSY1,SET4,3,-1,-3.8428770298760986,True,2.0,1.0217,0.98,0.99585,0.0318,0.32845,-0.005399999999999999,-0.005415999999999976,0.005900000000000016,0.00673199999999996,0.07691131739113101,0.0,0.0,False,False,GSY1|SET4
GSY1,SNF11,3,-1,-4.007737573733537,True,2.0,1.0217,1.0357,1.0561500000000001,0.04,0.40654999999999997,-0.0020499999999999997,-0.002024690000000162,0.014000000000000012,0.0,-0.004361228706414316,0.0,0.0,False,False,GSY1|SNF11
GSY1,TPS2,3,-1,-0.0422331140791159,True,2.0,1.0217,0.663,0.6296999999999999,0.0186,0.00338873055,-0.047700000000000006,-0.04768710000000004,0.31200000000000006,-0.017925799999999992,0.4867734107482522,0.0,0.0,False,False,GSY1|TPS2
GSY1,UBA3,3,-1,-5.560116021416731,True,2.0,1.0217,0.8685,0.9137500000000001,0.0774,0.38244999999999996,0.0264,0.026403549999999887,0.06270000000000009,-0.052807099999999774,-0.36828260882814934,1.0,1.0,False,False,GSY1|UBA3
GSY1,YTA7,3,-1,-4.285440398819391,True,2.0,1.0217,0.7672,0.77875,0.0463,0.32245,-0.005050000000000001,-0.005098240000000087,0.21650000000000003,-0.00470351999999985,0.058172600153368434,0.0,0.0,False,False,GSY1|YTA7
HOM2,LOS1,3,-1,-2.055169298672033,True,2.0,0.871,0.961,0.80025,0.0557,0.21835,-0.03685,-0.03678099999999995,-0.08999999999999997,0.0,0.10885778441719182,0.0,1.0,False,False,HOM2|LOS1
HOM2,SLT2,3,1,2.681881216910336,True,2.0,0.871,0.8968,0.79575,0.0743,0.193875,0.01465,0.014637199999999906,-0.025800000000000045,0.0,-0.01622249245152792,0.0,0.0,False,False,HOM2|SLT2
HXK2,RPS21A,3,-1,-0.9054032030669468,True,1.0,0.8722,0.8423,0.7471,0.1141,0.4458,0.0124,0.012445939999999989,0.029899999999999927,0.0,0.012745713189083062,0.0,1.0,False,False,HXK2|RPS21A
HXK2,SEM1,3,-1,-1.7527893035026962,True,2.0,0.8722,0.9873,0.8468,0.0687,0.345,-0.014350000000000002,-0.014323059999999943,-0.11509999999999998,0.0,-0.028845162910630537,0.0,0.0,False,False,HXK2|SEM1
INO2,NRP1,3,1,0.766396582655649,True,1.0,0.6755,0.9165,0.5838,0.0358,0.1817,-0.0353,-0.03529574999999996,-0.241,0.0,0.20489275756158,0.0,1.0,False,False,INO2|NRP1
INO2,PPT1,3,1,1.0353332500318404,True,2.0,0.6755,1.0245,0.64495,0.0405,0.143835,-0.0471,-0.047099749999999996,-0.349,-0.03309950000000006,-0.5139894736381783,1.0,1.0,False,False,INO2|PPT1
INO2,RIM101,3,1,0.3504374839712707,True,1.0,0.6755,0.731,0.4886,0.0534,0.4689,-0.0052,-0.005190499999999987,-0.055499999999999994,0.0,0.0030267320991895726,0.0,1.0,False,False,INO2|RIM101
INO2,RME1,3,1,2.221119469419219,True,2.0,0.6755,1.026,0.73525,0.0373,0.13812838,0.04215,0.042186999999999975,-0.22130000000000005,0.09407399999999999,0.4723507568737908,0.0,0.0,False,False,INO2|RME1
INO2,RPL16A,3,1,-0.2614253610973533,True,2.0,0.6755,0.925,0.6776500000000001,0.0598,0.1993,0.05285,0.052812499999999984,-0.2398,0.009700000000000042,-0.32852396562160113,0.5,1.0,False,False,INO2|RPL16A
INO2,SLT2,3,1,2.8696235701224992,True,2.0,0.6755,0.8968,0.6022000000000001,0.1016,0.30765,-0.003599999999999999,-0.0035883999999999916,-0.22130000000000005,0.0,0.017359130501859193,0.0,0.0,False,False,INO2|SLT2
INO2,SRP40,3,1,0.6282679242017878,True,2.0,0.6755,0.9203,0.6413,0.0291,0.302,0.0196,0.019637349999999998,-0.24480000000000002,0.0,-0.11769304741586854,0.0,1.0,False,False,INO2|SRP40
INO2,UBC4,3,1,-0.6305913600070336,True,2.0,0.6755,0.9042,0.53505,0.1039,0.14772,-0.07569999999999999,-0.0757371,-0.22870000000000001,0.0,0.3933417871191718,0.0,1.0,False,False,INO2|UBC4
IRA2,RTT107,3,1,-0.0869094412576125,True,2.0,0.8413,0.9473,0.8516,0.0338,0.053845000000000004,0.054599999999999996,0.054636509999999916,-0.0817,0.02429999999999999,-0.23242278040642475,0.5,1.0,False,False,IRA2|RTT107
IRA2,SEM1,3,1,0.0207434970503484,True,2.0,0.8413,0.9873,0.7434000000000001,0.1215,0.13430414200000002,-0.0872,-0.08721549,-0.1459999999999999,0.0,-0.08373396800556168,0.0,1.0,False,False,IRA2|SEM1
IRA2,SNF11,3,1,0.4434279907496419,True,2.0,0.8413,1.0357,0.8354999999999999,0.0524,0.25455,-0.03585,-0.03583441000000015,-0.18540000000000012,-0.05106882000000024,-0.5443402620309525,1.0,1.0,False,False,IRA2|SNF11
IRA2,TPS2,3,1,4.3995852298204765,True,2.0,0.8413,0.663,0.64135,0.0724,0.17754999999999999,0.08355000000000001,0.08356809999999992,0.1261000000000001,-0.05219999999999991,0.23639391522997966,0.5,1.0,False,False,IRA2|TPS2
IRA2,URE2,3,1,-2.008427214915993,True,1.0,0.8413,,0.8608,0.0099,0.09654,0.0195,,0.0,0.0,0.0,0.0,0.0,False,True,IRA2|URE2
IXR1,RME1,3,1,4.560216274887423,True,2.0,0.7905,1.026,0.6552,0.0713,0.2199513615,-0.15580000000000002,-0.15585300000000002,-0.20830000000000004,-0.013906000000000085,-1.9797123126572531,0.0,0.0,False,False,IXR1|RME1
LSM12,TPS2,3,1,6.381238324435743,True,2.0,0.9968,0.663,0.65125,0.0776,0.351,-0.009649999999999999,-0.009628400000000092,0.32210000000000005,-0.011699999999999933,0.015681455967488704,0.5,0.0,False,False,LSM12|TPS2
MDS3,TPS2,3,1,7.489476349292395,True,2.0,0.9617,0.663,0.6519,0.062,0.25545,0.0143,0.014292900000000053,0.29869999999999997,0.0,0.09649813164648242,0.0,1.0,False,False,MDS3|TPS2
MSN2,TPS2,3,1,6.912189202505505,True,2.0,0.9945,0.663,0.74,0.0601,0.02295245,0.0806,0.08064650000000001,0.1775,-0.15400000000000003,-0.05885155056745678,1.0,1.0,False,False,MSN2|TPS2
NKP2,TOM1,3,1,0.8102431148570769,True,1.0,0.9105,0.927,0.8415,0.0551,0.4863,-0.0025,-0.0025334999999999663,-0.01650000000000007,0.0,0.002049120860913847,0.0,1.0,False,False,NKP2|TOM1
NOP6,TPS2,3,1,3.695227924930072,True,1.0,0.9427,0.663,0.52,0.0279,0.002985,-0.105,-0.1050101,0.27969999999999995,0.0,-0.7355337791006992,0.0,1.0,False,False,NOP6|TPS2
NPT1,RGP1,3,-1,-2.935618810076399,True,1.0,1.002,0.703,0.6562,0.0021,5.418e-57,-0.0482,-0.04820599999999997,0.29900000000000004,0.0028120000000000367,0.1963395948043944,1.0,1.0,False,False,NPT1|RGP1
NRP1,YTA7,3,-1,-1.234430419229631,True,1.0,0.9165,0.7672,0.7089,0.0256,0.4315,0.0057,0.005761200000000022,0.1493,0.0,0.02713007872782961,0.0,1.0,False,False,NRP1|YTA7
NUP120,TPS2,3,1,7.407896184482129,True,1.0,0.918,0.663,0.5981,0.0825,0.4487,-0.0105,-0.010534000000000043,0.255,0.0,-0.06306081338315124,0.0,1.0,False,False,NUP120|TPS2
PHO85,PPT1,3,1,3.210291288913164,True,1.0,0.297,1.0245,0.2985,0.0228,0.4301,-0.0058,-0.005776499999999962,-0.7244999999999999,-0.011552999999999924,-0.0538248730813333,1.0,1.0,False,False,PHO85|PPT1
PHO85,RPS21A,3,1,2.5667514007464445,True,1.0,0.297,0.8423,0.2405,0.0239,0.3728,-0.0096,-0.009663100000000036,-0.5453000000000001,0.0,0.04200179314730321,0.0,1.0,False,False,PHO85|RPS21A
PHO85,SLT2,3,1,5.016540628790532,True,1.0,0.297,0.8968,0.1608,0.0186,4.615e-06,-0.1056,-0.10554960000000002,-0.5998,0.0,0.6789425148874592,0.0,1.0,False,False,PHO85|SLT2
PPT1,RGP1,3,-1,-4.511286107634021,True,1.0,1.0245,0.703,0.7012,0.0188,0.2271,-0.0191,-0.01902349999999986,0.3215,0.034446999999999894,0.21262176024362922,1.0,1.0,False,False,PPT1|RGP1
RAD18,TPS2,3,1,5.134707590358521,True,1.0,,0.663,0.7824,0.06,0.04927,0.1194,,0.0,0.0,0.0,0.0,0.0,False,True,RAD18|TPS2
RAD50,SLT2,3,1,4.040305031947653,True,1.0,,0.8968,0.8747,0.0784,0.3899,-0.0221,,0.0,0.0,0.0,0.0,0.0,False,True,RAD50|SLT2
RAD50,TPS2,3,1,4.9818792988721246,True,1.0,,0.663,0.6538,0.0636,0.4514,-0.0092,,0.0,0.0,0.0,0.0,0.0,False,True,RAD50|TPS2
RGP1,SLT2,3,1,6.415682971953244,True,1.0,0.703,0.8968,0.8118,0.0332,5.164e-06,0.1813,0.1813496,0.023799999999999932,0.21760000000000002,-0.8294130929590309,1.0,1.0,False,False,RGP1|SLT2
RGP1,SRP40,3,1,4.109764537903692,True,1.0,0.703,0.9203,0.5643,0.0396,0.02395,-0.0827,-0.08267089999999999,-0.21730000000000005,0.0,0.47364778724640133,0.0,1.0,False,False,RGP1|SRP40
RIM11,TPS2,3,1,5.831471180896848,True,2.0,0.9972,0.663,0.65235,0.0745,0.43985,-0.0088,-0.008793600000000068,0.33419999999999994,0.0,0.015713694537997834,0.0,1.0,False,False,RIM11|TPS2
RME1,YTA7,3,-1,-2.615980151294493,True,2.0,1.026,0.7672,0.81625,0.1386,0.3382,0.0291,0.029102799999999984,0.16069999999999995,-0.05820559999999997,-0.35774673217149405,1.0,1.0,False,False,RME1|YTA7
ROX1,SET5,3,1,-4.254938877731124,True,2.0,1.0002,1.0225,0.9811000000000001,0.0775,0.22744999999999999,-0.0416,-0.04160449999999988,-0.022299999999999986,-0.04459999999999997,-0.30805672443793825,1.0,1.0,False,False,ROX1|SET5
ROX1,TPS2,3,1,2.8161736332850915,True,2.0,1.0002,0.663,0.6774,0.0635,0.31320000000000003,0.014199999999999999,0.01426739999999993,0.30289999999999995,-0.03403479999999992,-0.0425659901299936,0.0,0.0,False,False,ROX1|TPS2
RPL16A,SEM1,3,1,-0.2623918641767798,True,2.0,0.925,0.9873,0.8849499999999999,0.0392,0.19173,-0.028249999999999997,-0.028302500000000064,-0.06229999999999991,0.0,-0.1261908691765156,0.0,1.0,False,False,RPL16A|SEM1
SEM1,SRP40,3,-1,1.1131191705296997,True,2.0,0.9873,0.9203,0.8933500000000001,0.0906,0.19785,-0.01525,-0.015262189999999898,0.03709999999999991,-0.029900000000000038,0.0645804562711144,0.5,0.0,False,False,SEM1|SRP40
SET4,TPS2,3,1,3.8335081364213752,True,2.0,0.98,0.663,0.61835,0.0483,0.22415000000000002,-0.03135,-0.031389999999999973,0.31699999999999995,0.0,-0.12534360863232066,0.0,1.0,False,False,SET4|TPS2
SLT2,THR4,3,-1,-5.513190590615267,True,1.0,0.8968,0.6425,0.6495,0.095,0.2265,0.0733,0.07330599999999998,0.24030000000000007,-0.014000000000000012,0.3741705858410162,1.0,1.0,False,False,SLT2|THR4
SLT2,VAM6,3,-1,-5.397037903089078,True,2.0,0.8968,0.6723,0.66815,0.0639,0.21631,0.06525,0.06523135999999996,0.17500000000000004,-0.04949999999999999,0.3173909440381074,0.5,1.0,False,False,SLT2|VAM6
SLT2,VPS41,3,-1,-5.632997337701063,True,2.0,0.8968,0.5993,0.58275,0.2421,0.304,0.0453,0.045297759999999965,0.2975,0.0,0.2441728302552602,0.0,1.0,False,False,SLT2|VPS41
SRP40,TPS2,3,1,3.149459435567356,True,2.0,0.9203,0.663,0.5545,0.0765,0.15991,-0.05565,-0.05565890000000007,0.2573,0.0,-0.3395236368095693,0.0,0.0,False,False,SRP40|TPS2
SRP40,YTA7,3,-1,-1.084345268783342,True,2.0,0.9203,0.7672,0.7526999999999999,0.0148,0.0987500000453,0.046650000000000004,0.046645839999999994,0.139,-0.014100000000000001,0.2284434345608311,0.5,1.0,False,False,SRP40|YTA7
TPS2,UBC4,3,-1,-4.530347702321746,True,2.0,0.663,0.9042,0.53735,0.1177,0.2656,-0.0621,-0.06213460000000004,-0.24119999999999997,0.0,0.32932997177410955,0.0,0.0,False,False,TPS2|UBC4
TPS2,YTA7,3,-1,-4.2526633520785335,True,2.0,0.663,0.7672,0.5410999999999999,0.0319,0.21005000000000001,0.03245,0.03244639999999993,-0.10419999999999996,0.0,-0.03902250662572421,0.0,1.0,False,False,TPS2|YTA7
ADD66,GSY2,4,1,4.839491617470396,True,2.0,1.0388,0.9888,1.01605,0.0612,0.26395,-0.0111,-0.011115439999999865,0.0,0.02673087999999979,0.1550912614533166,0.0,0.0,False,False,ADD66|GSY2
APN2,NMD2,4,-1,-1.91127440486027,True,1.0,1.039,0.9903,1.097,0.0476,0.1108,0.068,0.06807830000000004,-0.048699999999999966,-0.02015659999999997,-0.9148599348103645,1.0,1.0,False,False,APN2|NMD2
ASF1,DUN1,4,1,1.3259095862800625,True,1.0,0.6987,0.9345,0.5525,0.0074,4.132e-22,-0.1004,-0.10043515000000003,-0.2358,0.0,0.6444102369310559,0.0,1.0,False,False,ASF1|DUN1
ASF1,GPG1,4,1,4.656883743658264,True,2.0,0.6987,1.0255,0.6582,0.0575,0.210365,-0.0583,-0.05831685000000009,-0.3187000000000001,-0.027533700000000216,-0.6604148351601301,1.0,1.0,False,False,ASF1|GPG1
ASF1,GSY2,4,1,4.500322488672378,True,2.0,0.6987,0.9888,0.6575,0.0573,0.21875,-0.033350000000000005,-0.03337456000000005,-0.2901,0.0,0.034574378674457326,0.0,1.0,False,False,ASF1|GSY2
ASF1,RAD54,4,1,0.7299947657873811,True,2.0,0.6987,0.8453,0.5694,0.0662,0.3503,-0.0212,-0.021211109999999977,-0.14660000000000006,0.0,0.05563107379782481,0.0,1.0,False,False,ASF1|RAD54
ATG10,HTZ1,4,-1,-3.0780680293693203,True,1.0,0.9665,0.6665,0.5801,0.023,0.01909,-0.0641,-0.06407225000000005,0.30000000000000004,0.0,-0.4046682713878189,0.0,1.0,False,False,ATG10|HTZ1
ATG10,OCA1,4,-1,-4.146947396993509,True,2.0,0.9665,0.916,0.90235,0.0709,0.2693,0.01705,0.01703599999999994,0.05049999999999999,0.0,0.007804302514853544,0.0,1.0,False,False,ATG10|OCA1
ATG10,SIW14,4,-1,-3.6151016838284726,True,2.0,0.9665,0.997,0.9839,0.1208,0.3993,0.0203,0.020299500000000026,0.0042999999999999705,0.03479999999999994,0.1634657803650939,1.0,1.0,False,False,ATG10|SIW14
ATG10,SWR1,4,-1,-1.8961806208265488,True,2.0,0.9665,0.8615,0.81105,0.0368,0.25615,-0.0216,-0.02158975000000002,0.10499999999999998,0.0,-0.061761406665014035,0.0,1.0,False,False,ATG10|SWR1
CBF1,GAT2,4,1,2.681867253257624,True,1.0,0.59,1.051,0.7311,0.0365,0.002207,0.111,0.11101000000000005,-0.17879999999999996,0.2220200000000001,1.376670769908574,1.0,1.0,False,False,CBF1|GAT2
CBF1,GPG1,4,1,5.156074226193382,True,2.0,0.7565,1.0255,0.8648,0.1586,0.061405,0.08905,0.08900924999999993,-0.10710000000000003,0.12331849999999989,1.3843093267170516,1.0,1.0,False,False,CBF1|GPG1
CBF1,GSY2,4,1,5.042403061848327,True,2.0,0.7565,0.9888,0.7334499999999999,0.0474,0.32535,-0.0146,-0.014577200000000068,-0.2323,0.0,-0.016814534127991367,0.0,0.0,False,False,CBF1|GSY2
CBF1,KAP123,4,1,1.91206120063601,True,1.0,0.923,0.933,0.7805,0.1609,0.3122,-0.0806,-0.08065900000000015,-0.010000000000000009,0.0,0.03640659615933597,0.0,1.0,False,False,CBF1|KAP123
CBF1,PUS7,4,1,1.5458333886608284,True,2.0,0.7565,0.9785,0.72465,0.0357,0.189815,-0.015649999999999997,-0.01558525000000005,-0.2132,0.00880000000000003,-0.10157243335864452,0.5,1.0,False,False,CBF1|PUS7
CBF1,RIM15,4,1,0.4860847361026328,True,2.0,0.7565,0.959,0.67195,0.1035,0.24255000000000002,-0.05355,-0.0535334999999999,-0.20249999999999996,0.0,0.10933913389832015,0.0,1.0,False,False,CBF1|RIM15
CCR4,GPG1,4,1,5.506091545386703,True,1.0,0.446,1.0255,0.4807,0.0218,0.1903,0.0233,0.023326999999999987,-0.5101,0.04665399999999997,0.2305889218747755,1.0,1.0,False,False,CCR4|GPG1
CCR4,GSY2,4,1,5.396232193170793,True,1.0,0.446,0.9888,0.4646,0.0146,0.1113,0.0235,0.023595199999999983,-0.5056,0.0371999999999999,-0.05840948872595363,1.0,1.0,False,False,CCR4|GSY2
CCR4,NMD2,4,1,-2.0093782340947057,True,1.0,0.446,0.9903,0.3962,0.0227,0.04423,-0.0455,-0.04547380000000001,-0.5443,0.0,0.08861929998224109,0.0,1.0,False,False,CCR4|NMD2
CCR4,RIF1,4,1,-0.8162924743972085,True,1.0,0.446,0.9957,0.4387,0.0297,0.4349,-0.0054,-0.005382200000000059,-0.5497000000000001,0.0,-0.0004472474376420393,0.0,1.0,False,False,CCR4|RIF1
CCR4,SWI4,4,1,0.1373145486269691,True,1.0,0.446,0.9383,0.4136,0.0335,0.4346,-0.0049,-0.004881799999999992,-0.49229999999999996,5.551115123125783e-17,0.039017698005446085,1.0,1.0,False,False,CCR4|SWI4
CCR4,VHR1,4,1,1.543889234077814,True,1.0,0.446,0.9647,0.4054,0.0189,0.1479,-0.0249,-0.02485620000000005,-0.5186999999999999,1.1102230246251565e-16,0.1897196383165024,1.0,1.0,False,False,CCR4|VHR1
CHA4,NMD2,4,-1,-2.2228363493071046,True,2.0,1.0002,0.9903,0.996,0.0314,0.37075,0.0055,0.0055019400000000385,-0.0015000000000000568,-0.011003880000000077,-0.021013381160339663,1.0,1.0,False,False,CHA4|NMD2
DUN1,GPG1,4,1,3.320604692030528,True,1.0,0.9345,1.0255,0.9482,0.0286,0.4011,-0.0101,-0.010129750000000048,-0.06359999999999999,-0.020259500000000097,-0.179709661480323,1.0,1.0,False,False,DUN1|GPG1
DUN1,RAD52,4,-1,-3.048744988598417,True,1.0,0.9345,0.745,0.6287,0.022,0.01424,-0.0675,-0.06750249999999991,0.1895,0.0,-0.39622649498354406,0.0,1.0,False,False,DUN1|RAD52
DUN1,RRM3,4,-1,-1.9018623745373533,True,1.0,0.9345,0.9515,0.8428,0.0322,0.1339,-0.0464,-0.04637674999999997,-0.017000000000000015,0.0,0.01619379226027118,0.0,1.0,False,False,DUN1|RRM3
DUN1,RTT109,4,-1,-2.884079708026716,True,1.0,0.9345,0.7625,0.6471,0.0377,0.06767,-0.0654,-0.06545625,0.17200000000000004,0.0,-0.3674945346527343,0.0,1.0,False,False,DUN1|RTT109
DUN1,SWI4,4,-1,-2.0626509291191364,True,1.0,0.9345,0.9383,0.8445,0.0185,0.104,-0.0324,-0.032341349999999935,-0.0038000000000000256,0.0,0.004423255101898221,0.0,1.0,False,False,DUN1|SWI4
EAF6,NMD2,4,-1,-1.6869224222242718,True,2.0,0.9757,0.9903,1.0,0.0293,0.207315,0.033800000000000004,0.03376429000000003,9.999999999998899e-05,0.014699999999999935,0.13922914106285628,1.0,1.0,False,False,EAF6|NMD2
ELA1,GPG1,4,1,5.523315203936003,True,1.0,,1.0255,0.9754,0.0209,0.05619,-0.0501,,0.0,0.0,0.0,0.0,0.0,False,True,ELA1|GPG1
ELA1,GSY2,4,1,5.379517785608592,True,1.0,,0.9888,0.9737,0.0785,0.4148,-0.0151,,0.0,0.0,0.0,0.0,0.0,False,True,ELA1|GSY2
ELA1,NMD2,4,-1,-2.0539750156037893,True,1.0,,0.9903,0.9847,0.0275,0.4412,-0.0056,,0.0,0.0,0.0,0.0,0.0,False,True,ELA1|NMD2
ELC1,GPG1,4,1,5.246197161930903,True,2.0,1.0433,1.0255,1.0897000000000001,0.0891,0.3698,0.019799999999999998,0.01979585000000006,-0.017799999999999816,0.0,-0.03568787996543197,0.0,1.0,False,False,ELC1|GPG1
ELM1,GPG1,4,1,6.0621738109511485,True,2.0,0.8265,1.0255,0.82775,0.0731,0.3508,-0.01985,-0.019825750000000086,-0.17730000000000012,-0.020451500000000178,-0.26598849244123624,0.0,0.0,False,False,ELM1|GPG1
ELM1,GSY2,4,1,5.911569949027949,True,2.0,0.8265,0.9888,0.8183,0.0501,0.3241,0.0010000000000000009,0.0010567999999999689,-0.1492,0.0131,0.0011157345456492829,0.5,0.0,False,False,ELM1|GSY2
ERF2,GCR2,4,-1,-3.0108988869271807,True,1.0,0.9858,,1.0139,0.0346,0.264,0.0281,,0.0,0.0,0.0,0.0,0.0,False,True,ERF2|GCR2
FKS1,GPG1,4,1,4.612338701435849,True,2.0,0.6847,1.0255,0.7101,0.0375,0.4142,0.0079,0.00794014999999998,-0.29000000000000004,0.01588029999999996,0.08883739870997225,1.0,1.0,False,False,FKS1|GPG1
FKS1,PPZ1,4,1,0.4221762823980602,True,2.0,0.6847,1.0493,0.6456999999999999,0.0999,0.13815,-0.0727,-0.07275570999999986,-0.3645999999999999,-0.06751141999999977,-0.9525751164893586,1.0,1.0,False,False,FKS1|PPZ1
GAT2,IES2,4,-1,-3.847484018685596,True,1.0,1.051,,1.096,0.03,0.1341,0.045,,0.0,0.0,0.0,0.0,0.0,False,True,GAT2|IES2
GAT2,MSN5,4,-1,-3.968750352172293,True,1.0,1.051,0.9353,0.9915,0.0277,0.403,0.0085,0.00849970000000011,0.0032999999999998586,-0.01699940000000022,-0.16723029044996224,1.0,1.0,False,False,GAT2|MSN5
GAT2,PFK27,4,-1,-0.3350518229529651,True,1.0,1.051,0.9862,1.0136,0.0598,0.3767,-0.0229,-0.022896199999999922,0.009999999999999787,0.045792399999999844,0.3463579641151351,1.0,1.0,False,False,GAT2|PFK27
GAT2,RTT109,4,-1,-3.7300127577875615,True,1.0,1.051,0.7625,0.8057,0.0764,0.4797,0.0043,0.004312500000000052,0.20209999999999995,-0.008625000000000105,-0.06050381367984818,1.0,1.0,False,False,GAT2|RTT109
GCR2,GPG1,4,1,7.212339839959818,True,1.0,,1.0255,0.9972,0.0381,0.2728,-0.0283,,0.0,0.0,0.0,0.0,0.0,False,True,GCR2|GPG1
GCR2,GSY2,4,1,7.102131360252341,True,1.0,,0.9888,1.0189,0.0252,0.1941,0.0301,,0.0,0.0,0.0,0.0,0.0,False,True,GCR2|GSY2
GPG1,GPR1,4,-1,-5.224923222696392,True,1.0,1.0255,0.8417,0.883,0.0268,0.2841,0.0198,0.0198366499999999,0.10120000000000007,-0.0396732999999998,-0.2745126281805806,1.0,1.0,False,False,GPG1|GPR1
GPG1,HTZ1,4,-1,-5.485579721681246,True,1.0,1.0255,0.6665,0.6745,0.0527,0.4341,-0.009,-0.00899575000000008,0.3430000000000001,0.01799150000000016,0.09919774747156286,1.0,1.0,False,False,GPG1|HTZ1
GPG1,IES2,4,-1,-6.3951128129379775,True,1.0,1.0255,,1.016,0.0177,0.3618,-0.0095,,0.0,0.0,0.0,0.0,0.0,False,True,GPG1|IES2
GPG1,MRC1,4,-1,-7.203531298795754,True,1.0,1.0255,0.8785,0.8984,0.0515,0.4845,-0.0025,-0.0025017500000000803,0.10720000000000007,0.005003500000000161,0.03785917184994692,1.0,1.0,False,False,GPG1|MRC1
GPG1,NUP60,4,-1,-7.965319585153116,True,1.0,1.0255,0.989,1.0143,0.0501,0.4997,0.0001,8.049999999992785e-05,-0.01409999999999989,-0.0001609999999998557,-0.0009894631007547003,1.0,1.0,False,False,GPG1|NUP60
GPG1,PFK27,4,-1,-2.883045034468462,True,2.0,1.0255,0.9862,1.0061499999999999,0.1611,0.31965,-0.0052000000000000015,-0.005198100000000039,0.0,0.0109961999999999,0.06873898930267738,0.0,0.0,False,False,GPG1|PFK27
GPG1,PUS1,4,-1,-7.196570743610916,True,2.0,1.0255,0.9265,0.95975,0.061,0.43765,0.009649999999999999,0.00962424999999989,0.032500000000000084,-0.01924849999999978,-0.1674209899052494,1.0,1.0,False,False,GPG1|PUS1
GPG1,RAD52,4,-1,-6.371020732933661,True,1.0,1.0255,0.745,0.7746,0.0091,0.2274,0.0106,0.010602499999999848,0.22130000000000016,-0.021204999999999696,-0.1258620101670305,1.0,1.0,False,False,GPG1|RAD52
GPG1,RPN10,4,-1,-5.976570177771842,True,2.0,1.0255,0.8355,0.8504499999999999,0.0225,0.2006,-0.00635,-0.00635525000000009,0.1522000000000001,0.004810500000000162,0.0868095452632594,0.0,0.0,False,False,GPG1|RPN10
GPG1,RTT109,4,-1,-6.197326291137279,True,2.0,1.0255,0.7625,0.80185,0.0409,0.33865,0.019850000000000003,0.01990624999999996,0.18430000000000002,-0.03981249999999992,-0.24139166568608375,1.0,1.0,False,False,GPG1|RTT109
GPG1,SOK2,4,-1,-4.790355390343968,True,1.0,1.0255,0.9288,0.9354,0.0215,0.2905,-0.0171,-0.0170844,0.08350000000000002,0.0341688,0.29899134614744133,1.0,1.0,False,False,GPG1|SOK2
GPG1,SWI4,4,-1,-5.408405992218777,True,2.0,1.0255,0.9383,0.9469000000000001,0.0269,0.3361,-0.015349999999999999,-0.015326650000000053,0.07000000000000006,0.030653300000000105,0.27400291075183025,1.0,1.0,False,False,GPG1|SWI4
GPG1,VPS3,4,-1,-7.332099385294909,True,1.0,1.0255,0.418,0.4025,0.0312,0.2112,-0.0262,-0.026158999999999988,0.6075,0.02131800000000006,0.2563639582458128,1.0,1.0,False,False,GPG1|VPS3
GPG1,VPS9,4,-1,-7.485867862719695,True,1.0,1.0255,0.7448,0.766,0.0346,0.4796,0.0022,0.0022075999999999762,0.23830000000000007,-0.0044151999999999525,-0.02620031368882185,1.0,1.0,False,False,GPG1|VPS9
GPG1,YLR352W,4,-1,-5.950995787067175,True,2.0,1.0255,0.9867,1.0022,0.0518,0.10732,-0.0097,-0.00966085000000011,0.0,0.01152170000000019,0.1262001459511548,0.0,0.0,False,False,GPG1|YLR352W
GPR1,GSY2,4,1,5.053547130430312,True,2.0,0.8417,0.9888,0.8215,0.076,0.43589999999999995,-0.0108,-0.010772960000000054,-0.1471,0.0,-0.01592363471466443,0.0,1.0,False,False,GPR1|GSY2
GSY2,IES2,4,-1,-6.232027717439206,True,1.0,0.9888,,1.0049,0.0327,0.3486,0.0161,,0.0,0.0,0.0,0.0,0.0,False,True,GSY2|IES2
GSY2,KAP122,4,-1,-3.399773527284617,True,2.0,0.9888,0.9042,0.8911,0.0331,0.34440000000000004,-0.003000000000000001,-0.0029729600000000245,0.08079999999999998,-0.0038000000000000256,0.011706805294521203,0.5,0.0,False,False,GSY2|KAP122
GSY2,NFI1,4,-1,-7.238361158247616,True,2.0,0.9888,0.991,0.97295,0.024,0.41585,-0.00695,-0.006950799999999979,-0.0021999999999999797,0.0,-0.005414194131706181,0.0,1.0,False,False,GSY2|NFI1
GSY2,NUP188,4,-1,-6.401719646747875,True,2.0,0.9888,0.8328,0.7912,0.0654,0.274925,-0.032299999999999995,-0.032272639999999964,0.15600000000000003,0.0,0.03950055856245699,0.0,1.0,False,False,GSY2|NUP188
GSY2,NUP60,4,-1,-7.823101076455798,True,2.0,0.9888,0.989,0.99685,0.0495,0.37075,0.0189,0.018926799999999966,0.0,0.00019999999999997797,0.0013074669173672318,0.5,0.0,False,False,GSY2|NUP60
GSY2,PBP1,4,-1,-7.052069080519918,True,1.0,0.9888,1.0238,0.9915,0.0404,0.332,-0.0208,-0.020833440000000092,-0.02959999999999996,-0.041666880000000184,-0.25057200894355836,1.0,1.0,False,False,GSY2|PBP1
GSY2,PCL8,4,-1,-6.458033819310896,True,2.0,0.9888,1.012,0.94165,0.1785,0.27485,-0.05905,-0.05901560000000006,-0.021100000000000008,-0.021631200000000073,-0.51960459258687,1.0,1.0,False,False,GSY2|PCL8
GSY2,PUF6,4,-1,-3.098638078191456,True,2.0,0.9888,0.7978,0.7798,0.034,0.222765,-0.009049999999999999,-0.009064640000000013,0.1854,-0.005600000000000049,0.0035774739964348377,0.5,0.0,False,False,GSY2|PUF6
GSY2,PUS1,4,-1,-7.097098728745167,True,2.0,0.9888,0.9265,0.9256,0.0131,0.30135,0.009500000000000001,0.009476800000000007,0.05169999999999997,-0.010600000000000054,-0.04771755298855199,0.5,0.0,False,False,GSY2|PUS1
GSY2,PUS7,4,-1,-3.46661159051573,True,2.0,0.9888,0.9785,0.97,0.077,0.2872,0.0024999999999999996,0.002459199999999939,0.006099999999999994,-0.0041999999999999815,-0.007358036679077936,0.5,0.0,False,False,GSY2|PUS7
GSY2,RAD52,4,-1,-6.255137967603492,True,2.0,0.9888,0.745,0.7628999999999999,0.0358,0.24695,0.0263,0.02624399999999999,0.20800000000000007,-0.03579999999999994,0.01284834050827107,1.0,1.0,False,False,GSY2|RAD52
GSY2,RAD54,4,-1,-3.7841986042588767,True,2.0,0.9888,0.8453,0.8387,0.0292,0.4426,0.0028,0.0028673599999999855,0.14349999999999996,0.0,-0.004549877234127535,0.0,0.0,False,False,GSY2|RAD54
GSY2,RPN10,4,-1,-5.836120528689319,True,2.0,0.9888,0.8355,0.8323499999999999,0.0814,0.2856,0.006199999999999999,0.006207599999999924,0.1259,-0.02739999999999998,-0.008063386616300912,0.5,0.0,False,False,GSY2|RPN10
GSY2,RTT109,4,-1,-6.091251675038173,True,1.0,0.9888,0.7625,0.6718,0.1053,0.1408,-0.0821,-0.08216000000000001,0.22630000000000006,0.0,-0.01923541202157739,0.0,1.0,False,False,GSY2|RTT109
GSY2,SAS4,4,-1,-3.909353091406214,True,2.0,0.9888,1.0272,1.0076,0.1082,0.38744999999999996,-0.008049999999999998,-0.00809535999999983,-0.0004999999999999449,-0.015890719999999692,-0.10249881722147662,0.0,0.0,False,False,GSY2|SAS4
GSY2,SHR5,4,-1,-5.186257875748347,True,2.0,0.9888,0.9745,0.9601,0.0296,0.37065000000000003,-0.0035000000000000005,-0.003485600000000033,0.01429999999999998,0.0,0.013345121718422752,0.0,0.0,False,False,GSY2|SHR5
GSY2,SWI4,4,-1,-5.26320735582759,True,2.0,0.9888,0.9383,0.8955,0.0503,0.256,-0.0323,-0.03229103999999999,0.05049999999999999,0.0,0.17814966925846434,0.0,1.0,False,False,GSY2|SWI4
GSY2,TRX2,4,-1,-3.1765816874040307,True,2.0,0.9888,0.9722,0.91855,0.0341,0.151515,-0.04275,-0.04276135999999997,0.01660000000000006,0.0,0.18080359330669254,0.0,1.0,False,False,GSY2|TRX2
GSY2,VPS16,4,-1,-7.493042493139302,True,1.0,0.9888,0.202,0.2001,0.0018,0.4471,0.0004,0.00036239999999998496,0.7867999999999999,0.0,0.001093621423267895,0.0,1.0,False,False,GSY2|VPS16
GSY2,VPS3,4,-1,-7.19385283866791,True,1.0,0.9888,0.418,0.4372,0.0137,0.1013,0.0239,0.023881600000000003,0.5324000000000001,-0.03839999999999988,0.0611447089630234,1.0,1.0,False,False,GSY2|VPS3
HTZ1,SWR1,4,1,1.2575842765861334,True,1.0,0.6665,0.8615,0.8654,0.0208,4.624e-25,0.2912,0.2912102499999999,0.19500000000000006,0.3900000000000001,-1.0061692416403953,1.0,1.0,False,False,HTZ1|SWR1
IES2,PUS7,4,-1,2.728589817965568,True,1.0,,0.9785,0.9649,0.0623,0.4115,-0.0136,,0.0,0.0,0.0,0.0,0.0,False,True,IES2|PUS7
IRC25,NMD2,4,-1,-1.9234235730423512,True,1.0,0.9617,0.9903,0.944,0.0031,0.04054,-0.0083,-0.008371510000000026,-0.02859999999999996,0.0,-0.04952292072097023,0.0,1.0,False,False,IRC25|NMD2
IRC25,PRE9,4,1,0.343414548934534,True,1.0,0.9617,0.8687,0.8815,0.0266,0.0889,0.0461,0.04607120999999992,0.06740000000000013,-0.025599999999999845,0.13836773971799293,1.0,1.0,False,False,IRC25|PRE9
IRC25,SSM4,4,1,-1.6366289488073478,True,1.0,0.9617,1.0208,1.0984,0.0071,9.987e-32,0.1167,0.11669664000000013,0.05909999999999993,0.07819328000000003,1.9543774578867894,1.0,1.0,False,False,IRC25|SSM4
KAP122,NUP60,4,-1,-4.368775468298464,True,2.0,0.9042,0.989,0.8877,0.0467,0.16613,-0.00655,-0.006553799999999943,-0.05989999999999995,0.024900000000000033,-0.02626003435457079,0.5,0.0,False,False,KAP122|NUP60
KAP123,RAD52,4,-1,-3.103617900263705,True,1.0,0.933,0.745,0.7943,0.0626,0.1067,0.0992,0.09921499999999994,0.08940000000000003,-0.09860000000000002,0.5764504547236627,1.0,1.0,False,False,KAP123|RAD52
KAP123,RTT109,4,-1,-2.969143862803474,True,1.0,0.933,0.7625,0.8685,0.0208,3.937e-08,0.1571,0.15708750000000005,-0.04150000000000009,-0.2120000000000002,0.8725680960190194,1.0,1.0,False,False,KAP123|RTT109
MAK31,NMD2,4,-1,-2.7280043444710005,True,1.0,1.0495,0.9903,0.9953,0.017,0.03773,-0.044,-0.04401985000000008,0.04920000000000013,0.08803970000000017,0.6047783239312267,1.0,1.0,False,False,MAK31|NMD2
MBP1,RAD54,4,1,2.808601189368136,True,2.0,1.0057,0.8453,0.7974,0.1132,0.16055000000000003,-0.0527,-0.0527182100000001,0.1604,0.00963642000000009,0.42720114865514586,1.0,1.0,False,False,MBP1|RAD54
MED2,UBR1,4,-1,1.1852170436596343,True,1.0,0.388,0.9565,0.3587,0.016,0.2681,-0.0124,-0.012421999999999989,-0.5685,0.0,0.10286229774996983,0.0,1.0,False,False,MED2|UBR1
MRC1,UBR1,4,-1,1.765548745595965,True,2.0,0.8785,0.9565,0.86205,0.0493,0.18955,0.021750000000000002,0.02176475,-0.055300000000000016,0.022700000000000053,-0.062363145918724106,0.5,0.0,False,False,MRC1|UBR1
MUB1,PRE9,4,1,-0.7678685673736458,True,2.0,0.884,0.8687,0.72325,0.0454,0.236765,-0.04465,-0.04468080000000002,0.01529999999999998,0.0,-0.02763145224628023,0.0,1.0,False,False,MUB1|PRE9
NMD2,RAD54,4,1,3.615934167973168,True,2.0,0.9903,0.8453,0.8109,0.0149,0.222446,-0.0262,-0.026200590000000024,0.1449999999999999,0.0,0.055374041272925695,0.0,1.0,False,False,NMD2|RAD54
NMD2,SIW14,4,1,1.493991453176985,True,2.0,0.9903,0.997,0.9500500000000001,0.0311,0.19687500000000002,-0.03725,-0.037279099999999954,0.0,0.006700000000000039,-0.09482212640333494,0.5,0.0,False,False,NMD2|SIW14
PBS2,PFK27,4,1,3.740730108697496,True,1.0,0.9355,0.9862,0.7924,0.021,6.924e-06,-0.1302,-0.13019009999999998,-0.05069999999999997,0.0,-0.5930222358332522,0.0,1.0,False,False,PBS2|PFK27
PEP3,PFK27,4,1,3.680625963009588,True,1.0,0.2245,0.9862,0.2334,0.0169,0.2612,0.012,0.011998100000000012,-0.7438999999999999,0.017800000000000038,-0.046134135009775035,1.0,1.0,False,False,PEP3|PFK27
PEP3,SWI4,4,1,1.0520060826291018,True,1.0,0.2245,0.9383,0.2183,0.0125,0.2812,0.0077,0.007651649999999982,-0.7138,0.0,-0.06502983679879756,0.0,1.0,False,False,PEP3|SWI4
PFK27,VPS16,4,-1,-4.771767540659819,True,1.0,0.9862,0.202,0.1986,0.0116,0.4811,-0.0006,-0.0006124000000000129,0.7842,0.0,-0.0023767489465567177,0.0,1.0,False,False,PFK27|VPS16
PRE9,RAD52,4,1,-1.1053201933060444,True,2.0,0.8687,0.745,0.5674,0.0424,0.047165,-0.07980000000000001,-0.07978149999999995,0.12370000000000003,0.0,-0.2293873249570229,0.0,1.0,False,False,PRE9|RAD52
PRE9,RAD54,4,1,1.3537900453567115,True,2.0,0.8687,0.8453,0.72055,0.0527,0.324,-0.01375,-0.01376211000000005,0.023399999999999976,0.0,-0.01099371358502686,0.0,1.0,False,False,PRE9|RAD54
PRE9,RPN10,4,1,-0.6968035899545629,True,2.0,0.8687,0.8355,0.57605,0.0614,0.001350925,-0.14975,-0.14974885,0.03320000000000001,0.0,-0.16272728054714153,0.0,1.0,False,False,PRE9|RPN10
PUF6,RTT109,4,-1,-2.9509064035086534,True,2.0,0.7978,0.7625,0.6479,0.0968,0.2652,0.039599999999999996,0.039577500000000154,0.0353,0.0,0.024885695978678506,0.0,1.0,False,False,PUF6|RTT109
RTT109,UBC8,4,1,3.668559566120442,True,1.0,0.7625,,0.7574,0.0458,0.4603,-0.0051,,0.0,0.0,0.0,0.0,0.0,False,True,RTT109|UBC8
SWI4,UBR1,4,-1,-0.0866658064543379,True,2.0,0.9383,0.9565,0.86435,0.0737,0.31165,-0.03315,-0.03313395000000002,-0.018199999999999994,0.0,0.004004442710059544,0.0,0.0,False,False,SWI4|UBR1
SWR1,VPS16,4,-1,-3.351041349538132,True,1.0,0.8615,0.202,0.1776,0.007,0.3511,0.0035,0.003576999999999997,0.6595000000000001,1.1102230246251565e-16,0.01838392353505194,1.0,1.0,False,False,SWR1|VPS16
